path,Smiles
/beegfs/home/m.romanov/thesis/benchmarking/datasets/USPTO/US07314511-20080101-C00002.png,c1ccc2c(c1)C1=N/C2=N\C2=N/C(=N\C3=N/C(=N\C4=N/C(=N\1)c1ccccc14)c1ccccc13)c1ccccc12
/beegfs/home/m.romanov/thesis/benchmarking/datasets/USPTO/US07314511-20080101-C00004.png,N#Cc1ccccc1C#N
/beegfs/home/m.romanov/thesis/benchmarking/datasets/USPTO/US07314511-20080101-C00006.png,Cc1ccc(S(=O)(=O)Oc2ccc(OS(=O)(=O)c3ccc(C)cc3)c(C#N)c2C#N)cc1
/beegfs/home/m.romanov/thesis/benchmarking/datasets/USPTO/US07314511-20080101-C00007.png,Cc1ccc(Sc2ccc(Sc3ccc(C)cc3)c(C#N)c2C#N)cc1
/beegfs/home/m.romanov/thesis/benchmarking/datasets/USPTO/US07314511-20080101-C00008.png,CC(C)c1ccc(Sc2ccc(Sc3ccc(C(C)C)cc3)c(C#N)c2C#N)cc1
/beegfs/home/m.romanov/thesis/benchmarking/datasets/USPTO/US07314511-20080101-C00009.png,N#Cc1c(Sc2ccc3ccccc3c2)ccc(Sc2ccc3ccccc3c2)c1C#N
/beegfs/home/m.romanov/thesis/benchmarking/datasets/USPTO/US07314511-20080101-C00010.png,N#Cc1c(Sc2ccccc2)ccc(Sc2ccccc2)c1C#N
/beegfs/home/m.romanov/thesis/benchmarking/datasets/USPTO/US07314511-20080101-C00011.png,Cc1ccccc1Sc1ccc(Sc2ccccc2C)c(C#N)c1C#N
/beegfs/home/m.romanov/thesis/benchmarking/datasets/USPTO/US07314511-20080101-C00012.png,N#Cc1c(Sc2ccccc2Cl)ccc(Sc2ccccc2Cl)c1C#N
/beegfs/home/m.romanov/thesis/benchmarking/datasets/USPTO/US07314543-20080101-C00003.png,CC(=O)C=Cc1ccccc1
/beegfs/home/m.romanov/thesis/benchmarking/datasets/USPTO/US07314576-20080101-C00010.png,CCCCCCCCCC=C1CC(C)OC1=O
/beegfs/home/m.romanov/thesis/benchmarking/datasets/USPTO/US07314576-20080101-C00011.png,CC(CC=C1C[C@@H](C)OC1=O)CC(C)(C)C
/beegfs/home/m.romanov/thesis/benchmarking/datasets/USPTO/US07314576-20080101-C00012.png,CC1C/C(=C/C2CCCCC2)C(=O)O1
/beegfs/home/m.romanov/thesis/benchmarking/datasets/USPTO/US07314576-20080101-C00013.png,CCCCC1CCC(=O)O1
/beegfs/home/m.romanov/thesis/benchmarking/datasets/USPTO/US07314576-20080101-C00014.png,CCCCCC1CCC(=O)O1
/beegfs/home/m.romanov/thesis/benchmarking/datasets/USPTO/US07314576-20080101-C00015.png,CCCCCCC1CCC(=O)O1
/beegfs/home/m.romanov/thesis/benchmarking/datasets/USPTO/US07314576-20080101-C00016.png,CCCCCCCC1CCC(=O)O1
/beegfs/home/m.romanov/thesis/benchmarking/datasets/USPTO/US07314576-20080101-C00017.png,CCCCCCCCC1CCC(=O)O1
/beegfs/home/m.romanov/thesis/benchmarking/datasets/USPTO/US07314576-20080101-C00019.png,CCCCCCCC1CCOC1=O
/beegfs/home/m.romanov/thesis/benchmarking/datasets/USPTO/US07314576-20080101-C00021.png,CCC[C@@H]1C[C@H](C)OC1=O
/beegfs/home/m.romanov/thesis/benchmarking/datasets/USPTO/US07314576-20080101-C00022.png,CCCC[C@@H]1C[C@H](C)OC1=O
/beegfs/home/m.romanov/thesis/benchmarking/datasets/USPTO/US07314576-20080101-C00023.png,CCCCC[C@@H]1C[C@H](C)OC1=O
/beegfs/home/m.romanov/thesis/benchmarking/datasets/USPTO/US07314576-20080101-C00024.png,CCCCCC[C@@H]1C[C@H](C)OC1=O
/beegfs/home/m.romanov/thesis/benchmarking/datasets/USPTO/US07314576-20080101-C00025.png,CCCCCCC[C@@H]1C[C@H](C)OC1=O
/beegfs/home/m.romanov/thesis/benchmarking/datasets/USPTO/US07314576-20080101-C00026.png,CCCCCCCC[C@@H]1C[C@H](C)OC1=O
/beegfs/home/m.romanov/thesis/benchmarking/datasets/USPTO/US07314576-20080101-C00027.png,CC(CC[C@@H]1C[C@H](C)OC1=O)CC(C)(C)C
/beegfs/home/m.romanov/thesis/benchmarking/datasets/USPTO/US07314576-20080101-C00028.png,C[C@H]1C[C@@H](CC2CCCCC2)C(=O)O1
/beegfs/home/m.romanov/thesis/benchmarking/datasets/USPTO/US07314576-20080101-C00029.png,CCCCCC[C@]1(C)CCC(=O)O1
/beegfs/home/m.romanov/thesis/benchmarking/datasets/USPTO/US07314576-20080101-C00030.png,CCCCCCCC[C@]1(C)CCC(=O)O1
/beegfs/home/m.romanov/thesis/benchmarking/datasets/USPTO/US07314576-20080101-C00031.png,O=C1OC[C@H]2CCCC[C@@H]12
/beegfs/home/m.romanov/thesis/benchmarking/datasets/USPTO/US07314576-20080101-C00032.png,CCCCCC1CCCC(=O)O1
/beegfs/home/m.romanov/thesis/benchmarking/datasets/USPTO/US07314576-20080101-C00033.png,CCCCCCC1CCCC(=O)O1
/beegfs/home/m.romanov/thesis/benchmarking/datasets/USPTO/US07314576-20080101-C00034.png,CCCCCCCC1CCCC(=O)O1
/beegfs/home/m.romanov/thesis/benchmarking/datasets/USPTO/US07314576-20080101-C00035.png,CCCCCCC1CCOC1=O.CCCCCCC1COC(=O)C1
/beegfs/home/m.romanov/thesis/benchmarking/datasets/USPTO/US07314633-20080101-C00005.png,CCOC(=O)CC(C(=O)OCC)=C1CC(C)(C)N(O)C(C)(C)C1
/beegfs/home/m.romanov/thesis/benchmarking/datasets/USPTO/US07314653-20080101-C00090.png,C=CC1CCC(c2ccc(C#N)cc2)CC1
/beegfs/home/m.romanov/thesis/benchmarking/datasets/USPTO/US07314653-20080101-C00094.png,C=CC1CCC(C2CCC(c3ccc(F)c(F)c3)CC2)CC1
/beegfs/home/m.romanov/thesis/benchmarking/datasets/USPTO/US07314653-20080101-C00109.png,C=CC1CCC(C2CCC(CC)CC2)CC1
/beegfs/home/m.romanov/thesis/benchmarking/datasets/USPTO/US07314653-20080101-C00118.png,Cc1cc(O)c(C(C)(C)C)cc1Cc1cc(C(C)(C)C)c(O)cc1C
/beegfs/home/m.romanov/thesis/benchmarking/datasets/USPTO/US07314653-20080101-C00119.png,Cc1cc(O)c(C(C)(C)C)cc1C(c1cc(C(C)(C)C)c(O)cc1C)C(C)C
/beegfs/home/m.romanov/thesis/benchmarking/datasets/USPTO/US07314653-20080101-C00122.png,CC(C)(C)c1cc(C(C)(C)C)c(O)c(C(C)(C)C)c1
/beegfs/home/m.romanov/thesis/benchmarking/datasets/USPTO/US07314653-20080101-C00125.png,CC(C)(C)c1cc(-c2cc(C(C)(C)C)c(O)c(C(C)(C)C)c2)cc(C(C)(C)C)c1O
/beegfs/home/m.romanov/thesis/benchmarking/datasets/USPTO/US07314653-20080101-C00126.png,CC(C)(C)CC(C)(C)c1ccc(O)c(Cn2nc3ccccc3n2)c1
/beegfs/home/m.romanov/thesis/benchmarking/datasets/USPTO/US07314653-20080101-C00127.png,Cc1ccc(O)c(-n2nc3ccccc3n2)c1
/beegfs/home/m.romanov/thesis/benchmarking/datasets/USPTO/US07314653-20080101-C00128.png,CC(C)(C)c1cc(-n2nc3ccc(Cl)cc3n2)c(O)c(C(C)(C)C)c1
/beegfs/home/m.romanov/thesis/benchmarking/datasets/USPTO/US07314653-20080101-C00129.png,CC(C)(C)c1cc(-n2nc3ccccc3n2)c(O)c(C(C)(C)C)c1
/beegfs/home/m.romanov/thesis/benchmarking/datasets/USPTO/US07314653-20080101-C00130.png,CC(C)(c1ccccc1)c1cc(-n2nc3ccccc3n2)c(O)c(C(C)(C)c2ccccc2)c1
/beegfs/home/m.romanov/thesis/benchmarking/datasets/USPTO/US07314653-20080101-C00131.png,COC(=O)CCc1cc(-n2nc3ccc(Cl)cc3n2)c(O)c(C(C)(C)C)c1
/beegfs/home/m.romanov/thesis/benchmarking/datasets/USPTO/US07314653-20080101-C00132.png,CCCCCCCCCCCCOCC(O)COc1ccc(-c2nc(-c3ccc(C)cc3C)nc(-c3ccc(C)cc3C)n2)c(O)c1
/beegfs/home/m.romanov/thesis/benchmarking/datasets/USPTO/US07314653-20080101-C00136.png,CCCC1CCC(C2CCC(c3ccc(CC(C)CC)cc3)CC2)CC1
/beegfs/home/m.romanov/thesis/benchmarking/datasets/USPTO/US07314653-20080101-C00137.png,CCCCCCCCC(=O)O[C@H]1CC[C@@]2(C)C(=CC[C@H]3[C@@H]4CC[C@H]([C@H](C)CCCC(C)C)[C@@]4(C)CC[C@@H]32)C1
/beegfs/home/m.romanov/thesis/benchmarking/datasets/USPTO/US07314653-20080101-C00138.png,CCCCCCC(C)Oc1c(F)cc(C2CCC(C3CCC(CCCCC)CC3)CC2)cc1F
/beegfs/home/m.romanov/thesis/benchmarking/datasets/USPTO/US07314653-20080101-C00141.png,CCCCCCC(C)Oc1c(F)cc(-c2ccc(C34CCC(CCCCC)(CC3)CC4)cc2)cc1F
/beegfs/home/m.romanov/thesis/benchmarking/datasets/USPTO/US07314654-20080101-C00028.png,C=CC(=O)OCCCCOc1ccc(C(C)=O)cc1
/beegfs/home/m.romanov/thesis/benchmarking/datasets/USPTO/US07314691-20080101-C00001.png,C.C.C=C(O)C(C)C(C)C(=O)O
/beegfs/home/m.romanov/thesis/benchmarking/datasets/USPTO/US07314692-20080101-C00032.png,CC(C)(C)c1cc(C=O)cc(C(C)(C)C)c1O
/beegfs/home/m.romanov/thesis/benchmarking/datasets/USPTO/US07314692-20080101-C00033.png,NNc1ccc([N+](=O)[O-])cc1
/beegfs/home/m.romanov/thesis/benchmarking/datasets/USPTO/US07314692-20080101-C00034.png,CC(C)(C)c1cc(C=NNc2ccc([N+](=O)[O-])cc2)cc(C(C)(C)C)c1O
/beegfs/home/m.romanov/thesis/benchmarking/datasets/USPTO/US07314693-20080101-C00039.png,CCN(CC)c1ccc(C(C)(C)C)cc1
/beegfs/home/m.romanov/thesis/benchmarking/datasets/USPTO/US07314693-20080101-C00040.png,CCN(CC)c1cccc(N(CC)CC)c1
/beegfs/home/m.romanov/thesis/benchmarking/datasets/USPTO/US07314693-20080101-C00041.png,CCN(CC)c1ccccc1N(CC)CC
/beegfs/home/m.romanov/thesis/benchmarking/datasets/USPTO/US07314693-20080101-C00042.png,CCN(CC)c1c(C)ccc2ccccc12
/beegfs/home/m.romanov/thesis/benchmarking/datasets/USPTO/US07314693-20080101-C00043.png,CC(C)N(C)c1ccc2ccccc2c1
/beegfs/home/m.romanov/thesis/benchmarking/datasets/USPTO/US07314693-20080101-C00045.png,CCN(CC)c1cc(N(CC)CC)cc(N(CC)CC)c1
/beegfs/home/m.romanov/thesis/benchmarking/datasets/USPTO/US07314693-20080101-C00046.png,CCN(Cc1ccccc1)c1cccc(N(CC)Cc2ccccc2)c1
/beegfs/home/m.romanov/thesis/benchmarking/datasets/USPTO/US07314693-20080101-C00047.png,CCN(Cc1ccc(C)cc1)c1ccc2ccc3cccc4ccc1c2c34
/beegfs/home/m.romanov/thesis/benchmarking/datasets/USPTO/US07314693-20080101-C00048.png,CCN(CC)c1cccc(N(c2ccccc2)c2ccccc2)c1
/beegfs/home/m.romanov/thesis/benchmarking/datasets/USPTO/US07314693-20080101-C00050.png,CCN(CC)c1cccc(N(c2cccc(N(CC)CC)c2)c2c3ccccc3cc3ccccc23)c1
/beegfs/home/m.romanov/thesis/benchmarking/datasets/USPTO/US07314693-20080101-C00051.png,CCN(CC)c1cccc(N(c2ccc(C)cc2)c2ccc(C)cc2)c1
/beegfs/home/m.romanov/thesis/benchmarking/datasets/USPTO/US07314693-20080101-C00053.png,Cc1ccc(N(c2ccc(C)cc2)c2cccc(N(Cc3ccccc3)Cc3ccccc3)c2)cc1
/beegfs/home/m.romanov/thesis/benchmarking/datasets/USPTO/US07314693-20080101-C00054.png,CCN(Cc1cccc2ccccc12)c1cccc(N(c2ccc(C)cc2)c2ccc3ccccc3c2)c1
/beegfs/home/m.romanov/thesis/benchmarking/datasets/USPTO/US07314693-20080101-C00055.png,CCN(CC)c1ccc(-c2ccc(N(c3ccccc3)c3ccccc3)cc2)cc1
/beegfs/home/m.romanov/thesis/benchmarking/datasets/USPTO/US07314693-20080101-C00056.png,CCN(CC)c1cccc(N(c2ccc(C)cc2)c2ccc(-c3ccc(C)cc3)cc2)c1
/beegfs/home/m.romanov/thesis/benchmarking/datasets/USPTO/US07314693-20080101-C00057.png,CCN(CC)c1ccc(-c2ccc(N(c3ccc(C)cc3)c3ccc(C)cc3)cc2)cc1
/beegfs/home/m.romanov/thesis/benchmarking/datasets/USPTO/US07314693-20080101-C00058.png,CCN(CC)c1ccc(-c2ccc(N(c3ccc(C)cc3)c3ccc(C)cc3)c(C)c2)cc1C
/beegfs/home/m.romanov/thesis/benchmarking/datasets/USPTO/US07314693-20080101-C00059.png,CCN(CC)c1ccc2c(c1)C(C)(C)c1cc(N(c3ccc(C)cc3)c3ccc(C)cc3)ccc1-2
/beegfs/home/m.romanov/thesis/benchmarking/datasets/USPTO/US07314693-20080101-C00060.png,CCN(CC)c1cc(-c2ccc(N(c3ccc(C)c(C)c3)c3ccc(C)c(C)c3)cc2)ccc1C
/beegfs/home/m.romanov/thesis/benchmarking/datasets/USPTO/US07314693-20080101-C00061.png,CCN(CC)c1cccc(N(c2ccc(C)cc2)c2ccc(-c3ccc4ccc5cccc6ccc3c4c56)cc2)c1
/beegfs/home/m.romanov/thesis/benchmarking/datasets/USPTO/US07314693-20080101-C00062.png,Cc1ccc(N(c2cccc(N(Cc3ccccc3)Cc3ccccc3)c2)c2ccc3c(c2)C(C)(C)c2ccccc2-3)cc1
/beegfs/home/m.romanov/thesis/benchmarking/datasets/USPTO/US07314693-20080101-C00063.png,CCN(Cc1ccccc1)c1ccc(-c2ccc(N(c3ccc(C)c(C)c3)c3ccc(C)c(C)c3)cc2)cc1
/beegfs/home/m.romanov/thesis/benchmarking/datasets/USPTO/US07314693-20080101-C00074.png,CCN(CC)c1cccc(N(c2ccc(Cc3ccc(N(c4cccc(N(CC)CC)c4)c4ccccc4N(C)C)c(Cl)c3)cc2Cl)c2ccccc2N(C)C)c1
/beegfs/home/m.romanov/thesis/benchmarking/datasets/USPTO/US07314693-20080101-C00076.png,CCN(CC)c1cccc(N(c2cccc(C)c2)c2cccc(N(c3cccc(C)c3)c3cccc(N(CC)CC)c3)c2)c1
/beegfs/home/m.romanov/thesis/benchmarking/datasets/USPTO/US07314693-20080101-C00077.png,CCN(CC)c1cccc(N(c2cccc(N(CC)CC)c2)c2cc(N(c3cccc(N(CC)CC)c3)c3cccc(N(CC)CC)c3)cc(N(c3cccc(N(CC)CC)c3)c3cccc(N(CC)CC)c3)c2)c1
/beegfs/home/m.romanov/thesis/benchmarking/datasets/USPTO/US07314693-20080101-C00078.png,CCN(CC)c1ccccc1N(c1ccccc1)c1ccc2c(c1)c1cc(N(c3ccccc3)c3ccccc3)ccc1n2CC
/beegfs/home/m.romanov/thesis/benchmarking/datasets/USPTO/US07314693-20080101-C00079.png,CCN(Cc1ccccc1)c1cccc(N(c2cccc(C)c2)c2cccc(N(c3cccc(C)c3)c3cccc(N(CC)Cc4ccccc4)c3)c2)c1
/beegfs/home/m.romanov/thesis/benchmarking/datasets/USPTO/US07314693-20080101-C00080.png,CCN(CC)c1ccc(C(c2ccccn2)c2ccc(N(CC)CC)cc2C)c(C)c1
/beegfs/home/m.romanov/thesis/benchmarking/datasets/USPTO/US07314693-20080101-C00081.png,CCN(CC)c1ccc(C(c2cccs2)c2ccc(N(CC)CC)cc2C)c(C)c1
/beegfs/home/m.romanov/thesis/benchmarking/datasets/USPTO/US07314693-20080101-C00085.png,CCN(CC)c1ccc(C(c2ccccc2)(c2ccc(N(CC)CC)cc2)c2ccc(N(c3ccc(C)cc3)c3ccc(C)cc3)cc2)cc1
/beegfs/home/m.romanov/thesis/benchmarking/datasets/USPTO/US07314693-20080101-C00086.png,CCN(CC)c1ccc(C(C)(c2ccc(-c3ccc(N(c4ccc(C)cc4)c4ccc(C)cc4)cc3)cc2)c2ccc(N(CC)CC)cc2)cc1
/beegfs/home/m.romanov/thesis/benchmarking/datasets/USPTO/US07314693-20080101-C00087.png,CCN(CC)c1ccc(C(c2ccc(C)cc2)(c2ccc(N(CC)CC)cc2)c2ccc(N(c3ccc(C)cc3)c3ccc(-c4ccc(C)cc4)cc3)cc2)cc1
/beegfs/home/m.romanov/thesis/benchmarking/datasets/USPTO/US07314693-20080101-C00088.png,CCN(CC)c1ccc(C(CC)(c2ccccc2)c2ccc(N(c3ccc(C)cc3)c3ccc4ccc5cccc6ccc3c4c56)cc2)cc1
/beegfs/home/m.romanov/thesis/benchmarking/datasets/USPTO/US07314693-20080101-C00091.png,CCN(Cc1ccccc1)c1ccc(C(C)(c2ccc(N(CC)Cc3ccccc3)cc2)c2ccc(N(c3ccc(C)cc3)c3ccc(C)cc3)cc2)cc1
/beegfs/home/m.romanov/thesis/benchmarking/datasets/USPTO/US07314693-20080101-C00100.png,CCN(CC)c1ccc(C(c2ccc(-n3c4ccccc4c4ccccc43)cc2)(c2ccc(-n3c4ccccc4c4ccccc43)cc2)c2ccc(-n3c4ccccc4c4ccccc43)cc2)cc1N(CC)CC
/beegfs/home/m.romanov/thesis/benchmarking/datasets/USPTO/US07314693-20080101-C00106.png,CCN(CC)c1ccc(C(=CC=C(c2ccc(N(CC)CC)cc2)c2ccc(N(CC)CC)cc2)c2ccc(N(CC)CC)cc2)cc1
/beegfs/home/m.romanov/thesis/benchmarking/datasets/USPTO/US07314693-20080101-C00107.png,CCN(Cc1ccccc1)c1cccc(C(=C(c2ccccc2)c2ccccc2)c2cccc(N(CC)Cc3ccccc3)c2)c1
/beegfs/home/m.romanov/thesis/benchmarking/datasets/USPTO/US07314693-20080101-C00108.png,CCN(CCc1ccccc1)c1cccc(C(=CC=C(c2ccccc2)c2ccccc2)c2cccc(N(CC)CCc3ccccc3)c2)c1
/beegfs/home/m.romanov/thesis/benchmarking/datasets/USPTO/US07314693-20080101-C00111.png,CCN(CC)c1ccc(C(CCC(c2ccccc2)c2ccccc2)c2ccc(N(CC)CC)cc2)cc1
/beegfs/home/m.romanov/thesis/benchmarking/datasets/USPTO/US07314693-20080101-C00118.png,CCN(CC)c1ccc2c(c1)C(=Cc1ccc(N(c3ccc(C)cc3)c3ccc(C)cc3)cc1)c1ccccc1C=C2
/beegfs/home/m.romanov/thesis/benchmarking/datasets/USPTO/US07314693-20080101-C00119.png,CCN(CC)c1cccc(C(=CC=C(c2ccccc2)c2cccc(N(CC)CC)c2)c2ccccc2)c1
/beegfs/home/m.romanov/thesis/benchmarking/datasets/USPTO/US07314693-20080101-C00121.png,CCN(Cc1ccccc1)c1ccc(C=C(c2ccccc2)c2ccccc2)cc1
/beegfs/home/m.romanov/thesis/benchmarking/datasets/USPTO/US07314693-20080101-C00122.png,C(=C(c1ccccc1)c1ccccc1)c1ccc(N(Cc2ccccc2)Cc2ccccc2)cc1
/beegfs/home/m.romanov/thesis/benchmarking/datasets/USPTO/US07314693-20080101-C00123.png,CCN(CC)c1ccc(CCc2ccc(N(c3ccc(C)cc3)c3ccc(C)cc3)cc2)cc1
/beegfs/home/m.romanov/thesis/benchmarking/datasets/USPTO/US07314693-20080101-C00126.png,CCN(CC)c1ccc(CCCCc2ccc(N(c3ccc(C)cc3)c3ccc(C)cc3)cc2)cc1
/beegfs/home/m.romanov/thesis/benchmarking/datasets/USPTO/US07314693-20080101-C00129.png,CCN(CC)c1ccc(CCc2ccc(N(c3ccc(-c4ccc(C)cc4)cc3)c3ccc(C)c(C)c3)cc2C)cc1
/beegfs/home/m.romanov/thesis/benchmarking/datasets/USPTO/US07314693-20080101-C00130.png,COc1ccc(N(c2ccccc2)c2ccc(CCc3ccc(N4CCCC4)cc3)cc2)cc1
/beegfs/home/m.romanov/thesis/benchmarking/datasets/USPTO/US07314693-20080101-C00131.png,CCN(CC)c1ccc(CCc2ccc3c(c2)c2cc(Cl)ccc2n3CC)cc1
/beegfs/home/m.romanov/thesis/benchmarking/datasets/USPTO/US07314693-20080101-C00132.png,CCN(CC)c1ccc(CCc2ccc(N(CC)Cc3ccccc3)cc2)cc1
/beegfs/home/m.romanov/thesis/benchmarking/datasets/USPTO/US07314693-20080101-C00137.png,CCN(CC)c1ccc(C=Cc2ccc(N(c3ccc(C)cc3)c3ccc(C=Cc4ccc(N(CC)CC)cc4)cc3)cc2)cc1
/beegfs/home/m.romanov/thesis/benchmarking/datasets/USPTO/US07314693-20080101-C00139.png,CCN(CC)c1cccc(/C(=C\c2ccc3c(c2)c2cc(/C=C(/c4ccccc4)c4cccc(N(CC)CC)c4)ccc2n3CC)c2ccccc2)c1
/beegfs/home/m.romanov/thesis/benchmarking/datasets/USPTO/US07314693-20080101-C00140.png,CCN(CC)c1ccc(C=Cc2ccc(N(c3ccc(C)cc3)c3ccc(C=Cc4ccccc4)cc3)cc2)c(N(CC)CC)c1
/beegfs/home/m.romanov/thesis/benchmarking/datasets/USPTO/US07314693-20080101-C00145.png,CCN(CC)c1ccc(CCc2ccc(N(c3ccc(C)cc3)c3ccc(CCc4ccc(N(CC)CC)cc4)cc3)cc2)cc1
/beegfs/home/m.romanov/thesis/benchmarking/datasets/USPTO/US07314693-20080101-C00146.png,CCN(CC)c1ccc(CCc2ccc(N(c3ccc(C)cc3)c3ccc(CCc4ccccc4)cc3)cc2)cc1
/beegfs/home/m.romanov/thesis/benchmarking/datasets/USPTO/US07314693-20080101-C00147.png,CCc1ccc(-c2ccc(N(c3ccc(CCc4ccc(N(CC)CC)cc4)c(C)c3)c3ccc(CCc4ccc(N(CC)CC)cc4)c(C)c3)cc2)cc1
/beegfs/home/m.romanov/thesis/benchmarking/datasets/USPTO/US07314693-20080101-C00148.png,CCN(CC)c1ccc(CCCCc2ccc(N(c3ccc(C)cc3)c3ccc(CCCCc4ccc(N(CC)CC)cc4)cc3)cc2)cc1
/beegfs/home/m.romanov/thesis/benchmarking/datasets/USPTO/US07314693-20080101-C00152.png,CCN(CC)c1ccc(CCc2ccc3c(c2)c2cc(CCc4ccc(N(CC)CC)cc4)ccc2n3CC)cc1
/beegfs/home/m.romanov/thesis/benchmarking/datasets/USPTO/US07314693-20080101-C00155.png,CCCCN(CCCC)c1ccc(CCc2ccc(N(c3ccc(Cl)cc3)c3ccc(CCc4ccc(N(CCCC)CCCC)cc4)c4ccccc34)c3ccccc23)cc1
/beegfs/home/m.romanov/thesis/benchmarking/datasets/USPTO/US07314693-20080101-C00157.png,CCN(Cc1ccccc1)c1ccc(CCc2ccc(N(c3ccc(C)cc3)c3ccc(CCc4ccc(N(CC)Cc5ccccc5)cc4)cc3)cc2)cc1
/beegfs/home/m.romanov/thesis/benchmarking/datasets/USPTO/US07314693-20080101-C00158.png,CCN(Cc1ccc(C)cc1)c1ccc(CCc2ccc(N(c3ccc(CCc4ccc(N(CC)Cc5ccc(C)cc5)cc4)cc3)c3ccc(-c4ccccc4)cc3)cc2)cc1
/beegfs/home/m.romanov/thesis/benchmarking/datasets/USPTO/US07314693-20080101-C00159.png,CCN(CC)c1ccc(C=Cc2ccc(N(c3ccc(C=Cc4ccc(N(CC)CC)cc4)cc3)c3ccc(C=Cc4ccc(N(CC)CC)cc4)cc3)cc2)cc1
/beegfs/home/m.romanov/thesis/benchmarking/datasets/USPTO/US07314693-20080101-C00160.png,CCN(CC)c1ccc(C(=Cc2ccc(N(c3ccc(C=C(c4ccccc4)c4ccc(N(CC)CC)cc4)cc3)c3ccc(/C=C(\c4ccccc4)c4ccc(N(CC)CC)cc4)cc3)cc2)c2ccccc2)cc1
/beegfs/home/m.romanov/thesis/benchmarking/datasets/USPTO/US07314693-20080101-C00163.png,CCN(CC)c1ccc(CCc2ccc(N(c3ccc(CCc4ccc(N(CC)CC)cc4)cc3)c3ccc(CCc4ccc(N(CC)CC)cc4)cc3)cc2)cc1
/beegfs/home/m.romanov/thesis/benchmarking/datasets/USPTO/US07314693-20080101-C00170.png,CCN(CC)c1cc(C(C)=CC=Cc2ccc(-n3c4ccccc4c4ccccc43)cc2)ccc1C(C)=CC=Cc1ccc(-n2c3ccccc3c3ccccc32)cc1
/beegfs/home/m.romanov/thesis/benchmarking/datasets/USPTO/US07314693-20080101-C00175.png,CCN(CC)c1ccc(C=NN(c2ccccc2)c2ccccc2)cc1
/beegfs/home/m.romanov/thesis/benchmarking/datasets/USPTO/US07314693-20080101-C00176.png,CCN(CC)c1ccc(N(N=Cc2ccc3c(c2)c2ccccc2n3C)c2ccc(N(CC)CC)cc2)cc1
/beegfs/home/m.romanov/thesis/benchmarking/datasets/USPTO/US07314693-20080101-C00177.png,CCN(CC)c1ccc2ccc3c(C=NN(c4ccccc4)c4ccccc4)ccc4ccc1c2c43
/beegfs/home/m.romanov/thesis/benchmarking/datasets/USPTO/US07314693-20080101-C00178.png,CCN(CC)c1ccc(C=NN(c2ccccc2)c2cccc3ccccc23)cc1
/beegfs/home/m.romanov/thesis/benchmarking/datasets/USPTO/US07314693-20080101-C00179.png,CCN(CC)c1ccc(N(C)N=Cc2ccc3c(c2)c2ccccc2n3CC)cc1
/beegfs/home/m.romanov/thesis/benchmarking/datasets/USPTO/US07314693-20080101-C00181.png,CCN(Cc1ccccc1)c1ccc2c(c1)c1cc(C=NN(c3ccccc3)c3ccccc3)ccc1n2C
/beegfs/home/m.romanov/thesis/benchmarking/datasets/USPTO/US07314693-20080101-C00182.png,CCN(CC)c1ccc(-c2nnc(-c3ccc(N(CC)CC)cc3)o2)cc1
/beegfs/home/m.romanov/thesis/benchmarking/datasets/USPTO/US07314693-20080101-C00183.png,CCCN(CCC)c1ccc(-c2nc(-c3ccc(N(C)C)cc3)c(-c3ccccc3Cl)o2)cc1
/beegfs/home/m.romanov/thesis/benchmarking/datasets/USPTO/US07314693-20080101-C00184.png,CCN(CC)c1ccc(-c2ccc(-c3ccc(N(CC)CC)cc3)cc2)cc1
/beegfs/home/m.romanov/thesis/benchmarking/datasets/USPTO/US07314693-20080101-C00185.png,Cc1ccc(-c2ccc(CN(C)c3ccc(-c4cccc(-c5ccc(N(C)Cc6ccc(-c7ccc(C)cc7)cc6)cc5)c4)cc3)cc2)cc1
/beegfs/home/m.romanov/thesis/benchmarking/datasets/USPTO/US07314693-20080101-C00265.png,Cc1ccc(-c2cccs2)s1
/beegfs/home/m.romanov/thesis/benchmarking/datasets/USPTO/US07314693-20080101-C00267.png,Cc1ccc2c(c1)CCCN2C
/beegfs/home/m.romanov/thesis/benchmarking/datasets/USPTO/US07314693-20080101-C00269.png,CN1CCc2ccccc21
/beegfs/home/m.romanov/thesis/benchmarking/datasets/USPTO/US07314693-20080101-C00273.png,CCN(CC)c1ccc(C=Cc2ccc(C=Cc3ccc(N(CC)CC)cc3)cc2)cc1
/beegfs/home/m.romanov/thesis/benchmarking/datasets/USPTO/US07314693-20080101-C00275.png,CCN(CC)c1ccc(C=Cc2cc(OC)c(C=Cc3ccc(N(CC)CC)cc3)cc2OC)cc1
/beegfs/home/m.romanov/thesis/benchmarking/datasets/USPTO/US07314693-20080101-C00278.png,CCN(CC)c1ccc(C=Cc2ccccc2C=Cc2ccc(N(CC)CC)cc2)cc1
/beegfs/home/m.romanov/thesis/benchmarking/datasets/USPTO/US07314693-20080101-C00284.png,CCN(Cc1ccc(-c2ccc(C)cc2)cc1)c1ccc(C=Cc2ccc(C=Cc3ccc(N(CC)Cc4ccc(-c5ccc(C)cc5)cc4)cc3)cc2)cc1
/beegfs/home/m.romanov/thesis/benchmarking/datasets/USPTO/US07314693-20080101-C00285.png,CCN(Cc1ccccc1)c1ccc(C=Cc2cccc(C=Cc3ccc(N(CC)Cc4ccccc4)cc3)c2)cc1
/beegfs/home/m.romanov/thesis/benchmarking/datasets/USPTO/US07314693-20080101-C00286.png,C(=Cc1ccc(N2CCc3ccccc3C2)cc1)c1ccc(C=Cc2ccc(N3CCc4ccccc4C3)cc2)cc1
/beegfs/home/m.romanov/thesis/benchmarking/datasets/USPTO/US07314693-20080101-C00289.png,CCN(CC)c1ccc(CCc2ccc(CCc3ccc(N(CC)CC)cc3)cc2)cc1
/beegfs/home/m.romanov/thesis/benchmarking/datasets/USPTO/US07314693-20080101-C00290.png,CCN(CC)c1ccc(CCc2ccc(CCc3ccc(N(CC)CC)c4ccccc34)cc2)c2ccccc12
/beegfs/home/m.romanov/thesis/benchmarking/datasets/USPTO/US07314693-20080101-C00292.png,CCN(CC)c1ccc(CCCCc2ccc(CCCCc3ccc(N(CC)CC)cc3)cc2)cc1
/beegfs/home/m.romanov/thesis/benchmarking/datasets/USPTO/US07314693-20080101-C00295.png,CCN(CC)c1cccc(CCc2ccc(CCc3cccc(N(CC)CC)c3)cc2)c1
/beegfs/home/m.romanov/thesis/benchmarking/datasets/USPTO/US07314693-20080101-C00296.png,CCN(CC)c1ccccc1CCc1ccc(CCc2ccccc2N(CC)CC)cc1
/beegfs/home/m.romanov/thesis/benchmarking/datasets/USPTO/US07314693-20080101-C00301.png,CCN(Cc1ccccc1)c1ccc(CCc2cccc(CCc3ccc(N(CC)Cc4ccccc4)cc3)c2)cc1
/beegfs/home/m.romanov/thesis/benchmarking/datasets/USPTO/US07314693-20080101-C00302.png,c1ccc2c(c1)CCN(c1ccc(CCc3ccc(CCc4ccc(N5CCc6ccccc6C5)cc4)cc3)cc1)C2
/beegfs/home/m.romanov/thesis/benchmarking/datasets/USPTO/US07314693-20080101-C00315.png,Cc1ccc(N(c2ccc(-c3ccc(OCCCN4CCCCC4)cc3)cc2)c2ccc3ccc4cccc5ccc2c3c45)cc1
/beegfs/home/m.romanov/thesis/benchmarking/datasets/USPTO/US07314693-20080101-C00318.png,CCN(CC)CCc1ccc(-c2ccc(N(c3ccc(C)cc3)c3ccc(C)cc3)cc2)cc1
/beegfs/home/m.romanov/thesis/benchmarking/datasets/USPTO/US07314693-20080101-C00319.png,Cc1ccc(N(c2ccc(C)cc2)c2ccc(-c3ccc(CCN4CCCCC4)cc3)cc2)cc1
/beegfs/home/m.romanov/thesis/benchmarking/datasets/USPTO/US07314693-20080101-C00322.png,Cc1ccc(N(c2ccc(C)cc2)c2ccc(-c3ccc(CCCCN4CCCC4)cc3)cc2)cc1
/beegfs/home/m.romanov/thesis/benchmarking/datasets/USPTO/US07314693-20080101-C00323.png,CCN(CCCc1ccc(-c2ccc(N(c3ccccc3)c3c(C)cc(C)cc3C)cc2)cc1)c1ccccc1
/beegfs/home/m.romanov/thesis/benchmarking/datasets/USPTO/US07314693-20080101-C00329.png,Cc1cc(O)cc(C)c1S
/beegfs/home/m.romanov/thesis/benchmarking/datasets/USPTO/US07314693-20080101-C00332.png,CC(C)c1cc(S)cc(C(C)C)c1O
/beegfs/home/m.romanov/thesis/benchmarking/datasets/USPTO/US07314693-20080101-C00333.png,Cc1cc(S)cc(C)c1O
/beegfs/home/m.romanov/thesis/benchmarking/datasets/USPTO/US07314693-20080101-C00337.png,Cc1cc(O)c(C(C)C)cc1S
/beegfs/home/m.romanov/thesis/benchmarking/datasets/USPTO/US07314693-20080101-C00338.png,Cc1cc(S)c(C)c(C)c1O
/beegfs/home/m.romanov/thesis/benchmarking/datasets/USPTO/US07314693-20080101-C00339.png,Cc1cc(O)c(C(C)(C)C)cc1S
/beegfs/home/m.romanov/thesis/benchmarking/datasets/USPTO/US07314693-20080101-C00347.png,CCCC(C)(C)c1cc(O)ccc1O
/beegfs/home/m.romanov/thesis/benchmarking/datasets/USPTO/US07314693-20080101-C00348.png,CCCC(C)(C)c1cc(O)c(C(C)(C)CCC)cc1O
/beegfs/home/m.romanov/thesis/benchmarking/datasets/USPTO/US07314693-20080101-C00370.png,Oc1cc(C2CCCCC2)c(O)cc1C1CCCCC1
/beegfs/home/m.romanov/thesis/benchmarking/datasets/USPTO/US07314693-20080101-C00371.png,C=CCCCCc1cc(O)c(CCC=C)cc1O
/beegfs/home/m.romanov/thesis/benchmarking/datasets/USPTO/US07314693-20080101-C00377.png,CCC(C)(CCCC(C)C)c1cc(O)ccc1O
/beegfs/home/m.romanov/thesis/benchmarking/datasets/USPTO/US07314693-20080101-C00380.png,CC(C)(C)CC(C)(C)c1cc(O)c(Sc2ccc3scnc3c2)cc1O
/beegfs/home/m.romanov/thesis/benchmarking/datasets/USPTO/US07314693-20080101-C00381.png,O=C(c1nc2ccccc2o1)c1cc(O)c(C(=O)c2nc3ccccc3o2)cc1O
/beegfs/home/m.romanov/thesis/benchmarking/datasets/USPTO/US07314693-20080101-C00384.png,CC(C)(CCCl)c1cc(O)c(C(C)(C)CCCl)cc1O
/beegfs/home/m.romanov/thesis/benchmarking/datasets/USPTO/US07314693-20080101-C00386.png,CCCC(C)(C)c1cc(O)cc(C(C)(C)CCC)c1O
/beegfs/home/m.romanov/thesis/benchmarking/datasets/USPTO/US07314693-20080101-C00387.png,CC(C)(C)c1cc(O)cc(C(C)(C)C)c1O
/beegfs/home/m.romanov/thesis/benchmarking/datasets/USPTO/US07314693-20080101-C00389.png,CCC(C)(CC)c1cc(O)c(C(C)(CC)CC)cc1O
/beegfs/home/m.romanov/thesis/benchmarking/datasets/USPTO/US07314693-20080101-C00394.png,CC(C)CCC(C)(C)c1cc(O)cc(C(C)(C)CCC(C)C)c1O
/beegfs/home/m.romanov/thesis/benchmarking/datasets/USPTO/US07314693-20080101-C00395.png,CC(C)CCC(C)(C)c1cc(O)c(C(C)(C)CCC(C)C)cc1O
/beegfs/home/m.romanov/thesis/benchmarking/datasets/USPTO/US07314693-20080101-C00399.png,C/C=C\Cc1cc(O)ccc1O
/beegfs/home/m.romanov/thesis/benchmarking/datasets/USPTO/US07314693-20080101-C00402.png,C/C(=C/Cc1cc(O)ccc1O)CC/C=C(\C)CCl
/beegfs/home/m.romanov/thesis/benchmarking/datasets/USPTO/US07314693-20080101-C00406.png,Oc1ccc(O)c(C2CCCCC2)c1
/beegfs/home/m.romanov/thesis/benchmarking/datasets/USPTO/US07314693-20080101-C00407.png,Cc1cc(O)c(C2CCCCCC2)cc1O
/beegfs/home/m.romanov/thesis/benchmarking/datasets/USPTO/US07314693-20080101-C00418.png,Cc1cc(O)c(CC(C)N(C)C)cc1O
/beegfs/home/m.romanov/thesis/benchmarking/datasets/USPTO/US07314693-20080101-C00419.png,CC(C)(C)CCc1cc(O)ccc1O
/beegfs/home/m.romanov/thesis/benchmarking/datasets/USPTO/US07314693-20080101-C00423.png,CC(C)=CCC=C(C)c1cc(O)c(C)cc1O
/beegfs/home/m.romanov/thesis/benchmarking/datasets/USPTO/US07314693-20080101-C00425.png,CC(C)=CCc1cc(O)c(C)c(C)c1O
/beegfs/home/m.romanov/thesis/benchmarking/datasets/USPTO/US07314693-20080101-C00426.png,CSCCCC(C)(C)c1cc(O)ccc1O
/beegfs/home/m.romanov/thesis/benchmarking/datasets/USPTO/US07314693-20080101-C00427.png,CC(C)=CCC(C)/C=C/c1cc(O)cc(C)c1O
/beegfs/home/m.romanov/thesis/benchmarking/datasets/USPTO/US07314693-20080101-C00428.png,C.C.C/C(=C\Cc1cc(O)c(C)c(C)c1O)CCCC(C)C
/beegfs/home/m.romanov/thesis/benchmarking/datasets/USPTO/US07314693-20080101-C00429.png,C.C.C/C(=C\Cc1c(C)c(O)cc(C)c1O)CCCC(C)C
/beegfs/home/m.romanov/thesis/benchmarking/datasets/USPTO/US07314693-20080101-C00433.png,Oc1ccc(O)c(P(c2ccccc2)c2ccccc2)c1
/beegfs/home/m.romanov/thesis/benchmarking/datasets/USPTO/US07314693-20080101-C00440.png,C.C.CCC(CC)c1cc(O)ccc1O
/beegfs/home/m.romanov/thesis/benchmarking/datasets/USPTO/US07314693-20080101-C00441.png,C.C.CCc1cc(O)c(CC)cc1O
/beegfs/home/m.romanov/thesis/benchmarking/datasets/USPTO/US07314693-20080101-C00450.png,C.C.OCc1cc(O)ccc1O
/beegfs/home/m.romanov/thesis/benchmarking/datasets/USPTO/US07314693-20080101-C00451.png,C.C.C.C.CCC(C)C(O)Cc1cc(O)ccc1O
/beegfs/home/m.romanov/thesis/benchmarking/datasets/USPTO/US07314693-20080101-C00453.png,CC(C)(O)c1cc(O)ccc1O
/beegfs/home/m.romanov/thesis/benchmarking/datasets/USPTO/US07314693-20080101-C00455.png,C.C.Cc1cc(O)c(C)c(CCC(C)(O)CCCC(C)C)c1O
/beegfs/home/m.romanov/thesis/benchmarking/datasets/USPTO/US07314693-20080101-C00456.png,C.C.COc1cc(O)c(CO)cc1O
/beegfs/home/m.romanov/thesis/benchmarking/datasets/USPTO/US07314693-20080101-C00457.png,COc1cc(O)c(CC=C(C)C)cc1O
/beegfs/home/m.romanov/thesis/benchmarking/datasets/USPTO/US07314693-20080101-C00459.png,COc1cc(O)c(C(C)(C)CC(C)(C)C)cc1O
/beegfs/home/m.romanov/thesis/benchmarking/datasets/USPTO/US07314693-20080101-C00460.png,CC(C)=CCc1cc(O)ccc1O
/beegfs/home/m.romanov/thesis/benchmarking/datasets/USPTO/US07314693-20080101-C00462.png,CCC(C)CCc1cc(O)ccc1O
/beegfs/home/m.romanov/thesis/benchmarking/datasets/USPTO/US07314693-20080101-C00467.png,Cc1cc(O)c(C(C)(C)CC(C)(C)C)cc1O
/beegfs/home/m.romanov/thesis/benchmarking/datasets/USPTO/US07314693-20080101-C00468.png,C.C.CC/C(C)=C/Cc1cc(O)c(C)cc1O
/beegfs/home/m.romanov/thesis/benchmarking/datasets/USPTO/US07314693-20080101-C00469.png,C.C.C/C(=C\Cc1cc(O)c(C)cc1O)CCCC(C)C
/beegfs/home/m.romanov/thesis/benchmarking/datasets/USPTO/US07314693-20080101-C00476.png,C=CC=CCc1cc(O)ccc1O
/beegfs/home/m.romanov/thesis/benchmarking/datasets/USPTO/US07314693-20080101-C00481.png,CC(C)(C)CC(C)(C)c1cc(O)ccc1O
/beegfs/home/m.romanov/thesis/benchmarking/datasets/USPTO/US07314693-20080101-C00493.png,Oc1cc(CN2CCOCC2)c(O)cc1CN1CCOCC1
/beegfs/home/m.romanov/thesis/benchmarking/datasets/USPTO/US07314693-20080101-C00494.png,Oc1cc(CN2CCCCC2)c(O)cc1CN1CCCCC1
/beegfs/home/m.romanov/thesis/benchmarking/datasets/USPTO/US07314693-20080101-C00496.png,C.C.C.C.CCC(CC)c1cc(O)c(C(CC)CC)cc1O
/beegfs/home/m.romanov/thesis/benchmarking/datasets/USPTO/US07314693-20080101-C00497.png,C.C.C.C.CCC(C)(CCCC(C)C)c1cc(O)c(C(C)(CC)CCCC(C)C)cc1O
/beegfs/home/m.romanov/thesis/benchmarking/datasets/USPTO/US07314693-20080101-C00498.png,CC(C)=CCc1cc(O)cc(CC=C(C)C)c1O
/beegfs/home/m.romanov/thesis/benchmarking/datasets/USPTO/US07314693-20080101-C00502.png,Oc1ccc(O)c(C2C=CCC2)c1
/beegfs/home/m.romanov/thesis/benchmarking/datasets/USPTO/US07314693-20080101-C00503.png,Oc1ccc(O)c(C2CCCC2)c1
/beegfs/home/m.romanov/thesis/benchmarking/datasets/USPTO/US07314693-20080101-C00514.png,Cc1c(O)cc(C(C)(C)CC(C)(C)C)c(O)c1C
/beegfs/home/m.romanov/thesis/benchmarking/datasets/USPTO/US07314693-20080101-C00515.png,Cc1cc(O)c(C(C)(C)CC(C)(C)C)c(C)c1O
/beegfs/home/m.romanov/thesis/benchmarking/datasets/USPTO/US07314693-20080101-C00518.png,CC(C)=CCc1c(C)c(O)cc(C)c1O
/beegfs/home/m.romanov/thesis/benchmarking/datasets/USPTO/US07314693-20080101-C00519.png,CC(C)=CCc1c(O)cc(C)c(O)c1C
/beegfs/home/m.romanov/thesis/benchmarking/datasets/USPTO/US07314693-20080101-C00520.png,C=C(C)Cc1c(C)c(O)cc(C)c1O
/beegfs/home/m.romanov/thesis/benchmarking/datasets/USPTO/US07314693-20080101-C00523.png,C.C.CCC(C)(CC)c1cc(O)ccc1O
/beegfs/home/m.romanov/thesis/benchmarking/datasets/USPTO/US07314693-20080101-C00527.png,CC(C)CCc1c(O)ccc(O)c1CO
/beegfs/home/m.romanov/thesis/benchmarking/datasets/USPTO/US07314693-20080101-C00528.png,Oc1ccc(O)c(-n2nnc3ccccc32)c1
/beegfs/home/m.romanov/thesis/benchmarking/datasets/USPTO/US07314693-20080101-C00529.png,Oc1ccc(O)c(Cc2cc(O)ccc2O)c1
/beegfs/home/m.romanov/thesis/benchmarking/datasets/USPTO/US07314693-20080101-C00530.png,COc1cc(O)c(Cc2cc(O)c(OC)cc2O)cc1O
/beegfs/home/m.romanov/thesis/benchmarking/datasets/USPTO/US07314693-20080101-C00532.png,Cc1cc(O)c(C2(C)CCCCC2)cc1O
/beegfs/home/m.romanov/thesis/benchmarking/datasets/USPTO/US07314693-20080101-C00537.png,CC(CCCN1CCCCC1)c1cc(O)ccc1O
/beegfs/home/m.romanov/thesis/benchmarking/datasets/USPTO/US07314693-20080101-C00538.png,Cc1cc(O)c(C2(C)CCCC2(C)C)cc1O
/beegfs/home/m.romanov/thesis/benchmarking/datasets/USPTO/US07314693-20080101-C00549.png,Oc1cc(N2CCOCC2)c(O)cc1N1CCOCC1
/beegfs/home/m.romanov/thesis/benchmarking/datasets/USPTO/US07314693-20080101-C00550.png,Oc1cc(N2CCCCC2)c(O)cc1N1CCCCC1
/beegfs/home/m.romanov/thesis/benchmarking/datasets/USPTO/US07314693-20080101-C00554.png,CC(C)(CCCCl)c1cc(O)c(C(C)(C)CCCCl)cc1O
/beegfs/home/m.romanov/thesis/benchmarking/datasets/USPTO/US07314693-20080101-C00555.png,CC1(c2cc(O)c(C3(C)CCC(=O)CC3)cc2O)CCC(=O)CC1
/beegfs/home/m.romanov/thesis/benchmarking/datasets/USPTO/US07314693-20080101-C00556.png,CC1=CCC(C(C)(C)c2cc(O)c(C(C)(C)C3CC=C(C)C(=O)C3)cc2O)CC1=O
/beegfs/home/m.romanov/thesis/benchmarking/datasets/USPTO/US07314693-20080101-C00557.png,CC(=O)CCCC(C)(C)c1cc(O)c(C(C)(C)CCCC(C)=O)cc1O
/beegfs/home/m.romanov/thesis/benchmarking/datasets/USPTO/US07314693-20080101-C00571.png,CC(C)(CCc1ccc2c(c1)OCO2)c1cc(O)c(C(C)(C)CCc2ccc3c(c2)OCO3)cc1O
/beegfs/home/m.romanov/thesis/benchmarking/datasets/USPTO/US07314693-20080101-C00595.png,CC1(c2cc(O)c(-c3ccccc3)cc2O)CCc2ccccc2C1
/beegfs/home/m.romanov/thesis/benchmarking/datasets/USPTO/US07314693-20080101-C00611.png,CC(C)(CCc1ccc2c(c1)OCO2)c1cc(O)c(-c2ccccc2)cc1O
/beegfs/home/m.romanov/thesis/benchmarking/datasets/USPTO/US07314693-20080101-C00617.png,Oc1cc(Sc2ccccc2)c(O)cc1Sc1ccccc1
/beegfs/home/m.romanov/thesis/benchmarking/datasets/USPTO/US07314693-20080101-C00618.png,COc1ccc(-c2cc(O)c(-c3ccc(OC)cc3)cc2O)cc1
/beegfs/home/m.romanov/thesis/benchmarking/datasets/USPTO/US07314693-20080101-C00622.png,Cc1ccc(-c2cc(O)c(-c3ccc(C)cc3)cc2O)cc1
/beegfs/home/m.romanov/thesis/benchmarking/datasets/USPTO/US07314693-20080101-C00624.png,Oc1cc(-c2ccc(-c3ccccc3)cc2)c(O)cc1-c1ccc(-c2ccccc2)cc1
/beegfs/home/m.romanov/thesis/benchmarking/datasets/USPTO/US07314693-20080101-C00625.png,O=C1c2ccccc2C(=O)N1c1cc(O)c(N2C(=O)c3ccccc3C2=O)cc1O
/beegfs/home/m.romanov/thesis/benchmarking/datasets/USPTO/US07314693-20080101-C00626.png,Cc1ccc(-c2cc(O)c(-c3ccc(C)cc3C)cc2O)c(C)c1
/beegfs/home/m.romanov/thesis/benchmarking/datasets/USPTO/US07314693-20080101-C00627.png,Oc1cc(-c2ccc(Oc3ccccc3)cc2)c(O)cc1-c1ccc(Oc2ccccc2)cc1
/beegfs/home/m.romanov/thesis/benchmarking/datasets/USPTO/US07314693-20080101-C00628.png,Oc1cc(Sc2cc(O)c(-c3ccc(Cc4ccccc4)cc3)cc2O)c(O)cc1Cc1ccccc1
/beegfs/home/m.romanov/thesis/benchmarking/datasets/USPTO/US07314693-20080101-C00629.png,Cc1c(C)c2c(c(C)c1O)CCC(C)(C)O2
/beegfs/home/m.romanov/thesis/benchmarking/datasets/USPTO/US07314693-20080101-C00631.png,Cc1cc(Oc2c(O)cc(C)c3c2CCC(C)(CCCC(C)C)O3)cc2c1OC(C)(CCCC(C)C)CC2
/beegfs/home/m.romanov/thesis/benchmarking/datasets/USPTO/US07314693-20080101-C00633.png,Cc1c(C)c2c(c(CCc3c(O)c(C)c(C)c4c3CCC(C)(C)O4)c1O)CCC(C)(C)O2
/beegfs/home/m.romanov/thesis/benchmarking/datasets/USPTO/US07314693-20080101-C00634.png,Cc1c(C)c2c(c(CCc3c(O)c(C)c(C)c4c3CCC(C)(CCCC(C)C)O4)c1O)CCC(C)(CCCC(C)C)O2
/beegfs/home/m.romanov/thesis/benchmarking/datasets/USPTO/US07314693-20080101-C00635.png,Cc1cc(O)c(Oc2c(O)cc(C)c3c2CCC(C)(CCCC(C)C)O3)c2c1OC(C)(CCCC(C)C)CC2
/beegfs/home/m.romanov/thesis/benchmarking/datasets/USPTO/US07314693-20080101-C00637.png,Cc1c(Oc2c(O)c(C)c(C)c3c2CCC(C)(C)O3)cc2c(c1C)OC(C)(C)CC2
/beegfs/home/m.romanov/thesis/benchmarking/datasets/USPTO/US07314693-20080101-C00639.png,Cc1c(Oc2c(O)c(C)c(C)c3c2CCC(C)(CCCC(C)C)O3)cc2c(c1C)OC(C)(CCCC(C)C)CC2
/beegfs/home/m.romanov/thesis/benchmarking/datasets/USPTO/US07314693-20080101-C00640.png,Cc1c(O)c(CCc2ccc3c(c2C)OC(C)(C)CC3)c(C)c2c1CCC(C)(C)O2
/beegfs/home/m.romanov/thesis/benchmarking/datasets/USPTO/US07314693-20080101-C00641.png,Cc1cc(O)c(CCc2c(O)cc(C)c3c2CCC(C)(C)O3)c2c1OC(C)(C)CC2
/beegfs/home/m.romanov/thesis/benchmarking/datasets/USPTO/US07314693-20080101-C00642.png,Cc1c(C)c2c(c(Cc3c(O)c(C)c(C)c4c3CCC(C)(C)O4)c1O)CCC(C)(C)O2
/beegfs/home/m.romanov/thesis/benchmarking/datasets/USPTO/US07314693-20080101-C00643.png,Cc1c(O)c(Cc2c(C)c3c(c(C)c2O)CCC(C)(C)O3)c(C)c2c1CCC(C)(C)O2
/beegfs/home/m.romanov/thesis/benchmarking/datasets/USPTO/US07314693-20080101-C00644.png,CC(C=CC1C(C)CCCC1(C)C)=CC=CC1(C)CCc2c(C)c(O)c(C)c(C)c2O1
/beegfs/home/m.romanov/thesis/benchmarking/datasets/USPTO/US07314693-20080101-C00647.png,COc1c(C)c(O)c(Cc2c(O)c(C)c(OC)c3c2CCC(C)(C)O3)c2c1OC(C)(C)CC2
/beegfs/home/m.romanov/thesis/benchmarking/datasets/USPTO/US07314693-20080101-C00648.png,Cc1c(C)c2c(c(Cc3c(O)c(C)c(C)c4c3CCC(C)(c3ccccc3)O4)c1O)CCC(C)(c1ccccc1)O2
/beegfs/home/m.romanov/thesis/benchmarking/datasets/USPTO/US07314693-20080101-C00650.png,Cc1c(C)c2c(c(Cc3c(O)c(C)c(C)c4c3CCC(C)(CCCC(C)C)O4)c1O)CCC(C)(CCCC(C)C)O2
/beegfs/home/m.romanov/thesis/benchmarking/datasets/USPTO/US07314693-20080101-C00651.png,Cc1c(O)c(Cc2c(C)c3c(c(C)c2O)CCC(C)(CCCC(C)C)O3)c(C)c2c1CCC(C)(CCCC(C)C)O2
/beegfs/home/m.romanov/thesis/benchmarking/datasets/USPTO/US07314693-20080101-C00652.png,CCC1(C)CCc2c(Cc3c(O)c(C)c(C)c4c3CCC(C)(CC)O4)c(O)c(C)c(C)c2O1
/beegfs/home/m.romanov/thesis/benchmarking/datasets/USPTO/US07314693-20080101-C00653.png,C.C.CC(C)=CCCC1(C)C=Cc2cc(O)c(C)cc2O1
/beegfs/home/m.romanov/thesis/benchmarking/datasets/USPTO/US07314693-20080101-C00654.png,Cc1c(O)cc2c(c1C)OC(C)(C)C2
/beegfs/home/m.romanov/thesis/benchmarking/datasets/USPTO/US07314693-20080101-C00655.png,Cc1cc2c(C)c(O)c(C)c(C)c2o1
/beegfs/home/m.romanov/thesis/benchmarking/datasets/USPTO/US07314693-20080101-C00656.png,Cc1c(C)c2c(c(C)c1O)CCC(C)(C)S2
/beegfs/home/m.romanov/thesis/benchmarking/datasets/USPTO/US07314693-20080101-C00657.png,Oc1ccc2c(c1)CCCS2
/beegfs/home/m.romanov/thesis/benchmarking/datasets/USPTO/US07314693-20080101-C00658.png,Cc1c(C)c2c(c(C)c1O)C(C)(C)CCS2
/beegfs/home/m.romanov/thesis/benchmarking/datasets/USPTO/US07314693-20080101-C00659.png,Cc1c(C)c2c(c(C)c1O)CCCS2
/beegfs/home/m.romanov/thesis/benchmarking/datasets/USPTO/US07314693-20080101-C00660.png,Cc1c(C)c2c(c(C)c1O)CCC(C)S2
/beegfs/home/m.romanov/thesis/benchmarking/datasets/USPTO/US07314693-20080101-C00661.png,Oc1ccc2c(c1Br)CCCS2
/beegfs/home/m.romanov/thesis/benchmarking/datasets/USPTO/US07314693-20080101-C00662.png,COC(=O)C1(C)CCc2c(C)c(O)c(C)c(C)c2S1
/beegfs/home/m.romanov/thesis/benchmarking/datasets/USPTO/US07314693-20080101-C00663.png,Cc1c(C)c2c(c(C)c1O)CCC(C)(C(=O)O)S2
/beegfs/home/m.romanov/thesis/benchmarking/datasets/USPTO/US07314693-20080101-C00666.png,CC(=O)N1CCCc2c1ccc(O)c2Br
/beegfs/home/m.romanov/thesis/benchmarking/datasets/USPTO/US07314693-20080101-C00667.png,CC(=O)N1CCCc2c(C)c(O)cc(C)c21
/beegfs/home/m.romanov/thesis/benchmarking/datasets/USPTO/US07314693-20080101-C00668.png,CC(=O)N1CCCc2cc(O)c(C)c(C)c21
/beegfs/home/m.romanov/thesis/benchmarking/datasets/USPTO/US07314693-20080101-C00669.png,CC(=O)N1CCCc2c(C)c(O)c(C)c(C)c21
/beegfs/home/m.romanov/thesis/benchmarking/datasets/USPTO/US07314693-20080101-C00670.png,CN1CCCc2cc(O)c(Br)cc21
/beegfs/home/m.romanov/thesis/benchmarking/datasets/USPTO/US07314693-20080101-C00671.png,CN1CC=Cc2cc(O)ccc21
/beegfs/home/m.romanov/thesis/benchmarking/datasets/USPTO/US07314693-20080101-C00672.png,CCN1CCCc2cc(O)ccc21
/beegfs/home/m.romanov/thesis/benchmarking/datasets/USPTO/US07314693-20080101-C00673.png,Oc1ccc2c(c1)CCCN2
/beegfs/home/m.romanov/thesis/benchmarking/datasets/USPTO/US07314693-20080101-C00674.png,Cc1cc(O)c(C)c2c1NCCC2
/beegfs/home/m.romanov/thesis/benchmarking/datasets/USPTO/US07314693-20080101-C00675.png,Cc1c(O)cc2c(c1C)NCCC2
/beegfs/home/m.romanov/thesis/benchmarking/datasets/USPTO/US07314693-20080101-C00676.png,COc1ccc(CC(=O)N2CCCc3cc(O)c(OC)cc32)cc1O
/beegfs/home/m.romanov/thesis/benchmarking/datasets/USPTO/US07314693-20080101-C00677.png,COc1ccc(CCN2CCCc3cc(O)c(OC)cc32)cc1O
/beegfs/home/m.romanov/thesis/benchmarking/datasets/USPTO/US07314693-20080101-C00678.png,CN1CCCc2cc(O)ccc21
/beegfs/home/m.romanov/thesis/benchmarking/datasets/USPTO/US07314693-20080101-C00679.png,Cc1c(C)c2c(c(C)c1O)CCCN2
/beegfs/home/m.romanov/thesis/benchmarking/datasets/USPTO/US07314693-20080101-C00680.png,CC1=CC(C)(C)Nc2ccc(O)cc21
/beegfs/home/m.romanov/thesis/benchmarking/datasets/USPTO/US07314693-20080101-C00682.png,CC1CCc2cc(O)ccc2N1
/beegfs/home/m.romanov/thesis/benchmarking/datasets/USPTO/US07314693-20080101-C00683.png,CC1CC(C)(C)Nc2ccc(O)cc21
/beegfs/home/m.romanov/thesis/benchmarking/datasets/USPTO/US07314693-20080101-C00684.png,CC(=O)N1CCCc2cc(O)ccc21
/beegfs/home/m.romanov/thesis/benchmarking/datasets/USPTO/US07314693-20080101-C00686.png,CCN1CCCc2c(C)c(O)c(C)c(C)c21
/beegfs/home/m.romanov/thesis/benchmarking/datasets/USPTO/US07314693-20080101-C00688.png,C=CCc1cc(O)cc2c1N(C)CCC2
/beegfs/home/m.romanov/thesis/benchmarking/datasets/USPTO/US07314693-20080101-C00689.png,CC1=CC(C)(C)N(ON2c3ccc(O)cc3C(C)=CC2(C)C)c2ccc(O)cc21
/beegfs/home/m.romanov/thesis/benchmarking/datasets/USPTO/US07314693-20080101-C00690.png,CC1CC(C)(C)N(ON2c3ccc(O)cc3C(C)CC2(C)C)c2ccc(O)cc21
/beegfs/home/m.romanov/thesis/benchmarking/datasets/USPTO/US07314693-20080101-C00691.png,CCCCCCCCCC(N1CCCc2cc(O)ccc21)N1CCCc2cc(O)ccc21
/beegfs/home/m.romanov/thesis/benchmarking/datasets/USPTO/US07314693-20080101-C00693.png,Oc1ccc(O)c2c1CC=CC2
/beegfs/home/m.romanov/thesis/benchmarking/datasets/USPTO/US07314693-20080101-C00694.png,CC1=C(C)Cc2c(O)ccc(O)c2C1
/beegfs/home/m.romanov/thesis/benchmarking/datasets/USPTO/US07314693-20080101-C00695.png,COc1cc(O)c2c(c1O)CC=CC2
/beegfs/home/m.romanov/thesis/benchmarking/datasets/USPTO/US07314693-20080101-C00696.png,CC1=CCc2c(O)ccc(O)c2C1
/beegfs/home/m.romanov/thesis/benchmarking/datasets/USPTO/US07314693-20080101-C00697.png,CC1C=CCc2c(O)ccc(O)c21
/beegfs/home/m.romanov/thesis/benchmarking/datasets/USPTO/US07314693-20080101-C00698.png,CCOC1=CCc2c(O)ccc(O)c2C1
/beegfs/home/m.romanov/thesis/benchmarking/datasets/USPTO/US07314693-20080101-C00700.png,CC(O)C1=CCc2c(O)ccc(O)c2C1
/beegfs/home/m.romanov/thesis/benchmarking/datasets/USPTO/US07314693-20080101-C00701.png,COc1cc(O)c2c(c1O)CC(C)=C(C)C2
/beegfs/home/m.romanov/thesis/benchmarking/datasets/USPTO/US07314693-20080101-C00702.png,COc1c(O)c2c(c(O)c1OC)CC(C)=C(C)C2
/beegfs/home/m.romanov/thesis/benchmarking/datasets/USPTO/US07314693-20080101-C00703.png,Cc1cc(O)c2c(c1O)CC=CC2
/beegfs/home/m.romanov/thesis/benchmarking/datasets/USPTO/US07314693-20080101-C00705.png,COC1=CCc2c(O)ccc(O)c2C1
/beegfs/home/m.romanov/thesis/benchmarking/datasets/USPTO/US07314693-20080101-C00706.png,Oc1ccc(O)c2c1CC=C(Cl)C2
/beegfs/home/m.romanov/thesis/benchmarking/datasets/USPTO/US07314693-20080101-C00707.png,CC1=CC(C)c2c(O)ccc(O)c2C1
/beegfs/home/m.romanov/thesis/benchmarking/datasets/USPTO/US07314693-20080101-C00708.png,CC1C=CC(C)c2c(O)ccc(O)c21
/beegfs/home/m.romanov/thesis/benchmarking/datasets/USPTO/US07314693-20080101-C00709.png,CC1=C(C)Cc2c(O)c(Cl)cc(O)c2C1
/beegfs/home/m.romanov/thesis/benchmarking/datasets/USPTO/US07314693-20080101-C00710.png,CC1=C(C)Cc2c(O)c(C)cc(O)c2C1
/beegfs/home/m.romanov/thesis/benchmarking/datasets/USPTO/US07314693-20080101-C00711.png,NC1CCc2c(O)ccc(O)c2C1
/beegfs/home/m.romanov/thesis/benchmarking/datasets/USPTO/US07314693-20080101-C00712.png,CN(C)C1CCc2c(O)ccc(O)c2C1
/beegfs/home/m.romanov/thesis/benchmarking/datasets/USPTO/US07314693-20080101-C00713.png,C=CC1(C)Cc2c(O)ccc(O)c2CC1C(=C)CO
/beegfs/home/m.romanov/thesis/benchmarking/datasets/USPTO/US07314693-20080101-C00714.png,C=C(C)C1Cc2c(O)ccc(O)c2CC1C
/beegfs/home/m.romanov/thesis/benchmarking/datasets/USPTO/US07314693-20080101-C00715.png,Oc1ccc(O)c2c1CCCC2
/beegfs/home/m.romanov/thesis/benchmarking/datasets/USPTO/US07314693-20080101-C00716.png,CCCN(CCC)C1CCc2c(O)ccc(O)c2C1
/beegfs/home/m.romanov/thesis/benchmarking/datasets/USPTO/US07314693-20080101-C00718.png,CC(C)=CCCC(CO)C1CCC(C)c2c(O)cc(C)c(O)c21
/beegfs/home/m.romanov/thesis/benchmarking/datasets/USPTO/US07314693-20080101-C00719.png,CC1CCCc2c(O)ccc(O)c21
/beegfs/home/m.romanov/thesis/benchmarking/datasets/USPTO/US07314693-20080101-C00720.png,Cc1cc(O)c2c(c1O)CCCC2
/beegfs/home/m.romanov/thesis/benchmarking/datasets/USPTO/US07314693-20080101-C00721.png,Cc1c(C)c(O)c2c(c1O)CCCC2
/beegfs/home/m.romanov/thesis/benchmarking/datasets/USPTO/US07314693-20080101-C00722.png,Oc1ccc2c(c1)OCO2
/beegfs/home/m.romanov/thesis/benchmarking/datasets/USPTO/US07314693-20080101-C00723.png,COc1cc(O)c(-c2cc3ccccc3o2)c2c1OCO2
/beegfs/home/m.romanov/thesis/benchmarking/datasets/USPTO/US07314693-20080101-C00724.png,COc1c2c(cc(O)c1-c1cc3ccccc3o1)OCO2
/beegfs/home/m.romanov/thesis/benchmarking/datasets/USPTO/US07314693-20080101-C00726.png,CC(C)=CCc1cc2c(c(CC=C(C)C)c1O)OCO2
/beegfs/home/m.romanov/thesis/benchmarking/datasets/USPTO/US07314693-20080101-C00727.png,CC(C)C1(C(C)C)Oc2ccc(O)cc2O1
/beegfs/home/m.romanov/thesis/benchmarking/datasets/USPTO/US07314693-20080101-C00728.png,Oc1cc2c(cc1C(c1ccc3c(c1)OCO3)N1CCOCC1)OCO2
/beegfs/home/m.romanov/thesis/benchmarking/datasets/USPTO/US07314693-20080101-C00729.png,Oc1cc2c(cc1C(c1ccc3c(c1)OCO3)N1CCCCC1)OCO2
/beegfs/home/m.romanov/thesis/benchmarking/datasets/USPTO/US07314693-20080101-C00730.png,Cc1c(C)c2c(c(Br)c1O)OCO2
/beegfs/home/m.romanov/thesis/benchmarking/datasets/USPTO/US07314693-20080101-C00732.png,Oc1cc2c(cc1C(c1ccc(Cl)cc1)N1CCCCC1)OCO2
/beegfs/home/m.romanov/thesis/benchmarking/datasets/USPTO/US07314693-20080101-C00733.png,CCN(CC)c1ccc(C(c2cc3c(cc2O)OCO3)N2CCOCC2)cc1
/beegfs/home/m.romanov/thesis/benchmarking/datasets/USPTO/US07314693-20080101-C00734.png,CCN(CC)c1ccc(C(c2cc3c(cc2O)OCO3)N2CCCCC2)cc1
/beegfs/home/m.romanov/thesis/benchmarking/datasets/USPTO/US07314693-20080101-C00735.png,COc1ccc2c(c1)OCC(c1cc3c(cc1O)OCO3)C2
/beegfs/home/m.romanov/thesis/benchmarking/datasets/USPTO/US07314693-20080101-C00736.png,COc1c(O)cc2c(c1OC)OCO2
/beegfs/home/m.romanov/thesis/benchmarking/datasets/USPTO/US07314693-20080101-C00737.png,COc1cccc(C(c2cc3c(cc2O)OCO3)N2CCCCC2)c1OC
/beegfs/home/m.romanov/thesis/benchmarking/datasets/USPTO/US07314693-20080101-C00738.png,COc1ccc(C(c2cc3c(cc2O)OCO3)N2CCCCC2)cc1OC
/beegfs/home/m.romanov/thesis/benchmarking/datasets/USPTO/US07314693-20080101-C00739.png,COc1ccc(C(c2cc3c(cc2O)OCO3)N2CCOCC2)c(OC)c1
/beegfs/home/m.romanov/thesis/benchmarking/datasets/USPTO/US07314693-20080101-C00740.png,CC1(C)Oc2ccc(O)cc2O1
/beegfs/home/m.romanov/thesis/benchmarking/datasets/USPTO/US07314693-20080101-C00741.png,Cc1cc(O)cc2c1OC(C)O2
/beegfs/home/m.romanov/thesis/benchmarking/datasets/USPTO/US07314693-20080101-C00742.png,Cc1cc(O)c(C)c2c1OCO2
/beegfs/home/m.romanov/thesis/benchmarking/datasets/USPTO/US07314693-20080101-C00743.png,Cc1c(O)cc2c(c1C)OCO2
/beegfs/home/m.romanov/thesis/benchmarking/datasets/USPTO/US07314693-20080101-C00748.png,C=CC(C)(C)c1cc2c(cc1O)OCO2
/beegfs/home/m.romanov/thesis/benchmarking/datasets/USPTO/US07314693-20080101-C00750.png,CCC1(C)Oc2ccc(O)cc2O1
/beegfs/home/m.romanov/thesis/benchmarking/datasets/USPTO/US07314693-20080101-C00752.png,COc1c(O)ccc2c1OCO2
/beegfs/home/m.romanov/thesis/benchmarking/datasets/USPTO/US07314693-20080101-C00753.png,COc1cc2c(cc1O)OCO2
/beegfs/home/m.romanov/thesis/benchmarking/datasets/USPTO/US07314693-20080101-C00754.png,COc1cc(O)cc2c1OCO2
/beegfs/home/m.romanov/thesis/benchmarking/datasets/USPTO/US07314693-20080101-C00758.png,CC(C)=CCc1cc2c(cc1O)OCO2
/beegfs/home/m.romanov/thesis/benchmarking/datasets/USPTO/US07314693-20080101-C00759.png,Cc1c(O)cc(C(C)C)c2c1OCO2
/beegfs/home/m.romanov/thesis/benchmarking/datasets/USPTO/US07314693-20080101-C00761.png,CC1(c2ccccc2)Oc2ccc(O)cc2O1
/beegfs/home/m.romanov/thesis/benchmarking/datasets/USPTO/US07314693-20080101-C00763.png,C=CCc1cc2c(cc1O)OCO2
/beegfs/home/m.romanov/thesis/benchmarking/datasets/USPTO/US07314693-20080101-C00764.png,CC=Cc1cc2c(cc1O)OCO2
/beegfs/home/m.romanov/thesis/benchmarking/datasets/USPTO/US07314693-20080101-C00767.png,Oc1cc2c(cc1Cc1ccc3c(c1)OCO3)OCO2
/beegfs/home/m.romanov/thesis/benchmarking/datasets/USPTO/US07314693-20080101-C00768.png,CC(C)(Br)C(Br)Cc1cc2c(cc1O)OCO2
/beegfs/home/m.romanov/thesis/benchmarking/datasets/USPTO/US07314693-20080101-C00771.png,COC1c2ccccc2OCC1c1cc2c(cc1O)OCO2
/beegfs/home/m.romanov/thesis/benchmarking/datasets/USPTO/US07314693-20080101-C00772.png,CCOC1(C)Oc2ccc(O)cc2O1
/beegfs/home/m.romanov/thesis/benchmarking/datasets/USPTO/US07314693-20080101-C00773.png,COc1cc(O)c(C)cc1CCCc1cc2c(cc1O)OCO2
/beegfs/home/m.romanov/thesis/benchmarking/datasets/USPTO/US07314693-20080101-C00778.png,C=CCc1c(O)ccc2c1OCO2
/beegfs/home/m.romanov/thesis/benchmarking/datasets/USPTO/US07314693-20080101-C00780.png,Oc1cc2c(cc1CCc1cc3c(cc1O)OCO3)OCO2
/beegfs/home/m.romanov/thesis/benchmarking/datasets/USPTO/US07314693-20080101-C00782.png,Oc1cc2c(cc1Cc1cc3c(cc1O)OCO3)OCO2
/beegfs/home/m.romanov/thesis/benchmarking/datasets/USPTO/US07314694-20080101-C00003.png,Oc1cc(O)c2c(c1)OC(c1ccc(O)c(O)c1)C(O)C2
/beegfs/home/m.romanov/thesis/benchmarking/datasets/USPTO/US07314698-20080101-C00019.png,CCOC(=O)C(=O)c1cc(C)c(O)c(C)c1
/beegfs/home/m.romanov/thesis/benchmarking/datasets/USPTO/US07314698-20080101-C00020.png,C=Cc1ccc(S(=O)(=O)Oc2c(C)cc(C(=O)C(=O)OCC)cc2C)cc1
/beegfs/home/m.romanov/thesis/benchmarking/datasets/USPTO/US07314698-20080101-C00070.png,C=C(COc1c(C)cc(C(=O)C(=O)OCC)cc1C)C(C)=O
/beegfs/home/m.romanov/thesis/benchmarking/datasets/USPTO/US07314698-20080101-C00073.png,C=Cc1ccc(COc2c(C)cc(C(=O)C(=O)OCC)cc2C)cc1
/beegfs/home/m.romanov/thesis/benchmarking/datasets/USPTO/US07314700-20080101-C00001.png,C.Cc1cc([S+](C)C)cc(C)c1O
/beegfs/home/m.romanov/thesis/benchmarking/datasets/USPTO/US07314704-20080101-C00001.png,CCCCN(CCCC)c1ccc2c(c1)Oc1cc(C)c(Nc3ccccc3)cc1C21OC(=O)c2ccccc21
/beegfs/home/m.romanov/thesis/benchmarking/datasets/USPTO/US07314705-20080101-C00002.png,c1ccc2cc3c(cc2c1)-c1nc-3nc2[nH]c(nc3nc(nc4[nH]c(n1)c1cc5ccccc5cc41)-c1cc4ccccc4cc1-3)c1cc3ccccc3cc21
/beegfs/home/m.romanov/thesis/benchmarking/datasets/USPTO/US07314705-20080101-C00008.png,CCN(CCC(C)C)c1ccc2c(c1)Oc1cc(C)c(Nc3ccccc3)cc1C21OC(=O)c2ccccc21
/beegfs/home/m.romanov/thesis/benchmarking/datasets/USPTO/US07314705-20080101-C00010.png,C.CCCN1/C(=C/C=C2\CCCC(/C=C\C3=[N+](CCC)c4ccccc4C3(C)C)=C2Cl)C(C)(C)c2ccccc21
/beegfs/home/m.romanov/thesis/benchmarking/datasets/USPTO/US07314706-20080101-C00116.png,C[N+]12CCCC(CC1)CC2
/beegfs/home/m.romanov/thesis/benchmarking/datasets/USPTO/US07314706-20080101-C00145.png,CC(Nc1cccc(OCNc2cccc(-n3c(S)nnc3S)c2)c1)C(=O)O
/beegfs/home/m.romanov/thesis/benchmarking/datasets/USPTO/US07314764-20080101-C00001.png,NCCCNC(=O)c1ccc(S)cc1
/beegfs/home/m.romanov/thesis/benchmarking/datasets/USPTO/US07314778-20080101-C00003.png,O=C1C=CC(=O)N1c1ccc(Cc2ccc(N3C(=O)C=CC3=O)cc2)cc1
/beegfs/home/m.romanov/thesis/benchmarking/datasets/USPTO/US07314778-20080101-C00006.png,CCc1cc(C)c(N2C(=O)C=CC2=O)c(CC)c1N1C(=O)C=CC1=O
/beegfs/home/m.romanov/thesis/benchmarking/datasets/USPTO/US07314778-20080101-C00008.png,CC1(C)CC(C(C)(C)N2C(=O)C=CC2=O)CCC1N1C(=O)C=CC1=O
/beegfs/home/m.romanov/thesis/benchmarking/datasets/USPTO/US07314778-20080101-C00010.png,C=C1C=CC(=O)N1Cc1ccc(CN2C(=O)C=CC2=O)cc1
/beegfs/home/m.romanov/thesis/benchmarking/datasets/USPTO/US07314778-20080101-C00013.png,CC1CC(C(=O)C2CCC(N3C(=O)C=CC3=O)C(C)C2)CCC1N1C(=O)C=CC1=O
/beegfs/home/m.romanov/thesis/benchmarking/datasets/USPTO/US07314778-20080101-C00015.png,C=C1C=CC(=O)N1C1CCC(N2C(=O)C=CC2=O)CC1
/beegfs/home/m.romanov/thesis/benchmarking/datasets/USPTO/US07314778-20080101-C00016.png,O=C1C=CC(=O)N1C1CCCC(N2C(=O)C=CC2=O)C1
/beegfs/home/m.romanov/thesis/benchmarking/datasets/USPTO/US07314778-20080101-C00017.png,O=C1C=CC(=O)N1C1CCC2CC(N3C(=O)C=CC3=O)CC2C1
/beegfs/home/m.romanov/thesis/benchmarking/datasets/USPTO/US07314778-20080101-C00019.png,CSc1cc(C)c(N)c(SC)c1N
/beegfs/home/m.romanov/thesis/benchmarking/datasets/USPTO/US07314778-20080101-C00022.png,CCC(C)Nc1ccc(Cc2ccc(NC(C)CC)cc2)cc1
/beegfs/home/m.romanov/thesis/benchmarking/datasets/USPTO/US07314778-20080101-C00023.png,CC1CC(CC2CCC(N)C(C)C2)CCC1N
/beegfs/home/m.romanov/thesis/benchmarking/datasets/USPTO/US07314778-20080101-C00024.png,CCC(C)NC1CCC(CC2CCC(NC(C)CC)CC2)CC1
/beegfs/home/m.romanov/thesis/benchmarking/datasets/USPTO/US07314778-20080101-C00025.png,CC(C)(N)C1CCC(N)C(C)(C)C1
/beegfs/home/m.romanov/thesis/benchmarking/datasets/USPTO/US07314778-20080101-C00028.png,Cc1cc(-c2cc(C)c(OCC3CO3)c(C)c2)cc(C)c1OCC1CO1
/beegfs/home/m.romanov/thesis/benchmarking/datasets/USPTO/US07314778-20080101-C00029.png,CC(C)(c1ccc(OCC2CO2)cc1)c1ccc(OCC2CO2)cc1
/beegfs/home/m.romanov/thesis/benchmarking/datasets/USPTO/US07314778-20080101-C00030.png,Oc1ccc(Cc2ccc(O)cc2)cc1
/beegfs/home/m.romanov/thesis/benchmarking/datasets/USPTO/US07314778-20080101-C00031.png,C=CCc1cc(C(C)(C)c2ccc(O)c(CC=C)c2)ccc1O
/beegfs/home/m.romanov/thesis/benchmarking/datasets/USPTO/US07314778-20080101-C00032.png,C/C=C/c1ccccc1Oc1ccc(C(=O)c2ccc(Oc3ccccc3/C=C/C)cc2)cc1
/beegfs/home/m.romanov/thesis/benchmarking/datasets/USPTO/US07314862-20080101-C00002.png,C/C=C1\NC(=O)[C@H]2CSSCC/C=C/[C@H](CC(=O)N[C@H](C(C)C)C(=O)N2)OC(=O)[C@H](C(C)C)NC1=O
/beegfs/home/m.romanov/thesis/benchmarking/datasets/USPTO/US07314871-20080101-C00053.png,CCCC(=O)NC(C)C(=O)O
/beegfs/home/m.romanov/thesis/benchmarking/datasets/USPTO/US07314871-20080101-C00054.png,CCCC(=O)NC(CC)C(=O)O
/beegfs/home/m.romanov/thesis/benchmarking/datasets/USPTO/US07314871-20080101-C00055.png,CCOc1ccccc1C#N
/beegfs/home/m.romanov/thesis/benchmarking/datasets/USPTO/US07314871-20080101-C00056.png,CCOc1ccccc1C(=N)N.Cl
/beegfs/home/m.romanov/thesis/benchmarking/datasets/USPTO/US07314871-20080101-C00057.png,CCCOc1ccccc1C#N
/beegfs/home/m.romanov/thesis/benchmarking/datasets/USPTO/US07314871-20080101-C00058.png,CCCOc1ccccc1C(=N)N
/beegfs/home/m.romanov/thesis/benchmarking/datasets/USPTO/US07314871-20080101-C00059.png,CCOc1cc(OC)ccc1C#N
/beegfs/home/m.romanov/thesis/benchmarking/datasets/USPTO/US07314871-20080101-C00060.png,CCOc1cc(OC)ccc1C(=N)N.Cl
/beegfs/home/m.romanov/thesis/benchmarking/datasets/USPTO/US07314871-20080101-C00062.png,CCCc1nc(C)c2c(=O)[nH]c(-c3ccccc3OCC)nn12
/beegfs/home/m.romanov/thesis/benchmarking/datasets/USPTO/US07314871-20080101-C00063.png,CCCOc1ccccc1-c1nn2c(CCC)nc(C)c2c(=O)[nH]1
/beegfs/home/m.romanov/thesis/benchmarking/datasets/USPTO/US07314871-20080101-C00064.png,CCCc1nc(C)c2c(=O)[nH]c(-c3ccc(OC)cc3OCC)nn12
/beegfs/home/m.romanov/thesis/benchmarking/datasets/USPTO/US07314871-20080101-C00065.png,CCCc1nc(CC)c2c(=O)[nH]c(-c3ccccc3OCC)nn12
/beegfs/home/m.romanov/thesis/benchmarking/datasets/USPTO/US07314871-20080101-C00067.png,CCCc1nc(C)c2c(=O)[nH]c(-c3cc(S(=O)(=O)Cl)ccc3OCC)nn12
/beegfs/home/m.romanov/thesis/benchmarking/datasets/USPTO/US07314871-20080101-C00068.png,CCCOc1ccc(S(=O)(=O)Cl)cc1-c1nn2c(CCC)nc(C)c2c(=O)[nH]1
/beegfs/home/m.romanov/thesis/benchmarking/datasets/USPTO/US07314871-20080101-C00069.png,CCCc1nc(C)c2c(=O)[nH]c(-c3cc(S(=O)(=O)Cl)c(OC)cc3OCC)nn12
/beegfs/home/m.romanov/thesis/benchmarking/datasets/USPTO/US07314871-20080101-C00070.png,CCCc1nc(CC)c2c(=O)[nH]c(-c3cc(S(=O)(=O)Cl)ccc3OCC)nn12
/beegfs/home/m.romanov/thesis/benchmarking/datasets/USPTO/US07314871-20080101-C00073.png,Cc1c(C(=O)Cl)no[n+]1[O-]
/beegfs/home/m.romanov/thesis/benchmarking/datasets/USPTO/US07314871-20080101-C00074.png,Cc1c(C(=O)N2CCN(C(=O)OC(C)(C)C)CC2)no[n+]1[O-]
/beegfs/home/m.romanov/thesis/benchmarking/datasets/USPTO/US07314871-20080101-C00075.png,Cc1c(C(=O)N2CC[NH2+]CC2)no[n+]1[O-].O=C([O-])C(F)(F)F
/beegfs/home/m.romanov/thesis/benchmarking/datasets/USPTO/US07314871-20080101-C00076.png,CCOc1ccc(S(=O)(=O)N2CCN(C)CC2)cc1-c1nn2c(C)nc(C)c2c(=O)[nH]1
/beegfs/home/m.romanov/thesis/benchmarking/datasets/USPTO/US07314871-20080101-C00077.png,CCOc1ccc(S(=O)(=O)N2CCN(CCO)CC2)cc1-c1nn2c(C)nc(C)c2c(=O)[nH]1
/beegfs/home/m.romanov/thesis/benchmarking/datasets/USPTO/US07314871-20080101-C00078.png,CCOc1ccc(S(=O)(=O)N2CCC(O)CC2)cc1-c1nn2c(C)nc(C)c2c(=O)[nH]1
/beegfs/home/m.romanov/thesis/benchmarking/datasets/USPTO/US07314871-20080101-C00079.png,CCOc1ccc(S(=O)(=O)N2CCC(CO)CC2)cc1-c1nn2c(C)nc(C)c2c(=O)[nH]1
/beegfs/home/m.romanov/thesis/benchmarking/datasets/USPTO/US07314871-20080101-C00080.png,CCOc1ccc(S(=O)(=O)N2CCC(O)C2)cc1-c1nn2c(C)nc(C)c2c(=O)[nH]1
/beegfs/home/m.romanov/thesis/benchmarking/datasets/USPTO/US07314871-20080101-C00081.png,CCOc1ccc(S(=O)(=O)N(CC)CCO)cc1-c1nn2c(C)nc(C)c2c(=O)[nH]1
/beegfs/home/m.romanov/thesis/benchmarking/datasets/USPTO/US07314871-20080101-C00082.png,CCOc1ccc(S(=O)(=O)N(CC)CC)cc1-c1nn2c(C)nc(C)c2c(=O)[nH]1
/beegfs/home/m.romanov/thesis/benchmarking/datasets/USPTO/US07314871-20080101-C00083.png,CCOc1ccc(S(=O)(=O)N2CCN(c3ncccn3)CC2)cc1-c1nn2c(C)nc(C)c2c(=O)[nH]1
/beegfs/home/m.romanov/thesis/benchmarking/datasets/USPTO/US07314871-20080101-C00084.png,CCOc1ccc(S(=O)(=O)N2CCOCC2)cc1-c1nn2c(C)nc(C)c2c(=O)[nH]1
/beegfs/home/m.romanov/thesis/benchmarking/datasets/USPTO/US07314871-20080101-C00085.png,CCOc1ccc(S(=O)(=O)N2CCC3(C2)OCCO3)cc1-c1nn2c(C)nc(C)c2c(=O)[nH]1
/beegfs/home/m.romanov/thesis/benchmarking/datasets/USPTO/US07314871-20080101-C00086.png,CCOc1ccc(S(=O)(=O)N(CCOC)CCOC)cc1-c1nn2c(C)nc(C)c2c(=O)[nH]1
/beegfs/home/m.romanov/thesis/benchmarking/datasets/USPTO/US07314871-20080101-C00087.png,CCOc1ccc(S(=O)(=O)Nc2ccon2)cc1-c1nn2c(C)nc(C)c2c(=O)[nH]1
/beegfs/home/m.romanov/thesis/benchmarking/datasets/USPTO/US07314871-20080101-C00088.png,CCOc1ccc(S(=O)(=O)N2CCOC(CNC(=O)OC(C)(C)C)C2)cc1-c1nn2c(C)nc(C)c2c(=O)[nH]1
/beegfs/home/m.romanov/thesis/benchmarking/datasets/USPTO/US07314871-20080101-C00089.png,CCOc1ccc(S(=O)(=O)N2CCN(c3ccccc3)CC2)cc1-c1nn2c(C)nc(C)c2c(=O)[nH]1
/beegfs/home/m.romanov/thesis/benchmarking/datasets/USPTO/US07314871-20080101-C00090.png,CCOc1ccc(S(=O)(=O)N2CCC(O)(COC)C2)cc1-c1nn2c(C)nc(C)c2c(=O)[nH]1
/beegfs/home/m.romanov/thesis/benchmarking/datasets/USPTO/US07314871-20080101-C00096.png,CCCc1nc(C)c2c(=O)[nH]c(-c3cc(S(=O)(=O)NN4CCN(C)CC4)ccc3OCC)nn12
/beegfs/home/m.romanov/thesis/benchmarking/datasets/USPTO/US07314871-20080101-C00097.png,CCCc1nc(C)c2c(=O)[nH]c(-c3cc(S(=O)(=O)NN4CCN(CCO)CC4)ccc3OCC)nn12
/beegfs/home/m.romanov/thesis/benchmarking/datasets/USPTO/US07314871-20080101-C00098.png,CCCc1nc(C)c2c(=O)[nH]c(-c3cc(S(=O)(=O)NCCN(CCO)CCO)ccc3OCC)nn12
/beegfs/home/m.romanov/thesis/benchmarking/datasets/USPTO/US07314871-20080101-C00099.png,CCCc1nc(C)c2c(=O)[nH]c(-c3cc(S(=O)(=O)N4CCN(CP(=O)(OC)OC)CC4)ccc3OCC)nn12
/beegfs/home/m.romanov/thesis/benchmarking/datasets/USPTO/US07314871-20080101-C00104.png,CCCc1nc(C)c2c(=O)[nH]c(-c3cc(S(=O)(=O)N4CCN(CCCO)CC4)ccc3OCC)nn12
/beegfs/home/m.romanov/thesis/benchmarking/datasets/USPTO/US07314871-20080101-C00105.png,C=CCN(CCO)S(=O)(=O)c1ccc(OCC)c(-c2nn3c(CCC)nc(C)c3c(=O)[nH]2)c1
/beegfs/home/m.romanov/thesis/benchmarking/datasets/USPTO/US07314871-20080101-C00109.png,CCCc1nc(C)c2c(=O)[nH]c(-c3cc(S(=O)(=O)NCCN(C)C)ccc3OCC)nn12
/beegfs/home/m.romanov/thesis/benchmarking/datasets/USPTO/US07314871-20080101-C00110.png,CCCc1nc(C)c2c(=O)[nH]c(-c3cc(S(=O)(=O)NCCCN4CCOCC4)ccc3OCC)nn12
/beegfs/home/m.romanov/thesis/benchmarking/datasets/USPTO/US07314871-20080101-C00111.png,CCCc1nc(C)c2c(=O)[nH]c(-c3cc(S(=O)(=O)NCCCN4CCN(C)CC4)ccc3OCC)nn12
/beegfs/home/m.romanov/thesis/benchmarking/datasets/USPTO/US07314871-20080101-C00112.png,CCCc1nc(C)c2c(=O)[nH]c(-c3cc(S(=O)(=O)N4CCN(CCOC)CC4)ccc3OCC)nn12
/beegfs/home/m.romanov/thesis/benchmarking/datasets/USPTO/US07314871-20080101-C00113.png,CCCc1nc(C)c2c(=O)[nH]c(-c3cc(S(=O)(=O)N4CCN(CCN(C)C)CC4)ccc3OCC)nn12
/beegfs/home/m.romanov/thesis/benchmarking/datasets/USPTO/US07314871-20080101-C00114.png,CCCc1nc(C)c2c(=O)[nH]c(-c3cc(S(=O)(=O)N4CCN(CCCN(C)C)CC4)ccc3OCC)nn12
/beegfs/home/m.romanov/thesis/benchmarking/datasets/USPTO/US07314871-20080101-C00115.png,CCCc1nc(C)c2c(=O)[nH]c(-c3cc(S(=O)(=O)N4CCC5(CC4)OCCO5)ccc3OCC)nn12
/beegfs/home/m.romanov/thesis/benchmarking/datasets/USPTO/US07314871-20080101-C00116.png,CCCc1nc(C)c2c(=O)[nH]c(-c3cc(S(=O)(=O)N4CCC(C(=O)c5no[n+]([O-])c5C)CC4)ccc3OCC)nn12
/beegfs/home/m.romanov/thesis/benchmarking/datasets/USPTO/US07314871-20080101-C00117.png,CCCc1nc(C)c2c(=O)[nH]c(-c3cc(S(=O)(=O)N4CCN(C(C)=O)CC4)ccc3OCC)nn12
/beegfs/home/m.romanov/thesis/benchmarking/datasets/USPTO/US07314871-20080101-C00118.png,CCCc1nc(C)c2c(=O)[nH]c(-c3cc(S(=O)(=O)N4CCN(C=O)CC4)ccc3OCC)nn12
/beegfs/home/m.romanov/thesis/benchmarking/datasets/USPTO/US07314871-20080101-C00119.png,CCCC[n+]1[cH-]/c(=N\S(=O)(=O)c2ccc(OCC)c(-c3nn4c(CCC)nc(C)c4c(=O)[nH]3)c2)on1
/beegfs/home/m.romanov/thesis/benchmarking/datasets/USPTO/US07314871-20080101-C00120.png,CCCOc1ccc(S(=O)(=O)N2CCN(C)CC2)cc1-c1nn2c(CCC)nc(C)c2c(=O)[nH]1
/beegfs/home/m.romanov/thesis/benchmarking/datasets/USPTO/US07314871-20080101-C00123.png,CCCOc1ccc(S(=O)(=O)N2CCC(CO)CC2)cc1-c1nn2c(CCC)nc(C)c2c(=O)[nH]1
/beegfs/home/m.romanov/thesis/benchmarking/datasets/USPTO/US07314871-20080101-C00124.png,CCCOc1ccc(S(=O)(=O)N2CCN(CCO)CC2)cc1-c1nn2c(CCC)nc(C)c2c(=O)[nH]1
/beegfs/home/m.romanov/thesis/benchmarking/datasets/USPTO/US07314871-20080101-C00125.png,CCCOc1ccc(S(=O)(=O)NC2CCS(=O)(=O)C2)cc1-c1nn2c(CCC)nc(C)c2c(=O)[nH]1
/beegfs/home/m.romanov/thesis/benchmarking/datasets/USPTO/US07314871-20080101-C00126.png,CCCOc1ccc(S(=O)(=O)N(C)CCN(C)C)cc1-c1nn2c(CCC)nc(C)c2c(=O)[nH]1
/beegfs/home/m.romanov/thesis/benchmarking/datasets/USPTO/US07314871-20080101-C00127.png,CCCOc1ccc(S(=O)(=O)NCCCN2CCOCC2)cc1-c1nn2c(CCC)nc(C)c2c(=O)[nH]1
/beegfs/home/m.romanov/thesis/benchmarking/datasets/USPTO/US07314871-20080101-C00128.png,CCCOc1ccc(S(=O)(=O)N(CCO)CCO)cc1-c1nn2c(CCC)nc(C)c2c(=O)[nH]1
/beegfs/home/m.romanov/thesis/benchmarking/datasets/USPTO/US07314871-20080101-C00129.png,CCCOc1ccc(S(=O)(=O)NCc2cccc(O)c2)cc1-c1nn2c(CCC)nc(C)c2c(=O)[nH]1
/beegfs/home/m.romanov/thesis/benchmarking/datasets/USPTO/US07314871-20080101-C00130.png,CCCCOc1ccc(S(=O)(=O)N(CC)CCO)cc1-c1nn2c(CCC)nc(C)c2c(=O)[nH]1
/beegfs/home/m.romanov/thesis/benchmarking/datasets/USPTO/US07314871-20080101-C00131.png,CCCOc1ccc(S(=O)(=O)NCCCOCC)cc1-c1nn2c(CCC)nc(C)c2c(=O)[nH]1
/beegfs/home/m.romanov/thesis/benchmarking/datasets/USPTO/US07314871-20080101-C00133.png,CCCOc1ccc(S(=O)(=O)Nc2ccncc2)cc1-c1nn2c(CCC)nc(C)c2c(=O)[nH]1
/beegfs/home/m.romanov/thesis/benchmarking/datasets/USPTO/US07314871-20080101-C00134.png,CCCOc1ccc(S(=O)(=O)N(CC)CC)cc1-c1nn2c(CCC)nc(C)c2c(=O)[nH]1
/beegfs/home/m.romanov/thesis/benchmarking/datasets/USPTO/US07314871-20080101-C00135.png,CCCOc1ccc(S(=O)(=O)N2CCC(C(=O)O)CC2)cc1-c1nn2c(CCC)nc(C)c2c(=O)[nH]1
/beegfs/home/m.romanov/thesis/benchmarking/datasets/USPTO/US07314871-20080101-C00136.png,CCCOc1ccc(S(=O)(=O)N2CCOCC2)cc1-c1nn2c(CCC)nc(C)c2c(=O)[nH]1
/beegfs/home/m.romanov/thesis/benchmarking/datasets/USPTO/US07314871-20080101-C00137.png,CCCOc1ccc(S(=O)(=O)N(C)CCO)cc1-c1nn2c(CCC)nc(C)c2c(=O)[nH]1
/beegfs/home/m.romanov/thesis/benchmarking/datasets/USPTO/US07314871-20080101-C00138.png,CCCOc1ccc(S(=O)(=O)N(CCC)CCO)cc1-c1nn2c(CCC)nc(C)c2c(=O)[nH]1
/beegfs/home/m.romanov/thesis/benchmarking/datasets/USPTO/US07314871-20080101-C00139.png,CCCOc1ccc(S(=O)(=O)N(C)CCc2ccc(OC)c(OC)c2)cc1-c1nn2c(CCC)nc(C)c2c(=O)[nH]1
/beegfs/home/m.romanov/thesis/benchmarking/datasets/USPTO/US07314871-20080101-C00140.png,C=CCN(CCO)S(=O)(=O)c1ccc(OCCC)c(-c2nn3c(CCC)nc(C)c3c(=O)[nH]2)c1
/beegfs/home/m.romanov/thesis/benchmarking/datasets/USPTO/US07314871-20080101-C00141.png,C=CCN(C1CCCC1)S(=O)(=O)c1ccc(OCCC)c(-c2nn3c(CCC)nc(C)c3c(=O)[nH]2)c1
/beegfs/home/m.romanov/thesis/benchmarking/datasets/USPTO/US07314871-20080101-C00142.png,C=CCN(CC)S(=O)(=O)c1ccc(OCCC)c(-c2nn3c(CCC)nc(C)c3c(=O)[nH]2)c1
/beegfs/home/m.romanov/thesis/benchmarking/datasets/USPTO/US07314871-20080101-C00143.png,CCCc1nc(C)c2c(=O)[nH]c(-c3cc(S(=O)(=O)N4CCN(C)CC4)c(OC)cc3OCC)nn12
/beegfs/home/m.romanov/thesis/benchmarking/datasets/USPTO/US07314871-20080101-C00144.png,CCCc1nc(C)c2c(=O)[nH]c(-c3cc(S(=O)(=O)N4CCN(CCO)CC4)c(OC)cc3OCC)nn12
/beegfs/home/m.romanov/thesis/benchmarking/datasets/USPTO/US07314871-20080101-C00145.png,CCCc1nc(C)c2c(=O)[nH]c(-c3cc(S(=O)(=O)N(CC)CCO)c(OC)cc3OCC)nn12
/beegfs/home/m.romanov/thesis/benchmarking/datasets/USPTO/US07314871-20080101-C00146.png,CCCc1nc(C)c2c(=O)[nH]c(-c3cc(S(=O)(=O)Nc4ccc(OCC)cc4)c(OC)cc3OCC)nn12
/beegfs/home/m.romanov/thesis/benchmarking/datasets/USPTO/US07314871-20080101-C00147.png,CCCc1nc(CC)c2c(=O)[nH]c(-c3cc(S(=O)(=O)N(CC)CCO)ccc3OCC)nn12
/beegfs/home/m.romanov/thesis/benchmarking/datasets/USPTO/US07314871-20080101-C00148.png,CCCc1nc(CC)c2c(=O)[nH]c(-c3cc(S(=O)(=O)NCCOC)ccc3OCC)nn12
/beegfs/home/m.romanov/thesis/benchmarking/datasets/USPTO/US07314871-20080101-C00149.png,CCCc1nc(CC)c2c(=O)[nH]c(-c3cc(S(=O)(=O)N(CCOC)CCOC)ccc3OCC)nn12
/beegfs/home/m.romanov/thesis/benchmarking/datasets/USPTO/US07314871-20080101-C00150.png,CCCc1nc(CC)c2c(=O)[nH]c(-c3cc(S(=O)(=O)N4CCC(O)CC4)ccc3OCC)nn12
/beegfs/home/m.romanov/thesis/benchmarking/datasets/USPTO/US07314871-20080101-C00151.png,CCCc1nc(CC)c2c(=O)[nH]c(-c3cc(S(=O)(=O)N4CCC(CO)CC4)ccc3OCC)nn12
/beegfs/home/m.romanov/thesis/benchmarking/datasets/USPTO/US07314871-20080101-C00152.png,CCCc1nc(CC)c2c(=O)[nH]c(-c3cc(S(=O)(=O)N4CCN(CCO)CC4)ccc3OCC)nn12
/beegfs/home/m.romanov/thesis/benchmarking/datasets/USPTO/US07314871-20080101-C00155.png,CCCc1nc(CC)c2c(=O)[nH]c(-c3cc(S(=O)(=O)NCCCN4CCOCC4)ccc3OCC)nn12
/beegfs/home/m.romanov/thesis/benchmarking/datasets/USPTO/US07314871-20080101-C00156.png,CCCc1nc(CC)c2c(=O)[nH]c(-c3cc(S(=O)(=O)N(CCC)CCO)ccc3OCC)nn12
/beegfs/home/m.romanov/thesis/benchmarking/datasets/USPTO/US07314871-20080101-C00157.png,CCCc1nc(C)c2c(=O)[nH]c(-c3cc(S(=O)(=O)NC(CO)Cc4ccccc4)ccc3OCC)nn12
/beegfs/home/m.romanov/thesis/benchmarking/datasets/USPTO/US07314871-20080101-C00161.png,CCCc1nc(C)c2c(=O)[nH]c(-c3cc(S(=O)(=O)NC(C)[C@H](O)c4ccccc4)ccc3OCC)nn12
/beegfs/home/m.romanov/thesis/benchmarking/datasets/USPTO/US07314871-20080101-C00162.png,CCCc1nc(C)c2c(=O)[nH]c(-c3cc(S(=O)(=O)NC(CC)CO)ccc3OCC)nn12
/beegfs/home/m.romanov/thesis/benchmarking/datasets/USPTO/US07314871-20080101-C00164.png,CCCc1nc(C)c2c(=O)[nH]c(-c3cc(S(=O)(=O)NC(C)(C)CO)ccc3OCC)nn12
/beegfs/home/m.romanov/thesis/benchmarking/datasets/USPTO/US07314871-20080101-C00165.png,CCCc1nc(C)c2c(=O)[nH]c(-c3cc(S(=O)(=O)NCCCCO)ccc3OCC)nn12
/beegfs/home/m.romanov/thesis/benchmarking/datasets/USPTO/US07314871-20080101-C00166.png,CCCc1nc(C)c2c(=O)[nH]c(-c3cc(S(=O)(=O)NC4COC(C)(C)OC4c4ccccc4)ccc3OCC)nn12
/beegfs/home/m.romanov/thesis/benchmarking/datasets/USPTO/US07314871-20080101-C00167.png,CCCc1nc(C)c2c(=O)[nH]c(-c3cc(S(=O)(=O)NC4CCOC4=O)ccc3OCC)nn12
/beegfs/home/m.romanov/thesis/benchmarking/datasets/USPTO/US07314871-20080101-C00168.png,CCCc1nc(C)c2c(=O)[nH]c(-c3cc(S(=O)(=O)NOC)ccc3OCC)nn12
/beegfs/home/m.romanov/thesis/benchmarking/datasets/USPTO/US07314871-20080101-C00169.png,CCCc1nc(C)c2c(=O)[nH]c(-c3cc(S(=O)(=O)NCC4CCCO4)ccc3OCC)nn12
/beegfs/home/m.romanov/thesis/benchmarking/datasets/USPTO/US07314871-20080101-C00170.png,CCCc1nc(C)c2c(=O)[nH]c(-c3cc(S(=O)(=O)NC(C)CCOCC)ccc3OCC)nn12
/beegfs/home/m.romanov/thesis/benchmarking/datasets/USPTO/US07314871-20080101-C00171.png,CCCc1nc(C)c2c(=O)[nH]c(-c3cc(S(=O)(=O)NC(CCCc4ccccc4)C(C)O)ccc3OCC)nn12
/beegfs/home/m.romanov/thesis/benchmarking/datasets/USPTO/US07314871-20080101-C00172.png,CCCc1nc(C)c2c(=O)[nH]c(-c3cc(S(=O)(=O)NCC(C)(COC)COC)ccc3OCC)nn12
/beegfs/home/m.romanov/thesis/benchmarking/datasets/USPTO/US07314871-20080101-C00173.png,CCCc1nc(C)c2c(=O)[nH]c(-c3cc(S(=O)(=O)NCC(C)(C)CO)ccc3OCC)nn12
/beegfs/home/m.romanov/thesis/benchmarking/datasets/USPTO/US07314871-20080101-C00174.png,CCCc1nc(C)c2c(=O)[nH]c(-c3cc(S(=O)(=O)NCCCOCC4COCO4)ccc3OCC)nn12
/beegfs/home/m.romanov/thesis/benchmarking/datasets/USPTO/US07314871-20080101-C00175.png,CCCc1nc(C)c2c(=O)[nH]c(-c3cc(S(=O)(=O)NCCCOCCc4ccccc4)ccc3OCC)nn12
/beegfs/home/m.romanov/thesis/benchmarking/datasets/USPTO/US07314871-20080101-C00176.png,CCCc1nc(C)c2c(=O)[nH]c(-c3cc(S(=O)(=O)NCCCOCc4ccco4)ccc3OCC)nn12
/beegfs/home/m.romanov/thesis/benchmarking/datasets/USPTO/US07314871-20080101-C00177.png,CCCc1nc(C)c2c(=O)[nH]c(-c3cc(S(=O)(=O)NCCCOCc4ccccc4)ccc3OCC)nn12
/beegfs/home/m.romanov/thesis/benchmarking/datasets/USPTO/US07314871-20080101-C00178.png,CCCc1nc(C)c2c(=O)[nH]c(-c3cc(S(=O)(=O)NCCCOC(=O)N(C)C)ccc3OCC)nn12
/beegfs/home/m.romanov/thesis/benchmarking/datasets/USPTO/US07314871-20080101-C00179.png,CCCc1nc(C)c2c(=O)[nH]c(-c3cc(S(=O)(=O)NCCN4CCCCC4)ccc3OCC)nn12
/beegfs/home/m.romanov/thesis/benchmarking/datasets/USPTO/US07314871-20080101-C00180.png,CCCc1nc(C)c2c(=O)[nH]c(-c3cc(S(=O)(=O)NC4CCN(Cc5ccccc5)CC4)ccc3OCC)nn12
/beegfs/home/m.romanov/thesis/benchmarking/datasets/USPTO/US07314871-20080101-C00181.png,CCCc1nc(C)c2c(=O)[nH]c(-c3cc(S(=O)(=O)NCCN(C)c4ccccc4)ccc3OCC)nn12
/beegfs/home/m.romanov/thesis/benchmarking/datasets/USPTO/US07314871-20080101-C00182.png,CCCc1nc(C)c2c(=O)[nH]c(-c3cc(S(=O)(=O)NCCCN(C)c4ccccc4)ccc3OCC)nn12
/beegfs/home/m.romanov/thesis/benchmarking/datasets/USPTO/US07314871-20080101-C00183.png,CCCc1nc(C)c2c(=O)[nH]c(-c3cc(S(=O)(=O)NCCC(CC)N4CCOCC4)ccc3OCC)nn12
/beegfs/home/m.romanov/thesis/benchmarking/datasets/USPTO/US07314871-20080101-C00184.png,CCCc1nc(C)c2c(=O)[nH]c(-c3cc(S(=O)(=O)NCCN4CCOCC4)ccc3OCC)nn12
/beegfs/home/m.romanov/thesis/benchmarking/datasets/USPTO/US07314871-20080101-C00185.png,CCCc1nc(C)c2c(=O)[nH]c(-c3cc(S(=O)(=O)N(CCO)CCCOC)ccc3OCC)nn12
/beegfs/home/m.romanov/thesis/benchmarking/datasets/USPTO/US07314871-20080101-C00186.png,CCCc1nc(C)c2c(=O)[nH]c(-c3cc(S(=O)(=O)N(CCC(C)O)c4ccccc4)ccc3OCC)nn12
/beegfs/home/m.romanov/thesis/benchmarking/datasets/USPTO/US07314871-20080101-C00187.png,CCCc1nc(C)c2c(=O)[nH]c(-c3cc(S(=O)(=O)N(CCCO)Cc4ccc(OC)cc4OC)ccc3OCC)nn12
/beegfs/home/m.romanov/thesis/benchmarking/datasets/USPTO/US07314871-20080101-C00188.png,CCCc1nc(C)c2c(=O)[nH]c(-c3cc(S(=O)(=O)N(CC)CC(CC)(CO)CO)ccc3OCC)nn12
/beegfs/home/m.romanov/thesis/benchmarking/datasets/USPTO/US07314871-20080101-C00189.png,CCCc1nc(C)c2c(=O)[nH]c(-c3cc(S(=O)(=O)N(CCO)CCCOCC)ccc3OCC)nn12
/beegfs/home/m.romanov/thesis/benchmarking/datasets/USPTO/US07314871-20080101-C00190.png,CCCc1nc(C)c2c(=O)[nH]c(-c3cc(S(=O)(=O)N(CCCO)Cc4ccccc4OC)ccc3OCC)nn12
/beegfs/home/m.romanov/thesis/benchmarking/datasets/USPTO/US07314871-20080101-C00191.png,CCCc1nc(C)c2c(=O)[nH]c(-c3cc(S(=O)(=O)N(CCCO)Cc4ccc(Cl)cc4Cl)ccc3OCC)nn12
/beegfs/home/m.romanov/thesis/benchmarking/datasets/USPTO/US07314871-20080101-C00192.png,CCCc1nc(C)c2c(=O)[nH]c(-c3cc(S(=O)(=O)N(CCCO)Cc4ccc(OC)cc4)ccc3OCC)nn12
/beegfs/home/m.romanov/thesis/benchmarking/datasets/USPTO/US07314871-20080101-C00193.png,CCCc1nc(C)c2c(=O)[nH]c(-c3cc(S(=O)(=O)N(C)CCCO)ccc3OCC)nn12
/beegfs/home/m.romanov/thesis/benchmarking/datasets/USPTO/US07314871-20080101-C00194.png,CCCc1nc(C)c2c(=O)[nH]c(-c3cc(S(=O)(=O)N(CCCOC)CCCOC)ccc3OCC)nn12
/beegfs/home/m.romanov/thesis/benchmarking/datasets/USPTO/US07314871-20080101-C00195.png,CCCc1nc(C)c2c(=O)[nH]c(-c3cc(S(=O)(=O)N(CCC)CC4CCOC4)ccc3OCC)nn12
/beegfs/home/m.romanov/thesis/benchmarking/datasets/USPTO/US07314871-20080101-C00196.png,CCCc1nc(C)c2c(=O)[nH]c(-c3cc(S(=O)(=O)N(CCCOCC)CC4CCCO4)ccc3OCC)nn12
/beegfs/home/m.romanov/thesis/benchmarking/datasets/USPTO/US07314871-20080101-C00197.png,CCCc1nc(C)c2c(=O)[nH]c(-c3cc(S(=O)(=O)N(CCCO)Cc4ccccc4)ccc3OCC)nn12
/beegfs/home/m.romanov/thesis/benchmarking/datasets/USPTO/US07314871-20080101-C00198.png,CCCc1nc(C)c2c(=O)[nH]c(-c3cc(S(=O)(=O)N(CC)CCN(CC)CC)ccc3OCC)nn12
/beegfs/home/m.romanov/thesis/benchmarking/datasets/USPTO/US07314871-20080101-C00199.png,CCCc1nc(C)c2c(=O)[nH]c(-c3cc(S(=O)(=O)N(Cc4ccc(Cl)cc4)C(C)(C)CO)ccc3OCC)nn12
/beegfs/home/m.romanov/thesis/benchmarking/datasets/USPTO/US07314871-20080101-C00200.png,CCCc1nc(C)c2c(=O)[nH]c(-c3cc(S(=O)(=O)N4CCN(Cc5ccccc5)CC4)ccc3OCC)nn12
/beegfs/home/m.romanov/thesis/benchmarking/datasets/USPTO/US07314871-20080101-C00201.png,CCCc1nc(C)c2c(=O)[nH]c(-c3cc(S(=O)(=O)N4CCC(N5CCCCC5)CC4)ccc3OCC)nn12
/beegfs/home/m.romanov/thesis/benchmarking/datasets/USPTO/US07314871-20080101-C00202.png,CCCc1nc(C)c2c(=O)[nH]c(-c3cc(S(=O)(=O)N(C)C4CCN(C)CC4)ccc3OCC)nn12
/beegfs/home/m.romanov/thesis/benchmarking/datasets/USPTO/US07314871-20080101-C00203.png,CCCc1nc(C)c2c(=O)[nH]c(-c3cc(S(=O)(=O)N(C)CCCN(C)C)ccc3OCC)nn12
/beegfs/home/m.romanov/thesis/benchmarking/datasets/USPTO/US07314871-20080101-C00204.png,CCCc1nc(C)c2c(=O)[nH]c(-c3cc(S(=O)(=O)N(C)CC(O)CN(C)c4ccccc4)ccc3OCC)nn12
/beegfs/home/m.romanov/thesis/benchmarking/datasets/USPTO/US07314871-20080101-C00205.png,CCCc1nc(C)c2c(=O)[nH]c(-c3cc(S(=O)(=O)N(C)CC(O)CN(CC)CC)ccc3OCC)nn12
/beegfs/home/m.romanov/thesis/benchmarking/datasets/USPTO/US07314871-20080101-C00207.png,CCCc1nc(C)c2c(=O)[nH]c(-c3cc(S(=O)(=O)N(CCC)CC(O)CN4CCOCC4)ccc3OCC)nn12
/beegfs/home/m.romanov/thesis/benchmarking/datasets/USPTO/US07314871-20080101-C00208.png,CCCc1nc(C)c2c(=O)[nH]c(-c3cc(S(=O)(=O)N4CCN(c5ccccc5)c5ccccc5C4)ccc3OCC)nn12
/beegfs/home/m.romanov/thesis/benchmarking/datasets/USPTO/US07314871-20080101-C00209.png,CCCc1nc(C)c2c(=O)[nH]c(-c3cc(S(=O)(=O)N4CCN(C(C)C)CC4)ccc3OCC)nn12
/beegfs/home/m.romanov/thesis/benchmarking/datasets/USPTO/US07314871-20080101-C00211.png,CCCc1nc(C)c2c(=O)[nH]c(-c3cc(S(=O)(=O)N(C)N(C)c4ccccc4)ccc3OCC)nn12
/beegfs/home/m.romanov/thesis/benchmarking/datasets/USPTO/US07314871-20080101-C00212.png,CCCc1nc(C)c2c(=O)[nH]c(-c3cc(S(=O)(=O)N(C)CCN(C)CCN(C)C)ccc3OCC)nn12
/beegfs/home/m.romanov/thesis/benchmarking/datasets/USPTO/US07314871-20080101-C00213.png,CCCc1nc(C)c2c(=O)[nH]c(-c3cc(S(=O)(=O)N(C)N4CCCCC4)ccc3OCC)nn12
/beegfs/home/m.romanov/thesis/benchmarking/datasets/USPTO/US07314871-20080101-C00214.png,CCCc1nc(C)c2c(=O)[nH]c(-c3cc(S(=O)(=O)N4CCCCC4CO)ccc3OCC)nn12
/beegfs/home/m.romanov/thesis/benchmarking/datasets/USPTO/US07314871-20080101-C00215.png,CCCc1nc(C)c2c(=O)[nH]c(-c3cc(S(=O)(=O)N4CCCC(O)C4)ccc3OCC)nn12
/beegfs/home/m.romanov/thesis/benchmarking/datasets/USPTO/US07314871-20080101-C00216.png,CCCc1nc(C)c2c(=O)[nH]c(-c3cc(S(=O)(=O)N4CCCCC4CCO)ccc3OCC)nn12
/beegfs/home/m.romanov/thesis/benchmarking/datasets/USPTO/US07314871-20080101-C00217.png,CCCc1nc(C)c2c(=O)[nH]c(-c3cc(S(=O)(=O)N4CCCC(CO)C4)ccc3OCC)nn12
/beegfs/home/m.romanov/thesis/benchmarking/datasets/USPTO/US07314871-20080101-C00218.png,CCCc1nc(C)c2c(=O)[nH]c(-c3cc(S(=O)(=O)N4CCC(O)C4)ccc3OCC)nn12
/beegfs/home/m.romanov/thesis/benchmarking/datasets/USPTO/US07314871-20080101-C00219.png,CCCc1nc(C)c2c(=O)[nH]c(-c3cc(S(=O)(=O)N(CCO)CCc4ccccc4)ccc3OCC)nn12
/beegfs/home/m.romanov/thesis/benchmarking/datasets/USPTO/US07314871-20080101-C00220.png,CCCc1nc(C)c2c(=O)[nH]c(-c3cc(S(=O)(=O)N(Cc4ccccc4)CC(C)O)ccc3OCC)nn12
/beegfs/home/m.romanov/thesis/benchmarking/datasets/USPTO/US07314871-20080101-C00221.png,CCCc1nc(C)c2c(=O)[nH]c(-c3cc(S(=O)(=O)N(CCO)c4ccccc4)ccc3OCC)nn12
/beegfs/home/m.romanov/thesis/benchmarking/datasets/USPTO/US07314871-20080101-C00222.png,CCCCN(CC(C)O)S(=O)(=O)c1ccc(OCC)c(-c2nn3c(CCC)nc(C)c3c(=O)[nH]2)c1
/beegfs/home/m.romanov/thesis/benchmarking/datasets/USPTO/US07314871-20080101-C00223.png,CCCc1nc(C)c2c(=O)[nH]c(-c3cc(S(=O)(=O)N4CCC(CO)(c5ccccc5)CC4)ccc3OCC)nn12
/beegfs/home/m.romanov/thesis/benchmarking/datasets/USPTO/US07314871-20080101-C00224.png,CCCc1nc(C)c2c(=O)[nH]c(-c3cc(S(=O)(=O)N(CCCOC)Cc4cc(OC)c(OC)c(OC)c4)ccc3OCC)nn12
/beegfs/home/m.romanov/thesis/benchmarking/datasets/USPTO/US07314871-20080101-C00225.png,CCCc1nc(C)c2c(=O)[nH]c(-c3cc(S(=O)(=O)N(C)CC(O)c4ccccc4)ccc3OCC)nn12
/beegfs/home/m.romanov/thesis/benchmarking/datasets/USPTO/US07314871-20080101-C00226.png,CCCc1nc(C)c2c(=O)[nH]c(-c3cc(S(=O)(=O)N(CCO)Cc4ccccc4)ccc3OCC)nn12
/beegfs/home/m.romanov/thesis/benchmarking/datasets/USPTO/US07314871-20080101-C00227.png,CCCc1nc(C)c2c(=O)[nH]c(-c3cc(S(=O)(=O)N4CCN(C(=O)COC(C)=O)CC4)ccc3OCC)nn12
/beegfs/home/m.romanov/thesis/benchmarking/datasets/USPTO/US07314871-20080101-C00229.png,CCCc1nc(C)c2c(=O)[nH]c(-c3cc(S(=O)(=O)N4CCC(c5ccccn5)C4)ccc3OCC)nn12
/beegfs/home/m.romanov/thesis/benchmarking/datasets/USPTO/US07314871-20080101-C00230.png,CCCc1nc(C)c2c(=O)[nH]c(-c3cc(S(=O)(=O)N4CCC(=NOC)CC4)ccc3OCC)nn12
/beegfs/home/m.romanov/thesis/benchmarking/datasets/USPTO/US07314871-20080101-C00231.png,CCCc1nc(C)c2c(=O)[nH]c(-c3cc(S(=O)(=O)N4CCC(=NO)CC4)ccc3OCC)nn12
/beegfs/home/m.romanov/thesis/benchmarking/datasets/USPTO/US07314871-20080101-C00232.png,CCCc1nc(C)c2c(=O)[nH]c(-c3cc(S(=O)(=O)N4CCN(c5ccccc5)CC4)ccc3OCC)nn12
/beegfs/home/m.romanov/thesis/benchmarking/datasets/USPTO/US07314871-20080101-C00233.png,CCCc1nc(C)c2c(=O)[nH]c(-c3cc(S(=O)(=O)N(CC)CCN(C)C)ccc3OCC)nn12
/beegfs/home/m.romanov/thesis/benchmarking/datasets/USPTO/US07314871-20080101-C00234.png,CCCc1nc(C)c2c(=O)[nH]c(-c3cc(S(=O)(=O)N4CCN(c5ccccn5)CC4)ccc3OCC)nn12
/beegfs/home/m.romanov/thesis/benchmarking/datasets/USPTO/US07314871-20080101-C00235.png,CCCc1nc(C)c2c(=O)[nH]c(-c3cc(S(=O)(=O)N(C)CCN(CC)CC)ccc3OCC)nn12
/beegfs/home/m.romanov/thesis/benchmarking/datasets/USPTO/US07314871-20080101-C00236.png,CCCc1nc(C)c2c(=O)[nH]c(-c3cc(S(=O)(=O)N(CCN(CC)CC)CCN(CC)CC)ccc3OCC)nn12
/beegfs/home/m.romanov/thesis/benchmarking/datasets/USPTO/US07314871-20080101-C00237.png,CCCc1nc(C)c2c(=O)[nH]c(-c3cc(S(=O)(=O)N4CCCN(C)CC4)ccc3OCC)nn12
/beegfs/home/m.romanov/thesis/benchmarking/datasets/USPTO/US07314871-20080101-C00238.png,CCCc1nc(C)c2c(=O)[nH]c(-c3cc(S(=O)(=O)N(CCN(CC)CC)c4ccccc4)ccc3OCC)nn12
/beegfs/home/m.romanov/thesis/benchmarking/datasets/USPTO/US07314871-20080101-C00239.png,CCCc1nc(C)c2c(=O)[nH]c(-c3cc(S(=O)(=O)NCCN4CCN=C4C)ccc3OCC)nn12
/beegfs/home/m.romanov/thesis/benchmarking/datasets/USPTO/US07314871-20080101-C00240.png,CCCc1nc(C)c2c(=O)[nH]c(-c3cc(S(=O)(=O)NCCCOC(C)C)ccc3OCC)nn12
/beegfs/home/m.romanov/thesis/benchmarking/datasets/USPTO/US07314871-20080101-C00241.png,CCCc1nc(C)c2c(=O)[nH]c(-c3cc(S(=O)(=O)NCCCCCO)ccc3OCC)nn12
/beegfs/home/m.romanov/thesis/benchmarking/datasets/USPTO/US07314871-20080101-C00242.png,CCCc1nc(C)c2c(=O)[nH]c(-c3cc(S(=O)(=O)N[C@@H](C)[C@H](O)c4ccccc4)ccc3OCC)nn12
/beegfs/home/m.romanov/thesis/benchmarking/datasets/USPTO/US07314871-20080101-C00243.png,CCCc1nc(C)c2c(=O)[nH]c(-c3cc(S(=O)(=O)NC4CCN(C=O)C4)ccc3OCC)nn12
/beegfs/home/m.romanov/thesis/benchmarking/datasets/USPTO/US07314871-20080101-C00244.png,CCCc1nc(C)c2c(=O)[nH]c(-c3cc(S(=O)(=O)Nc4ccc(CCO)cc4)ccc3OCC)nn12
/beegfs/home/m.romanov/thesis/benchmarking/datasets/USPTO/US07314871-20080101-C00245.png,CCCc1nc(C)c2c(=O)[nH]c(-c3cc(S(=O)(=O)Nc4ccc(CN(CC)CCO)cc4)ccc3OCC)nn12
/beegfs/home/m.romanov/thesis/benchmarking/datasets/USPTO/US07314871-20080101-C00246.png,CCCc1nc(C)c2c(=O)[nH]c(-c3cc(S(=O)(=O)Nc4ccc(CN(C)CCO)cc4)ccc3OCC)nn12
/beegfs/home/m.romanov/thesis/benchmarking/datasets/USPTO/US07314871-20080101-C00247.png,CCCc1nc(C)c2c(=O)[nH]c(-c3cc(S(=O)(=O)Nc4ccc(CN(CCC)CCO)cc4)ccc3OCC)nn12
/beegfs/home/m.romanov/thesis/benchmarking/datasets/USPTO/US07314871-20080101-C00248.png,CCCc1nc(C)c2c(=O)[nH]c(-c3cc(S(=O)(=O)Nc4ccc(CN5CCN(C(=O)OCC)CC5)cc4)ccc3OCC)nn12
/beegfs/home/m.romanov/thesis/benchmarking/datasets/USPTO/US07314871-20080101-C00249.png,CCCc1nc(C)c2c(=O)[nH]c(-c3cc(S(=O)(=O)Nc4cccc(CN(C)CCO)c4)ccc3OCC)nn12
/beegfs/home/m.romanov/thesis/benchmarking/datasets/USPTO/US07314871-20080101-C00250.png,CCCc1nc(C)c2c(=O)[nH]c(-c3cc(S(=O)(=O)Nc4cccc(CN(CC)CCO)c4)ccc3OCC)nn12
/beegfs/home/m.romanov/thesis/benchmarking/datasets/USPTO/US07314871-20080101-C00251.png,CCCc1nc(C)c2c(=O)[nH]c(-c3cc(S(=O)(=O)NCCC(C)OC)ccc3OCC)nn12
/beegfs/home/m.romanov/thesis/benchmarking/datasets/USPTO/US07314871-20080101-C00252.png,CCCc1nc(C)c2c(=O)[nH]c(-c3cc(S(=O)(=O)NCCC(C)OCC)ccc3OCC)nn12
/beegfs/home/m.romanov/thesis/benchmarking/datasets/USPTO/US07314871-20080101-C00253.png,CCCc1nc(C)c2c(=O)[nH]c(-c3cc(S(=O)(=O)NCCCOCC(C)C)ccc3OCC)nn12
/beegfs/home/m.romanov/thesis/benchmarking/datasets/USPTO/US07314871-20080101-C00254.png,CCCc1nc(C)c2c(=O)[nH]c(-c3cc(S(=O)(=O)NCCCn4nccc4C)ccc3OCC)nn12
/beegfs/home/m.romanov/thesis/benchmarking/datasets/USPTO/US07314871-20080101-C00255.png,CCCc1nc(C)c2c(=O)[nH]c(-c3cc(S(=O)(=O)NCCC(CC)N(C)C)ccc3OCC)nn12
/beegfs/home/m.romanov/thesis/benchmarking/datasets/USPTO/US07314871-20080101-C00256.png,CCCc1nc(C)c2c(=O)[nH]c(-c3cc(S(=O)(=O)NCCCN(C)Cc4ccccc4)ccc3OCC)nn12
/beegfs/home/m.romanov/thesis/benchmarking/datasets/USPTO/US07314871-20080101-C00257.png,CCCc1nc(C)c2c(=O)[nH]c(-c3cc(S(=O)(=O)NCCN(C)CCO)ccc3OCC)nn12
/beegfs/home/m.romanov/thesis/benchmarking/datasets/USPTO/US07314871-20080101-C00258.png,CCCc1nc(C)c2c(=O)[nH]c(-c3cc(S(=O)(=O)NCCCN4CCN(c5ccccc5)CC4)ccc3OCC)nn12
/beegfs/home/m.romanov/thesis/benchmarking/datasets/USPTO/US07314871-20080101-C00259.png,CCCc1nc(C)c2c(=O)[nH]c(-c3cc(S(=O)(=O)NCC(C)(C)CN(C)C)ccc3OCC)nn12
/beegfs/home/m.romanov/thesis/benchmarking/datasets/USPTO/US07314871-20080101-C00260.png,CCCc1nc(C)c2c(=O)[nH]c(-c3cc(S(=O)(=O)Nc4cccc(CN5CCSCC5)c4)ccc3OCC)nn12
/beegfs/home/m.romanov/thesis/benchmarking/datasets/USPTO/US07314871-20080101-C00261.png,CCCc1nc(C)c2c(=O)[nH]c(-c3cc(S(=O)(=O)Nc4cccc(CN5CCOCC5)c4)ccc3OCC)nn12
/beegfs/home/m.romanov/thesis/benchmarking/datasets/USPTO/US07314871-20080101-C00262.png,CCCc1nc(C)c2c(=O)[nH]c(-c3cc(S(=O)(=O)Nc4cccc(CN5CCN(C)CC5)c4)ccc3OCC)nn12
/beegfs/home/m.romanov/thesis/benchmarking/datasets/USPTO/US07314871-20080101-C00263.png,CCCc1nc(C)c2c(=O)[nH]c(-c3cc(S(=O)(=O)Nc4ccc(Cn5cncn5)cc4)ccc3OCC)nn12
/beegfs/home/m.romanov/thesis/benchmarking/datasets/USPTO/US07314871-20080101-C00264.png,CCCc1nc(C)c2c(=O)[nH]c(-c3cc(S(=O)(=O)Nc4cccc(Cn5cncn5)c4)ccc3OCC)nn12
/beegfs/home/m.romanov/thesis/benchmarking/datasets/USPTO/US07314871-20080101-C00265.png,CCCc1nc(C)c2c(=O)[nH]c(-c3cc(S(=O)(=O)Nc4cccc(CS(C)(=O)=O)c4)ccc3OCC)nn12
/beegfs/home/m.romanov/thesis/benchmarking/datasets/USPTO/US07314871-20080101-C00266.png,CCCc1nc(C)c2c(=O)[nH]c(-c3cc(S(=O)(=O)Nc4cc(CO)ccc4C)ccc3OCC)nn12
/beegfs/home/m.romanov/thesis/benchmarking/datasets/USPTO/US07314871-20080101-C00268.png,CCCc1nc(C)c2c(=O)[nH]c(-c3cc(S(=O)(=O)N(C)CCN(C)C)ccc3OCC)nn12
/beegfs/home/m.romanov/thesis/benchmarking/datasets/USPTO/US07314871-20080101-C00269.png,CCCc1nc(C)c2c(=O)[nH]c(-c3cc(S(=O)(=O)N(CCCO)Cc4ccc(OCC)cc4)ccc3OCC)nn12
/beegfs/home/m.romanov/thesis/benchmarking/datasets/USPTO/US07314871-20080101-C00270.png,CCCCN(CCCO)S(=O)(=O)c1ccc(OCC)c(-c2nn3c(CCC)nc(C)c3c(=O)[nH]2)c1
/beegfs/home/m.romanov/thesis/benchmarking/datasets/USPTO/US07314871-20080101-C00271.png,CCCc1nc(C)c2c(=O)[nH]c(-c3cc(S(=O)(=O)N(CCCN(C)C)C(C)C)ccc3OCC)nn12
/beegfs/home/m.romanov/thesis/benchmarking/datasets/USPTO/US07314871-20080101-C00272.png,CCCc1nc(C)c2c(=O)[nH]c(-c3cc(S(=O)(=O)N4CCC(N5CCCC5)CC4)ccc3OCC)nn12
/beegfs/home/m.romanov/thesis/benchmarking/datasets/USPTO/US07314871-20080101-C00273.png,CCCc1nc(C)c2c(=O)[nH]c(-c3cc(S(=O)(=O)N4CCN(c5ccc(OC)cc5)CC4)ccc3OCC)nn12
/beegfs/home/m.romanov/thesis/benchmarking/datasets/USPTO/US07314871-20080101-C00274.png,CCCc1nc(C)c2c(=O)[nH]c(-c3cc(S(=O)(=O)N(CCCCO)Cc4ccccc4)ccc3OCC)nn12
/beegfs/home/m.romanov/thesis/benchmarking/datasets/USPTO/US07314871-20080101-C00275.png,CCCCN(CCO)S(=O)(=O)c1ccc(OCC)c(-c2nn3c(CCC)nc(C)c3c(=O)[nH]2)c1
/beegfs/home/m.romanov/thesis/benchmarking/datasets/USPTO/US07314871-20080101-C00276.png,CCCc1nc(CC)c2c(=O)[nH]c(-c3cc(S(=O)(=O)NCCN4CCCCC4)ccc3OCC)nn12
/beegfs/home/m.romanov/thesis/benchmarking/datasets/USPTO/US07314871-20080101-C00277.png,CCCc1nc(CC)c2c(=O)[nH]c(-c3cc(S(=O)(=O)NCCN4CCCC4)ccc3OCC)nn12
/beegfs/home/m.romanov/thesis/benchmarking/datasets/USPTO/US07314871-20080101-C00278.png,CCCc1nc(CC)c2c(=O)[nH]c(-c3cc(S(=O)(=O)NCCCN4CCCC4)ccc3OCC)nn12
/beegfs/home/m.romanov/thesis/benchmarking/datasets/USPTO/US07314871-20080101-C00279.png,CCCc1nc(CC)c2c(=O)[nH]c(-c3cc(S(=O)(=O)NCCN(C)c4ccccc4)ccc3OCC)nn12
/beegfs/home/m.romanov/thesis/benchmarking/datasets/USPTO/US07314871-20080101-C00280.png,CCCc1nc(CC)c2c(=O)[nH]c(-c3cc(S(=O)(=O)NC(CN(C)C)CN(C)C)ccc3OCC)nn12
/beegfs/home/m.romanov/thesis/benchmarking/datasets/USPTO/US07314871-20080101-C00281.png,CCCc1nc(CC)c2c(=O)[nH]c(-c3cc(S(=O)(=O)NCCC(CC)N(C)C)ccc3OCC)nn12
/beegfs/home/m.romanov/thesis/benchmarking/datasets/USPTO/US07314871-20080101-C00282.png,CCCc1nc(CC)c2c(=O)[nH]c(-c3cc(S(=O)(=O)NCCCN(C)Cc4ccccc4)ccc3OCC)nn12
/beegfs/home/m.romanov/thesis/benchmarking/datasets/USPTO/US07314871-20080101-C00283.png,CCCc1nc(CC)c2c(=O)[nH]c(-c3cc(S(=O)(=O)NCCCN(C)c4ccccc4)ccc3OCC)nn12
/beegfs/home/m.romanov/thesis/benchmarking/datasets/USPTO/US07314871-20080101-C00284.png,CCCc1nc(CC)c2c(=O)[nH]c(-c3cc(S(=O)(=O)NCCN(C)CCO)ccc3OCC)nn12
/beegfs/home/m.romanov/thesis/benchmarking/datasets/USPTO/US07314871-20080101-C00285.png,CCCc1nc(CC)c2c(=O)[nH]c(-c3cc(S(=O)(=O)NCCC(CC)N4CCOCC4)ccc3OCC)nn12
/beegfs/home/m.romanov/thesis/benchmarking/datasets/USPTO/US07314871-20080101-C00286.png,CCCc1nc(CC)c2c(=O)[nH]c(-c3cc(S(=O)(=O)Nc4cccc(CN(C)CCO)c4)ccc3OCC)nn12
/beegfs/home/m.romanov/thesis/benchmarking/datasets/USPTO/US07314871-20080101-C00287.png,CCCc1nc(CC)c2c(=O)[nH]c(-c3cc(S(=O)(=O)Nc4cccc(CN(CC)CCO)c4)ccc3OCC)nn12
/beegfs/home/m.romanov/thesis/benchmarking/datasets/USPTO/US07314871-20080101-C00288.png,CCCc1nc(CC)c2c(=O)[nH]c(-c3cc(S(=O)(=O)Nc4cccc(CN5CCOCC5)c4)ccc3OCC)nn12
/beegfs/home/m.romanov/thesis/benchmarking/datasets/USPTO/US07314871-20080101-C00289.png,CCCc1nc(CC)c2c(=O)[nH]c(-c3cc(S(=O)(=O)NCCN4CCOCC4)ccc3OCC)nn12
/beegfs/home/m.romanov/thesis/benchmarking/datasets/USPTO/US07314871-20080101-C00290.png,CCCc1nc(CC)c2c(=O)[nH]c(-c3cc(S(=O)(=O)N(C)CCO)ccc3OCC)nn12
/beegfs/home/m.romanov/thesis/benchmarking/datasets/USPTO/US07314871-20080101-C00291.png,CCCc1nc(CC)c2c(=O)[nH]c(-c3cc(S(=O)(=O)N(CCO)CCN(CC)CC)ccc3OCC)nn12
/beegfs/home/m.romanov/thesis/benchmarking/datasets/USPTO/US07314871-20080101-C00292.png,CCCc1nc(CC)c2c(=O)[nH]c(-c3cc(S(=O)(=O)N(C)CCN(C)C)ccc3OCC)nn12
/beegfs/home/m.romanov/thesis/benchmarking/datasets/USPTO/US07314871-20080101-C00293.png,CCCc1nc(CC)c2c(=O)[nH]c(-c3cc(S(=O)(=O)N(CC)CCN(CC)CC)ccc3OCC)nn12
/beegfs/home/m.romanov/thesis/benchmarking/datasets/USPTO/US07314871-20080101-C00294.png,CCCc1nc(CC)c2c(=O)[nH]c(-c3cc(S(=O)(=O)N4CCN(Cc5ccccc5)CC4)ccc3OCC)nn12
/beegfs/home/m.romanov/thesis/benchmarking/datasets/USPTO/US07314871-20080101-C00295.png,CCCc1nc(CC)c2c(=O)[nH]c(-c3cc(S(=O)(=O)N4CCC(N5CCCCC5)CC4)ccc3OCC)nn12
/beegfs/home/m.romanov/thesis/benchmarking/datasets/USPTO/US07314871-20080101-C00296.png,CCCc1nc(CC)c2c(=O)[nH]c(-c3cc(S(=O)(=O)N(C)C4CCN(C)CC4)ccc3OCC)nn12
/beegfs/home/m.romanov/thesis/benchmarking/datasets/USPTO/US07314871-20080101-C00297.png,CCCc1nc(CC)c2c(=O)[nH]c(-c3cc(S(=O)(=O)N(C)CCCN(C)C)ccc3OCC)nn12
/beegfs/home/m.romanov/thesis/benchmarking/datasets/USPTO/US07314871-20080101-C00298.png,CCCc1nc(CC)c2c(=O)[nH]c(-c3cc(S(=O)(=O)N(CCCN4CCCC4)C(C)C)ccc3OCC)nn12
/beegfs/home/m.romanov/thesis/benchmarking/datasets/USPTO/US07314871-20080101-C00299.png,CCCc1nc(CC)c2c(=O)[nH]c(-c3cc(S(=O)(=O)N(CCCN(C)C)C(C)C)ccc3OCC)nn12
/beegfs/home/m.romanov/thesis/benchmarking/datasets/USPTO/US07314871-20080101-C00300.png,CCCc1nc(CC)c2c(=O)[nH]c(-c3cc(S(=O)(=O)N(CCCN(C)C)C4CCCCC4)ccc3OCC)nn12
/beegfs/home/m.romanov/thesis/benchmarking/datasets/USPTO/US07314871-20080101-C00301.png,CCCc1nc(CC)c2c(=O)[nH]c(-c3cc(S(=O)(=O)N(C)CC(O)CN(C)c4ccccc4)ccc3OCC)nn12
/beegfs/home/m.romanov/thesis/benchmarking/datasets/USPTO/US07314871-20080101-C00302.png,CCCc1nc(CC)c2c(=O)[nH]c(-c3cc(S(=O)(=O)N(C)CC(O)CN(CC)CC)ccc3OCC)nn12
/beegfs/home/m.romanov/thesis/benchmarking/datasets/USPTO/US07314871-20080101-C00303.png,CCCc1nc(CC)c2c(=O)[nH]c(-c3cc(S(=O)(=O)N(CCN(CC)CC)Cc4ccccc4)ccc3OCC)nn12
/beegfs/home/m.romanov/thesis/benchmarking/datasets/USPTO/US07314871-20080101-C00304.png,CCCc1nc(CC)c2c(=O)[nH]c(-c3cc(S(=O)(=O)N(CCC)CC(O)CN4CCOCC4)ccc3OCC)nn12
/beegfs/home/m.romanov/thesis/benchmarking/datasets/USPTO/US07314871-20080101-C00305.png,CCCc1nc(CC)c2c(=O)[nH]c(-c3cc(S(=O)(=O)N4CCN(C(C)C)CC4)ccc3OCC)nn12
/beegfs/home/m.romanov/thesis/benchmarking/datasets/USPTO/US07314871-20080101-C00306.png,CCCc1nc(CC)c2c(=O)[nH]c(-c3cc(S(=O)(=O)N4CCN(C5CCCC5)CC4)ccc3OCC)nn12
/beegfs/home/m.romanov/thesis/benchmarking/datasets/USPTO/US07314871-20080101-C00307.png,CCCc1nc(CC)c2c(=O)[nH]c(-c3cc(S(=O)(=O)N(C)N(C)c4ccccc4)ccc3OCC)nn12
/beegfs/home/m.romanov/thesis/benchmarking/datasets/USPTO/US07314871-20080101-C00308.png,CCCc1nc(CC)c2c(=O)[nH]c(-c3cc(S(=O)(=O)N(CCO)CCCN(C)C)ccc3OCC)nn12
/beegfs/home/m.romanov/thesis/benchmarking/datasets/USPTO/US07314871-20080101-C00309.png,CCCc1nc(CC)c2c(=O)[nH]c(-c3cc(S(=O)(=O)N(C)CC(O)CN(C)C)ccc3OCC)nn12
/beegfs/home/m.romanov/thesis/benchmarking/datasets/USPTO/US07314871-20080101-C00310.png,CCCc1nc(CC)c2c(=O)[nH]c(-c3cc(S(=O)(=O)N(C)N4CCCCC4)ccc3OCC)nn12
/beegfs/home/m.romanov/thesis/benchmarking/datasets/USPTO/US07314871-20080101-C00311.png,CCCc1nc(CC)c2c(=O)[nH]c(-c3cc(S(=O)(=O)N4CCC(N5CCCC5)CC4)ccc3OCC)nn12
/beegfs/home/m.romanov/thesis/benchmarking/datasets/USPTO/US07314871-20080101-C00312.png,CCCc1nc(CC)c2c(=O)[nH]c(-c3cc(S(=O)(=O)N4CCN(c5ccc(OC)cc5)CC4)ccc3OCC)nn12
/beegfs/home/m.romanov/thesis/benchmarking/datasets/USPTO/US07314871-20080101-C00313.png,CCCc1nc(CC)c2c(=O)[nH]c(-c3cc(S(=O)(=O)N(CC)CCN(C)C)ccc3OCC)nn12
/beegfs/home/m.romanov/thesis/benchmarking/datasets/USPTO/US07314871-20080101-C00314.png,CCCc1nc(CC)c2c(=O)[nH]c(-c3cc(S(=O)(=O)N4CCN(c5ccccn5)CC4)ccc3OCC)nn12
/beegfs/home/m.romanov/thesis/benchmarking/datasets/USPTO/US07314871-20080101-C00315.png,CCCc1nc(CC)c2c(=O)[nH]c(-c3cc(S(=O)(=O)N(C)CCN(CC)CC)ccc3OCC)nn12
/beegfs/home/m.romanov/thesis/benchmarking/datasets/USPTO/US07314871-20080101-C00316.png,CCCc1nc(CC)c2c(=O)[nH]c(-c3cc(S(=O)(=O)N4CCCN(C)CC4)ccc3OCC)nn12
/beegfs/home/m.romanov/thesis/benchmarking/datasets/USPTO/US07314871-20080101-C00317.png,CCCc1nc(CC)c2c(=O)[nH]c(-c3cc(S(=O)(=O)N(CCN(CC)CC)c4ccccc4)ccc3OCC)nn12
/beegfs/home/m.romanov/thesis/benchmarking/datasets/USPTO/US07314871-20080101-C00318.png,CCCc1nc(C)c2c(=O)[nH]c(-c3cc(S(=O)(=O)NCCCOCC)ccc3OCC)nn12
/beegfs/home/m.romanov/thesis/benchmarking/datasets/USPTO/US07314871-20080101-C00319.png,CCCc1nc(C)c2c(=O)[nH]c(-c3cc(S(=O)(=O)NCCCc4ccccc4)ccc3OCC)nn12
/beegfs/home/m.romanov/thesis/benchmarking/datasets/USPTO/US07314871-20080101-C00320.png,CCCc1nc(C)c2c(=O)[nH]c(-c3cc(S(=O)(=O)Nc4ccc(OCC)cc4)ccc3OCC)nn12
/beegfs/home/m.romanov/thesis/benchmarking/datasets/USPTO/US07314871-20080101-C00321.png,CCCc1nc(C)c2c(=O)[nH]c(-c3cc(S(=O)(=O)NCCc4c(Cl)cccc4Cl)ccc3OCC)nn12
/beegfs/home/m.romanov/thesis/benchmarking/datasets/USPTO/US07314871-20080101-C00322.png,CCCc1nc(C)c2c(=O)[nH]c(-c3cc(S(=O)(=O)NCCc4ccc(OC)c(OC)c4)ccc3OCC)nn12
/beegfs/home/m.romanov/thesis/benchmarking/datasets/USPTO/US07314871-20080101-C00323.png,CCCc1nc(C)c2c(=O)[nH]c(-c3cc(S(=O)(=O)Nc4ccc(OC)cc4)ccc3OCC)nn12
/beegfs/home/m.romanov/thesis/benchmarking/datasets/USPTO/US07314871-20080101-C00324.png,CCCc1nc(C)c2c(=O)[nH]c(-c3cc(S(=O)(=O)Nc4ccc(OC)c(OC5CCCC5)c4)ccc3OCC)nn12
/beegfs/home/m.romanov/thesis/benchmarking/datasets/USPTO/US07314871-20080101-C00325.png,CCCc1nc(C)c2c(=O)[nH]c(-c3cc(S(=O)(=O)Nc4ccc(OC)c(OC)c4OC)ccc3OCC)nn12
/beegfs/home/m.romanov/thesis/benchmarking/datasets/USPTO/US07314871-20080101-C00326.png,CCCc1nc(C)c2c(=O)[nH]c(-c3cc(S(=O)(=O)Nc4ccc(C(=O)OCC)cc4)ccc3OCC)nn12
/beegfs/home/m.romanov/thesis/benchmarking/datasets/USPTO/US07314871-20080101-C00327.png,CCCc1nc(C)c2c(=O)[nH]c(-c3cc(S(=O)(=O)Nc4ccc(OC)c(F)c4)ccc3OCC)nn12
/beegfs/home/m.romanov/thesis/benchmarking/datasets/USPTO/US07314871-20080101-C00328.png,CCCc1nc(C)c2c(=O)[nH]c(-c3cc(S(=O)(=O)Nc4cc(C)no4)ccc3OCC)nn12
/beegfs/home/m.romanov/thesis/benchmarking/datasets/USPTO/US07314871-20080101-C00329.png,CCCc1nc(C)c2c(=O)[nH]c(-c3cc(S(=O)(=O)NC4CCCC4)ccc3OCC)nn12
/beegfs/home/m.romanov/thesis/benchmarking/datasets/USPTO/US07314871-20080101-C00330.png,CCCc1nc(C)c2c(=O)[nH]c(-c3cc(S(=O)(=O)Nc4ccc(OC(F)(F)F)cc4)ccc3OCC)nn12
/beegfs/home/m.romanov/thesis/benchmarking/datasets/USPTO/US07314871-20080101-C00331.png,CCCc1nc(C)c2c(=O)[nH]c(-c3cc(S(=O)(=O)NCCc4ccc(S(N)(=O)=O)cc4)ccc3OCC)nn12
/beegfs/home/m.romanov/thesis/benchmarking/datasets/USPTO/US07314871-20080101-C00332.png,CCCc1nc(C)c2c(=O)[nH]c(-c3cc(S(=O)(=O)NCc4cccc(O)c4)ccc3OCC)nn12
/beegfs/home/m.romanov/thesis/benchmarking/datasets/USPTO/US07314871-20080101-C00333.png,CCCc1nc(C)c2c(=O)[nH]c(-c3cc(S(=O)(=O)N4CCCCC4)ccc3OCC)nn12
/beegfs/home/m.romanov/thesis/benchmarking/datasets/USPTO/US07314871-20080101-C00334.png,CCCc1nc(C)c2c(=O)[nH]c(-c3cc(S(=O)(=O)N4CCC(C)CC4)ccc3OCC)nn12
/beegfs/home/m.romanov/thesis/benchmarking/datasets/USPTO/US07314871-20080101-C00336.png,CCCc1nc(C)c2c(=O)[nH]c(-c3cc(S(=O)(=O)N(CC(C)C)CC(C)C)ccc3OCC)nn12
/beegfs/home/m.romanov/thesis/benchmarking/datasets/USPTO/US07314871-20080101-C00337.png,CCCc1nc(C)c2c(=O)[nH]c(-c3cc(S(=O)(=O)N4CCC(C(=O)OCC)C4)ccc3OCC)nn12
/beegfs/home/m.romanov/thesis/benchmarking/datasets/USPTO/US07314871-20080101-C00338.png,CCCc1nc(C)c2c(=O)[nH]c(-c3cc(S(=O)(=O)NCc4ccccc4OC)ccc3OCC)nn12
/beegfs/home/m.romanov/thesis/benchmarking/datasets/USPTO/US07314871-20080101-C00339.png,CCCc1nc(C)c2c(=O)[nH]c(-c3cc(S(=O)(=O)Nc4cccc5cccnc45)ccc3OCC)nn12
/beegfs/home/m.romanov/thesis/benchmarking/datasets/USPTO/US07314871-20080101-C00340.png,CCCc1nc(C)c2c(=O)[nH]c(-c3cc(S(=O)(=O)Nc4ccc(N5CCOCC5)cc4)ccc3OCC)nn12
/beegfs/home/m.romanov/thesis/benchmarking/datasets/USPTO/US07314871-20080101-C00341.png,CCCc1nc(C)c2c(=O)[nH]c(-c3cc(S(=O)(=O)N4CCN(c5ccccc5OC)CC4)ccc3OCC)nn12
/beegfs/home/m.romanov/thesis/benchmarking/datasets/USPTO/US07314871-20080101-C00342.png,CCCc1nc(C)c2c(=O)[nH]c(-c3cc(S(=O)(=O)N(CC(=O)OCC)Cc4ccccc4)ccc3OCC)nn12
/beegfs/home/m.romanov/thesis/benchmarking/datasets/USPTO/US07314871-20080101-C00343.png,CCCc1nc(C)c2c(=O)[nH]c(-c3cc(S(=O)(=O)N4CCSCC4)ccc3OCC)nn12
/beegfs/home/m.romanov/thesis/benchmarking/datasets/USPTO/US07314871-20080101-C00344.png,CCCc1nc(C)c2c(=O)[nH]c(-c3cc(S(=O)(=O)N(C)CCc4ccc(OC)c(OC)c4)ccc3OCC)nn12
/beegfs/home/m.romanov/thesis/benchmarking/datasets/USPTO/US07314871-20080101-C00345.png,CCCc1nc(C)c2c(=O)[nH]c(-c3cc(S(=O)(=O)N(Cc4ccccc4)Cc4ccccc4S(=O)(=O)O)ccc3OCC)nn12
/beegfs/home/m.romanov/thesis/benchmarking/datasets/USPTO/US07314871-20080101-C00346.png,CCCc1nc(C)c2c(=O)[nH]c(-c3cc(S(=O)(=O)NCC(O)c4cccc(OC)c4)ccc3OCC)nn12
/beegfs/home/m.romanov/thesis/benchmarking/datasets/USPTO/US07314871-20080101-C00347.png,CCCc1nc(C)c2c(=O)[nH]c(-c3cc(S(=O)(=O)NCCc4ccc5c(c4)OC(F)C(F)(F)O5)ccc3OCC)nn12
/beegfs/home/m.romanov/thesis/benchmarking/datasets/USPTO/US07314871-20080101-C00348.png,CCCc1nc(C)c2c(=O)[nH]c(-c3cc(S(=O)(=O)NCC(O)c4ccccc4)ccc3OCC)nn12
/beegfs/home/m.romanov/thesis/benchmarking/datasets/USPTO/US07314871-20080101-C00349.png,CCCc1nc(C)c2c(=O)[nH]c(-c3cc(S(=O)(=O)N(CCO)CC4COC5(CCCCC5)O4)ccc3OCC)nn12
/beegfs/home/m.romanov/thesis/benchmarking/datasets/USPTO/US07314871-20080101-C00353.png,CCCc1nc(C)c2c(=O)[nH]c(-c3cc(S(=O)(=O)N(CCOC)CCOC)ccc3OCC)nn12
/beegfs/home/m.romanov/thesis/benchmarking/datasets/USPTO/US07314871-20080101-C00354.png,CCCc1nc(C)c2c(=O)[nH]c(-c3cc(S(=O)(=O)N4CCN(C(=O)OCC)CC4)ccc3OCC)nn12
/beegfs/home/m.romanov/thesis/benchmarking/datasets/USPTO/US07314871-20080101-C00355.png,CCCc1nc(C)c2c(=O)[nH]c(-c3cc(S(=O)(=O)N4CCN(C(=O)OC(C)(C)C)CC4)ccc3OCC)nn12
/beegfs/home/m.romanov/thesis/benchmarking/datasets/USPTO/US07314871-20080101-C00356.png,CCCc1nc(C)c2c(=O)[nH]c(-c3cc(S(=O)(=O)N(CCCc4ccccc4)CCCN4CCOCC4)ccc3OCC)nn12
/beegfs/home/m.romanov/thesis/benchmarking/datasets/USPTO/US07314871-20080101-C00357.png,CCCc1nc(C)c2c(=O)[nH]c(-c3cc(S(=O)(=O)NN4CCOCC4)ccc3OCC)nn12
/beegfs/home/m.romanov/thesis/benchmarking/datasets/USPTO/US07314871-20080101-C00358.png,CCCc1nc(C)c2c(=O)[nH]c(-c3cc(S(=O)(=O)N4CCC(CO)CC4)ccc3OCC)nn12
/beegfs/home/m.romanov/thesis/benchmarking/datasets/USPTO/US07314871-20080101-C00359.png,CCCc1nc(C)c2c(=O)[nH]c(-c3cc(S(=O)(=O)N(CCCN4CCOCC4)CCc4ccccc4)ccc3OCC)nn12
/beegfs/home/m.romanov/thesis/benchmarking/datasets/USPTO/US07314871-20080101-C00360.png,CCCc1nc(C)c2c(=O)[nH]c(-c3cc(S(=O)(=O)N(CCCN4CCOCC4)Cc4ccccc4)ccc3OCC)nn12
/beegfs/home/m.romanov/thesis/benchmarking/datasets/USPTO/US07314871-20080101-C00361.png,CCCc1nc(C)c2c(=O)[nH]c(-c3cc(S(=O)(=O)N4CCC(C(O)c5ccc(F)cc5)CC4)ccc3OCC)nn12
/beegfs/home/m.romanov/thesis/benchmarking/datasets/USPTO/US07314871-20080101-C00362.png,CCCc1nc(C)c2c(=O)[nH]c(-c3cc(S(=O)(=O)NCCc4ccc(O)cc4)ccc3OCC)nn12
/beegfs/home/m.romanov/thesis/benchmarking/datasets/USPTO/US07314871-20080101-C00363.png,CCCc1nc(C)c2c(=O)[nH]c(-c3cc(S(=O)(=O)NCCc4ccc(OC)c(O)c4)ccc3OCC)nn12
/beegfs/home/m.romanov/thesis/benchmarking/datasets/USPTO/US07314871-20080101-C00364.png,CCCc1nc(C)c2c(=O)[nH]c(-c3cc(S(=O)(=O)NCCc4ccc(O)c(OC)c4)ccc3OCC)nn12
/beegfs/home/m.romanov/thesis/benchmarking/datasets/USPTO/US07314871-20080101-C00365.png,CCCc1nc(C)c2c(=O)[nH]c(-c3cc(S(=O)(=O)NCCc4cc(OC)c(O)c(OC)c4)ccc3OCC)nn12
/beegfs/home/m.romanov/thesis/benchmarking/datasets/USPTO/US07314871-20080101-C00366.png,CCCc1nc(C)c2c(=O)[nH]c(-c3cc(S(=O)(=O)Nc4ccc(OC)c(OCC(C)C)c4)ccc3OCC)nn12
/beegfs/home/m.romanov/thesis/benchmarking/datasets/USPTO/US07314871-20080101-C00367.png,CCCc1nc(C)c2c(=O)[nH]c(-c3cc(S(=O)(=O)Nc4ccc(OC)c(OCC(CC)CC)c4)ccc3OCC)nn12
/beegfs/home/m.romanov/thesis/benchmarking/datasets/USPTO/US07314871-20080101-C00368.png,CCCc1nc(C)c2c(=O)[nH]c(-c3cc(S(=O)(=O)Nc4ccc(OC)c(OCC5CCC5)c4)ccc3OCC)nn12
/beegfs/home/m.romanov/thesis/benchmarking/datasets/USPTO/US07314871-20080101-C00369.png,CCCc1nc(C)c2c(=O)[nH]c(-c3cc(S(=O)(=O)Nc4ccc(OC)c(OCC5CCCCC5)c4)ccc3OCC)nn12
/beegfs/home/m.romanov/thesis/benchmarking/datasets/USPTO/US07314871-20080101-C00370.png,CCCc1nc(C)c2c(=O)[nH]c(-c3cc(S(=O)(=O)Nc4ccc(OC)c(OC5CCCCCC5)c4)ccc3OCC)nn12
/beegfs/home/m.romanov/thesis/benchmarking/datasets/USPTO/US07314871-20080101-C00371.png,CCCc1nc(C)c2c(=O)[nH]c(-c3cc(S(=O)(=O)Nc4ccc(OC)c(OCCC(C)C)c4)ccc3OCC)nn12
/beegfs/home/m.romanov/thesis/benchmarking/datasets/USPTO/US07314871-20080101-C00372.png,CCCc1nc(C)c2c(=O)[nH]c(-c3cc(S(=O)(=O)Nc4ccc(OC)c(OCC5CCCCO5)c4)ccc3OCC)nn12
/beegfs/home/m.romanov/thesis/benchmarking/datasets/USPTO/US07314871-20080101-C00373.png,CCCc1nc(C)c2c(=O)[nH]c(-c3cc(S(=O)(=O)Nc4ccc(OC)c(OCCOC)c4)ccc3OCC)nn12
/beegfs/home/m.romanov/thesis/benchmarking/datasets/USPTO/US07314871-20080101-C00374.png,CCCc1nc(C)c2c(=O)[nH]c(-c3cc(S(=O)(=O)Nc4ccc(OC)c(OCC5CC5)c4)ccc3OCC)nn12
/beegfs/home/m.romanov/thesis/benchmarking/datasets/USPTO/US07314871-20080101-C00375.png,CCCc1nc(C)c2c(=O)[nH]c(-c3cc(S(=O)(=O)Nc4ccc(OC)c(OCC(=O)OC(C)(C)C)c4)ccc3OCC)nn12
/beegfs/home/m.romanov/thesis/benchmarking/datasets/USPTO/US07314871-20080101-C00376.png,CCCc1nc(C)c2c(=O)[nH]c(-c3cc(S(=O)(=O)Nc4ccc(OC)c(OCC(=O)OCc5ccccc5)c4)ccc3OCC)nn12
/beegfs/home/m.romanov/thesis/benchmarking/datasets/USPTO/US07314871-20080101-C00377.png,CCCc1nc(C)c2c(=O)[nH]c(-c3cc(S(=O)(=O)Nc4ccc(OC)c(OCCOC(C)=O)c4)ccc3OCC)nn12
/beegfs/home/m.romanov/thesis/benchmarking/datasets/USPTO/US07314871-20080101-C00378.png,CCCc1nc(C)c2c(=O)[nH]c(-c3cc(S(=O)(=O)Nc4ccc(OC)c(OC(C)C)c4)ccc3OCC)nn12
/beegfs/home/m.romanov/thesis/benchmarking/datasets/USPTO/US07314871-20080101-C00379.png,CCCCN(CC)C(=O)COc1cc(NS(=O)(=O)c2ccc(OCC)c(-c3nn4c(CCC)nc(C)c4c(=O)[nH]3)c2)ccc1OC
/beegfs/home/m.romanov/thesis/benchmarking/datasets/USPTO/US07314871-20080101-C00380.png,CCCc1nc(C)c2c(=O)[nH]c(-c3cc(S(=O)(=O)Nc4ccc(OC)c(OCC(=O)N(CC)CC)c4)ccc3OCC)nn12
/beegfs/home/m.romanov/thesis/benchmarking/datasets/USPTO/US07314871-20080101-C00381.png,CCCc1nc(C)c2c(=O)[nH]c(-c3cc(S(=O)(=O)Nc4ccc(OC)c(OCCCC(=O)OCC)c4)ccc3OCC)nn12
/beegfs/home/m.romanov/thesis/benchmarking/datasets/USPTO/US07314871-20080101-C00382.png,CCCCCOc1cc(NS(=O)(=O)c2ccc(OCC)c(-c3nn4c(CCC)nc(C)c4c(=O)[nH]3)c2)ccc1OC
/beegfs/home/m.romanov/thesis/benchmarking/datasets/USPTO/US07314871-20080101-C00383.png,CCCc1nc(C)c2c(=O)[nH]c(-c3cc(S(=O)(=O)Nc4ccc(OCC(C)c5ccccc5)c(OC)c4)ccc3OCC)nn12
/beegfs/home/m.romanov/thesis/benchmarking/datasets/USPTO/US07314871-20080101-C00384.png,CCCc1nc(C)c2c(=O)[nH]c(-c3cc(S(=O)(=O)Nc4ccc(OCC(C)C)c(OC)c4)ccc3OCC)nn12
/beegfs/home/m.romanov/thesis/benchmarking/datasets/USPTO/US07314871-20080101-C00385.png,CCCc1nc(C)c2c(=O)[nH]c(-c3cc(S(=O)(=O)Nc4ccc(OCC(CC)CC)c(OC)c4)ccc3OCC)nn12
/beegfs/home/m.romanov/thesis/benchmarking/datasets/USPTO/US07314871-20080101-C00386.png,CCCc1nc(C)c2c(=O)[nH]c(-c3cc(S(=O)(=O)Nc4ccc(OCC5CCC5)c(OC)c4)ccc3OCC)nn12
/beegfs/home/m.romanov/thesis/benchmarking/datasets/USPTO/US07314871-20080101-C00388.png,CCCc1nc(C)c2c(=O)[nH]c(-c3cc(S(=O)(=O)Nc4ccc(OCc5ccc(OC)cc5)c(OC)c4)ccc3OCC)nn12
/beegfs/home/m.romanov/thesis/benchmarking/datasets/USPTO/US07314871-20080101-C00389.png,CCCc1nc(C)c2c(=O)[nH]c(-c3cc(S(=O)(=O)Nc4ccc(OCC(N)=O)c(OC)c4)ccc3OCC)nn12
/beegfs/home/m.romanov/thesis/benchmarking/datasets/USPTO/US07314871-20080101-C00390.png,CCCc1nc(C)c2c(=O)[nH]c(-c3cc(S(=O)(=O)Nc4ccc(OCc5cccc(OC)c5)c(OC)c4)ccc3OCC)nn12
/beegfs/home/m.romanov/thesis/benchmarking/datasets/USPTO/US07314871-20080101-C00391.png,CCCc1nc(C)c2c(=O)[nH]c(-c3cc(S(=O)(=O)Nc4ccc(OCCC(C)C)c(OC)c4)ccc3OCC)nn12
/beegfs/home/m.romanov/thesis/benchmarking/datasets/USPTO/US07314871-20080101-C00392.png,CCCc1nc(C)c2c(=O)[nH]c(-c3cc(S(=O)(=O)Nc4ccc(OCC5CCCCO5)c(OC)c4)ccc3OCC)nn12
/beegfs/home/m.romanov/thesis/benchmarking/datasets/USPTO/US07314871-20080101-C00393.png,CCCc1nc(C)c2c(=O)[nH]c(-c3cc(S(=O)(=O)Nc4ccc(OCCOC)c(OC)c4)ccc3OCC)nn12
/beegfs/home/m.romanov/thesis/benchmarking/datasets/USPTO/US07314871-20080101-C00395.png,CCCc1nc(C)c2c(=O)[nH]c(-c3cc(S(=O)(=O)Nc4ccc(OCC5CC5)c(OC)c4)ccc3OCC)nn12
/beegfs/home/m.romanov/thesis/benchmarking/datasets/USPTO/US07314871-20080101-C00396.png,CCCc1nc(C)c2c(=O)[nH]c(-c3cc(S(=O)(=O)Nc4ccc(OC5CCOC5=O)c(OC)c4)ccc3OCC)nn12
/beegfs/home/m.romanov/thesis/benchmarking/datasets/USPTO/US07314871-20080101-C00397.png,CCCc1nc(C)c2c(=O)[nH]c(-c3cc(S(=O)(=O)Nc4ccc(OCC(=O)OC(C)(C)C)c(OC)c4)ccc3OCC)nn12
/beegfs/home/m.romanov/thesis/benchmarking/datasets/USPTO/US07314871-20080101-C00398.png,CCCc1nc(C)c2c(=O)[nH]c(-c3cc(S(=O)(=O)Nc4ccc(OCCOCc5ccccc5)c(OC)c4)ccc3OCC)nn12
/beegfs/home/m.romanov/thesis/benchmarking/datasets/USPTO/US07314871-20080101-C00399.png,CCCc1nc(C)c2c(=O)[nH]c(-c3cc(S(=O)(=O)Nc4ccc(OC(C)C)c(OC)c4)ccc3OCC)nn12
/beegfs/home/m.romanov/thesis/benchmarking/datasets/USPTO/US07314871-20080101-C00400.png,CCCCN(CC)C(=O)COc1ccc(NS(=O)(=O)c2ccc(OCC)c(-c3nn4c(CCC)nc(C)c4c(=O)[nH]3)c2)cc1OC
/beegfs/home/m.romanov/thesis/benchmarking/datasets/USPTO/US07314871-20080101-C00401.png,CCCc1nc(C)c2c(=O)[nH]c(-c3cc(S(=O)(=O)Nc4ccc(OCC(=O)N5CCCC5)c(OC)c4)ccc3OCC)nn12
/beegfs/home/m.romanov/thesis/benchmarking/datasets/USPTO/US07314871-20080101-C00402.png,CCCc1nc(C)c2c(=O)[nH]c(-c3cc(S(=O)(=O)Nc4ccc(OCC(=O)[C@]56C[C@H]7C[C@H](C[C@H](C7)C5)C6)c(OC)c4)ccc3OCC)nn12
/beegfs/home/m.romanov/thesis/benchmarking/datasets/USPTO/US07314871-20080101-C00403.png,CCCCCOc1ccc(NS(=O)(=O)c2ccc(OCC)c(-c3nn4c(CCC)nc(C)c4c(=O)[nH]3)c2)cc1OC
/beegfs/home/m.romanov/thesis/benchmarking/datasets/USPTO/US07314871-20080101-C00404.png,CCCOc1ccc(NS(=O)(=O)c2ccc(OCC)c(-c3nn4c(CCC)nc(C)c4c(=O)[nH]3)c2)cc1OC
/beegfs/home/m.romanov/thesis/benchmarking/datasets/USPTO/US07314871-20080101-C00405.png,CCCc1nc(C)c2c(=O)[nH]c(-c3cc(S(=O)(=O)N[C@@H](CO)Cc4ccccc4)ccc3OCC)nn12
/beegfs/home/m.romanov/thesis/benchmarking/datasets/USPTO/US07314871-20080101-C00409.png,CCCc1nc(C)c2c(=O)[nH]c(-c3cc(S(=O)(=O)N(CCN)CCO)ccc3OCC)nn12
/beegfs/home/m.romanov/thesis/benchmarking/datasets/USPTO/US07314871-20080101-C00410.png,CCCc1nc(C)c2c(=O)[nH]c(-c3cc(S(=O)(=O)NCCN(CC)CC)ccc3OCC)nn12
/beegfs/home/m.romanov/thesis/benchmarking/datasets/USPTO/US07314871-20080101-C00420.png,CCCc1nc(C)c2n1N=C(c1cc(S(=O)(=O)N3CCN(CC)CC3)ccc1OCC)NC2
/beegfs/home/m.romanov/thesis/benchmarking/datasets/USPTO/US07314872-20080101-C00022.png,O=C(NCCNc1ccc(F)cc1)O[C@@H](CC1CCCCC1)C(=O)N1CCOCC1
/beegfs/home/m.romanov/thesis/benchmarking/datasets/USPTO/US07314872-20080101-C00023.png,O=C(NCCNc1ccc(F)cc1)[C@@H](CC(=O)N1CCOCC1)CC1CCCCC1
/beegfs/home/m.romanov/thesis/benchmarking/datasets/USPTO/US07314872-20080101-C00024.png,CC1(C)CN([C@H]2COC[C@@H]2NC(=O)O[C@@H](CC2CCCCC2)C(=O)N2CCOCC2)c2ccc(F)cc21
/beegfs/home/m.romanov/thesis/benchmarking/datasets/USPTO/US07314872-20080101-C00025.png,C[C@@H](CN1CCc2cc(F)ccc21)NC(=O)[C@@H](CC(=O)N1CCOCC1)CC1CCCCC1
/beegfs/home/m.romanov/thesis/benchmarking/datasets/USPTO/US07314872-20080101-C00026.png,O=C(C[C@@H](CC1CCCCC1)C(=O)N1CCOCC1)NCCNc1ccc(F)cc1
/beegfs/home/m.romanov/thesis/benchmarking/datasets/USPTO/US07314872-20080101-C00027.png,O=C(N[C@@H](COCc1ccccc1)CN1CCc2cc(F)ccc21)O[C@@H](CC1CCCCC1)C(=O)N1CCOCC1
/beegfs/home/m.romanov/thesis/benchmarking/datasets/USPTO/US07314872-20080101-C00028.png,O=C(N[C@@H](CO)CN1CCc2cc(F)ccc21)O[C@@H](CC1CCCCC1)C(=O)N1CCOCC1
/beegfs/home/m.romanov/thesis/benchmarking/datasets/USPTO/US07314872-20080101-C00029.png,C[C@@H](CN1CCc2cc(F)ccc21)NC(=O)[C@H](CC1CCCCC1)OC(=O)N1CCOCC1
/beegfs/home/m.romanov/thesis/benchmarking/datasets/USPTO/US07314872-20080101-C00030.png,O=C(NCCNc1ccc(OC(F)(F)F)cc1)[C@@H](CC(=O)N1CCOCC1)CC1CCCCC1
/beegfs/home/m.romanov/thesis/benchmarking/datasets/USPTO/US07314872-20080101-C00031.png,C[C@@H](CNc1ccc(OC(F)(F)F)cc1)NC(=O)[C@@H](CC(=O)N1CCOCC1)CC1CCCCC1
/beegfs/home/m.romanov/thesis/benchmarking/datasets/USPTO/US07314872-20080101-C00032.png,C[C@@H](CNc1ccc(OC(F)(F)F)cc1)NC(=O)[C@@H](CC(=O)N1CCOCC1)CC1CCCC1
/beegfs/home/m.romanov/thesis/benchmarking/datasets/USPTO/US07314872-20080101-C00033.png,C[C@@H](CNc1ccc(OC(F)(F)F)cc1)NC(=O)[C@H](CC1CCCC1)[C@@H](C)C(=O)N1CCOCC1
/beegfs/home/m.romanov/thesis/benchmarking/datasets/USPTO/US07314872-20080101-C00034.png,C[C@@H](CNc1ccc(OC(F)(F)F)cc1)NC(=O)[C@H](CSCc1ccccc1)NC(=O)N1CCOCC1
/beegfs/home/m.romanov/thesis/benchmarking/datasets/USPTO/US07314872-20080101-C00035.png,C[C@@H](CNc1ccc(OC(F)(F)F)cc1)NC(=O)[C@H](CS(=O)(=O)Cc1ccccc1)NC(=O)N1CCOCC1
/beegfs/home/m.romanov/thesis/benchmarking/datasets/USPTO/US07314872-20080101-C00036.png,COc1ccc(NCCNC(=O)[C@@H](CC(=O)N2CCOCC2)CC2CCCCC2)cc1
/beegfs/home/m.romanov/thesis/benchmarking/datasets/USPTO/US07314872-20080101-C00037.png,CCC[C@@H](CNc1ccc(OC(F)(F)F)cc1)NC(=O)[C@@H](CC(=O)N1CCOCC1)CC1CCCCC1
/beegfs/home/m.romanov/thesis/benchmarking/datasets/USPTO/US07314872-20080101-C00038.png,C[C@@H](CNc1ccc(OC(F)(F)F)cc1)NC(=O)[C@H](CCC1CCCCC1)CC(=O)N1CCOCC1
/beegfs/home/m.romanov/thesis/benchmarking/datasets/USPTO/US07314872-20080101-C00039.png,CC[C@@H](CNc1ccc(OC(F)(F)F)cc1)NC(=O)[C@@H](CC(=O)N1CCOCC1)CC1CCCCC1
/beegfs/home/m.romanov/thesis/benchmarking/datasets/USPTO/US07314872-20080101-C00040.png,O=C(N[C@@H](CCc1ccccc1)CNc1ccc(OC(F)(F)F)cc1)[C@@H](CC(=O)N1CCOCC1)CC1CCCCC1
/beegfs/home/m.romanov/thesis/benchmarking/datasets/USPTO/US07314872-20080101-C00041.png,CC(C)[C@@H](CNc1ccc(OC(F)(F)F)cc1)NC(=O)[C@@H](CC(=O)N1CCOCC1)CC1CCCCC1
/beegfs/home/m.romanov/thesis/benchmarking/datasets/USPTO/US07314872-20080101-C00042.png,C[C@@H](CNc1ccc(OC(F)(F)F)cc1)NC(=O)[C@H](CCC(C)(C)C)CC(=O)N1CCOCC1
/beegfs/home/m.romanov/thesis/benchmarking/datasets/USPTO/US07314872-20080101-C00066.png,Cc1cc(NCCNC(=O)[C@H](CCC(C)(C)C)CC(=O)N2CCOCC2)no1
/beegfs/home/m.romanov/thesis/benchmarking/datasets/USPTO/US07314872-20080101-C00071.png,C[C@@H](CN1CC(C)(C)c2cc(F)ccc21)NC(=O)[C@@H](CC(=O)N1CCOCC1)CC1CCCCC1
/beegfs/home/m.romanov/thesis/benchmarking/datasets/USPTO/US07314872-20080101-C00081.png,COc1ccc(NC[C@@H](NC(=O)[C@@H](CC(=O)N2CCOCC2)c2ccc(F)cc2)C(C)C)cn1
/beegfs/home/m.romanov/thesis/benchmarking/datasets/USPTO/US07314872-20080101-C00083.png,C[C@@H](CN1CC(C)(C)c2cc(F)ccc21)NC(=O)[C@@H](CC(=O)N1CCOCC1)c1ccc(C(F)(F)F)cc1
/beegfs/home/m.romanov/thesis/benchmarking/datasets/USPTO/US07314872-20080101-C00085.png,CC(C)[C@@H](CN1CC(C)(C)c2cc(F)ccc21)NC(=O)[C@@H](CC(=O)N1CCOCC1)c1ccc(C(F)(F)F)cc1
/beegfs/home/m.romanov/thesis/benchmarking/datasets/USPTO/US07314872-20080101-C00086.png,CC1(C)CN(C[C@@H](NC(=O)[C@@H](CC(=O)N2CCOCC2)c2ccc(C(F)(F)F)cc2)C2CC2)c2ccc(F)cc21
/beegfs/home/m.romanov/thesis/benchmarking/datasets/USPTO/US07314872-20080101-C00087.png,O=C(N[C@H](CNc1ccc(OC(F)(F)F)cc1)C1CC1)[C@@H](CC(=O)N1CCOCC1)c1ccc(C(F)(F)F)cc1
/beegfs/home/m.romanov/thesis/benchmarking/datasets/USPTO/US07314872-20080101-C00089.png,COc1ccc(NC[C@H](C)NC(=O)[C@H](CC2CCCCC2)NC(=O)N2CCOCC2)cc1
/beegfs/home/m.romanov/thesis/benchmarking/datasets/USPTO/US07314872-20080101-C00090.png,COc1ccc(NC[C@H](C)NC(=O)[C@H](CC2CCCC2)NC(=O)N2CCOCC2)cc1
/beegfs/home/m.romanov/thesis/benchmarking/datasets/USPTO/US07314872-20080101-C00093.png,CC(C)[C@@H](CNc1cccnc1)NC(=O)[C@H](CC1CCCCC1)NC(=O)N1CCOCC1
/beegfs/home/m.romanov/thesis/benchmarking/datasets/USPTO/US07314872-20080101-C00097.png,C[C@@H](CN1CC(C)(C)c2cc(F)ccc21)NC(=O)[C@H](CC1CCCCC1)NC(=O)N1CCOCC1
/beegfs/home/m.romanov/thesis/benchmarking/datasets/USPTO/US07314872-20080101-C00098.png,CC1(C)CN(C[C@@H](NC(=O)[C@H](CC2CCCCC2)NC(=O)N2CCOCC2)C2CC2)c2ccc(F)cc21
/beegfs/home/m.romanov/thesis/benchmarking/datasets/USPTO/US07314872-20080101-C00099.png,O=C(N[C@H](CN1CC2(CC2)c2cc(F)ccc21)C1CC1)[C@H](CC1CCCCC1)NC(=O)N1CCOCC1
/beegfs/home/m.romanov/thesis/benchmarking/datasets/USPTO/US07314872-20080101-C00100.png,C[C@@H](CNc1ccc(OC(F)(F)F)cc1)NC(=O)O[C@@H](CC1CCCCC1)C(=O)N1CCOCC1
/beegfs/home/m.romanov/thesis/benchmarking/datasets/USPTO/US07314872-20080101-C00101.png,C[C@@H](CNc1ccc(OC(F)(F)F)cc1)NC(=O)O[C@@H](CC(C)(C)C)C(=O)N1CCOCC1
/beegfs/home/m.romanov/thesis/benchmarking/datasets/USPTO/US07314872-20080101-C00102.png,C[C@@H](CNc1ccc(OC(F)F)cc1)NC(=O)O[C@@H](CC(C)(C)C)C(=O)N1CCOCC1
/beegfs/home/m.romanov/thesis/benchmarking/datasets/USPTO/US07314872-20080101-C00106.png,CC(=O)NS(=O)(=O)c1ccc(NC[C@H](C)NC(=O)O[C@@H](CC2CCCCC2)C(=O)N2CCOCC2)cc1
/beegfs/home/m.romanov/thesis/benchmarking/datasets/USPTO/US07314872-20080101-C00107.png,C[C@@H](CN1c2ccc(F)cc2CC1(C)C)NC(=O)O[C@@H](CC1CCCCC1)C(=O)N1CCOCC1
/beegfs/home/m.romanov/thesis/benchmarking/datasets/USPTO/US07314872-20080101-C00108.png,Cc1cc(NC[C@H](C)NC(=O)O[C@@H](CC2CCCCC2)C(=O)N2CCOCC2)no1
/beegfs/home/m.romanov/thesis/benchmarking/datasets/USPTO/US07314872-20080101-C00109.png,CC[C@@H](CN1CC(C)(C)c2cc(F)ccc21)NC(=O)O[C@@H](CC1CCCCC1)C(=O)N1CCOCC1
/beegfs/home/m.romanov/thesis/benchmarking/datasets/USPTO/US07314872-20080101-C00110.png,C[C@@H]1CN(C(=O)[C@H](CC2CCCCC2)OC(=O)N[C@@H](C)CN2c3ccc(F)cc3CC2(C)C)C[C@H](C)O1
/beegfs/home/m.romanov/thesis/benchmarking/datasets/USPTO/US07314872-20080101-C00111.png,CC(=O)N1CCN(C(=O)[C@H](CC2CCCCC2)OC(=O)N[C@@H](C)CN2c3ccc(F)cc3CC2(C)C)CC1
/beegfs/home/m.romanov/thesis/benchmarking/datasets/USPTO/US07314872-20080101-C00112.png,C[C@@H](CN1c2ccc(F)cc2CC1(C)C)NC(=O)O[C@@H](CC1CCCCC1)C(=O)N1CCN(S(C)(=O)=O)CC1
/beegfs/home/m.romanov/thesis/benchmarking/datasets/USPTO/US07314872-20080101-C00113.png,C[C@@H](CN1c2ccc(F)cc2CC1(C)C)NC(=O)O[C@@H](CC1CCCCC1)C(=O)N1CCSCC1
/beegfs/home/m.romanov/thesis/benchmarking/datasets/USPTO/US07314872-20080101-C00114.png,C[C@@H]1CN(C(=O)[C@H](CC2CCCCC2)OC(=O)N[C@@H](C)CN2CC(C)(C)c3cc(F)ccc32)C[C@H](C)O1
/beegfs/home/m.romanov/thesis/benchmarking/datasets/USPTO/US07314872-20080101-C00115.png,CC(=O)N1CCN(C(=O)[C@H](CC2CCCCC2)OC(=O)N[C@@H](C)CN2CC(C)(C)c3cc(F)ccc32)CC1
/beegfs/home/m.romanov/thesis/benchmarking/datasets/USPTO/US07314872-20080101-C00116.png,C[C@@H](CN1CC(C)(C)c2cc(F)ccc21)NC(=O)O[C@@H](CC1CCCCC1)C(=O)N1CCN(S(C)(=O)=O)CC1
/beegfs/home/m.romanov/thesis/benchmarking/datasets/USPTO/US07314872-20080101-C00117.png,C[C@@H](CN1CC(C)(C)c2cc(F)ccc21)NC(=O)O[C@@H](CC1CCCCC1)C(=O)N1CCSCC1
/beegfs/home/m.romanov/thesis/benchmarking/datasets/USPTO/US07314872-20080101-C00118.png,C[C@@H](CN1CC2(CC2)c2cc(F)ccc21)NC(=O)O[C@@H](CC1CCCCC1)C(=O)N1CCOCC1
/beegfs/home/m.romanov/thesis/benchmarking/datasets/USPTO/US07314872-20080101-C00119.png,C[C@@H](CN1CC(C)(C)c2cc(F)ccc21)NC(=O)O[C@@H](CC1CCCCC1)C(=O)N1CCCCC1
/beegfs/home/m.romanov/thesis/benchmarking/datasets/USPTO/US07314872-20080101-C00120.png,C[C@@H](CN1CC(C)(C)c2cc(F)ccc21)NC(=O)O[C@@H](CC1CCCCC1)C(=O)N1CCCC1
/beegfs/home/m.romanov/thesis/benchmarking/datasets/USPTO/US07314872-20080101-C00121.png,C[C@@H](CN1CC(C)(C)c2cc(F)ccc21)NC(=O)O[C@@H](CC1CCCCC1)C(=O)N(C)C
/beegfs/home/m.romanov/thesis/benchmarking/datasets/USPTO/US07314872-20080101-C00122.png,C[C@@H](CN1CC(C)(C)c2cc(F)ccc21)NC(=O)O[C@@H](CC1CCCCC1)C(=O)N1CCS(=O)(=O)CC1
/beegfs/home/m.romanov/thesis/benchmarking/datasets/USPTO/US07314872-20080101-C00123.png,COCCN(C)C(=O)[C@H](CC1CCCCC1)OC(=O)N[C@@H](C)CN1CC(C)(C)c2cc(F)ccc21
/beegfs/home/m.romanov/thesis/benchmarking/datasets/USPTO/US07314872-20080101-C00124.png,C[C@@H](CN1CC(C)(C)c2cc(F)ccc21)NC(=O)O[C@@H](CC1CCCCC1)C(=O)N1CCC1
/beegfs/home/m.romanov/thesis/benchmarking/datasets/USPTO/US07314872-20080101-C00125.png,CC1(C)CN(C[C@@H](NC(=O)O[C@@H](CC2CCCCC2)C(=O)N2CCOCC2)C2CC2)c2ccc(F)cc21
/beegfs/home/m.romanov/thesis/benchmarking/datasets/USPTO/US07314872-20080101-C00126.png,CC(C)[C@@H](CN1CC(C)(C)c2cc(F)ccc21)NC(=O)OC(C(=O)N1CCOCC1)c1ccccc1
/beegfs/home/m.romanov/thesis/benchmarking/datasets/USPTO/US07314872-20080101-C00128.png,CC(C)[C@@H](CN1CC(C)(C)c2cc(F)ccc21)NC(=O)O[C@H](C(=O)N1CCOCC1)C1CCCCC1
/beegfs/home/m.romanov/thesis/benchmarking/datasets/USPTO/US07314874-20080101-C00292.png,NS(=O)(=O)c1ccccc1-c1ccc(C(=O)Nc2ccccc2C(=O)Nc2ccc(Br)cn2)cc1
/beegfs/home/m.romanov/thesis/benchmarking/datasets/USPTO/US07314874-20080101-C00293.png,NS(=O)(=O)c1ccccc1-c1ccc(C(=O)Nc2ccccc2C(=O)Nc2ccc(Cl)cn2)cc1
/beegfs/home/m.romanov/thesis/benchmarking/datasets/USPTO/US07314874-20080101-C00294.png,CS(=O)(=O)c1ccccc1-c1ccc(C(=O)Nc2ccccc2C(=O)Nc2ccc(Br)cn2)cc1
/beegfs/home/m.romanov/thesis/benchmarking/datasets/USPTO/US07314874-20080101-C00295.png,CS(=O)(=O)c1ccccc1-c1ccc(C(=O)Nc2ccccc2C(=O)Nc2ccc(Cl)cn2)cc1
/beegfs/home/m.romanov/thesis/benchmarking/datasets/USPTO/US07314874-20080101-C00296.png,COC(=O)c1cc(Br)ccc1NC(=O)c1ccccc1NC(=O)c1ccc(-c2ccccc2S(C)(=O)=O)cc1
/beegfs/home/m.romanov/thesis/benchmarking/datasets/USPTO/US07314874-20080101-C00297.png,COC(=O)c1cc(Cl)cnc1NC(=O)c1ccccc1NC(=O)c1ccc(-c2ccccc2S(C)(=O)=O)cc1
/beegfs/home/m.romanov/thesis/benchmarking/datasets/USPTO/US07314874-20080101-C00298.png,NS(=O)(=O)c1ccccc1-c1ccc(C(=O)Nc2ncccc2C(=O)Nc2ccc(Br)cn2)cc1
/beegfs/home/m.romanov/thesis/benchmarking/datasets/USPTO/US07314874-20080101-C00299.png,NS(=O)(=O)c1ccccc1-c1ccc(C(=O)Nc2ncccc2C(=O)Nc2ccc(Cl)cn2)cc1
/beegfs/home/m.romanov/thesis/benchmarking/datasets/USPTO/US07314874-20080101-C00300.png,NS(=O)(=O)c1ccccc1-c1ccc(C(=O)Nc2cccnc2C(=O)Nc2ccc(Br)cn2)cc1
/beegfs/home/m.romanov/thesis/benchmarking/datasets/USPTO/US07314874-20080101-C00301.png,NS(=O)(=O)c1ccccc1-c1ccc(C(=O)Nc2cccnc2C(=O)Nc2ccc(Cl)cn2)cc1
/beegfs/home/m.romanov/thesis/benchmarking/datasets/USPTO/US07314874-20080101-C00303.png,CS(=O)(=O)c1ccccc1-c1ccc(C(=O)Nc2ccccc2C(=O)Nc2ccc(Br)cc2[N+](=O)[O-])cc1
/beegfs/home/m.romanov/thesis/benchmarking/datasets/USPTO/US07314874-20080101-C00307.png,NS(=O)(=O)c1ccccc1-c1ccc(C(=O)Nc2cc([N+](=O)[O-])ccc2C(=O)Nc2ccc(Br)cn2)cc1
/beegfs/home/m.romanov/thesis/benchmarking/datasets/USPTO/US07314874-20080101-C00309.png,Nc1ccc(C(=O)Nc2ccc(Br)cn2)c(NC(=O)c2ccc(-c3ccccc3S(N)(=O)=O)cc2)c1
/beegfs/home/m.romanov/thesis/benchmarking/datasets/USPTO/US07314874-20080101-C00310.png,Nc1ccc(C(=O)Nc2ccc(Cl)cn2)c(NC(=O)c2ccc(-c3ccccc3S(N)(=O)=O)cc2)c1
/beegfs/home/m.romanov/thesis/benchmarking/datasets/USPTO/US07314874-20080101-C00311.png,CS(=O)(=O)Nc1ccc(C(=O)Nc2ccc(Br)cn2)c(NC(=O)c2ccc(-c3ccccc3S(N)(=O)=O)cc2)c1
/beegfs/home/m.romanov/thesis/benchmarking/datasets/USPTO/US07314874-20080101-C00312.png,CS(=O)(=O)Nc1ccc(C(=O)Nc2ccc(Cl)cn2)c(NC(=O)c2ccc(-c3ccccc3S(N)(=O)=O)cc2)c1
/beegfs/home/m.romanov/thesis/benchmarking/datasets/USPTO/US07314874-20080101-C00313.png,Nc1ccc(NC(=O)c2ccc(-c3ccccc3S(N)(=O)=O)cc2)c(C(=O)Nc2ccc(Br)cn2)c1
/beegfs/home/m.romanov/thesis/benchmarking/datasets/USPTO/US07314874-20080101-C00314.png,Nc1ccc(NC(=O)c2ccc(-c3ccccc3S(N)(=O)=O)cc2)c(C(=O)Nc2ccc(Cl)cn2)c1
/beegfs/home/m.romanov/thesis/benchmarking/datasets/USPTO/US07314874-20080101-C00315.png,N=C(N)c1ccc(C(=O)Nc2ccccc2C(=O)Nc2ccc(Br)cn2)cc1
/beegfs/home/m.romanov/thesis/benchmarking/datasets/USPTO/US07314874-20080101-C00324.png,O=C(Nc1ccccc1C(=O)Nc1ccc(Br)cn1)c1ccc(C2=NCCN2)cc1
/beegfs/home/m.romanov/thesis/benchmarking/datasets/USPTO/US07314874-20080101-C00327.png,O=C(Nc1ccccc1C(=O)Nc1ccc(Cl)cn1)c1ccc(C2=NCCN2)cc1
/beegfs/home/m.romanov/thesis/benchmarking/datasets/USPTO/US07314874-20080101-C00328.png,O=C(Nc1ccccc1C(=O)Nc1ccc(Br)cn1)c1ccc(-c2nnn[nH]2)cc1
/beegfs/home/m.romanov/thesis/benchmarking/datasets/USPTO/US07314874-20080101-C00332.png,NS(=O)(=O)c1ccccc1-c1ccc(C(=O)Nc2cc(F)c(F)cc2C(=O)Nc2ccc(Br)cn2)cc1
/beegfs/home/m.romanov/thesis/benchmarking/datasets/USPTO/US07314874-20080101-C00343.png,COc1cc(C(=O)Nc2ccc(Br)cn2)c(NC(=O)c2ccc(C3=NCCN3C)cc2)c(OC)c1OC
/beegfs/home/m.romanov/thesis/benchmarking/datasets/USPTO/US07314874-20080101-C00346.png,N=C(N)c1ccccc1-c1ccc(C(=O)Nc2ccccc2C(=O)Nc2ccc(Cl)cn2)cc1
/beegfs/home/m.romanov/thesis/benchmarking/datasets/USPTO/US07314874-20080101-C00347.png,CN(C)C(=N)c1ccccc1-c1ccc(C(=O)Nc2ccccc2C(=O)Nc2ccc(Cl)cn2)cc1
/beegfs/home/m.romanov/thesis/benchmarking/datasets/USPTO/US07314874-20080101-C00348.png,N=C(NO)c1ccccc1-c1ccc(C(=O)Nc2ccccc2C(=O)Nc2ccc(Cl)cn2)cc1
/beegfs/home/m.romanov/thesis/benchmarking/datasets/USPTO/US07314874-20080101-C00349.png,NC(=O)c1ccccc1-c1ccc(C(=O)Nc2ccccc2C(=O)Nc2ccc(Cl)cn2)cc1
/beegfs/home/m.romanov/thesis/benchmarking/datasets/USPTO/US07314874-20080101-C00350.png,NCc1ccccc1-c1ccc(C(=O)Nc2ccccc2C(=O)Nc2ccc(Cl)cn2)cc1
/beegfs/home/m.romanov/thesis/benchmarking/datasets/USPTO/US07314874-20080101-C00351.png,NCc1ccc(C(=O)Nc2ccccc2C(=O)Nc2ccc(Cl)cn2)cc1
/beegfs/home/m.romanov/thesis/benchmarking/datasets/USPTO/US07314874-20080101-C00352.png,O=C(Nc1ccccc1C(=O)Nc1ccc(Cl)cn1)c1ccc(CNC2=NCCN2)cc1
/beegfs/home/m.romanov/thesis/benchmarking/datasets/USPTO/US07314874-20080101-C00353.png,CN1CCN=C1NCc1ccc(C(=O)Nc2ccccc2C(=O)Nc2ccc(Cl)cn2)cc1
/beegfs/home/m.romanov/thesis/benchmarking/datasets/USPTO/US07314874-20080101-C00354.png,NS(=O)(=O)c1ccccc1-c1ccc(C(=O)Nc2ccc(F)cc2C(=O)Nc2ccc(Br)cn2)cc1
/beegfs/home/m.romanov/thesis/benchmarking/datasets/USPTO/US07314874-20080101-C00355.png,NS(=O)(=O)c1ccccc1-c1ccc(C(=O)Nc2ccc(F)cc2C(=O)Nc2ccc(Cl)cn2)cc1
/beegfs/home/m.romanov/thesis/benchmarking/datasets/USPTO/US07314874-20080101-C00356.png,CC(=O)Nc1ccc(NC(=O)c2ccc(-c3ccccc3S(N)(=O)=O)cc2)c(C(=O)Nc2ccc(Br)cn2)c1
/beegfs/home/m.romanov/thesis/benchmarking/datasets/USPTO/US07314874-20080101-C00357.png,CN1CCN(c2ccc(NC(=O)c3ccc(-c4ccccc4S(N)(=O)=O)cc3)c(C(=O)Nc3ccc(Br)cn3)c2)CC1
/beegfs/home/m.romanov/thesis/benchmarking/datasets/USPTO/US07314874-20080101-C00358.png,NS(=O)(=O)c1ccccc1-c1ccc(C(=O)Nc2ccc(-n3ccnc3)cc2C(=O)Nc2ccc(Cl)cn2)cc1
/beegfs/home/m.romanov/thesis/benchmarking/datasets/USPTO/US07314874-20080101-C00359.png,NS(=O)(=O)c1ccccc1-c1ccc(NC(=O)Nc2ccc(F)cc2C(=O)Nc2ccc(Br)cn2)cc1
/beegfs/home/m.romanov/thesis/benchmarking/datasets/USPTO/US07314874-20080101-C00378.png,COc1cc(NC(=O)c2ccc(C#N)cc2)c(C(=O)Nc2ccc(Br)cn2)cc1OC
/beegfs/home/m.romanov/thesis/benchmarking/datasets/USPTO/US07314874-20080101-C00380.png,COc1cc(NC(=O)c2ccc(C(=N)N)cc2)c(C(=O)Nc2ccc(Br)cn2)cc1OC
/beegfs/home/m.romanov/thesis/benchmarking/datasets/USPTO/US07314874-20080101-C00381.png,COc1ccc(NC(=O)c2ccc(C#N)cc2)c(C(=O)Nc2ccc(Cl)cn2)c1
/beegfs/home/m.romanov/thesis/benchmarking/datasets/USPTO/US07314874-20080101-C00382.png,COc1ccc(NC(=O)c2ccc(C3=NCCN3C)cc2)c(C(=O)Nc2ccc(Cl)cn2)c1
/beegfs/home/m.romanov/thesis/benchmarking/datasets/USPTO/US07314874-20080101-C00383.png,COc1ccc(NC(=O)c2ccc(C(=N)N)cc2)c(C(=O)Nc2ccc(Cl)cn2)c1
/beegfs/home/m.romanov/thesis/benchmarking/datasets/USPTO/US07314874-20080101-C00384.png,CNC(=N)c1ccc(C(=O)Nc2ccc(OC)cc2C(=O)Nc2ccc(Cl)cn2)cc1
/beegfs/home/m.romanov/thesis/benchmarking/datasets/USPTO/US07314874-20080101-C00385.png,COc1ccc(NC(=O)c2ccc(C(=N)N(C)C)cc2)c(C(=O)Nc2ccc(Cl)cn2)c1
/beegfs/home/m.romanov/thesis/benchmarking/datasets/USPTO/US07314874-20080101-C00386.png,COc1ccc(NC(=O)c2ccc(C(=N)N3CCCC3)cc2)c(C(=O)Nc2ccc(Cl)cn2)c1
/beegfs/home/m.romanov/thesis/benchmarking/datasets/USPTO/US07314874-20080101-C00387.png,COc1ccc(NC(=O)c2ccc(C(=N)N3CCCCC3)cc2)c(C(=O)Nc2ccc(Cl)cn2)c1
/beegfs/home/m.romanov/thesis/benchmarking/datasets/USPTO/US07314874-20080101-C00388.png,COc1ccc(NC(=O)c2ccc(C(=N)N3CCOCC3)cc2)c(C(=O)Nc2ccc(Cl)cn2)c1
/beegfs/home/m.romanov/thesis/benchmarking/datasets/USPTO/US07314874-20080101-C00389.png,COc1ccc(NC(=O)c2ccc(C(=N)N3CCSCC3)cc2)c(C(=O)Nc2ccc(Cl)cn2)c1
/beegfs/home/m.romanov/thesis/benchmarking/datasets/USPTO/US07314874-20080101-C00390.png,COc1ccc(NC(=O)c2ccc(/C(N)=N/O)cc2)c(C(=O)Nc2ccc(Cl)cn2)c1
/beegfs/home/m.romanov/thesis/benchmarking/datasets/USPTO/US07314874-20080101-C00391.png,COc1ccc(NC(=O)c2ccc(C#N)cc2)c(C(=O)Nc2ccc(Br)cn2)c1
/beegfs/home/m.romanov/thesis/benchmarking/datasets/USPTO/US07314874-20080101-C00392.png,COc1ccc(NC(=O)c2ccc(C3=NCCN3C)cc2)c(C(=O)Nc2ccc(Br)cn2)c1
/beegfs/home/m.romanov/thesis/benchmarking/datasets/USPTO/US07314874-20080101-C00393.png,COc1ccc(NC(=O)c2ccc(C(=N)N)cc2)c(C(=O)Nc2ccc(Br)cn2)c1
/beegfs/home/m.romanov/thesis/benchmarking/datasets/USPTO/US07314874-20080101-C00394.png,CNC(=N)c1ccc(C(=O)Nc2ccc(OC)cc2C(=O)Nc2ccc(Br)cn2)cc1
/beegfs/home/m.romanov/thesis/benchmarking/datasets/USPTO/US07314874-20080101-C00395.png,COc1ccc(NC(=O)c2ccc(C(=N)N(C)C)cc2)c(C(=O)Nc2ccc(Br)cn2)c1
/beegfs/home/m.romanov/thesis/benchmarking/datasets/USPTO/US07314874-20080101-C00396.png,COc1ccc(NC(=O)c2ccc(C(=N)N3CCCC3)cc2)c(C(=O)Nc2ccc(Br)cn2)c1
/beegfs/home/m.romanov/thesis/benchmarking/datasets/USPTO/US07314874-20080101-C00397.png,COc1ccc(NC(=O)c2ccc(C(=N)N3CCCCC3)cc2)c(C(=O)Nc2ccc(Br)cn2)c1
/beegfs/home/m.romanov/thesis/benchmarking/datasets/USPTO/US07314874-20080101-C00398.png,COc1ccc(NC(=O)c2ccc(C(=N)N3CCOCC3)cc2)c(C(=O)Nc2ccc(Br)cn2)c1
/beegfs/home/m.romanov/thesis/benchmarking/datasets/USPTO/US07314874-20080101-C00399.png,COc1ccc(NC(=O)c2ccc(C(=N)N3CCSCC3)cc2)c(C(=O)Nc2ccc(Br)cn2)c1
/beegfs/home/m.romanov/thesis/benchmarking/datasets/USPTO/US07314874-20080101-C00400.png,COc1ccc(NC(=O)c2ccc(/C(N)=N/O)cc2)c(C(=O)Nc2ccc(Br)cn2)c1
/beegfs/home/m.romanov/thesis/benchmarking/datasets/USPTO/US07314874-20080101-C00401.png,N#Cc1ccc(C(=O)Nc2ccc(O)cc2C(=O)Nc2ccc(Cl)cn2)cc1
/beegfs/home/m.romanov/thesis/benchmarking/datasets/USPTO/US07314874-20080101-C00402.png,CCOC(=O)COc1ccc(NC(=O)c2ccc(C#N)cc2)c(C(=O)Nc2ccc(Cl)cn2)c1
/beegfs/home/m.romanov/thesis/benchmarking/datasets/USPTO/US07314874-20080101-C00403.png,COC(=O)COc1ccc(NC(=O)c2ccc(C(=N)N(C)C)cc2)c(C(=O)Nc2ccc(Cl)cn2)c1
/beegfs/home/m.romanov/thesis/benchmarking/datasets/USPTO/US07314874-20080101-C00404.png,N/C(=N/O)c1ccc(C(=O)Nc2ccc(O)cc2C(=O)Nc2ccc(Cl)cn2)cc1
/beegfs/home/m.romanov/thesis/benchmarking/datasets/USPTO/US07314874-20080101-C00405.png,N=C(N)c1ccc(C(=O)Nc2ccc(O)cc2C(=O)Nc2ccc(Cl)cn2)cc1
/beegfs/home/m.romanov/thesis/benchmarking/datasets/USPTO/US07314874-20080101-C00406.png,CN(C)C(=N)c1ccc(C(=O)Nc2ccc(OCC(=O)O)cc2C(=O)Nc2ccc(Cl)cn2)cc1
/beegfs/home/m.romanov/thesis/benchmarking/datasets/USPTO/US07314874-20080101-C00407.png,COc1ccc(NC(=O)c2ccc(C3=NCCN3C)cc2F)c(C(=O)Nc2ccc(Cl)cn2)c1
/beegfs/home/m.romanov/thesis/benchmarking/datasets/USPTO/US07314874-20080101-C00408.png,COc1ccc(NC(=O)c2ccc(C(=N)N)cc2F)c(C(=O)Nc2ccc(Cl)cn2)c1
/beegfs/home/m.romanov/thesis/benchmarking/datasets/USPTO/US07314874-20080101-C00409.png,CNC(=N)c1ccc(C(=O)Nc2ccc(OC)cc2C(=O)Nc2ccc(Cl)cn2)c(F)c1
/beegfs/home/m.romanov/thesis/benchmarking/datasets/USPTO/US07314874-20080101-C00411.png,COc1ccc(NC(=O)c2ccc(C(=N)N3CCC3)cc2F)c(C(=O)Nc2ccc(Cl)cn2)c1
/beegfs/home/m.romanov/thesis/benchmarking/datasets/USPTO/US07314874-20080101-C00412.png,COc1ccc(NC(=O)c2ccc(C(=N)N3CCCC3)cc2F)c(C(=O)Nc2ccc(Cl)cn2)c1
/beegfs/home/m.romanov/thesis/benchmarking/datasets/USPTO/US07314874-20080101-C00413.png,COc1ccc(NC(=O)c2ccc(C(=N)N3CCCCC3)cc2F)c(C(=O)Nc2ccc(Cl)cn2)c1
/beegfs/home/m.romanov/thesis/benchmarking/datasets/USPTO/US07314874-20080101-C00415.png,COc1ccc(NC(=O)c2ccc(C(=N)N3CCSCC3)cc2F)c(C(=O)Nc2ccc(Cl)cn2)c1
/beegfs/home/m.romanov/thesis/benchmarking/datasets/USPTO/US07314874-20080101-C00416.png,COc1ccc(NC(=O)c2ccc(/C(N)=N/O)cc2F)c(C(=O)Nc2ccc(Cl)cn2)c1
/beegfs/home/m.romanov/thesis/benchmarking/datasets/USPTO/US07314874-20080101-C00417.png,CCOC(=O)COc1ccc(NC(=O)c2ccc(C3=NCCN3C)cc2)c(C(=O)Nc2ccc(Cl)cn2)c1
/beegfs/home/m.romanov/thesis/benchmarking/datasets/USPTO/US07314874-20080101-C00418.png,CN1CCN=C1c1ccc(C(=O)Nc2ccc(OCC(=O)O)cc2C(=O)Nc2ccc(Cl)cn2)cc1
/beegfs/home/m.romanov/thesis/benchmarking/datasets/USPTO/US07314874-20080101-C00419.png,CCOC(=O)COc1ccc(NC(=O)c2ccc(C(=N)N)cc2)c(C(=O)Nc2ccc(Cl)cn2)c1
/beegfs/home/m.romanov/thesis/benchmarking/datasets/USPTO/US07314874-20080101-C00420.png,N=C(N)c1ccc(C(=O)Nc2ccc(OCC(=O)O)cc2C(=O)Nc2ccc(Cl)cn2)cc1
/beegfs/home/m.romanov/thesis/benchmarking/datasets/USPTO/US07314874-20080101-C00421.png,CCOC(=O)COc1ccc(NC(=O)c2ccc(C(=N)N(C)C)cc2)c(C(=O)Nc2ccc(Cl)cn2)c1
/beegfs/home/m.romanov/thesis/benchmarking/datasets/USPTO/US07314874-20080101-C00422.png,CCOC(=O)COc1ccc(NC(=O)c2ccc(C(=N)N3CCC3)cc2)c(C(=O)Nc2ccc(Cl)cn2)c1
/beegfs/home/m.romanov/thesis/benchmarking/datasets/USPTO/US07314874-20080101-C00423.png,N=C(c1ccc(C(=O)Nc2ccc(OCC(=O)O)cc2C(=O)Nc2ccc(Cl)cn2)cc1)N1CCC1
/beegfs/home/m.romanov/thesis/benchmarking/datasets/USPTO/US07314874-20080101-C00424.png,CCOC(=O)COc1ccc(NC(=O)c2ccc(C(=N)N3CCCC3)cc2)c(C(=O)Nc2ccc(Cl)cn2)c1
/beegfs/home/m.romanov/thesis/benchmarking/datasets/USPTO/US07314874-20080101-C00425.png,N=C(c1ccc(C(=O)Nc2ccc(OCC(=O)O)cc2C(=O)Nc2ccc(Cl)cn2)cc1)N1CCCC1
/beegfs/home/m.romanov/thesis/benchmarking/datasets/USPTO/US07314874-20080101-C00426.png,CCOC(=O)COc1ccc(NC(=O)c2ccc(C(=N)N3CCCCC3)cc2)c(C(=O)Nc2ccc(Cl)cn2)c1
/beegfs/home/m.romanov/thesis/benchmarking/datasets/USPTO/US07314874-20080101-C00427.png,N=C(c1ccc(C(=O)Nc2ccc(OCC(=O)O)cc2C(=O)Nc2ccc(Cl)cn2)cc1)N1CCCCC1
/beegfs/home/m.romanov/thesis/benchmarking/datasets/USPTO/US07314874-20080101-C00428.png,CCOC(=O)COc1ccc(NC(=O)c2ccc(C3=NCCN3C)cc2F)c(C(=O)Nc2ccc(Cl)cn2)c1
/beegfs/home/m.romanov/thesis/benchmarking/datasets/USPTO/US07314874-20080101-C00429.png,CN1CCN=C1c1ccc(C(=O)Nc2ccc(OCC(=O)O)cc2C(=O)Nc2ccc(Cl)cn2)c(F)c1
/beegfs/home/m.romanov/thesis/benchmarking/datasets/USPTO/US07314874-20080101-C00430.png,CCOC(=O)COc1ccc(NC(=O)c2ccc(C(=N)N)cc2F)c(C(=O)Nc2ccc(Cl)cn2)c1
/beegfs/home/m.romanov/thesis/benchmarking/datasets/USPTO/US07314874-20080101-C00431.png,N=C(N)c1ccc(C(=O)Nc2ccc(OCC(=O)O)cc2C(=O)Nc2ccc(Cl)cn2)c(F)c1
/beegfs/home/m.romanov/thesis/benchmarking/datasets/USPTO/US07314874-20080101-C00432.png,CCOC(=O)COc1ccc(NC(=O)c2ccc(C(=N)N(C)C)cc2F)c(C(=O)Nc2ccc(Cl)cn2)c1
/beegfs/home/m.romanov/thesis/benchmarking/datasets/USPTO/US07314874-20080101-C00433.png,CN(C)C(=N)c1ccc(C(=O)Nc2ccc(OCC(=O)O)cc2C(=O)Nc2ccc(Cl)cn2)c(F)c1
/beegfs/home/m.romanov/thesis/benchmarking/datasets/USPTO/US07314874-20080101-C00434.png,CCOC(=O)COc1ccc(NC(=O)c2ccc(C(=N)N3CCC3)cc2F)c(C(=O)Nc2ccc(Cl)cn2)c1
/beegfs/home/m.romanov/thesis/benchmarking/datasets/USPTO/US07314874-20080101-C00435.png,N=C(c1ccc(C(=O)Nc2ccc(OCC(=O)O)cc2C(=O)Nc2ccc(Cl)cn2)c(F)c1)N1CCC1
/beegfs/home/m.romanov/thesis/benchmarking/datasets/USPTO/US07314874-20080101-C00436.png,CCOC(=O)COc1ccc(NC(=O)c2ccc(C(=N)N3CCCC3)cc2F)c(C(=O)Nc2ccc(Cl)cn2)c1
/beegfs/home/m.romanov/thesis/benchmarking/datasets/USPTO/US07314874-20080101-C00437.png,N=C(c1ccc(C(=O)Nc2ccc(OCC(=O)O)cc2C(=O)Nc2ccc(Cl)cn2)c(F)c1)N1CCCC1
/beegfs/home/m.romanov/thesis/benchmarking/datasets/USPTO/US07314874-20080101-C00438.png,CCOC(=O)COc1ccc(NC(=O)c2ccc(C(=N)N3CCCCC3)cc2F)c(C(=O)Nc2ccc(Cl)cn2)c1
/beegfs/home/m.romanov/thesis/benchmarking/datasets/USPTO/US07314874-20080101-C00439.png,N=C(c1ccc(C(=O)Nc2ccc(OCC(=O)O)cc2C(=O)Nc2ccc(Cl)cn2)c(F)c1)N1CCCCC1
/beegfs/home/m.romanov/thesis/benchmarking/datasets/USPTO/US07314874-20080101-C00440.png,Nc1ccc(Cl)cc1C(=O)Nc1ccc(Br)cn1
/beegfs/home/m.romanov/thesis/benchmarking/datasets/USPTO/US07314874-20080101-C00441.png,N#Cc1ccc(C(=O)Nc2ccc(Cl)cc2C(=O)Nc2ccc(Br)cn2)cc1
/beegfs/home/m.romanov/thesis/benchmarking/datasets/USPTO/US07314874-20080101-C00443.png,Nc1ccc(Cl)cc1C(=O)Nc1ccc(Cl)cn1
/beegfs/home/m.romanov/thesis/benchmarking/datasets/USPTO/US07314874-20080101-C00444.png,N#Cc1ccc(C(=O)Nc2ccc(Cl)cc2C(=O)Nc2ccc(Cl)cn2)c(F)c1
/beegfs/home/m.romanov/thesis/benchmarking/datasets/USPTO/US07314874-20080101-C00455.png,CN(C)C(=N)c1ccc(C(=O)Nc2cc([N+](=O)[O-])ccc2C(=O)Nc2ccc(Cl)cn2)cc1
/beegfs/home/m.romanov/thesis/benchmarking/datasets/USPTO/US07314874-20080101-C00462.png,NS(=O)(=O)c1ccccc1-c1ccc(C(=O)Nc2cc(F)c(F)cc2C(=O)Nc2ccc(Cl)cn2)cc1
/beegfs/home/m.romanov/thesis/benchmarking/datasets/USPTO/US07314874-20080101-C00465.png,N=C(c1ccc(C(=O)Nc2ccccc2C(=O)Nc2ccc(F)cc2)cc1)N1CCCC1
/beegfs/home/m.romanov/thesis/benchmarking/datasets/USPTO/US07314874-20080101-C00466.png,CN(C)C(=N)c1ccc(C(=O)Nc2ccccc2C(=O)Nc2ccc(F)cc2)cc1
/beegfs/home/m.romanov/thesis/benchmarking/datasets/USPTO/US07314874-20080101-C00467.png,N=C(c1ccc(C(=O)Nc2ccccc2C(=O)Nc2ccc(F)cc2)cc1)N1CCCCC1
/beegfs/home/m.romanov/thesis/benchmarking/datasets/USPTO/US07314874-20080101-C00473.png,CNC(=N)c1ccc(C(=O)Nc2c(O)cc(Cl)cc2C(=O)Nc2ccc(Cl)cn2)cc1
/beegfs/home/m.romanov/thesis/benchmarking/datasets/USPTO/US07314874-20080101-C00490.png,N=C(c1ccc(CNc2ccc(Cl)cc2C(=O)Nc2ccc(Cl)cn2)cc1)N1CCCC1
/beegfs/home/m.romanov/thesis/benchmarking/datasets/USPTO/US07314874-20080101-C00499.png,N=C(c1ccc(NCc2ccccc2C(=O)Nc2ccc(Cl)cn2)cc1)N1CCCC1
/beegfs/home/m.romanov/thesis/benchmarking/datasets/USPTO/US07314874-20080101-C00514.png,CN1CCN=C1c1ccc(C(=O)Nc2ccsc2C(=O)Nc2ccc(Cl)cn2)cc1
/beegfs/home/m.romanov/thesis/benchmarking/datasets/USPTO/US07314874-20080101-C00515.png,CN(C)C(=N)c1ccc(C(=O)Nc2ccsc2C(=O)Nc2ccc(Cl)cn2)cc1
/beegfs/home/m.romanov/thesis/benchmarking/datasets/USPTO/US07314874-20080101-C00516.png,N=C(N)c1ccc(C(=O)Nc2ccsc2C(=O)Nc2ccc(Cl)cn2)cc1
/beegfs/home/m.romanov/thesis/benchmarking/datasets/USPTO/US07314874-20080101-C00517.png,N=C(c1ccc(C(=O)Nc2ccsc2C(=O)Nc2ccc(Cl)cn2)cc1)N1CCCCC1
/beegfs/home/m.romanov/thesis/benchmarking/datasets/USPTO/US07314874-20080101-C00518.png,N=C(c1ccc(C(=O)Nc2ccsc2C(=O)Nc2ccc(Cl)cn2)cc1)N1CCCC1
/beegfs/home/m.romanov/thesis/benchmarking/datasets/USPTO/US07314874-20080101-C00519.png,N=C(c1ccc(C(=O)Nc2ccsc2C(=O)Nc2ccc(Cl)cn2)cc1)N1CCOCC1
/beegfs/home/m.romanov/thesis/benchmarking/datasets/USPTO/US07314874-20080101-C00520.png,N=C(c1ccc(C(=O)Nc2ccsc2C(=O)Nc2ccc(Cl)cn2)cc1)N1CCSCC1
/beegfs/home/m.romanov/thesis/benchmarking/datasets/USPTO/US07314874-20080101-C00521.png,N=C(c1ccc(C(=O)Nc2ccsc2C(=O)Nc2ccc(Cl)cn2)cc1)N1CCCCCC1
/beegfs/home/m.romanov/thesis/benchmarking/datasets/USPTO/US07314874-20080101-C00522.png,CC1CCCN1C(=N)c1ccc(C(=O)Nc2ccsc2C(=O)Nc2ccc(Cl)cn2)cc1
/beegfs/home/m.romanov/thesis/benchmarking/datasets/USPTO/US07314874-20080101-C00523.png,CNC(=N)c1ccc(C(=O)Nc2ccsc2C(=O)Nc2ccc(Cl)cn2)cc1
/beegfs/home/m.romanov/thesis/benchmarking/datasets/USPTO/US07314874-20080101-C00524.png,CN1CCCN=C1c1ccc(C(=O)Nc2ccsc2C(=O)Nc2ccc(Cl)cn2)cc1
/beegfs/home/m.romanov/thesis/benchmarking/datasets/USPTO/US07314874-20080101-C00525.png,N=C(NO)c1ccc(C(=O)Nc2ccsc2C(=O)Nc2ccc(Cl)cn2)cc1
/beegfs/home/m.romanov/thesis/benchmarking/datasets/USPTO/US07314874-20080101-C00526.png,CN1CCN=C1c1ccc(C(=O)Nc2ccsc2C(=O)Nc2ccc(Br)cn2)cc1
/beegfs/home/m.romanov/thesis/benchmarking/datasets/USPTO/US07314874-20080101-C00527.png,N=C(N)c1ccc(C(=O)Nc2ccsc2C(=O)Nc2ccc(Br)cn2)cc1
/beegfs/home/m.romanov/thesis/benchmarking/datasets/USPTO/US07314874-20080101-C00528.png,N=C(c1ccc(C(=O)Nc2ccsc2C(=O)Nc2ccc(Br)cn2)cc1)N1CCCC1
/beegfs/home/m.romanov/thesis/benchmarking/datasets/USPTO/US07314874-20080101-C00529.png,N=C(c1ccc(C(=O)Nc2ccsc2C(=O)Nc2ccc(Br)cn2)cc1)N1CCCCC1
/beegfs/home/m.romanov/thesis/benchmarking/datasets/USPTO/US07314874-20080101-C00530.png,N=C(c1ccc(C(=O)Nc2ccsc2C(=O)Nc2ccc(Br)cn2)cc1)N1CCOCC1
/beegfs/home/m.romanov/thesis/benchmarking/datasets/USPTO/US07314874-20080101-C00531.png,N=C(c1ccc(C(=O)Nc2ccsc2C(=O)Nc2ccc(Br)cn2)cc1)N1CCSCC1
/beegfs/home/m.romanov/thesis/benchmarking/datasets/USPTO/US07314874-20080101-C00532.png,N=C(c1ccc(C(=O)Nc2sccc2C(=O)Nc2ccc(Cl)cn2)cc1)N1CCCC1
/beegfs/home/m.romanov/thesis/benchmarking/datasets/USPTO/US07314874-20080101-C00533.png,CN1CCN=C1c1ccc(C(=O)Nc2sccc2C(=O)Nc2ccc(Cl)cn2)cc1
/beegfs/home/m.romanov/thesis/benchmarking/datasets/USPTO/US07314874-20080101-C00536.png,NS(=O)(=O)c1ccccc1-c1ccc(C(=O)Nc2ccsc2C(=O)Nc2ccc(Cl)cn2)cc1
/beegfs/home/m.romanov/thesis/benchmarking/datasets/USPTO/US07314874-20080101-C00537.png,NS(=O)(=O)c1ccccc1-c1ccc(C(=O)Nc2ccsc2C(=O)Nc2ccc(Br)cn2)cc1
/beegfs/home/m.romanov/thesis/benchmarking/datasets/USPTO/US07314874-20080101-C00541.png,CN(C)C(=N)c1ccc(C(=O)Nc2c(C(=O)Nc3ccc(Cl)cn3)cnn2C)cc1
/beegfs/home/m.romanov/thesis/benchmarking/datasets/USPTO/US07314874-20080101-C00545.png,CN(C)C(=N)c1ccc(C(=O)Nc2c(C(=O)Nc3ncc(Cl)cc3F)cnn2C)cc1
/beegfs/home/m.romanov/thesis/benchmarking/datasets/USPTO/US07314874-20080101-C00548.png,CN1CCN(C(=N)c2ccc(C(=O)Nc3c(C(=O)Nc4ccc(Cl)cc4)cnn3C)cc2)CC1
/beegfs/home/m.romanov/thesis/benchmarking/datasets/USPTO/US07314874-20080101-C00557.png,N=C(c1ccc(C(=O)Nc2ccc(F)cc2C(=O)Nc2ccc(Cl)cc2)c(F)c1)N1CCCCC1
/beegfs/home/m.romanov/thesis/benchmarking/datasets/USPTO/US07314874-20080101-C00559.png,N=C(N)c1cccc(Oc2ccc(F)cc2NC(=O)c2ccc(-c3ccccc3S(N)(=O)=O)cc2)c1
/beegfs/home/m.romanov/thesis/benchmarking/datasets/USPTO/US07314874-20080101-C00560.png,N=C(N)c1cccc(Oc2ccc(C(F)(F)F)cc2NC(=O)c2ccc(-c3ccccc3S(N)(=O)=O)cc2)c1
/beegfs/home/m.romanov/thesis/benchmarking/datasets/USPTO/US07314874-20080101-C00561.png,CS(=O)(=O)c1ccc(Oc2cccc(C(=N)N)c2)c(NC(=O)c2ccc(-c3ccccc3S(N)(=O)=O)cc2)c1
/beegfs/home/m.romanov/thesis/benchmarking/datasets/USPTO/US07314874-20080101-C00563.png,COc1ccc(NC(=O)c2ccc(-c3ccccc3S(N)(=O)=O)cc2)c(Oc2cccc(C(=N)N)c2)c1
/beegfs/home/m.romanov/thesis/benchmarking/datasets/USPTO/US07314874-20080101-C00564.png,N=C(N)c1cccc(Oc2cc(O)ccc2NC(=O)c2ccc(-c3ccccc3S(N)(=O)=O)cc2)c1
/beegfs/home/m.romanov/thesis/benchmarking/datasets/USPTO/US07314874-20080101-C00565.png,COC(=O)c1ccc(Oc2cccc(C(=N)N)c2)c(NC(=O)c2ccc(-c3ccccc3S(N)(=O)=O)cc2)c1
/beegfs/home/m.romanov/thesis/benchmarking/datasets/USPTO/US07314874-20080101-C00566.png,N=C(N)c1cccc(Oc2ccc(C(=O)O)cc2NC(=O)c2ccc(-c3ccccc3S(N)(=O)=O)cc2)c1
/beegfs/home/m.romanov/thesis/benchmarking/datasets/USPTO/US07314874-20080101-C00567.png,N=C(N)c1cccc(Nc2ccccc2NC(=O)c2ccc(-c3ccccc3S(N)(=O)=O)cc2)c1
/beegfs/home/m.romanov/thesis/benchmarking/datasets/USPTO/US07314874-20080101-C00569.png,Nc1nccc2ccc(Oc3ccc(F)cc3NC(=O)c3ccc(-c4ccccc4S(N)(=O)=O)cc3)cc12
/beegfs/home/m.romanov/thesis/benchmarking/datasets/USPTO/US07314874-20080101-C00570.png,Nc1nccc2ccc(Oc3ccc(C(F)(F)F)cc3NC(=O)c3ccc(-c4ccccc4S(N)(=O)=O)cc3)cc12
/beegfs/home/m.romanov/thesis/benchmarking/datasets/USPTO/US07314874-20080101-C00571.png,CS(=O)(=O)c1ccc(Oc2ccc3ccnc(N)c3c2)c(NC(=O)c2ccc(-c3ccccc3S(N)(=O)=O)cc2)c1
/beegfs/home/m.romanov/thesis/benchmarking/datasets/USPTO/US07314874-20080101-C00572.png,N=C(N)c1cccc(Oc2ccc([N+](=O)[O-])cc2C(=O)Nc2ccc(-c3ccccc3S(N)(=O)=O)cc2)c1
/beegfs/home/m.romanov/thesis/benchmarking/datasets/USPTO/US07314874-20080101-C00573.png,N=C(N)c1cccc(Oc2ccc(N)cc2C(=O)Nc2ccc(-c3ccccc3S(N)(=O)=O)cc2)c1
/beegfs/home/m.romanov/thesis/benchmarking/datasets/USPTO/US07314874-20080101-C00574.png,N=C(N)c1cccc(Oc2ccc(Cl)cc2C(=O)Nc2ccc(-c3ccccc3S(N)(=O)=O)cc2)c1
/beegfs/home/m.romanov/thesis/benchmarking/datasets/USPTO/US07314874-20080101-C00575.png,N=C(N)c1cccc(Oc2ccc(Br)cc2C(=O)Nc2ccc(-c3ccccc3S(N)(=O)=O)cc2)c1
/beegfs/home/m.romanov/thesis/benchmarking/datasets/USPTO/US07314874-20080101-C00577.png,COC(=O)c1cc2ccccc2cc1Oc1ccccc1NC(=O)c1ccc(-c2ccccc2S(N)(=O)=O)cc1
/beegfs/home/m.romanov/thesis/benchmarking/datasets/USPTO/US07314874-20080101-C00579.png,NC(=O)c1cc2ccccc2cc1Oc1ccccc1NC(=O)c1ccc(-c2ccccc2S(N)(=O)=O)cc1
/beegfs/home/m.romanov/thesis/benchmarking/datasets/USPTO/US07314874-20080101-C00580.png,COC(=O)c1cc2cc(Br)ccc2cc1Oc1ccccc1NC(=O)c1ccc(-c2ccccc2S(N)(=O)=O)cc1
/beegfs/home/m.romanov/thesis/benchmarking/datasets/USPTO/US07314874-20080101-C00582.png,N=C(N)c1cccc(Oc2ccc([N+](=O)[O-])cc2C(=O)Nc2ccc(-c3ccccc3S(N)(=O)=O)cc2F)c1
/beegfs/home/m.romanov/thesis/benchmarking/datasets/USPTO/US07314874-20080101-C00583.png,N=C(N)c1cccc(Oc2ccc(N)cc2C(=O)Nc2ccc(-c3ccccc3S(N)(=O)=O)cc2F)c1
/beegfs/home/m.romanov/thesis/benchmarking/datasets/USPTO/US07314874-20080101-C00585.png,CS(=O)(=O)Nc1ccc(Oc2cccc(C(=N)N)c2)c(C(=O)Nc2ccc(-c3ccccc3S(N)(=O)=O)cc2)c1
/beegfs/home/m.romanov/thesis/benchmarking/datasets/USPTO/US07314874-20080101-C00591.png,NCc1cccc(Oc2ccccc2NC(=O)c2ccc(-c3ccccc3S(N)(=O)=O)cc2)c1
/beegfs/home/m.romanov/thesis/benchmarking/datasets/USPTO/US07314874-20080101-C00593.png,N=C(N)c1cccc(C(=O)Nc2ccccc2NC(=O)c2ccc(-c3ccccc3S(N)(=O)=O)cc2)c1
/beegfs/home/m.romanov/thesis/benchmarking/datasets/USPTO/US07314875-20080101-C00016.png,Cc1c[nH]c2ccccc12
/beegfs/home/m.romanov/thesis/benchmarking/datasets/USPTO/US07314875-20080101-C00017.png,CCc1ccc(O)c(O)c1
/beegfs/home/m.romanov/thesis/benchmarking/datasets/USPTO/US07314876-20080101-C00016.png,Cc1c(C(=O)c2ccccc2)cn2nc[nH]c(=O)c12
/beegfs/home/m.romanov/thesis/benchmarking/datasets/USPTO/US07314876-20080101-C00017.png,Cc1c(C(=O)c2ccccc2)cn2ncnc(Cl)c12
/beegfs/home/m.romanov/thesis/benchmarking/datasets/USPTO/US07314876-20080101-C00019.png,COCCNC(=O)c1ccc(C)c(Nc2ncnn3cc(C(=O)c4ccccc4)c(C)c23)c1
/beegfs/home/m.romanov/thesis/benchmarking/datasets/USPTO/US07314876-20080101-C00022.png,Cc1cccc(C(=O)c2cn3ncnc(Cl)c3c2C)n1
/beegfs/home/m.romanov/thesis/benchmarking/datasets/USPTO/US07314876-20080101-C00024.png,CCOC(=O)c1cn2ncnc(Cl)c2c1C
/beegfs/home/m.romanov/thesis/benchmarking/datasets/USPTO/US07314876-20080101-C00025.png,Cc1ccc(C(=O)O)cc1Nc1ncnn2cc(CO)c(C)c12
/beegfs/home/m.romanov/thesis/benchmarking/datasets/USPTO/US07314876-20080101-C00026.png,CNC(=O)c1ccc(C)c(Nc2ncnn3cc(CO)c(C)c23)c1
/beegfs/home/m.romanov/thesis/benchmarking/datasets/USPTO/US07314876-20080101-C00027.png,CNC(=O)c1ccc(C)c(Nc2ncnn3cc(C=O)c(C)c23)c1
/beegfs/home/m.romanov/thesis/benchmarking/datasets/USPTO/US07314876-20080101-C00035.png,CC(C)(C)OCOC(C)(C)C
/beegfs/home/m.romanov/thesis/benchmarking/datasets/USPTO/US07314877-20080101-C00011.png,CC/C=C/c1ccc(Cl)cc1
/beegfs/home/m.romanov/thesis/benchmarking/datasets/USPTO/US07314877-20080101-C00013.png,CCCCc1ccccc1Cl
/beegfs/home/m.romanov/thesis/benchmarking/datasets/USPTO/US07314879-20080101-C00051.png,CC(C)CC1(N2CCN(C(=O)[C@@H](Cc3ccc(Cl)cc3)NC(=O)CC3NCc4ccccc43)CC2)CCCC1
/beegfs/home/m.romanov/thesis/benchmarking/datasets/USPTO/US07314879-20080101-C00061.png,CCN(CC)CC1(N2CCN(C(=O)[C@@H](Cc3ccc(Cl)cc3)NC(=O)[C@H]3Cc4ccccc4CN3)CC2)CCCC1
/beegfs/home/m.romanov/thesis/benchmarking/datasets/USPTO/US07314879-20080101-C00104.png,CC(C)(C)OC(=O)N1Cc2ccccc2C[C@@H]1C(=O)N[C@H](Cc1ccc(Cl)cc1)C(=O)O
/beegfs/home/m.romanov/thesis/benchmarking/datasets/USPTO/US07314879-20080101-C00110.png,CN1CCc2ccccc2C1CC(=O)[O-].[Li+]
/beegfs/home/m.romanov/thesis/benchmarking/datasets/USPTO/US07314879-20080101-C00111.png,CC(C)N1Cc2ccccc2C1CC(=O)O
/beegfs/home/m.romanov/thesis/benchmarking/datasets/USPTO/US07314879-20080101-C00112.png,CN1Cc2ccccc2C1CC(=O)O
/beegfs/home/m.romanov/thesis/benchmarking/datasets/USPTO/US07314879-20080101-C00113.png,CCCCN1Cc2ccccc2C1CC(=O)O
/beegfs/home/m.romanov/thesis/benchmarking/datasets/USPTO/US07314879-20080101-C00114.png,CN1Cc2ccccc2C1CC(=O)[O-].[K+]
/beegfs/home/m.romanov/thesis/benchmarking/datasets/USPTO/US07314879-20080101-C00115.png,CC(C)(C)OC(=O)N1Cc2cc(F)ccc2C[C@@H]1C(=O)O
/beegfs/home/m.romanov/thesis/benchmarking/datasets/USPTO/US07314879-20080101-C00116.png,CC(C)(C)OC(=O)N1Cc2ccccc2CC1(C)C(=O)O
/beegfs/home/m.romanov/thesis/benchmarking/datasets/USPTO/US07314879-20080101-C00117.png,CCOC(=O)/C=C(\C)c1ccccc1CNC(=O)OC(C)(C)C
/beegfs/home/m.romanov/thesis/benchmarking/datasets/USPTO/US07314879-20080101-C00118.png,CCOC(=O)CC1(C)NCc2ccccc21
/beegfs/home/m.romanov/thesis/benchmarking/datasets/USPTO/US07314879-20080101-C00119.png,CCOC(=O)CC1(C)c2ccccc2CN1C(=O)OC(C)(C)C
/beegfs/home/m.romanov/thesis/benchmarking/datasets/USPTO/US07314879-20080101-C00120.png,CC(C)(C)OC(=O)N1Cc2ccccc2C1(C)CC(=O)O
/beegfs/home/m.romanov/thesis/benchmarking/datasets/USPTO/US07314879-20080101-C00122.png,COC(=O)[C@@H](Cc1ccc(Cl)cc1)NC(=O)CC1(C)NCc2ccccc21
/beegfs/home/m.romanov/thesis/benchmarking/datasets/USPTO/US07314879-20080101-C00131.png,CN1Cc2ccccc2C1CC(=O)NC(Cc1ccc(Cl)cc1)C(=O)O
/beegfs/home/m.romanov/thesis/benchmarking/datasets/USPTO/US07314879-20080101-C00132.png,O=C(NC(Cc1ccc(Cl)cc1)C(=O)O)c1cc2ccccc2cn1
/beegfs/home/m.romanov/thesis/benchmarking/datasets/USPTO/US07314879-20080101-C00172.png,CN1CCC(CC2CCCCC2)(N2CCN(Cc3ccccc3)CC2)CC1
/beegfs/home/m.romanov/thesis/benchmarking/datasets/USPTO/US07314879-20080101-C00184.png,COC(=O)N1CCCC(CC(C)C)(N2CCNCC2)C1
/beegfs/home/m.romanov/thesis/benchmarking/datasets/USPTO/US07314879-20080101-C00237.png,CN1CCC(c2ccccc2)(N2CCN(C(=O)[C@H](N)Cc3ccc(Cl)cc3)CC2)CC1
/beegfs/home/m.romanov/thesis/benchmarking/datasets/USPTO/US07314879-20080101-C00239.png,CC(C)CC1(N2CCN(C(=O)[C@H](N)Cc3ccc(Cl)cc3)CC2)CCOCC1
/beegfs/home/m.romanov/thesis/benchmarking/datasets/USPTO/US07314879-20080101-C00244.png,CN1CCC(Cc2ccccc2)(N2CCN(C(=O)[C@@H](Cc3ccc(Cl)cc3)NC(=O)CC3c4ccccc4CN3C)CC2)CC1
/beegfs/home/m.romanov/thesis/benchmarking/datasets/USPTO/US07314879-20080101-C00274.png,c1ccc(CC2(N3CCNCC3)CCNCC2)cc1
/beegfs/home/m.romanov/thesis/benchmarking/datasets/USPTO/US07314880-20080101-C00007.png,CCN(CC)C(=O)c1ccc(C(c2cccc(O)c2)N2C[C@@H](C)N(Cc3ccc(C(=O)O)cc3)C[C@@H]2C)cc1
/beegfs/home/m.romanov/thesis/benchmarking/datasets/USPTO/US07314880-20080101-C00008.png,CCN(CC)C(=O)c1ccc(C(c2cccc(O)c2)N2C[C@@H](C)N(Cc3cccc(C(=O)O)c3)C[C@@H]2C)cc1
/beegfs/home/m.romanov/thesis/benchmarking/datasets/USPTO/US07314881-20080101-C00185.png,Cc1cc(F)ccc1-c1nc(NCCNC(=O)CNC(=O)OC(C)(C)C)nc2c1ccc(=O)n2-c1c(F)cccc1F
/beegfs/home/m.romanov/thesis/benchmarking/datasets/USPTO/US07314881-20080101-C00234.png,Cc1cc(F)ccc1-c1nc(NCC2CCS(=O)(=O)C2)nc2c1ccc(=O)n2-c1c(F)cccc1F
/beegfs/home/m.romanov/thesis/benchmarking/datasets/USPTO/US07314881-20080101-C00242.png,Cc1cc(F)ccc1-c1nc(NC2CCOC2)nc2c1ccc(=O)n2-c1c(F)cccc1F
/beegfs/home/m.romanov/thesis/benchmarking/datasets/USPTO/US07314882-20080101-C00010.png,CCOP(=O)(OCC)C(NC(=O)OCc1ccccc1)C(=O)OC
/beegfs/home/m.romanov/thesis/benchmarking/datasets/USPTO/US07314882-20080101-C00011.png,Nc1ccc(-c2ccccc2)nc1
/beegfs/home/m.romanov/thesis/benchmarking/datasets/USPTO/US07314882-20080101-C00012.png,Nc1ccc(-c2ccccc2)nc1Br
/beegfs/home/m.romanov/thesis/benchmarking/datasets/USPTO/US07314882-20080101-C00013.png,CC(C)(C)OC(=O)Nc1ccc(-c2ccccc2)nc1Br
/beegfs/home/m.romanov/thesis/benchmarking/datasets/USPTO/US07314882-20080101-C00014.png,CC(C)(C)OC(=O)Nc1ccc(-c2ccccc2)nc1C=O
/beegfs/home/m.romanov/thesis/benchmarking/datasets/USPTO/US07314882-20080101-C00015.png,COC(=O)/C(=C/c1nc(-c2ccccc2)ccc1NC(=O)OC(C)(C)C)NC(=O)OCc1ccccc1
/beegfs/home/m.romanov/thesis/benchmarking/datasets/USPTO/US07314882-20080101-C00016.png,COC(=O)C(Cc1nc(-c2ccccc2)ccc1NC(=O)OC(C)(C)C)NC(=O)OCc1ccccc1
/beegfs/home/m.romanov/thesis/benchmarking/datasets/USPTO/US07314882-20080101-C00017.png,CC(C)(C)OC(=O)Nc1ccc(-c2ccccc2)nc1CO
/beegfs/home/m.romanov/thesis/benchmarking/datasets/USPTO/US07314882-20080101-C00018.png,CC(C)(C)OC(=O)Nc1ccc(-c2ccccc2)nc1CBr
/beegfs/home/m.romanov/thesis/benchmarking/datasets/USPTO/US07314882-20080101-C00019.png,CCOC(=O)C(Cc1nc(-c2ccccc2)ccc1NC(=O)OC(C)(C)C)N=C(c1ccccc1)c1ccccc1
/beegfs/home/m.romanov/thesis/benchmarking/datasets/USPTO/US07314882-20080101-C00020.png,CCOC(=O)C(N)Cc1nc(-c2ccccc2)ccc1NC(=O)OC(C)(C)C
/beegfs/home/m.romanov/thesis/benchmarking/datasets/USPTO/US07314882-20080101-C00021.png,CCOC(=O)C(Cc1nc(-c2ccccc2)ccc1NC(=O)OC(C)(C)C)NC(=O)OCc1ccccc1
/beegfs/home/m.romanov/thesis/benchmarking/datasets/USPTO/US07314882-20080101-C00024.png,O=C(NC1Cc2nc(-c3ccccc3)ccc2N(Cc2ccccc2)C1=O)OCc1ccccc1
/beegfs/home/m.romanov/thesis/benchmarking/datasets/USPTO/US07314882-20080101-C00025.png,NC1Cc2nc(-c3ccccc3)ccc2N(Cc2ccccc2)C1=O
/beegfs/home/m.romanov/thesis/benchmarking/datasets/USPTO/US07314882-20080101-C00027.png,O=C1[C@H](NS(=O)(=O)c2ccccc2)Cc2nc(-c3ccccc3)ccc2N1Cc1ccccc1
/beegfs/home/m.romanov/thesis/benchmarking/datasets/USPTO/US07314882-20080101-C00028.png,O=C1[C@@H](NS(=O)(=O)c2ccccc2)Cc2nc(-c3ccccc3)ccc2N1Cc1ccccc1
/beegfs/home/m.romanov/thesis/benchmarking/datasets/USPTO/US07314882-20080101-C00030.png,O=C1[C@H](NS(=O)(=O)c2cccc(F)c2)Cc2nc(-c3ccccc3)ccc2N1Cc1ccccc1
/beegfs/home/m.romanov/thesis/benchmarking/datasets/USPTO/US07314882-20080101-C00031.png,O=C1[C@@H](NS(=O)(=O)c2cccc(F)c2)Cc2nc(-c3ccccc3)ccc2N1Cc1ccccc1
/beegfs/home/m.romanov/thesis/benchmarking/datasets/USPTO/US07314882-20080101-C00033.png,O=S(=O)(N[C@@H]1Cc2nc(-c3ccccc3)ccc2N(Cc2ccccc2)C1)c1ccccc1
/beegfs/home/m.romanov/thesis/benchmarking/datasets/USPTO/US07314882-20080101-C00034.png,O=S(=O)(N[C@H]1Cc2nc(-c3ccccc3)ccc2N(Cc2ccccc2)C1)c1ccccc1
/beegfs/home/m.romanov/thesis/benchmarking/datasets/USPTO/US07314882-20080101-C00036.png,O=S(=O)(N[C@@H]1Cc2nc(-c3ccccc3)ccc2N(Cc2ccccc2)C1)c1cccc(F)c1
/beegfs/home/m.romanov/thesis/benchmarking/datasets/USPTO/US07314882-20080101-C00037.png,O=S(=O)(N[C@H]1Cc2nc(-c3ccccc3)ccc2N(Cc2ccccc2)C1)c1cccc(F)c1
/beegfs/home/m.romanov/thesis/benchmarking/datasets/USPTO/US07314883-20080101-C00027.png,O=C1Nc2ccccc2C2(CCN(Cc3ccccc3)CC2)N1
/beegfs/home/m.romanov/thesis/benchmarking/datasets/USPTO/US07314883-20080101-C00028.png,O=C1Nc2ccccc2C2(CCNCC2)N1
/beegfs/home/m.romanov/thesis/benchmarking/datasets/USPTO/US07314883-20080101-C00029.png,CC(C)(C)OC(=O)N1CCC(N)(C#N)CC1
/beegfs/home/m.romanov/thesis/benchmarking/datasets/USPTO/US07314883-20080101-C00030.png,O=C1NC(c2ccccc2)=NC12CCNCC2
/beegfs/home/m.romanov/thesis/benchmarking/datasets/USPTO/US07314883-20080101-C00031.png,CC(C)(C)OC(=O)n1ncc2cc(C=O)ccc21
/beegfs/home/m.romanov/thesis/benchmarking/datasets/USPTO/US07314883-20080101-C00032.png,COC(=O)/C(=C/c1ccc2c(cnn2C(=O)OC(C)(C)C)c1)NC(=O)OCc1ccccc1
/beegfs/home/m.romanov/thesis/benchmarking/datasets/USPTO/US07314883-20080101-C00033.png,COC(=O)C(N)Cc1ccc2c(cnn2C(=O)OC(C)(C)C)c1
/beegfs/home/m.romanov/thesis/benchmarking/datasets/USPTO/US07314883-20080101-C00034.png,COC(=O)C(Cc1ccc2c(cnn2C(=O)OC(C)(C)C)c1)NC(=O)N1CCC(N2Cc3ccccc3NC2=O)CC1
/beegfs/home/m.romanov/thesis/benchmarking/datasets/USPTO/US07314883-20080101-C00059.png,O=C(O)C(Cc1ccc2[nH]ncc2c1)NC(=O)N1CCC(N2Cc3ccccc3NC2=O)CC1
/beegfs/home/m.romanov/thesis/benchmarking/datasets/USPTO/US07314883-20080101-C00073.png,O=C(N[C@H](Cc1ccc2[nH]ncc2c1)C(=O)N1CCC(N2CCCCC2)CC1)N1CCC(N2Cc3ccccc3NC2=O)CC1
/beegfs/home/m.romanov/thesis/benchmarking/datasets/USPTO/US07314883-20080101-C00074.png,O=C(NC(Cc1ccc2[nH]ccc2c1)C(=O)N1CCC(N2CCCCC2)CC1)N1CCC(n2c(=O)[nH]c3ccccc32)CC1
/beegfs/home/m.romanov/thesis/benchmarking/datasets/USPTO/US07314883-20080101-C00075.png,O=C(NC(Cc1ccc2[nH]ncc2c1)C(=O)N1CCC(N2CCCCC2)CC1)N1CCC(n2c(=O)[nH]c3ccccc32)CC1
/beegfs/home/m.romanov/thesis/benchmarking/datasets/USPTO/US07314883-20080101-C00076.png,O=C(NC(Cc1ccc2[nH]ccc2c1)C(=O)N1CCC(N2CCCCC2)CC1)N1CCC(N2Cc3ccccc3NC2=O)CC1
/beegfs/home/m.romanov/thesis/benchmarking/datasets/USPTO/US07314883-20080101-C00077.png,O=C(NC(Cc1ccc2[nH]ncc2c1)C(=O)N1CCC(N2CCCCC2)CC1)N1CCC(N2Cc3ccccc3NC2=O)CC1
/beegfs/home/m.romanov/thesis/benchmarking/datasets/USPTO/US07314883-20080101-C00078.png,CC(C)CN1CCN(C(=O)C(Cc2ccc3[nH]ccc3c2)NC(=O)N2CCC(n3c(=O)[nH]c4ccccc43)CC2)CC1
/beegfs/home/m.romanov/thesis/benchmarking/datasets/USPTO/US07314883-20080101-C00080.png,CC(C)CN1CCN(C(=O)C(Cc2ccc3[nH]ncc3c2)NC(=O)N2CCC(n3c(=O)[nH]c4ccccc43)CC2)CC1
/beegfs/home/m.romanov/thesis/benchmarking/datasets/USPTO/US07314883-20080101-C00082.png,O=C(NC(Cc1ccc2[nH]ncc2c1)C(=O)N1CCC2(CC1)OCCO2)N1CCC(N2Cc3ccccc3NC2=O)CC1
/beegfs/home/m.romanov/thesis/benchmarking/datasets/USPTO/US07314883-20080101-C00083.png,Cc1cc(Br)cc(C)c1/N=N/SC(C)(C)C
/beegfs/home/m.romanov/thesis/benchmarking/datasets/USPTO/US07314883-20080101-C00084.png,Cc1cc(Br)cc2cn[nH]c12
/beegfs/home/m.romanov/thesis/benchmarking/datasets/USPTO/US07314883-20080101-C00085.png,Cc1cc(C=O)cc2cn[nH]c12
/beegfs/home/m.romanov/thesis/benchmarking/datasets/USPTO/US07314883-20080101-C00086.png,COC(=O)/C(=C/c1cc(C)c2[nH]ncc2c1)NC(=O)OCc1ccccc1
/beegfs/home/m.romanov/thesis/benchmarking/datasets/USPTO/US07314883-20080101-C00087.png,COC(=O)C(N)Cc1cc(C)c2[nH]ncc2c1
/beegfs/home/m.romanov/thesis/benchmarking/datasets/USPTO/US07314883-20080101-C00088.png,COC(=O)C(Cc1cc(C)c2[nH]ncc2c1)NC(=O)N1CCC(N2Cc3ccccc3NC2=O)CC1
/beegfs/home/m.romanov/thesis/benchmarking/datasets/USPTO/US07314883-20080101-C00089.png,COC(=O)C(Cc1cc(C)c2[nH]ncc2c1)NC(=O)N1CCC2(CC1)NC(=O)Nc1ccccc12
/beegfs/home/m.romanov/thesis/benchmarking/datasets/USPTO/US07314883-20080101-C00090.png,COC(=O)C(Cc1cc(C)c2[nH]ncc2c1)NC(=O)N1CCC2(CC1)OC(=O)Nc1ccccc12
/beegfs/home/m.romanov/thesis/benchmarking/datasets/USPTO/US07314883-20080101-C00091.png,COC(=O)C(Cc1cc(C)c2[nH]ncc2c1)NC(=O)N1CCC2(CC1)CC(=O)Nc1ccccc12
/beegfs/home/m.romanov/thesis/benchmarking/datasets/USPTO/US07314883-20080101-C00092.png,COC(=O)C(Cc1cc(C)c2[nH]ncc2c1)NC(=O)N1CCC2(CC1)N=C(c1ccccc1)NC2=O
/beegfs/home/m.romanov/thesis/benchmarking/datasets/USPTO/US07314883-20080101-C00093.png,Cc1cc(CC(NC(=O)N2CCC(N3Cc4ccccc4NC3=O)CC2)C(=O)O)cc2cn[nH]c12
/beegfs/home/m.romanov/thesis/benchmarking/datasets/USPTO/US07314883-20080101-C00094.png,Cc1cc(CC(NC(=O)N2CCC3(CC2)NC(=O)Nc2ccccc23)C(=O)O)cc2cn[nH]c12
/beegfs/home/m.romanov/thesis/benchmarking/datasets/USPTO/US07314883-20080101-C00095.png,Cc1cc(CC(NC(=O)N2CCC3(CC2)OC(=O)Nc2ccccc23)C(=O)O)cc2cn[nH]c12
/beegfs/home/m.romanov/thesis/benchmarking/datasets/USPTO/US07314883-20080101-C00096.png,Cc1cc(CC(NC(=O)N2CCC3(CC2)CC(=O)Nc2ccccc23)C(=O)O)cc2cn[nH]c12
/beegfs/home/m.romanov/thesis/benchmarking/datasets/USPTO/US07314883-20080101-C00097.png,Cc1cc(CC(NC(=O)N2CCC3(CC2)N=C(c2ccccc2)NC3=O)C(=O)O)cc2cn[nH]c12
/beegfs/home/m.romanov/thesis/benchmarking/datasets/USPTO/US07314883-20080101-C00098.png,Cc1cc(CC(NC(=O)N2CCC(N3Cc4ccccc4NC3=O)CC2)C(=O)N2CCC(N3CCCCC3)CC2)cc2cn[nH]c12
/beegfs/home/m.romanov/thesis/benchmarking/datasets/USPTO/US07314883-20080101-C00099.png,Cc1cc(CC(NC(=O)N2CCC(N3Cc4ccccc4NC3=O)CC2)C(=O)N2CCCCC2)cc2cn[nH]c12
/beegfs/home/m.romanov/thesis/benchmarking/datasets/USPTO/US07314883-20080101-C00100.png,Cc1cc(CC(NC(=O)N2CCC(N3Cc4ccccc4NC3=O)CC2)C(=O)N(C)C)cc2cn[nH]c12
/beegfs/home/m.romanov/thesis/benchmarking/datasets/USPTO/US07314883-20080101-C00101.png,Cc1cc(CC(NC(=O)N2CCC(N3Cc4ccccc4NC3=O)CC2)C(=O)N2CCN(C)CC2)cc2cn[nH]c12
/beegfs/home/m.romanov/thesis/benchmarking/datasets/USPTO/US07314883-20080101-C00102.png,Cc1cc(CC(NC(=O)N2CCC(N3Cc4ccccc4NC3=O)CC2)C(=O)N2CCCC2)cc2cn[nH]c12
/beegfs/home/m.romanov/thesis/benchmarking/datasets/USPTO/US07314883-20080101-C00103.png,Cc1cc(CC(NC(=O)N2CCC(N3Cc4ccccc4NC3=O)CC2)C(=O)N2CCN(c3ccncc3)CC2)cc2cn[nH]c12
/beegfs/home/m.romanov/thesis/benchmarking/datasets/USPTO/US07314883-20080101-C00104.png,Cc1cc(CC(NC(=O)N2CCC(N3Cc4ccccc4NC3=O)CC2)C(=O)N2CCN(c3ccccn3)CC2)cc2cn[nH]c12
/beegfs/home/m.romanov/thesis/benchmarking/datasets/USPTO/US07314883-20080101-C00105.png,Cc1cc(CC(NC(=O)N2CCC3(CC2)NC(=O)Nc2ccccc23)C(=O)N2CCC(N3CCCCC3)CC2)cc2cn[nH]c12
/beegfs/home/m.romanov/thesis/benchmarking/datasets/USPTO/US07314883-20080101-C00106.png,Cc1cc(CC(NC(=O)N2CCC3(CC2)NC(=O)Nc2ccccc23)C(=O)N2CCCCC2)cc2cn[nH]c12
/beegfs/home/m.romanov/thesis/benchmarking/datasets/USPTO/US07314883-20080101-C00107.png,Cc1cc(CC(NC(=O)N2CCC3(CC2)OC(=O)Nc2ccccc23)C(=O)N2CCC(N3CCCCC3)CC2)cc2cn[nH]c12
/beegfs/home/m.romanov/thesis/benchmarking/datasets/USPTO/US07314883-20080101-C00108.png,Cc1cc(CC(NC(=O)N2CCC3(CC2)OC(=O)Nc2ccccc23)C(=O)N2CCCCC2)cc2cn[nH]c12
/beegfs/home/m.romanov/thesis/benchmarking/datasets/USPTO/US07314883-20080101-C00109.png,Cc1cc(CC(NC(=O)N2CCC3(CC2)OC(=O)Nc2ccccc23)C(=O)N(C)C)cc2cn[nH]c12
/beegfs/home/m.romanov/thesis/benchmarking/datasets/USPTO/US07314883-20080101-C00110.png,Cc1cc(CC(NC(=O)N2CCC3(CC2)OC(=O)Nc2ccccc23)C(=O)NC2C3CC4CC(C3)CC2C4)cc2cn[nH]c12
/beegfs/home/m.romanov/thesis/benchmarking/datasets/USPTO/US07314883-20080101-C00112.png,Cc1cc(CC(NC(=O)N2CCC3(CC2)OC(=O)Nc2ccccc23)C(=O)NCc2ccncc2)cc2cn[nH]c12
/beegfs/home/m.romanov/thesis/benchmarking/datasets/USPTO/US07314883-20080101-C00113.png,Cc1cc(CC(NC(=O)N2CCC3(CC2)CC(=O)Nc2ccccc23)C(=O)N2CCC(N3CCCCC3)CC2)cc2cn[nH]c12
/beegfs/home/m.romanov/thesis/benchmarking/datasets/USPTO/US07314883-20080101-C00114.png,Cc1cc(CC(NC(=O)N2CCC3(CC2)CC(=O)Nc2ccccc23)C(=O)N2CCCCC2)cc2cn[nH]c12
/beegfs/home/m.romanov/thesis/benchmarking/datasets/USPTO/US07314883-20080101-C00115.png,Cc1cc(CC(NC(=O)N2CCC3(CC2)CC(=O)Nc2ccccc23)C(=O)N(C)C)cc2cn[nH]c12
/beegfs/home/m.romanov/thesis/benchmarking/datasets/USPTO/US07314883-20080101-C00116.png,Cc1cc(CC(NC(=O)N2CCC3(CC2)N=C(c2ccccc2)NC3=O)C(=O)N2CCC(N3CCCCC3)CC2)cc2cn[nH]c12
/beegfs/home/m.romanov/thesis/benchmarking/datasets/USPTO/US07314883-20080101-C00117.png,Cc1cc(CC(NC(=O)N2CCC3(CC2)N=C(c2ccccc2)NC3=O)C(=O)N2CCCCC2)cc2cn[nH]c12
/beegfs/home/m.romanov/thesis/benchmarking/datasets/USPTO/US07314883-20080101-C00118.png,Cc1cc(CC(NC(=O)N2CCC3(CC2)N=C(c2ccccc2)NC3=O)C(=O)N(C)C)cc2cn[nH]c12
/beegfs/home/m.romanov/thesis/benchmarking/datasets/USPTO/US07314883-20080101-C00119.png,O=C(NC(Cc1ccc2[nH]ncc2c1)C(=O)N1CCC(N2Cc3ccccc3NC2=O)CC1)N1CCC(N2Cc3ccccc3NC2=O)CC1
/beegfs/home/m.romanov/thesis/benchmarking/datasets/USPTO/US07314883-20080101-C00120.png,O=C(NC(Cc1ccc2[nH]ncc2c1)C(=O)N1CCN(C(=O)OCc2ccccc2)CC1)N1CCC(N2Cc3ccccc3NC2=O)CC1
/beegfs/home/m.romanov/thesis/benchmarking/datasets/USPTO/US07314883-20080101-C00121.png,O=C(NC(Cc1ccc2[nH]ncc2c1)C(=O)N1CCNCC1)N1CCC(N2Cc3ccccc3NC2=O)CC1
/beegfs/home/m.romanov/thesis/benchmarking/datasets/USPTO/US07314883-20080101-C00122.png,CCC(C)CN1CCN(C(=O)C(Cc2ccc3[nH]ncc3c2)NC(=O)N2CCC(N3Cc4ccccc4NC3=O)CC2)CC1
/beegfs/home/m.romanov/thesis/benchmarking/datasets/USPTO/US07314883-20080101-C00133.png,Cc1cc(CC(NC(=O)N2CCC(N3Cc4ccccc4NC3=O)CC2)C(=O)OC2CCCCC2)cc2cn[nH]c12
/beegfs/home/m.romanov/thesis/benchmarking/datasets/USPTO/US07314883-20080101-C00134.png,Cc1cc(CC(NC(=O)N2CCC(N3Cc4ccccc4NC3=O)CC2)C(=O)OC2CCN(Cc3ccccc3)CC2)cc2cn[nH]c12
/beegfs/home/m.romanov/thesis/benchmarking/datasets/USPTO/US07314883-20080101-C00135.png,Cc1cc(CC(NC(=O)N2CCC(N3Cc4ccccc4NC3=O)CC2)C(=O)OC2CCN(C)CC2)cc2cn[nH]c12
/beegfs/home/m.romanov/thesis/benchmarking/datasets/USPTO/US07314883-20080101-C00136.png,Cc1cc(CC(NC(=O)N2CCC(N3Cc4ccccc4NC3=O)CC2)C(=O)OC2CCC(c3ccccc3)CC2)cc2cn[nH]c12
/beegfs/home/m.romanov/thesis/benchmarking/datasets/USPTO/US07314883-20080101-C00137.png,Cc1cc(CC(NC(=O)N2CCC(N3Cc4ccccc4NC3=O)CC2)C(=O)O[C@H](C)c2ccncc2)cc2cn[nH]c12
/beegfs/home/m.romanov/thesis/benchmarking/datasets/USPTO/US07314883-20080101-C00138.png,Cc1cc(CC(NC(=O)N2CCC(N3Cc4ccccc4NC3=O)CC2)C(=O)O[C@@H](C)c2ccncc2)cc2cn[nH]c12
/beegfs/home/m.romanov/thesis/benchmarking/datasets/USPTO/US07314883-20080101-C00139.png,Cc1cc(Br)cc(Cl)c1/N=N/SC(C)(C)C
/beegfs/home/m.romanov/thesis/benchmarking/datasets/USPTO/US07314883-20080101-C00140.png,Clc1cc(Br)cc2cn[nH]c12
/beegfs/home/m.romanov/thesis/benchmarking/datasets/USPTO/US07314883-20080101-C00141.png,O=Cc1cc(Cl)c2[nH]ncc2c1
/beegfs/home/m.romanov/thesis/benchmarking/datasets/USPTO/US07314883-20080101-C00142.png,COC(=O)/C(=C/c1cc(Cl)c2[nH]ncc2c1)NC(=O)OCc1ccccc1
/beegfs/home/m.romanov/thesis/benchmarking/datasets/USPTO/US07314883-20080101-C00143.png,COC(=O)C(N)Cc1cc(Cl)c2[nH]ncc2c1
/beegfs/home/m.romanov/thesis/benchmarking/datasets/USPTO/US07314883-20080101-C00144.png,COC(=O)C(Cc1cc(Cl)c2[nH]ncc2c1)NC(=O)N1CCC(N2Cc3ccccc3NC2=O)CC1
/beegfs/home/m.romanov/thesis/benchmarking/datasets/USPTO/US07314883-20080101-C00145.png,O=C(NC(Cc1cc(Cl)c2[nH]ncc2c1)C(=O)N1CCC(N2CCCCC2)CC1)N1CCC(N2Cc3ccccc3NC2=O)CC1
/beegfs/home/m.romanov/thesis/benchmarking/datasets/USPTO/US07314883-20080101-C00146.png,CCc1cc(Br)cc(C)c1N
/beegfs/home/m.romanov/thesis/benchmarking/datasets/USPTO/US07314883-20080101-C00147.png,CCc1cc(Br)cc(C)c1/N=N/SC(C)(C)C
/beegfs/home/m.romanov/thesis/benchmarking/datasets/USPTO/US07314883-20080101-C00148.png,CCc1cc(Br)cc2cn[nH]c12
/beegfs/home/m.romanov/thesis/benchmarking/datasets/USPTO/US07314883-20080101-C00149.png,CCc1cc(C=O)cc2cn[nH]c12
/beegfs/home/m.romanov/thesis/benchmarking/datasets/USPTO/US07314883-20080101-C00150.png,CCc1cc(/C=C(\NC(=O)OCc2ccccc2)C(=O)OC)cc2cn[nH]c12
/beegfs/home/m.romanov/thesis/benchmarking/datasets/USPTO/US07314883-20080101-C00151.png,CCc1cc(CC(N)C(=O)OC)cc2cn[nH]c12
/beegfs/home/m.romanov/thesis/benchmarking/datasets/USPTO/US07314883-20080101-C00152.png,CCc1cc(CC(NC(=O)N2CCC(N3Cc4ccccc4NC3=O)CC2)C(=O)OC)cc2cn[nH]c12
/beegfs/home/m.romanov/thesis/benchmarking/datasets/USPTO/US07314883-20080101-C00153.png,CCc1cc(CC(NC(=O)N2CCC(N3Cc4ccccc4NC3=O)CC2)C(=O)N2CCC(N3CCCCC3)CC2)cc2cn[nH]c12
/beegfs/home/m.romanov/thesis/benchmarking/datasets/USPTO/US07314883-20080101-C00154.png,O=[N+]([O-])c1ccc(CO)cc1[N+](=O)[O-]
/beegfs/home/m.romanov/thesis/benchmarking/datasets/USPTO/US07314883-20080101-C00155.png,O=Cc1ccc([N+](=O)[O-])c([N+](=O)[O-])c1
/beegfs/home/m.romanov/thesis/benchmarking/datasets/USPTO/US07314883-20080101-C00156.png,COC(=O)/C(=C/c1ccc([N+](=O)[O-])c([N+](=O)[O-])c1)NC(=O)OCc1ccccc1
/beegfs/home/m.romanov/thesis/benchmarking/datasets/USPTO/US07314883-20080101-C00157.png,COC(=O)/C(=C/c1ccc([N+](=O)[O-])c(O)c1)NC(=O)OCc1ccccc1
/beegfs/home/m.romanov/thesis/benchmarking/datasets/USPTO/US07314883-20080101-C00158.png,COC(=O)[C@@H](Cc1ccc([N+](=O)[O-])c([N+](=O)[O-])c1)NC(=O)OCc1ccccc1
/beegfs/home/m.romanov/thesis/benchmarking/datasets/USPTO/US07314883-20080101-C00159.png,COC(=O)[C@@H](Cc1ccc([N+](=O)[O-])c(O)c1)NC(=O)OCc1ccccc1
/beegfs/home/m.romanov/thesis/benchmarking/datasets/USPTO/US07314883-20080101-C00160.png,COC(=O)[C@@H](Cc1ccc(N)c(N)c1)NC(=O)OCc1ccccc1
/beegfs/home/m.romanov/thesis/benchmarking/datasets/USPTO/US07314883-20080101-C00161.png,COC(=O)[C@@H](Cc1ccc2[nH]c(C)nc2c1)NC(=O)OCc1ccccc1
/beegfs/home/m.romanov/thesis/benchmarking/datasets/USPTO/US07314883-20080101-C00168.png,COC(=O)[C@@H](Cc1ccc2[nH]c(=O)oc2c1)NC(=O)OCc1ccccc1
/beegfs/home/m.romanov/thesis/benchmarking/datasets/USPTO/US07314883-20080101-C00169.png,COC(=O)[C@H](N)Cc1ccc2[nH]c(=O)oc2c1
/beegfs/home/m.romanov/thesis/benchmarking/datasets/USPTO/US07314883-20080101-C00173.png,COC(=O)[C@@H](Cc1ccc2[nH]nnc2c1)NC(=O)OCc1ccccc1
/beegfs/home/m.romanov/thesis/benchmarking/datasets/USPTO/US07314883-20080101-C00174.png,COC(=O)[C@H](N)Cc1ccc2[nH]nnc2c1
/beegfs/home/m.romanov/thesis/benchmarking/datasets/USPTO/US07314883-20080101-C00177.png,COC(=O)[C@@H](Cc1ccc2c(c1)CC(=O)N2)NC(=O)OCc1ccccc1
/beegfs/home/m.romanov/thesis/benchmarking/datasets/USPTO/US07314883-20080101-C00178.png,COC(=O)[C@H](N)Cc1ccc2c(c1)CC(=O)N2
/beegfs/home/m.romanov/thesis/benchmarking/datasets/USPTO/US07314883-20080101-C00182.png,COC(=O)C(Cn1ccc(OCc2ccccc2)cc1=O)N(C(=O)OC(C)(C)C)C(=O)OC(C)(C)C
/beegfs/home/m.romanov/thesis/benchmarking/datasets/USPTO/US07314883-20080101-C00183.png,CC(C)(C)OC(=O)N(C(=O)OC(C)(C)C)C(Cn1ccc(OCc2ccccc2)cc1=O)C(=O)N1CCC(N2CCCCC2)CC1
/beegfs/home/m.romanov/thesis/benchmarking/datasets/USPTO/US07314883-20080101-C00184.png,O=C(NC(Cn1ccc(OCc2ccccc2)cc1=O)C(=O)N1CCC(N2CCCCC2)CC1)N1CCC(N2Cc3ccccc3NC2=O)CC1
/beegfs/home/m.romanov/thesis/benchmarking/datasets/USPTO/US07314883-20080101-C00185.png,O=C(NC(Cn1ccc(O)cc1=O)C(=O)N1CCC(N2CCCCC2)CC1)N1CCC(N2Cc3ccccc3NC2=O)CC1
/beegfs/home/m.romanov/thesis/benchmarking/datasets/USPTO/US07314883-20080101-C00186.png,COC(=O)C(CN1CCC(O)CC1)N(C(=O)OC(C)(C)C)C(=O)OC(C)(C)C
/beegfs/home/m.romanov/thesis/benchmarking/datasets/USPTO/US07314883-20080101-C00187.png,CC(C)(C)OC(=O)N(C(=O)OC(C)(C)C)C(CN1CCC(O)CC1)C(=O)N1CCC(N2CCCCC2)CC1
/beegfs/home/m.romanov/thesis/benchmarking/datasets/USPTO/US07314883-20080101-C00188.png,NC(CN1CCC(O)CC1)C(=O)N1CCC(N2CCCCC2)CC1
/beegfs/home/m.romanov/thesis/benchmarking/datasets/USPTO/US07314883-20080101-C00189.png,CC(C)(C)OC(=O)NC(CN1CCC(O)CC1)C(=O)N1CCC(N2CCCCC2)CC1
/beegfs/home/m.romanov/thesis/benchmarking/datasets/USPTO/US07314883-20080101-C00190.png,CC(C)(C)OC(=O)NC(CN1CCC(=O)CC1)C(=O)N1CCC(N2CCCCC2)CC1
/beegfs/home/m.romanov/thesis/benchmarking/datasets/USPTO/US07314883-20080101-C00191.png,NC(CN1CCC(=O)CC1)C(=O)N1CCC(N2CCCCC2)CC1
/beegfs/home/m.romanov/thesis/benchmarking/datasets/USPTO/US07314883-20080101-C00192.png,O=C(NC(CN1CCC(O)CC1)C(=O)N1CCC(N2CCCCC2)CC1)N1CCC(N2Cc3ccccc3NC2=O)CC1
/beegfs/home/m.romanov/thesis/benchmarking/datasets/USPTO/US07314883-20080101-C00193.png,CN(C)/C=C1\CN(C(=O)OC(C)(C)C)CCC1=O
/beegfs/home/m.romanov/thesis/benchmarking/datasets/USPTO/US07314883-20080101-C00194.png,CC(C)(C)OC(=O)N1CCc2[nH]ncc2C1
/beegfs/home/m.romanov/thesis/benchmarking/datasets/USPTO/US07314883-20080101-C00196.png,COC(=O)C(CN1CCc2[nH]ncc2C1)N(C(=O)OC(C)(C)C)C(=O)OC(C)(C)C
/beegfs/home/m.romanov/thesis/benchmarking/datasets/USPTO/US07314883-20080101-C00197.png,COC(=O)C(N)CN1CCc2[nH]ncc2C1
/beegfs/home/m.romanov/thesis/benchmarking/datasets/USPTO/US07314883-20080101-C00198.png,CC(C)(C)OC(=O)N1CCC(=O)C(C)(C)C1
/beegfs/home/m.romanov/thesis/benchmarking/datasets/USPTO/US07314883-20080101-C00199.png,CN(C)/C=C1\CN(C(=O)OC(C)(C)C)CC(C)(C)C1=O
/beegfs/home/m.romanov/thesis/benchmarking/datasets/USPTO/US07314883-20080101-C00200.png,CC(C)(C)OC(=O)N1Cc2cn[nH]c2C(C)(C)C1
/beegfs/home/m.romanov/thesis/benchmarking/datasets/USPTO/US07314883-20080101-C00201.png,CC1(C)CNCc2cn[nH]c21
/beegfs/home/m.romanov/thesis/benchmarking/datasets/USPTO/US07314883-20080101-C00202.png,COC(=O)C(CN1Cc2cn[nH]c2C(C)(C)C1)N(C(=O)OC(C)(C)C)C(=O)OC(C)(C)C
/beegfs/home/m.romanov/thesis/benchmarking/datasets/USPTO/US07314883-20080101-C00203.png,COC(=O)C(N)CN1Cc2cn[nH]c2C(C)(C)C1
/beegfs/home/m.romanov/thesis/benchmarking/datasets/USPTO/US07314883-20080101-C00204.png,COC(=O)C(CN1CCc2[nH]ncc2C1)NC(=O)N1CCC(N2Cc3ccccc3NC2=O)CC1
/beegfs/home/m.romanov/thesis/benchmarking/datasets/USPTO/US07314883-20080101-C00205.png,O=C(NC(CN1CCc2[nH]ncc2C1)C(=O)N1CCC(N2CCCCC2)CC1)N1CCC(N2Cc3ccccc3NC2=O)CC1
/beegfs/home/m.romanov/thesis/benchmarking/datasets/USPTO/US07314883-20080101-C00206.png,COC(=O)C(CN1Cc2cn[nH]c2C(C)(C)C1)NC(=O)N1CCC(N2Cc3ccccc3NC2=O)CC1
/beegfs/home/m.romanov/thesis/benchmarking/datasets/USPTO/US07314883-20080101-C00207.png,CC1(C)CN(CC(NC(=O)N2CCC(N3Cc4ccccc4NC3=O)CC2)C(=O)N2CCC(N3CCCCC3)CC2)Cc2cn[nH]c21
/beegfs/home/m.romanov/thesis/benchmarking/datasets/USPTO/US07314883-20080101-C00209.png,COC(=O)C(N)Cc1ccc(OC)nc1
/beegfs/home/m.romanov/thesis/benchmarking/datasets/USPTO/US07314883-20080101-C00210.png,COC(=O)C(Cc1ccc(OC)nc1)NC(=O)N1CCC(N2Cc3ccccc3NC2=O)CC1
/beegfs/home/m.romanov/thesis/benchmarking/datasets/USPTO/US07314883-20080101-C00211.png,COc1ccc(CC(NC(=O)N2CCC(N3Cc4ccccc4NC3=O)CC2)C(=O)N2CCC(N3CCCCC3)CC2)cn1
/beegfs/home/m.romanov/thesis/benchmarking/datasets/USPTO/US07314883-20080101-C00213.png,COC(=O)C(N)Cc1cnc(OC)nc1
/beegfs/home/m.romanov/thesis/benchmarking/datasets/USPTO/US07314883-20080101-C00214.png,COC(=O)C(Cc1cnc(OC)nc1)NC(=O)N1CCC(N2Cc3ccccc3NC2=O)CC1
/beegfs/home/m.romanov/thesis/benchmarking/datasets/USPTO/US07314883-20080101-C00215.png,COc1ncc(CC(NC(=O)N2CCC(N3Cc4ccccc4NC3=O)CC2)C(=O)N2CCC(N3CCCCC3)CC2)cn1
/beegfs/home/m.romanov/thesis/benchmarking/datasets/USPTO/US07314883-20080101-C00216.png,Brc1ccc(OCc2ccccc2)nc1
/beegfs/home/m.romanov/thesis/benchmarking/datasets/USPTO/US07314883-20080101-C00217.png,O=Cc1ccc(OCc2ccccc2)nc1
/beegfs/home/m.romanov/thesis/benchmarking/datasets/USPTO/US07314883-20080101-C00218.png,COC(=O)/C(=C/c1ccc(OCc2ccccc2)nc1)NC(=O)OCc1ccccc1
/beegfs/home/m.romanov/thesis/benchmarking/datasets/USPTO/US07314883-20080101-C00219.png,COC(=O)C(Cc1ccc(OCc2ccccc2)nc1)NC(=O)OCc1ccccc1
/beegfs/home/m.romanov/thesis/benchmarking/datasets/USPTO/US07314883-20080101-C00220.png,COC(=O)C(N)Cc1ccc(OCc2ccccc2)nc1
/beegfs/home/m.romanov/thesis/benchmarking/datasets/USPTO/US07314883-20080101-C00221.png,COC(=O)C(Cc1ccc(OCc2ccccc2)nc1)NC(=O)N1CCC(N2Cc3ccccc3NC2=O)CC1
/beegfs/home/m.romanov/thesis/benchmarking/datasets/USPTO/US07314883-20080101-C00222.png,O=C(NC(Cc1ccc(OCc2ccccc2)nc1)C(=O)N1CCC(N2CCCCC2)CC1)N1CCC(N2Cc3ccccc3NC2=O)CC1
/beegfs/home/m.romanov/thesis/benchmarking/datasets/USPTO/US07314883-20080101-C00223.png,O=C(NC(Cc1ccc(=O)[nH]c1)C(=O)N1CCC(N2CCCCC2)CC1)N1CCC(N2Cc3ccccc3NC2=O)CC1
/beegfs/home/m.romanov/thesis/benchmarking/datasets/USPTO/US07314883-20080101-C00224.png,CCOC(=O)C1CCN(C(=O)OC(C)(C)C)CC1
/beegfs/home/m.romanov/thesis/benchmarking/datasets/USPTO/US07314883-20080101-C00225.png,CCOC(=O)C1(Cc2ccccc2[N+](=O)[O-])CCN(C(=O)OC(C)(C)C)CC1
/beegfs/home/m.romanov/thesis/benchmarking/datasets/USPTO/US07314883-20080101-C00226.png,CCOC(=O)C1(Cc2ccccc2N)CCN(C(=O)OC(C)(C)C)CC1
/beegfs/home/m.romanov/thesis/benchmarking/datasets/USPTO/US07314883-20080101-C00227.png,CCOC(=O)C1(Cc2ccccc2N)CCN(Cl)CC1
/beegfs/home/m.romanov/thesis/benchmarking/datasets/USPTO/US07314883-20080101-C00228.png,O=C1Nc2ccccc2CC12CCNCC2
/beegfs/home/m.romanov/thesis/benchmarking/datasets/USPTO/US07314883-20080101-C00229.png,N[C@H](Cc1csc2ccccc12)C(=O)N1CCC(N2CCCCC2)CC1
/beegfs/home/m.romanov/thesis/benchmarking/datasets/USPTO/US07314883-20080101-C00230.png,O=C(N[C@H](Cc1csc2ccccc12)C(=O)N1CCC(N2CCCCC2)CC1)N1CCC2(CC1)Cc1ccccc1NC2=O
/beegfs/home/m.romanov/thesis/benchmarking/datasets/USPTO/US07314883-20080101-C00231.png,O=C1CC2(CCN(C(=O)N[C@H](Cc3csc4ccccc34)C(=O)N3CCC(N4CCCCC4)CC3)CC2)c2ccccc2N1
/beegfs/home/m.romanov/thesis/benchmarking/datasets/USPTO/US07314883-20080101-C00232.png,O=C1NCC2(CCN(C(=O)N[C@H](Cc3csc4ccccc34)C(=O)N3CCC(N4CCCCC4)CC3)CC2)c2ccccc21
/beegfs/home/m.romanov/thesis/benchmarking/datasets/USPTO/US07314883-20080101-C00233.png,O=C1Nc2ccccc2C2(CCN(C(=O)N[C@H](Cc3csc4ccccc34)C(=O)N3CCC(N4CCCCC4)CC3)CC2)O1
/beegfs/home/m.romanov/thesis/benchmarking/datasets/USPTO/US07314883-20080101-C00234.png,O=C(O)/C=C/c1csc2ccccc12
/beegfs/home/m.romanov/thesis/benchmarking/datasets/USPTO/US07314883-20080101-C00235.png,O=C(O)CCc1csc2ccccc12
/beegfs/home/m.romanov/thesis/benchmarking/datasets/USPTO/US07314883-20080101-C00236.png,O=C(CCc1csc2ccccc12)N1C(=O)OC[C@H]1Cc1ccccc1
/beegfs/home/m.romanov/thesis/benchmarking/datasets/USPTO/US07314883-20080101-C00237.png,CC(C)(C)OC(=O)C[C@H](Cc1csc2ccccc12)C(=O)N1C(=O)OC[C@H]1Cc1ccccc1
/beegfs/home/m.romanov/thesis/benchmarking/datasets/USPTO/US07314883-20080101-C00238.png,CC(C)(C)OC(=O)C[C@H](Cc1csc2ccccc12)C(=O)O
/beegfs/home/m.romanov/thesis/benchmarking/datasets/USPTO/US07314883-20080101-C00239.png,CC(C)(C)OC(=O)C[C@H](Cc1csc2ccccc12)C(=O)N1CCC(N2CCCCC2)CC1
/beegfs/home/m.romanov/thesis/benchmarking/datasets/USPTO/US07314883-20080101-C00240.png,O=C(O)C[C@H](Cc1csc2ccccc12)C(=O)N1CCC(N2CCCCC2)CC1
/beegfs/home/m.romanov/thesis/benchmarking/datasets/USPTO/US07314883-20080101-C00241.png,O=C1Nc2ccccc2C2(CCN(C(=O)C[C@H](Cc3csc4ccccc34)C(=O)N3CCC(N4CCCCC4)CC3)CC2)O1
/beegfs/home/m.romanov/thesis/benchmarking/datasets/USPTO/US07314883-20080101-C00242.png,COC(=O)C(=Cc1cc(C)c2[nH]ncc2c1)CC(=O)O
/beegfs/home/m.romanov/thesis/benchmarking/datasets/USPTO/US07314883-20080101-C00243.png,COC(=O)C(CC(=O)O)Cc1cc(C)c2[nH]ncc2c1
/beegfs/home/m.romanov/thesis/benchmarking/datasets/USPTO/US07314883-20080101-C00244.png,COC(=O)C(CC(=O)N1CCC2(CC1)OC(=O)Nc1ccccc12)Cc1cc(C)c2[nH]ncc2c1
/beegfs/home/m.romanov/thesis/benchmarking/datasets/USPTO/US07314883-20080101-C00245.png,COC(=O)C(CC(=O)N1CCC(N2Cc3ccccc3NC2=O)CC1)Cc1cc(C)c2[nH]ncc2c1
/beegfs/home/m.romanov/thesis/benchmarking/datasets/USPTO/US07314883-20080101-C00246.png,Cc1cc(CC(CC(=O)N2CCC3(CC2)OC(=O)Nc2ccccc23)C(=O)O)cc2cn[nH]c12
/beegfs/home/m.romanov/thesis/benchmarking/datasets/USPTO/US07314883-20080101-C00247.png,Cc1cc(CC(CC(=O)N2CCC3(CC2)OC(=O)Nc2ccccc23)C(=O)N2CCC(N3CCCCC3)CC2)cc2cn[nH]c12
/beegfs/home/m.romanov/thesis/benchmarking/datasets/USPTO/US07314883-20080101-C00248.png,Cc1cc(CC(CC(=O)N2CCC(N3Cc4ccccc4NC3=O)CC2)C(=O)N2CCC(N3CCCCC3)CC2)cc2cn[nH]c12
/beegfs/home/m.romanov/thesis/benchmarking/datasets/USPTO/US07314883-20080101-C00249.png,Cc1cc(CC(CC(=O)N2CCC(N3Cc4ccccc4NC3=O)CC2)C(=O)N2CCC3(CC2)OCCO3)cc2cn[nH]c12
/beegfs/home/m.romanov/thesis/benchmarking/datasets/USPTO/US07314883-20080101-C00250.png,Cc1cc(CC(CC(=O)N2CCC3(CC2)OC(=O)Nc2ccccc23)C(=O)N2CCC3(CC2)OCCO3)cc2cn[nH]c12
/beegfs/home/m.romanov/thesis/benchmarking/datasets/USPTO/US07314883-20080101-C00251.png,Cc1cc(CC(CC(=O)N2CCC(N3Cc4ccccc4NC3=O)CC2)C(=O)N(C)C)cc2cn[nH]c12
/beegfs/home/m.romanov/thesis/benchmarking/datasets/USPTO/US07314883-20080101-C00252.png,Cc1cc(CC(CC(=O)N2CCC(N3Cc4ccccc4NC3=O)CC2)C(=O)N2CC(C)OC(C)C2)cc2cn[nH]c12
/beegfs/home/m.romanov/thesis/benchmarking/datasets/USPTO/US07314883-20080101-C00253.png,Cc1cc(CC(CC(=O)N2CCC(N3Cc4ccccc4NC3=O)CC2)C(=O)N2CCC(C)CC2)cc2cn[nH]c12
/beegfs/home/m.romanov/thesis/benchmarking/datasets/USPTO/US07314883-20080101-C00254.png,Cc1cc(CC(CC(=O)N2CCC(N3Cc4ccccc4NC3=O)CC2)C(=O)N2CCOCC2)cc2cn[nH]c12
/beegfs/home/m.romanov/thesis/benchmarking/datasets/USPTO/US07314883-20080101-C00255.png,Cc1cc(CC(CC(=O)N2CCC3(CC2)OC(=O)Nc2ccccc23)C(=O)N(C)C)cc2cn[nH]c12
/beegfs/home/m.romanov/thesis/benchmarking/datasets/USPTO/US07314883-20080101-C00256.png,Cc1cc(CC(CC(=O)N2CCC3(CC2)OC(=O)Nc2ccccc23)C(=O)N2CCCCC2)cc2cn[nH]c12
/beegfs/home/m.romanov/thesis/benchmarking/datasets/USPTO/US07314883-20080101-C00257.png,Cc1cc(CC(CC(=O)N2CCC(N3Cc4ccccc4NC3=O)CC2)C(=O)N2CCCCC2)cc2cn[nH]c12
/beegfs/home/m.romanov/thesis/benchmarking/datasets/USPTO/US07314883-20080101-C00258.png,O=C1Nc2ccccc2C2(CCN(C(=O)CC(Cc3ccc4[nH]ncc4c3)C(=O)N3CCC(N4CCCCC4)CC3)CC2)O1
/beegfs/home/m.romanov/thesis/benchmarking/datasets/USPTO/US07314883-20080101-C00259.png,O=C1Nc2ccccc2C2(CCN(C(=O)CC(Cc3ccc4[nH]ncc4c3)C(=O)N3CCC4(CC3)OCCO4)CC2)O1
/beegfs/home/m.romanov/thesis/benchmarking/datasets/USPTO/US07314883-20080101-C00260.png,O=C(CC(Cc1ccc2[nH]ncc2c1)C(=O)N1CCC2(CC1)OCCO2)N1CCC(N2Cc3ccccc3NC2=O)CC1
/beegfs/home/m.romanov/thesis/benchmarking/datasets/USPTO/US07314883-20080101-C00261.png,CN(C)C(=O)C(CC(=O)N1CCC(N2Cc3ccccc3NC2=O)CC1)Cc1ccc2[nH]ncc2c1
/beegfs/home/m.romanov/thesis/benchmarking/datasets/USPTO/US07314883-20080101-C00262.png,CC(C)(C)OC(=O)n1ncc2cc(CC(CC(=O)N3CCC(N4Cc5ccccc5NC4=O)CC3)C(=O)N3CCC(N4CCCCC4)CC3)ccc21
/beegfs/home/m.romanov/thesis/benchmarking/datasets/USPTO/US07314883-20080101-C00263.png,C#CCNC(=O)C(CC(=O)N1CCC(N2Cc3ccccc3NC2=O)CC1)Cc1cc(C)c2[nH]ncc2c1
/beegfs/home/m.romanov/thesis/benchmarking/datasets/USPTO/US07314883-20080101-C00264.png,CC(C)(C)OC(=O)N[C@@H](CC(=O)N1CCC(N2Cc3ccccc3NC2=O)CC1)C(=O)OCc1ccccc1
/beegfs/home/m.romanov/thesis/benchmarking/datasets/USPTO/US07314883-20080101-C00265.png,CC(C)(C)OC(=O)N[C@@H](CC(=O)N1CCC(N2Cc3ccccc3NC2=O)CC1)C(=O)O
/beegfs/home/m.romanov/thesis/benchmarking/datasets/USPTO/US07314883-20080101-C00266.png,CC(C)(C)OC(=O)N[C@@H](CC(=O)N1CCC(N2Cc3ccccc3NC2=O)CC1)C(=O)N1CCC(N2CCCCC2)CC1
/beegfs/home/m.romanov/thesis/benchmarking/datasets/USPTO/US07314883-20080101-C00267.png,N[C@@H](CC(=O)N1CCC(N2Cc3ccccc3NC2=O)CC1)C(=O)N1CCC(N2CCCCC2)CC1
/beegfs/home/m.romanov/thesis/benchmarking/datasets/USPTO/US07314883-20080101-C00268.png,O=C(C[C@H](Nc1ccc2[nH]ccc2c1)C(=O)N1CCC(N2CCCCC2)CC1)N1CCC(N2Cc3ccccc3NC2=O)CC1
/beegfs/home/m.romanov/thesis/benchmarking/datasets/USPTO/US07314883-20080101-C00269.png,O=C(C[C@H](Nc1cc(Cl)ccc1[N+](=O)[O-])C(=O)N1CCC(N2CCCCC2)CC1)N1CCC(N2Cc3ccccc3NC2=O)CC1
/beegfs/home/m.romanov/thesis/benchmarking/datasets/USPTO/US07314883-20080101-C00270.png,O=C(C[C@H](Nc1cc(Cl)ncn1)C(=O)N1CCC(N2CCCCC2)CC1)N1CCC(N2Cc3ccccc3NC2=O)CC1
/beegfs/home/m.romanov/thesis/benchmarking/datasets/USPTO/US07314883-20080101-C00271.png,O=C(C[C@H](Nc1nc(Cl)nc2[nH]cnc12)C(=O)N1CCC(N2CCCCC2)CC1)N1CCC(N2Cc3ccccc3NC2=O)CC1
/beegfs/home/m.romanov/thesis/benchmarking/datasets/USPTO/US07314883-20080101-C00272.png,Cc1nc(N[C@@H](CC(=O)N2CCC(N3Cc4ccccc4NC3=O)CC2)C(=O)N2CCC(N3CCCCC3)CC2)nc(N)c1[N+](=O)[O-]
/beegfs/home/m.romanov/thesis/benchmarking/datasets/USPTO/US07314883-20080101-C00273.png,Cc1nc(N[C@@H](CC(=O)N2CCC(N3Cc4ccccc4NC3=O)CC2)C(=O)N2CCC(N3CCCCC3)CC2)nc(N)c1N
/beegfs/home/m.romanov/thesis/benchmarking/datasets/USPTO/US07314883-20080101-C00274.png,Cc1nc(N[C@@H](CC(=O)N2CCC(N3Cc4ccccc4NC3=O)CC2)C(=O)N2CCC(N3CCCCC3)CC2)nc2nn[nH]c12
/beegfs/home/m.romanov/thesis/benchmarking/datasets/USPTO/US07314883-20080101-C00275.png,O=C(C[C@H](NCc1ccccn1)C(=O)N1CCC(N2CCCCC2)CC1)N1CCC(N2Cc3ccccc3NC2=O)CC1
/beegfs/home/m.romanov/thesis/benchmarking/datasets/USPTO/US07314883-20080101-C00276.png,O=C(C[C@H](NCc1ccc2[nH]ncc2c1)C(=O)N1CCC(N2CCCCC2)CC1)N1CCC(N2Cc3ccccc3NC2=O)CC1
/beegfs/home/m.romanov/thesis/benchmarking/datasets/USPTO/US07314883-20080101-C00277.png,Cc1cccc(CN[C@@H](CC(=O)N2CCC(N3Cc4ccccc4NC3=O)CC2)C(=O)N2CCC(N3CCCCC3)CC2)c1
/beegfs/home/m.romanov/thesis/benchmarking/datasets/USPTO/US07314883-20080101-C00278.png,O=C(C[C@H](Nc1ccncn1)C(=O)N1CCC(N2CCCCC2)CC1)N1CCC(N2Cc3ccccc3NC2=O)CC1
/beegfs/home/m.romanov/thesis/benchmarking/datasets/USPTO/US07314883-20080101-C00279.png,O=C(C[C@H](NC1CCC(O)CC1)C(=O)N1CCC(N2CCCCC2)CC1)N1CCC(N2Cc3ccccc3NC2=O)CC1
/beegfs/home/m.romanov/thesis/benchmarking/datasets/USPTO/US07314883-20080101-C00280.png,O=C(C[C@H](NCc1c[nH]cn1)C(=O)N1CCC(N2CCCCC2)CC1)N1CCC(N2Cc3ccccc3NC2=O)CC1
/beegfs/home/m.romanov/thesis/benchmarking/datasets/USPTO/US07314883-20080101-C00281.png,COc1ccc(C(=O)N[C@@H](CC(=O)N2CCC(N3Cc4ccccc4NC3=O)CC2)C(=O)N2CCC(N3CCCCC3)CC2)cc1
/beegfs/home/m.romanov/thesis/benchmarking/datasets/USPTO/US07314883-20080101-C00282.png,O=C(N[C@@H](CC(=O)N1CCC(N2Cc3ccccc3NC2=O)CC1)C(=O)N1CCC(N2CCCCC2)CC1)c1ccc(O)cc1
/beegfs/home/m.romanov/thesis/benchmarking/datasets/USPTO/US07314883-20080101-C00283.png,O=C(N[C@@H](CC(=O)N1CCC(N2Cc3ccccc3NC2=O)CC1)C(=O)N1CCC(N2CCCCC2)CC1)c1cc[nH]n1
/beegfs/home/m.romanov/thesis/benchmarking/datasets/USPTO/US07314883-20080101-C00286.png,C.O=C(N[C@@H](CC(=O)N1CCC(N2Cc3ccccc3NC2=O)CC1)C(=O)N1CCC(N2CCCCC2)CC1)C1CC1
/beegfs/home/m.romanov/thesis/benchmarking/datasets/USPTO/US07314883-20080101-C00385.png,CCOC(=O)C(CC(=O)OC(C)(C)C)Nc1ccc2[nH]ncc2c1
/beegfs/home/m.romanov/thesis/benchmarking/datasets/USPTO/US07314883-20080101-C00386.png,CCOC(=O)C(CC(=O)O)Nc1ccc2[nH]ncc2c1
/beegfs/home/m.romanov/thesis/benchmarking/datasets/USPTO/US07314883-20080101-C00387.png,CCOC(=O)C(CC(=O)N1CCC(N2Cc3ccccc3NC2=O)CC1)Nc1ccc2[nH]ncc2c1
/beegfs/home/m.romanov/thesis/benchmarking/datasets/USPTO/US07314883-20080101-C00388.png,O=C(O)C(CC(=O)N1CCC(N2Cc3ccccc3NC2=O)CC1)Nc1ccc2[nH]ncc2c1
/beegfs/home/m.romanov/thesis/benchmarking/datasets/USPTO/US07314883-20080101-C00389.png,O=C(CC(Nc1ccc2[nH]ncc2c1)C(=O)N1CCC(N2CCCCC2)CC1)N1CCC(N2Cc3ccccc3NC2=O)CC1
/beegfs/home/m.romanov/thesis/benchmarking/datasets/USPTO/US07314883-20080101-C00390.png,O=[N+]([O-])c1ccccc1CNC1CCN(Cc2ccccc2)CC1
/beegfs/home/m.romanov/thesis/benchmarking/datasets/USPTO/US07314883-20080101-C00391.png,Nc1ccccc1CNC1CCN(Cc2ccccc2)CC1
/beegfs/home/m.romanov/thesis/benchmarking/datasets/USPTO/US07314883-20080101-C00392.png,O=S1(=O)Nc2ccccc2CN1C1CCN(Cc2ccccc2)CC1
/beegfs/home/m.romanov/thesis/benchmarking/datasets/USPTO/US07314883-20080101-C00393.png,O=S1(=O)Nc2ccccc2CN1C1CCNCC1
/beegfs/home/m.romanov/thesis/benchmarking/datasets/USPTO/US07314883-20080101-C00394.png,O=C1Nc2ccc(Br)cc2CN1C1CCNCC1
/beegfs/home/m.romanov/thesis/benchmarking/datasets/USPTO/US07314883-20080101-C00395.png,N#Cc1ccc2c(c1)CN(C1CCNCC1)C(=O)N2
/beegfs/home/m.romanov/thesis/benchmarking/datasets/USPTO/US07314883-20080101-C00396.png,O=C(Cc1ccccc1[N+](=O)[O-])NC1CCN(Cc2ccccc2)CC1
/beegfs/home/m.romanov/thesis/benchmarking/datasets/USPTO/US07314883-20080101-C00397.png,Nc1ccccc1CCNC1CCN(Cc2ccccc2)CC1
/beegfs/home/m.romanov/thesis/benchmarking/datasets/USPTO/US07314883-20080101-C00398.png,O=C1Nc2ccccc2CCN1C1CCN(Cc2ccccc2)CC1
/beegfs/home/m.romanov/thesis/benchmarking/datasets/USPTO/US07314883-20080101-C00399.png,O=C1Nc2ccccc2CCN1C1CCNCC1
/beegfs/home/m.romanov/thesis/benchmarking/datasets/USPTO/US07314883-20080101-C00400.png,O=[N+]([O-])c1ccc(O)cc1CNC1CCN(Cc2ccccc2)CC1
/beegfs/home/m.romanov/thesis/benchmarking/datasets/USPTO/US07314883-20080101-C00401.png,Nc1ccc(O)cc1CNC1CCN(Cc2ccccc2)CC1
/beegfs/home/m.romanov/thesis/benchmarking/datasets/USPTO/US07314883-20080101-C00402.png,O=C1Nc2ccc(O)cc2CN1C1CCN(Cc2ccccc2)CC1
/beegfs/home/m.romanov/thesis/benchmarking/datasets/USPTO/US07314883-20080101-C00403.png,O=C1Nc2ccc(O)cc2CN1C1CCNCC1
/beegfs/home/m.romanov/thesis/benchmarking/datasets/USPTO/US07314883-20080101-C00404.png,COc1cccc([N+](=O)[O-])c1C(=O)NC1CCN(Cc2ccccc2)CC1
/beegfs/home/m.romanov/thesis/benchmarking/datasets/USPTO/US07314883-20080101-C00405.png,COc1cccc(N)c1CNC1CCN(Cc2ccccc2)CC1
/beegfs/home/m.romanov/thesis/benchmarking/datasets/USPTO/US07314883-20080101-C00406.png,COc1cccc2c1NC(=O)N(C1CCN(Cc3ccccc3)CC1)C2
/beegfs/home/m.romanov/thesis/benchmarking/datasets/USPTO/US07314883-20080101-C00407.png,COc1cccc2c1NC(=O)N(C1CCNCC1)C2
/beegfs/home/m.romanov/thesis/benchmarking/datasets/USPTO/US07314883-20080101-C00408.png,O=C(NC1CCN(Cc2ccccc2)CC1)c1c(Cl)cccc1[N+](=O)[O-]
/beegfs/home/m.romanov/thesis/benchmarking/datasets/USPTO/US07314883-20080101-C00409.png,Nc1cccc(Cl)c1CNC1CCN(Cc2ccccc2)CC1
/beegfs/home/m.romanov/thesis/benchmarking/datasets/USPTO/US07314883-20080101-C00410.png,O=C1Nc2c(Cl)cccc2CN1C1CCN(Cc2ccccc2)CC1
/beegfs/home/m.romanov/thesis/benchmarking/datasets/USPTO/US07314883-20080101-C00411.png,O=C1Nc2c(Cl)cccc2CN1C1CCNCC1
/beegfs/home/m.romanov/thesis/benchmarking/datasets/USPTO/US07314883-20080101-C00412.png,N#Cc1c[nH]c2ccc(Br)cc12
/beegfs/home/m.romanov/thesis/benchmarking/datasets/USPTO/US07314883-20080101-C00413.png,N#Cc1c[nH]c2ccc(C=O)cc12
/beegfs/home/m.romanov/thesis/benchmarking/datasets/USPTO/US07314883-20080101-C00414.png,COC(=O)/C(=C/c1ccc2[nH]cc(C#N)c2c1)NC(=O)OCc1ccccc1
/beegfs/home/m.romanov/thesis/benchmarking/datasets/USPTO/US07314883-20080101-C00415.png,COC(=O)C(N)Cc1ccc2[nH]cc(C#N)c2c1
/beegfs/home/m.romanov/thesis/benchmarking/datasets/USPTO/US07314883-20080101-C00416.png,COC(=O)C(Cc1ccc2[nH]cc(C#N)c2c1)NC(=O)N1CCC(N2Cc3ccccc3NC2=O)CC1
/beegfs/home/m.romanov/thesis/benchmarking/datasets/USPTO/US07314883-20080101-C00417.png,N#Cc1c[nH]c2ccc(CC(NC(=O)N3CCC(N4Cc5ccccc5NC4=O)CC3)C(=O)N3CCC(N4CCCCC4)CC3)cc12
/beegfs/home/m.romanov/thesis/benchmarking/datasets/USPTO/US07314883-20080101-C00418.png,CCOC(=O)/C(C)=N/Nc1ccc(Br)cc1C
/beegfs/home/m.romanov/thesis/benchmarking/datasets/USPTO/US07314883-20080101-C00419.png,CCOC(=O)c1cc2cc(Br)cc(C)c2[nH]1
/beegfs/home/m.romanov/thesis/benchmarking/datasets/USPTO/US07314883-20080101-C00420.png,Cc1cc(Br)cc2cc[nH]c12
/beegfs/home/m.romanov/thesis/benchmarking/datasets/USPTO/US07314883-20080101-C00421.png,Cc1cc(Br)cc2c(C=O)c[nH]c12
/beegfs/home/m.romanov/thesis/benchmarking/datasets/USPTO/US07314883-20080101-C00422.png,Cc1cc(Br)cc2c(C#N)c[nH]c12
/beegfs/home/m.romanov/thesis/benchmarking/datasets/USPTO/US07314883-20080101-C00423.png,Cc1cc(C=O)cc2c(C#N)c[nH]c12
/beegfs/home/m.romanov/thesis/benchmarking/datasets/USPTO/US07314883-20080101-C00424.png,COC(=O)/C(=C/c1cc(C)c2[nH]cc(C#N)c2c1)NC(=O)OCc1ccccc1
/beegfs/home/m.romanov/thesis/benchmarking/datasets/USPTO/US07314883-20080101-C00425.png,COC(=O)C(N)Cc1cc(C)c2[nH]cc(C#N)c2c1
/beegfs/home/m.romanov/thesis/benchmarking/datasets/USPTO/US07314883-20080101-C00426.png,Cc1cc(CC(NC(=O)N2CCC(N3Cc4ccccc4NC3=O)CC2)C(=O)N2CCC(N3CCCCC3)CC2)cc2c(C#N)c[nH]c12
/beegfs/home/m.romanov/thesis/benchmarking/datasets/USPTO/US07314883-20080101-C00427.png,Cc1cc(Br)cc(C(C)C)c1N
/beegfs/home/m.romanov/thesis/benchmarking/datasets/USPTO/US07314883-20080101-C00428.png,Cc1cc(Br)cc(C(C)C)c1/N=N/SC(C)(C)C
/beegfs/home/m.romanov/thesis/benchmarking/datasets/USPTO/US07314883-20080101-C00429.png,CC(C)c1cc(Br)cc2cn[nH]c12
/beegfs/home/m.romanov/thesis/benchmarking/datasets/USPTO/US07314883-20080101-C00430.png,CC(C)c1cc(C=O)cc2cn[nH]c12
/beegfs/home/m.romanov/thesis/benchmarking/datasets/USPTO/US07314883-20080101-C00431.png,COC(=O)/C(=C/c1cc(C(C)C)c2[nH]ncc2c1)NC(=O)OCc1ccccc1
/beegfs/home/m.romanov/thesis/benchmarking/datasets/USPTO/US07314883-20080101-C00432.png,COC(=O)C(N)Cc1cc(C(C)C)c2[nH]ncc2c1
/beegfs/home/m.romanov/thesis/benchmarking/datasets/USPTO/US07314883-20080101-C00433.png,COC(=O)C(Cc1cc(C(C)C)c2[nH]ncc2c1)NC(=O)N1CCC(N2Cc3ccccc3NC2=O)CC1
/beegfs/home/m.romanov/thesis/benchmarking/datasets/USPTO/US07314883-20080101-C00434.png,CC(C)c1cc(CC(NC(=O)N2CCC(N3Cc4ccccc4NC3=O)CC2)C(=O)N2CCC(N3CCCCC3)CC2)cc2cn[nH]c12
/beegfs/home/m.romanov/thesis/benchmarking/datasets/USPTO/US07314883-20080101-C00435.png,CCc1cc(Br)cc(CC)c1/N=N/SC(C)(C)C
/beegfs/home/m.romanov/thesis/benchmarking/datasets/USPTO/US07314883-20080101-C00436.png,CCc1cc(Br)cc2c(C)n[nH]c12
/beegfs/home/m.romanov/thesis/benchmarking/datasets/USPTO/US07314883-20080101-C00437.png,CCc1cc(C=O)cc2c(C)n[nH]c12
/beegfs/home/m.romanov/thesis/benchmarking/datasets/USPTO/US07314883-20080101-C00438.png,CCc1cc(/C=C(\NC(=O)OCc2ccccc2)C(=O)OC)cc2c(C)n[nH]c12
/beegfs/home/m.romanov/thesis/benchmarking/datasets/USPTO/US07314883-20080101-C00439.png,CCc1cc(CC(N)C(=O)OC)cc2c(C)n[nH]c12
/beegfs/home/m.romanov/thesis/benchmarking/datasets/USPTO/US07314883-20080101-C00440.png,CCc1cc(CC(NC(=O)N2CCC(N3Cc4ccccc4NC3=O)CC2)C(=O)N2CCC(N3CCCCC3)CC2)cc2c(C)n[nH]c12
/beegfs/home/m.romanov/thesis/benchmarking/datasets/USPTO/US07314883-20080101-C00441.png,Cc1cc(CC(NC(=O)N2CCC(N3Cc4ccccc4NS3(=O)=O)CC2)C(=O)N2CCC(N3CCCCC3)CC2)cc2cn[nH]c12
/beegfs/home/m.romanov/thesis/benchmarking/datasets/USPTO/US07314883-20080101-C00442.png,CCc1cc(CC(NC(=O)N2CCC(N3Cc4ccccc4NS3(=O)=O)CC2)C(=O)N2CCC(N3CCCCC3)CC2)cc2c(C)n[nH]c12
/beegfs/home/m.romanov/thesis/benchmarking/datasets/USPTO/US07314883-20080101-C00443.png,COC(=O)C(Cc1cc(C)c2[nH]ncc2c1)NC(=O)N1CCC(N2Cc3cc(C#N)ccc3NC2=O)CC1
/beegfs/home/m.romanov/thesis/benchmarking/datasets/USPTO/US07314883-20080101-C00444.png,Cc1cc(CC(NC(=O)N2CCC(N3Cc4cc(C#N)ccc4NC3=O)CC2)C(=O)N2CCC(N3CCCCC3)CC2)cc2cn[nH]c12
/beegfs/home/m.romanov/thesis/benchmarking/datasets/USPTO/US07314883-20080101-C00445.png,Cc1cc(CC(NC(=O)N2CCC(N3CCc4ccccc4NC3=O)CC2)C(=O)N2CCC(N3CCCCC3)CC2)cc2cn[nH]c12
/beegfs/home/m.romanov/thesis/benchmarking/datasets/USPTO/US07314883-20080101-C00446.png,Cc1cc(CC(NC(=O)N2CCC(N3Cc4cc(O)ccc4NC3=O)CC2)C(=O)N2CCC(N3CCCCC3)CC2)cc2cn[nH]c12
/beegfs/home/m.romanov/thesis/benchmarking/datasets/USPTO/US07314883-20080101-C00447.png,COc1cccc2c1NC(=O)N(C1CCN(C(=O)NC(Cc3cc(C)c4[nH]ncc4c3)C(=O)N3CCC(N4CCCCC4)CC3)CC1)C2
/beegfs/home/m.romanov/thesis/benchmarking/datasets/USPTO/US07314883-20080101-C00448.png,Cc1cc(CC(NC(=O)N2CCC(N3Cc4cccc(Cl)c4NC3=O)CC2)C(=O)N2CCC(N3CCCCC3)CC2)cc2cn[nH]c12
/beegfs/home/m.romanov/thesis/benchmarking/datasets/USPTO/US07314883-20080101-C00449.png,CCc1cc(CC(NC(=O)N2CCC3(CC2)NC(=O)Nc2ccccc23)C(=O)N2CCC(N3CCCCC3)CC2)cc2c(C)n[nH]c12
/beegfs/home/m.romanov/thesis/benchmarking/datasets/USPTO/US07314883-20080101-C00450.png,CCc1cc(CC(NC(=O)N2CCC3(CC2)OC(=O)Nc2ccccc23)C(=O)N2CCC(N3CCCCC3)CC2)cc2c(C)n[nH]c12
/beegfs/home/m.romanov/thesis/benchmarking/datasets/USPTO/US07314883-20080101-C00451.png,CC(C)(C)OC(=O)Nc1ccccc1F
/beegfs/home/m.romanov/thesis/benchmarking/datasets/USPTO/US07314883-20080101-C00452.png,CC(C)(C)OC(=O)Nc1c(F)cccc1C(=O)O
/beegfs/home/m.romanov/thesis/benchmarking/datasets/USPTO/US07314883-20080101-C00453.png,CC(C)(C)OC(=O)Nc1c(F)cccc1C(=O)NC1CCN(Cc2ccccc2)CC1
/beegfs/home/m.romanov/thesis/benchmarking/datasets/USPTO/US07314883-20080101-C00454.png,Nc1c(F)cccc1C(=O)NC1CCN(Cc2ccccc2)CC1
/beegfs/home/m.romanov/thesis/benchmarking/datasets/USPTO/US07314883-20080101-C00455.png,Nc1c(F)cccc1CNC1CCN(Cc2ccccc2)CC1
/beegfs/home/m.romanov/thesis/benchmarking/datasets/USPTO/US07314883-20080101-C00456.png,O=C1Nc2c(F)cccc2CN1C1CCN(Cc2ccccc2)CC1
/beegfs/home/m.romanov/thesis/benchmarking/datasets/USPTO/US07314883-20080101-C00457.png,O=C1Nc2c(F)cccc2CN1C1CCNCC1
/beegfs/home/m.romanov/thesis/benchmarking/datasets/USPTO/US07314883-20080101-C00458.png,O=c1[nH]c2c(F)cccc2c(=O)n1C1CCN(Cc2ccccc2)CC1
/beegfs/home/m.romanov/thesis/benchmarking/datasets/USPTO/US07314883-20080101-C00459.png,O=c1[nH]c2c(F)cccc2c(=O)n1C1CCNCC1
/beegfs/home/m.romanov/thesis/benchmarking/datasets/USPTO/US07314883-20080101-C00460.png,O=C1Nc2c(F)cccc2C2(CCN(Cc3ccccc3)CC2)N1
/beegfs/home/m.romanov/thesis/benchmarking/datasets/USPTO/US07314883-20080101-C00461.png,O=C1Nc2c(F)cccc2C2(CCNCC2)N1
/beegfs/home/m.romanov/thesis/benchmarking/datasets/USPTO/US07314883-20080101-C00462.png,CCc1cc(CC(NC(=O)N2CCC(N3Cc4ccccc4NC3=O)CC2)C(=O)N2CCc3[nH]ncc3C2)cc2cn[nH]c12
/beegfs/home/m.romanov/thesis/benchmarking/datasets/USPTO/US07314883-20080101-C00463.png,CCc1cc(CC(NC(=O)N2CCC(N3Cc4ccccc4NC3=O)CC2)C(=O)N2Cc3cn[nH]c3C(C)(C)C2)cc2cn[nH]c12
/beegfs/home/m.romanov/thesis/benchmarking/datasets/USPTO/US07314883-20080101-C00464.png,COC(=O)C(Cc1cc(C)c2[nH]ncc2c1)NC(=O)N1CCC(N2Cc3cccc(F)c3NC2=O)CC1
/beegfs/home/m.romanov/thesis/benchmarking/datasets/USPTO/US07314883-20080101-C00465.png,Cc1cc(CC(NC(=O)N2CCC(N3Cc4cccc(F)c4NC3=O)CC2)C(=O)N2CCC(N3CCCCC3)CC2)cc2cn[nH]c12
/beegfs/home/m.romanov/thesis/benchmarking/datasets/USPTO/US07314883-20080101-C00466.png,Cc1cc(CC(NC(=O)N2CCC(N3Cc4cccc(F)c4NC3=O)CC2)C(=O)N2CCN(c3ccccc3)CC2)cc2cn[nH]c12
/beegfs/home/m.romanov/thesis/benchmarking/datasets/USPTO/US07314883-20080101-C00467.png,Cc1cc(CC(NC(=O)N2CCC(N3Cc4cccc(F)c4NC3=O)CC2)C(=O)N2CCN(c3ccc(F)cc3)CC2)cc2cn[nH]c12
/beegfs/home/m.romanov/thesis/benchmarking/datasets/USPTO/US07314883-20080101-C00468.png,Cc1cc(CC(NC(=O)N2CCC(N3Cc4cccc(F)c4NC3=O)CC2)C(=O)N2CCN(c3ccccc3F)CC2)cc2cn[nH]c12
/beegfs/home/m.romanov/thesis/benchmarking/datasets/USPTO/US07314883-20080101-C00469.png,Cc1ccccc1N1CCN(C(=O)C(Cc2cc(C)c3[nH]ncc3c2)NC(=O)N2CCC(N3Cc4cccc(F)c4NC3=O)CC2)CC1
/beegfs/home/m.romanov/thesis/benchmarking/datasets/USPTO/US07314883-20080101-C00470.png,CCc1cc(CC(NC(=O)N2CCC(N3Cc4cccc(F)c4NC3=O)CC2)C(=O)OC)cc2c(C)n[nH]c12
/beegfs/home/m.romanov/thesis/benchmarking/datasets/USPTO/US07314883-20080101-C00471.png,CCc1cc(CC(NC(=O)N2CCC(N3Cc4cccc(F)c4NC3=O)CC2)C(=O)N2CCC(N3CCCCC3)CC2)cc2c(C)n[nH]c12
/beegfs/home/m.romanov/thesis/benchmarking/datasets/USPTO/US07314883-20080101-C00472.png,O=C(N[C@H](Cc1ccc2[nH]c(=O)oc2c1)C(=O)N1CCC(N2CCCCC2)CC1)N1CCC(N2Cc3cccc(F)c3NC2=O)CC1
/beegfs/home/m.romanov/thesis/benchmarking/datasets/USPTO/US07314883-20080101-C00473.png,Cc1cc(CC(NC(=O)N2CCC3(CC2)NC(=O)Nc2c(F)cccc23)C(=O)N2CCC(N3CCCCC3)CC2)cc2cn[nH]c12
/beegfs/home/m.romanov/thesis/benchmarking/datasets/USPTO/US07314883-20080101-C00474.png,Cc1cc(CC(NC(=O)N2CCC(n3c(=O)[nH]c4c(F)cccc4c3=O)CC2)C(=O)N2CCC(N3CCCCC3)CC2)cc2cn[nH]c12
/beegfs/home/m.romanov/thesis/benchmarking/datasets/USPTO/US07314883-20080101-C00475.png,COC(=O)[C@H](N)Cc1ccc2[nH]c(C(F)(F)F)nc2c1
/beegfs/home/m.romanov/thesis/benchmarking/datasets/USPTO/US07314883-20080101-C00478.png,O=C(N[C@H](Cc1ccc2[nH]c(C(F)(F)F)nc2c1)C(=O)N1CCC(N2CCCCC2)CC1)N1CCC(N2Cc3ccccc3NC2=O)CC1
/beegfs/home/m.romanov/thesis/benchmarking/datasets/USPTO/US07314883-20080101-C00479.png,CN(C)C(=O)[C@@H](Cc1ccc2[nH]c(C(F)(F)F)nc2c1)NC(=O)N1CCC(N2Cc3ccccc3NC2=O)CC1
/beegfs/home/m.romanov/thesis/benchmarking/datasets/USPTO/US07314883-20080101-C00480.png,COC(=O)[C@@H](Cc1ccc2[nH]c(=O)[nH]c2c1)NC(=O)OCc1ccccc1
/beegfs/home/m.romanov/thesis/benchmarking/datasets/USPTO/US07314883-20080101-C00481.png,COC(=O)[C@H](N)Cc1ccc2[nH]c(=O)[nH]c2c1
/beegfs/home/m.romanov/thesis/benchmarking/datasets/USPTO/US07314883-20080101-C00482.png,COC(=O)[C@@H](Cc1ccc2[nH]c(=O)[nH]c2c1)NC(=O)N1CCC(N2Cc3ccccc3NC2=O)CC1
/beegfs/home/m.romanov/thesis/benchmarking/datasets/USPTO/US07314883-20080101-C00483.png,O=C(O)[C@@H](Cc1ccc2[nH]c(=O)[nH]c2c1)NC(=O)N1CCC(N2Cc3ccccc3NC2=O)CC1
/beegfs/home/m.romanov/thesis/benchmarking/datasets/USPTO/US07314883-20080101-C00484.png,O=C(N[C@H](Cc1ccc2[nH]c(=O)[nH]c2c1)C(=O)N1CCC(N2CCCCC2)CC1)N1CCC(N2Cc3ccccc3NC2=O)CC1
/beegfs/home/m.romanov/thesis/benchmarking/datasets/USPTO/US07314883-20080101-C00485.png,CN(C)C(=O)[C@@H](Cc1ccc2[nH]c(=O)[nH]c2c1)NC(=O)N1CCC(N2Cc3ccccc3NC2=O)CC1
/beegfs/home/m.romanov/thesis/benchmarking/datasets/USPTO/US07314883-20080101-C00486.png,COC(=O)[C@@H](Cc1ccc2[nH]c(=O)[nH]c2c1)NC(=O)N1CCC2(CC1)NC(=O)Nc1ccccc12
/beegfs/home/m.romanov/thesis/benchmarking/datasets/USPTO/US07314883-20080101-C00487.png,O=C1Nc2ccccc2C2(CCN(C(=O)N[C@H](Cc3ccc4[nH]c(=O)[nH]c4c3)C(=O)O)CC2)N1
/beegfs/home/m.romanov/thesis/benchmarking/datasets/USPTO/US07314883-20080101-C00488.png,O=C1Nc2ccccc2C2(CCN(C(=O)N[C@H](Cc3ccc4[nH]c(=O)[nH]c4c3)C(=O)N3CCC(N4CCCCC4)CC3)CC2)N1
/beegfs/home/m.romanov/thesis/benchmarking/datasets/USPTO/US07314883-20080101-C00489.png,CC(=O)Nc1ccc(C(=O)O)cc1C
/beegfs/home/m.romanov/thesis/benchmarking/datasets/USPTO/US07314883-20080101-C00490.png,CC(=O)Nc1c(C)cc(C(=O)O)cc1[N+](=O)[O-]
/beegfs/home/m.romanov/thesis/benchmarking/datasets/USPTO/US07314883-20080101-C00491.png,Cc1cc(C(=O)O)cc([N+](=O)[O-])c1N
/beegfs/home/m.romanov/thesis/benchmarking/datasets/USPTO/US07314883-20080101-C00492.png,Cc1cc(C(=O)O)cc([N+](=O)[O-])c1[N+](=O)[O-]
/beegfs/home/m.romanov/thesis/benchmarking/datasets/USPTO/US07314883-20080101-C00493.png,Cc1cc(CO)cc([N+](=O)[O-])c1[N+](=O)[O-]
/beegfs/home/m.romanov/thesis/benchmarking/datasets/USPTO/US07314883-20080101-C00494.png,Cc1cc(C=O)cc([N+](=O)[O-])c1[N+](=O)[O-]
/beegfs/home/m.romanov/thesis/benchmarking/datasets/USPTO/US07314883-20080101-C00495.png,COC(=O)/C(=C/c1cc(C)c([N+](=O)[O-])c([N+](=O)[O-])c1)NC(=O)OCc1ccccc1
/beegfs/home/m.romanov/thesis/benchmarking/datasets/USPTO/US07314883-20080101-C00496.png,COC(=O)[C@@H](Cc1cc(C)c([N+](=O)[O-])c([N+](=O)[O-])c1)NC(=O)OCc1ccccc1
/beegfs/home/m.romanov/thesis/benchmarking/datasets/USPTO/US07314883-20080101-C00497.png,COC(=O)[C@@H](Cc1cc(C)c(N)c(N)c1)NC(=O)OCc1ccccc1
/beegfs/home/m.romanov/thesis/benchmarking/datasets/USPTO/US07314883-20080101-C00498.png,COC(=O)[C@@H](Cc1cc(C)c2[nH]nnc2c1)NC(=O)OCc1ccccc1
/beegfs/home/m.romanov/thesis/benchmarking/datasets/USPTO/US07314883-20080101-C00499.png,COC(=O)[C@H](N)Cc1cc(C)c2[nH]nnc2c1
/beegfs/home/m.romanov/thesis/benchmarking/datasets/USPTO/US07314883-20080101-C00500.png,COC(=O)[C@@H](Cc1cc(C)c2[nH]nnc2c1)NC(=O)N1CCC(N2Cc3ccccc3NC2=O)CC1
/beegfs/home/m.romanov/thesis/benchmarking/datasets/USPTO/US07314883-20080101-C00501.png,Cc1cc(C[C@@H](NC(=O)N2CCC(n3c(=O)[nH]c4ccccc4c3=O)CC2)C(=O)O)cc2nn[nH]c12
/beegfs/home/m.romanov/thesis/benchmarking/datasets/USPTO/US07314883-20080101-C00502.png,Cc1cc(C[C@@H](NC(=O)N2CCC(n3c(=O)[nH]c4ccccc4c3=O)CC2)C(=O)N2CCC(N3CCCCC3)CC2)cc2nn[nH]c12
/beegfs/home/m.romanov/thesis/benchmarking/datasets/USPTO/US07314883-20080101-C00503.png,COC(=O)[C@@H](Cc1cc(Cl)c2[nH]c(=O)oc2c1)NC(=O)OCc1ccccc1
/beegfs/home/m.romanov/thesis/benchmarking/datasets/USPTO/US07314883-20080101-C00504.png,COC(=O)[C@@H](Cc1cc2oc(=O)[nH]c2cc1Cl)NC(=O)OCc1ccccc1
/beegfs/home/m.romanov/thesis/benchmarking/datasets/USPTO/US07314883-20080101-C00505.png,COC(=O)[C@@H](Cc1cc(Br)c2[nH]c(=O)oc2c1)NC(=O)OCc1ccccc1
/beegfs/home/m.romanov/thesis/benchmarking/datasets/USPTO/US07314883-20080101-C00506.png,COC(=O)[C@@H](Cc1cc2oc(=O)[nH]c2cc1Br)NC(=O)OCc1ccccc1
/beegfs/home/m.romanov/thesis/benchmarking/datasets/USPTO/US07314883-20080101-C00507.png,COC(=O)[C@@H](Cc1cc(I)c2[nH]c(=O)oc2c1)NC(=O)OCc1ccccc1
/beegfs/home/m.romanov/thesis/benchmarking/datasets/USPTO/US07314883-20080101-C00508.png,COC(=O)[C@H](N)Cc1cc2oc(=O)[nH]c2cc1Br
/beegfs/home/m.romanov/thesis/benchmarking/datasets/USPTO/US07314883-20080101-C00509.png,COC(=O)[C@H](N)Cc1cc(Br)c2[nH]c(=O)oc2c1
/beegfs/home/m.romanov/thesis/benchmarking/datasets/USPTO/US07314883-20080101-C00510.png,COC(=O)[C@H](N)Cc1cc2oc(=O)[nH]c2cc1Cl
/beegfs/home/m.romanov/thesis/benchmarking/datasets/USPTO/US07314883-20080101-C00511.png,COC(=O)[C@H](N)Cc1cc(Cl)c2[nH]c(=O)oc2c1
/beegfs/home/m.romanov/thesis/benchmarking/datasets/USPTO/US07314883-20080101-C00512.png,COC(=O)[C@H](N)Cc1cc(I)c2[nH]c(=O)oc2c1
/beegfs/home/m.romanov/thesis/benchmarking/datasets/USPTO/US07314883-20080101-C00513.png,COC(=O)[C@@H](Cc1ccc2[nH]c(=O)oc2c1)NC(=O)N1CCC2(CC1)OC(=O)Nc1ccccc12
/beegfs/home/m.romanov/thesis/benchmarking/datasets/USPTO/US07314883-20080101-C00514.png,COC(=O)[C@@H](Cc1ccc2[nH]c(=O)oc2c1)NC(=O)N1CCC2(CC1)NC(=O)Nc1ccccc12
/beegfs/home/m.romanov/thesis/benchmarking/datasets/USPTO/US07314883-20080101-C00520.png,O=C1Nc2ccccc2C2(CCN(C(=O)N[C@H](Cc3ccc4[nH]c(=O)oc4c3)C(=O)O)CC2)O1
/beegfs/home/m.romanov/thesis/benchmarking/datasets/USPTO/US07314883-20080101-C00521.png,O=C1Nc2ccccc2C2(CCN(C(=O)N[C@H](Cc3ccc4[nH]c(=O)oc4c3)C(=O)O)CC2)N1
/beegfs/home/m.romanov/thesis/benchmarking/datasets/USPTO/US07314883-20080101-C00529.png,O=C1Nc2ccccc2C2(CCN(C(=O)N[C@H](Cc3ccc4[nH]c(=O)oc4c3)C(=O)N3CCC(N4CCCCC4)CC3)CC2)O1
/beegfs/home/m.romanov/thesis/benchmarking/datasets/USPTO/US07314883-20080101-C00530.png,O=C1Nc2ccccc2C2(CCN(C(=O)N[C@H](Cc3ccc4[nH]c(=O)oc4c3)C(=O)N3CCN(C4CCCCC4)CC3)CC2)O1
/beegfs/home/m.romanov/thesis/benchmarking/datasets/USPTO/US07314883-20080101-C00531.png,CC(C)N1CCN(C(=O)[C@@H](Cc2ccc3[nH]c(=O)oc3c2)NC(=O)N2CCC3(CC2)OC(=O)Nc2ccccc23)CC1
/beegfs/home/m.romanov/thesis/benchmarking/datasets/USPTO/US07314883-20080101-C00532.png,O=C1Nc2ccccc2C2(CCN(C(=O)N[C@H](Cc3ccc4[nH]c(=O)oc4c3)C(=O)N3CCC(N4CCCCC4)CC3)CC2)N1
/beegfs/home/m.romanov/thesis/benchmarking/datasets/USPTO/US07314883-20080101-C00533.png,O=C1Nc2ccccc2C2(CCN(C(=O)N[C@H](Cc3ccc4[nH]c(=O)oc4c3)C(=O)N3CCN(C4CCCCC4)CC3)CC2)N1
/beegfs/home/m.romanov/thesis/benchmarking/datasets/USPTO/US07314883-20080101-C00534.png,CC(C)N1CCN(C(=O)[C@@H](Cc2ccc3[nH]c(=O)oc3c2)NC(=O)N2CCC3(CC2)NC(=O)Nc2ccccc23)CC1
/beegfs/home/m.romanov/thesis/benchmarking/datasets/USPTO/US07314883-20080101-C00540.png,Cc1cc(CC(CC(=O)N2CCC3(CC2)OC(=O)Nc2ccccc23)C(=O)N[C@H](CO)Cc2ccccc2)cc2cn[nH]c12
/beegfs/home/m.romanov/thesis/benchmarking/datasets/USPTO/US07314883-20080101-C00541.png,Cc1cc(CC(CC(=O)N2CCC(N3Cc4ccccc4NC3=O)CC2)C(=O)N[C@H](CO)Cc2ccccc2)cc2cn[nH]c12
/beegfs/home/m.romanov/thesis/benchmarking/datasets/USPTO/US07314883-20080101-C00542.png,Cc1cc(CC(CC(=O)N2CCC(N3Cc4ccccc4NC3=O)CC2)C(=O)NNC(=O)Cc2ccccc2)cc2cn[nH]c12
/beegfs/home/m.romanov/thesis/benchmarking/datasets/USPTO/US07314883-20080101-C00543.png,Cc1cc(CC(CC(=O)N2CCC(N3Cc4cccc(F)c4NC3=O)CC2)C(=O)N2CCC(N3CCCCC3)CC2)cc2cn[nH]c12
/beegfs/home/m.romanov/thesis/benchmarking/datasets/USPTO/US07314883-20080101-C00544.png,Cc1cc(CC(CC(=O)N2CCC3(CC2)NC(=O)Nc2ccccc23)C(=O)N2CCC(N3CCCCC3)CC2)cc2cn[nH]c12
/beegfs/home/m.romanov/thesis/benchmarking/datasets/USPTO/US07314883-20080101-C00545.png,O=Cc1ccc2[nH]c(=O)oc2c1
/beegfs/home/m.romanov/thesis/benchmarking/datasets/USPTO/US07314883-20080101-C00546.png,COC(=O)CC(=Cc1ccc2[nH]c(=O)oc2c1)C(=O)O
/beegfs/home/m.romanov/thesis/benchmarking/datasets/USPTO/US07314883-20080101-C00547.png,COC(=O)CC(Cc1ccc2[nH]c(=O)oc2c1)C(=O)O
/beegfs/home/m.romanov/thesis/benchmarking/datasets/USPTO/US07314883-20080101-C00548.png,COC(=O)C(CC(=O)N1CCC(N2Cc3ccccc3NC2=O)CC1)Cc1ccc2[nH]c(=O)oc2c1
/beegfs/home/m.romanov/thesis/benchmarking/datasets/USPTO/US07314883-20080101-C00549.png,COC(=O)C(CC(=O)N1CCC2(CC1)NC(=O)Nc1ccccc12)Cc1ccc2[nH]c(=O)oc2c1
/beegfs/home/m.romanov/thesis/benchmarking/datasets/USPTO/US07314883-20080101-C00550.png,O=C1Nc2ccccc2C2(CCN(C(=O)CC(Cc3ccc4[nH]c(=O)oc4c3)C(=O)O)CC2)N1
/beegfs/home/m.romanov/thesis/benchmarking/datasets/USPTO/US07314883-20080101-C00551.png,O=C(O)C(CC(=O)N1CCC(N2Cc3ccccc3NC2=O)CC1)Cc1ccc2[nH]c(=O)oc2c1
/beegfs/home/m.romanov/thesis/benchmarking/datasets/USPTO/US07314883-20080101-C00552.png,O=C(CC(Cc1ccc2[nH]c(=O)oc2c1)C(=O)N1CCN(C2CCCCC2)CC1)N1CCC(N2Cc3ccccc3NC2=O)CC1
/beegfs/home/m.romanov/thesis/benchmarking/datasets/USPTO/US07314883-20080101-C00553.png,O=C(CC(Cc1ccc2[nH]c(=O)oc2c1)C(=O)N1CCC(N2CCCCC2)CC1)N1CCC(N2Cc3ccccc3NC2=O)CC1
/beegfs/home/m.romanov/thesis/benchmarking/datasets/USPTO/US07314883-20080101-C00554.png,O=C1Nc2ccccc2C2(CCN(C(=O)CC(Cc3ccc4[nH]c(=O)oc4c3)C(=O)N3CCC(N4CCCCC4)CC3)CC2)N1
/beegfs/home/m.romanov/thesis/benchmarking/datasets/USPTO/US07314883-20080101-C00555.png,O=C1Nc2ccccc2C2(CCN(C(=O)CC(Cc3ccc4[nH]c(=O)oc4c3)C(=O)N3CCN(C4CCCCC4)CC3)CC2)N1
/beegfs/home/m.romanov/thesis/benchmarking/datasets/USPTO/US07314883-20080101-C00556.png,Cc1cc(CC(NC(=O)N2CCC(N3Cc4ccccc4NC3=O)CC2)C(=O)N2CCN(C3CCCCC3)CC2)cc2cn[nH]c12
/beegfs/home/m.romanov/thesis/benchmarking/datasets/USPTO/US07314883-20080101-C00557.png,Cc1cc(CC(NC(=O)N2CCC(N3Cc4ccccc4NC3=O)CC2)C(=O)N2CCN(C3CCC(F)CC3)CC2)cc2cn[nH]c12
/beegfs/home/m.romanov/thesis/benchmarking/datasets/USPTO/US07314883-20080101-C00558.png,Cc1cc(CC(NC(=O)N2CCC(N3Cc4ccccc4NC3=O)CC2)C(=O)OC(C)(C)C)cc2cn[nH]c12
/beegfs/home/m.romanov/thesis/benchmarking/datasets/USPTO/US07314883-20080101-C00559.png,Cc1cc(CC(NC(=O)N2CCC(N3Cc4ccccc4NC3=O)CC2)C(=O)OC2(C)CCCCC2)cc2cn[nH]c12
/beegfs/home/m.romanov/thesis/benchmarking/datasets/USPTO/US07314883-20080101-C00560.png,Cc1cc(CC(NC(=O)N2CCC(N3Cc4ccccc4NC3=O)CC2)C(=O)OC2CN3CCC2CC3)cc2cn[nH]c12
/beegfs/home/m.romanov/thesis/benchmarking/datasets/USPTO/US07314883-20080101-C00561.png,Cc1cc(CC(NC(=O)N2CCC(N3Cc4ccccc4NC3=O)CC2)C(=O)OC2CCNCC2)cc2cn[nH]c12
/beegfs/home/m.romanov/thesis/benchmarking/datasets/USPTO/US07314883-20080101-C00562.png,Cc1cc(CC(NC(=O)N2CCC(N3Cc4ccccc4NC3=O)CC2)C(=O)OC2CCN(C(=O)OC(C)(C)C)CC2)cc2cn[nH]c12
/beegfs/home/m.romanov/thesis/benchmarking/datasets/USPTO/US07314883-20080101-C00563.png,Cc1cc(CC(NC(=O)N2CCC(N3Cc4ccccc4NC3=O)CC2)C(=O)OC2CCN(c3ccncc3)CC2)cc2cn[nH]c12
/beegfs/home/m.romanov/thesis/benchmarking/datasets/USPTO/US07314883-20080101-C00564.png,CCN(CC)CC(C)OC(=O)C(Cc1cc(C)c2[nH]ncc2c1)NC(=O)N1CCC(N2Cc3ccccc3NC2=O)CC1
/beegfs/home/m.romanov/thesis/benchmarking/datasets/USPTO/US07314883-20080101-C00565.png,Cc1cc(CC(NC(=O)N2CCC(N3Cc4ccccc4NC3=O)CC2)C(=O)OC(C)(C)Cc2ccccc2)cc2cn[nH]c12
/beegfs/home/m.romanov/thesis/benchmarking/datasets/USPTO/US07314883-20080101-C00566.png,Cc1cc(CC(NC(=O)N2CCC(N3Cc4ccccc4NC3=O)CC2)C(=O)OC(C)(C)CCc2ccccc2)cc2cn[nH]c12
/beegfs/home/m.romanov/thesis/benchmarking/datasets/USPTO/US07314883-20080101-C00567.png,CCOC(=O)[C@H](Cc1cc(C)c2[nH]ncc2c1)NC(=O)N1CCC(N2Cc3ccccc3NC2=O)CC1
/beegfs/home/m.romanov/thesis/benchmarking/datasets/USPTO/US07314883-20080101-C00568.png,Cc1cc(CC(NC(=O)N2CCC3(CC2)NC(=O)Nc2ccccc23)C(=O)NCc2ccncc2)cc2cn[nH]c12
/beegfs/home/m.romanov/thesis/benchmarking/datasets/USPTO/US07314883-20080101-C00569.png,Cc1cc(CC(NC(=O)N2CCC3(CC2)NC(=O)Nc2ccccc23)C(=O)N2CCN(c3ccncc3)CC2)cc2cn[nH]c12
/beegfs/home/m.romanov/thesis/benchmarking/datasets/USPTO/US07314883-20080101-C00570.png,CCN(CCN(C)C)C(=O)C(Cc1cc(C)c2[nH]ncc2c1)NC(=O)N1CCC2(CC1)NC(=O)Nc1ccccc12
/beegfs/home/m.romanov/thesis/benchmarking/datasets/USPTO/US07314883-20080101-C00572.png,Cc1cc(CC(NC(=O)N2CCC3(CC2)OC(=O)Nc2ccccc23)C(=O)N2CCN(c3ccccn3)CC2)cc2cn[nH]c12
/beegfs/home/m.romanov/thesis/benchmarking/datasets/USPTO/US07314883-20080101-C00573.png,Cc1cc(C[C@@H](NC(=O)N2CCC(N3Cc4ccccc4NC3=O)CC2)C(=O)N2CCC(N3CCCCC3)CC2)cc2cn[nH]c12
/beegfs/home/m.romanov/thesis/benchmarking/datasets/USPTO/US07314883-20080101-C00574.png,Cc1cc(C[C@@H](NC(=O)N2CCC3(CC2)NC(=O)Nc2ccccc23)C(=O)N2CCC(N3CCCCC3)CC2)cc2cn[nH]c12
/beegfs/home/m.romanov/thesis/benchmarking/datasets/USPTO/US07314883-20080101-C00575.png,O=C(NC(Cc1cc(Br)c2[nH]ncc2c1)C(=O)N1CCC(N2CCCCC2)CC1)N1CCC(N2Cc3ccccc3NC2=O)CC1
/beegfs/home/m.romanov/thesis/benchmarking/datasets/USPTO/US07314883-20080101-C00576.png,O=C(NC(Cc1ccc2[nH]c(=O)oc2c1)C(=O)N1CCN(c2ccncc2)CC1)N1CCC(N2Cc3ccccc3NC2=O)CC1
/beegfs/home/m.romanov/thesis/benchmarking/datasets/USPTO/US07314883-20080101-C00577.png,O=C(NC(Cc1ccc2[nH]c(=O)oc2c1)C(=O)N1CCCCC1)N1CCC(N2Cc3ccccc3NC2=O)CC1
/beegfs/home/m.romanov/thesis/benchmarking/datasets/USPTO/US07314883-20080101-C00578.png,CN1CCN(C(=O)C(Cc2ccc3[nH]c(=O)oc3c2)NC(=O)N2CCC(N3Cc4ccccc4NC3=O)CC2)CC1
/beegfs/home/m.romanov/thesis/benchmarking/datasets/USPTO/US07314883-20080101-C00579.png,Cc1cc(CC(NC(=O)N2CCC(N3Cc4ccccc4NC3=O)CC2)C(=O)N2CCC(N3CCCCC3)CC2)cc2oc(=O)[nH]c12
/beegfs/home/m.romanov/thesis/benchmarking/datasets/USPTO/US07314883-20080101-C00580.png,Cc1cc(CC(NC(=O)N2CCC(N3Cc4ccccc4NC3=O)CC2)C(=O)N2CCCCC2)cc2oc(=O)[nH]c12
/beegfs/home/m.romanov/thesis/benchmarking/datasets/USPTO/US07314883-20080101-C00581.png,O=C(NC(Cc1cc(Cl)c2[nH]c(=O)oc2c1)C(=O)N1CCCCC1)N1CCC(N2Cc3ccccc3NC2=O)CC1
/beegfs/home/m.romanov/thesis/benchmarking/datasets/USPTO/US07314883-20080101-C00582.png,Cc1cc(CC(NC(=O)N2CCC(N3Cc4ccccc4NC3=O)CC2)C(=O)N(C)C)cc2oc(=O)[nH]c12
/beegfs/home/m.romanov/thesis/benchmarking/datasets/USPTO/US07314883-20080101-C00583.png,CN(C)C(=O)C(Cc1cc(Cl)c2[nH]c(=O)oc2c1)NC(=O)N1CCC(N2Cc3ccccc3NC2=O)CC1
/beegfs/home/m.romanov/thesis/benchmarking/datasets/USPTO/US07314883-20080101-C00584.png,Cc1cc(CC(NC(=O)N2CCC(N3Cc4ccccc4NC3=O)CC2)C(=O)N2CCN(c3ccncc3)CC2)cc2oc(=O)[nH]c12
/beegfs/home/m.romanov/thesis/benchmarking/datasets/USPTO/US07314883-20080101-C00585.png,O=C(NC(Cc1cc(Cl)c2[nH]c(=O)oc2c1)C(=O)N1CCN(c2ccncc2)CC1)N1CCC(N2Cc3ccccc3NC2=O)CC1
/beegfs/home/m.romanov/thesis/benchmarking/datasets/USPTO/US07314883-20080101-C00586.png,CCc1cc(CC(NC(=O)N2CCC(N3Cc4ccccc4NC3=O)CC2)C(=O)N2CCC(N3CCCCC3)CC2)cc2oc(=O)[nH]c12
/beegfs/home/m.romanov/thesis/benchmarking/datasets/USPTO/US07314883-20080101-C00587.png,Cc1cc(CC(NC(=O)N2CCC(N3Cc4ccccc4NC3=O)CC2)C(=O)N2CCC(N3CCCCC3)CC2)cc2[nH]c(=O)[nH]c12
/beegfs/home/m.romanov/thesis/benchmarking/datasets/USPTO/US07314883-20080101-C00588.png,O=C(NC(Cc1cc(Cl)c2[nH]c(=O)[nH]c2c1)C(=O)N1CCC(N2CCCCC2)CC1)N1CCC(N2Cc3ccccc3NC2=O)CC1
/beegfs/home/m.romanov/thesis/benchmarking/datasets/USPTO/US07314883-20080101-C00589.png,CCc1cc(CC(NC(=O)N2CCC(N3Cc4ccccc4NC3=O)CC2)C(=O)N2CCC(N3CCCCC3)CC2)cc2[nH]c(=O)[nH]c12
/beegfs/home/m.romanov/thesis/benchmarking/datasets/USPTO/US07314883-20080101-C00590.png,Cn1c(=O)[nH]c2ccc(CC(NC(=O)N3CCC(N4Cc5ccccc5NC4=O)CC3)C(=O)N3CCC(N4CCCCC4)CC3)cc21
/beegfs/home/m.romanov/thesis/benchmarking/datasets/USPTO/US07314883-20080101-C00591.png,Cc1cc(CC(NC(=O)N2CCC(N3Cc4ccccc4NC3=O)CC2)C(=O)N2CCC(N3CCCCC3)CC2)cc2c1[nH]c(=O)n2C
/beegfs/home/m.romanov/thesis/benchmarking/datasets/USPTO/US07314883-20080101-C00592.png,Cn1c(=O)[nH]c2c(Cl)cc(CC(NC(=O)N3CCC(N4Cc5ccccc5NC4=O)CC3)C(=O)N3CCC(N4CCCCC4)CC3)cc21
/beegfs/home/m.romanov/thesis/benchmarking/datasets/USPTO/US07314883-20080101-C00593.png,CCc1cc(CC(NC(=O)N2CCC(N3Cc4ccccc4NC3=O)CC2)C(=O)N2CCC(N3CCCCC3)CC2)cc2c1[nH]c(=O)n2C
/beegfs/home/m.romanov/thesis/benchmarking/datasets/USPTO/US07314885-20080101-C00014.png,CN(C)C(=O)c1cc(-c2cnoc2-c2cccc(F)c2F)c[nH]1
/beegfs/home/m.romanov/thesis/benchmarking/datasets/USPTO/US07314885-20080101-C00015.png,O=C(c1cc(-c2cnoc2-c2cccc(F)c2F)c[nH]1)N1CCC1
/beegfs/home/m.romanov/thesis/benchmarking/datasets/USPTO/US07314885-20080101-C00016.png,O=C(NCCCn1ccnc1)c1cc(-c2cnoc2-c2cccc(F)c2F)c[nH]1
/beegfs/home/m.romanov/thesis/benchmarking/datasets/USPTO/US07314885-20080101-C00017.png,O=C(NC[C@@H]1CCCO1)c1cc(-c2cnoc2-c2cccc(F)c2F)c[nH]1
/beegfs/home/m.romanov/thesis/benchmarking/datasets/USPTO/US07314885-20080101-C00018.png,NC(=O)c1cc(-c2conc2-c2cccc(F)c2F)c[nH]1
/beegfs/home/m.romanov/thesis/benchmarking/datasets/USPTO/US07314885-20080101-C00019.png,O=C(c1cc(-c2conc2-c2cccc(F)c2F)c[nH]1)N1CCCC1
/beegfs/home/m.romanov/thesis/benchmarking/datasets/USPTO/US07314885-20080101-C00020.png,O=C(NCCCn1ccnc1)c1cc(-c2conc2-c2cccc(F)c2F)c[nH]1
/beegfs/home/m.romanov/thesis/benchmarking/datasets/USPTO/US07314885-20080101-C00021.png,O=C(NCC1CCCC1)c1cc(-c2conc2-c2cccc(F)c2F)c[nH]1
/beegfs/home/m.romanov/thesis/benchmarking/datasets/USPTO/US07314885-20080101-C00022.png,CCNC(=O)c1cc(-n2cncc2-c2cccc(F)c2F)c[nH]1
/beegfs/home/m.romanov/thesis/benchmarking/datasets/USPTO/US07314885-20080101-C00023.png,O=C(NC[C@@H]1CCCO1)c1cc(-n2cncc2-c2cccc(F)c2F)c[nH]1
/beegfs/home/m.romanov/thesis/benchmarking/datasets/USPTO/US07314885-20080101-C00024.png,O=C(Nc1nc2ccccc2[nH]1)c1cc(-n2cncc2-c2cccc(F)c2F)c[nH]1
/beegfs/home/m.romanov/thesis/benchmarking/datasets/USPTO/US07314885-20080101-C00025.png,O=C(NCc1nc2ccccc2[nH]1)c1cc(-n2cncc2-c2cccc(F)c2F)c[nH]1
/beegfs/home/m.romanov/thesis/benchmarking/datasets/USPTO/US07314885-20080101-C00026.png,O=C(Nc1ccccc1)c1cc(-c2cncn2-c2cccc(F)c2F)c[nH]1
/beegfs/home/m.romanov/thesis/benchmarking/datasets/USPTO/US07314885-20080101-C00027.png,O=C(c1cc(-c2cncn2-c2cccc(F)c2F)c[nH]1)N1CCCC1
/beegfs/home/m.romanov/thesis/benchmarking/datasets/USPTO/US07314885-20080101-C00028.png,O=C(NCC1CCCC1)c1cc(-c2cncn2-c2cccc(F)c2F)c[nH]1
/beegfs/home/m.romanov/thesis/benchmarking/datasets/USPTO/US07314885-20080101-C00029.png,O=C(NC[C@@H]1CCCO1)c1cc(-c2cncn2-c2cccc(F)c2F)c[nH]1
/beegfs/home/m.romanov/thesis/benchmarking/datasets/USPTO/US07314885-20080101-C00030.png,O=C(Nc1ccccc1)c1cc(-c2nncn2-c2cccc(F)c2F)c[nH]1
/beegfs/home/m.romanov/thesis/benchmarking/datasets/USPTO/US07314885-20080101-C00031.png,O=C(c1cc(-c2nncn2-c2cccc(F)c2F)c[nH]1)N1CCCC1
/beegfs/home/m.romanov/thesis/benchmarking/datasets/USPTO/US07314885-20080101-C00032.png,O=C(NCC1CCCC1)c1cc(-c2nncn2-c2cccc(F)c2F)c[nH]1
/beegfs/home/m.romanov/thesis/benchmarking/datasets/USPTO/US07314885-20080101-C00038.png,O=C(Nc1ncc[nH]1)c1cc(-n2nnnc2-c2cccc(F)c2F)c[nH]1
/beegfs/home/m.romanov/thesis/benchmarking/datasets/USPTO/US07314885-20080101-C00039.png,O=C(c1cc(-n2nnnc2-c2ccc(F)c(F)c2F)c[nH]1)N1CCCC1
/beegfs/home/m.romanov/thesis/benchmarking/datasets/USPTO/US07314885-20080101-C00040.png,O=C(NCC1CCCC1)c1cc(-n2nnnc2-c2c(F)cccc2Cl)c[nH]1
/beegfs/home/m.romanov/thesis/benchmarking/datasets/USPTO/US07314885-20080101-C00041.png,O=C(NCC1CCCO1)c1cc(-n2nnnc2-c2ccccc2F)c[nH]1
/beegfs/home/m.romanov/thesis/benchmarking/datasets/USPTO/US07314885-20080101-C00042.png,O=C1N=NC(c2c[nH]c(C(=O)Nc3ncc[nH]3)c2)=C1c1cccc(F)c1F
/beegfs/home/m.romanov/thesis/benchmarking/datasets/USPTO/US07314885-20080101-C00043.png,O=C1N=NC(c2c[nH]c(C(=O)N3CCCC3)c2)=C1c1cccc(Cl)c1Cl
/beegfs/home/m.romanov/thesis/benchmarking/datasets/USPTO/US07314885-20080101-C00044.png,O=C1N=NC(c2c[nH]c(C(=O)NCC3CCCC3)c2)=C1c1cccc(F)c1Cl
/beegfs/home/m.romanov/thesis/benchmarking/datasets/USPTO/US07314885-20080101-C00045.png,O=C1N=NC(c2c[nH]c(C(=O)NCC3CCCO3)c2)=C1c1cccc(F)c1Cl
/beegfs/home/m.romanov/thesis/benchmarking/datasets/USPTO/US07314885-20080101-C00048.png,O=C(NC[C@@H]1CCCO1)c1cc(-c2n[nH]c(=O)n2-c2cccc(F)c2F)c[nH]1
/beegfs/home/m.romanov/thesis/benchmarking/datasets/USPTO/US07314885-20080101-C00049.png,Nc1nnc(-c2c[nH]c(C(=O)NC[C@@H]3CCCO3)c2)n1-c1cccc(F)c1F
/beegfs/home/m.romanov/thesis/benchmarking/datasets/USPTO/US07314885-20080101-C00050.png,O=C(c1cc(-c2nncn2-c2cccc(F)c2F)c[nH]1)N1CC=CC1
/beegfs/home/m.romanov/thesis/benchmarking/datasets/USPTO/US07314885-20080101-C00051.png,O=C(c1cc(-n2nnnc2-c2cccc(F)c2F)c[nH]1)N1CC=CC1
/beegfs/home/m.romanov/thesis/benchmarking/datasets/USPTO/US07314885-20080101-C00052.png,O=C(NC[C@@H]1CCCO1)c1cc(-c2nncn2-c2cccc(Cl)c2Cl)c[nH]1
/beegfs/home/m.romanov/thesis/benchmarking/datasets/USPTO/US07314885-20080101-C00053.png,O=C(c1cc(-c2nncn2-c2cccc(Cl)c2Cl)c[nH]1)N1CC=CC1
/beegfs/home/m.romanov/thesis/benchmarking/datasets/USPTO/US07314885-20080101-C00054.png,O=C(NCCCn1ccnc1)c1cc(-c2nncn2-c2cccc(Cl)c2Cl)c[nH]1
/beegfs/home/m.romanov/thesis/benchmarking/datasets/USPTO/US07314885-20080101-C00057.png,O=C(NCCCn1ccnc1)c1cc(-n2cnnc2-c2cccc(F)c2F)c[nH]1
/beegfs/home/m.romanov/thesis/benchmarking/datasets/USPTO/US07314885-20080101-C00058.png,O=C(NC[C@@H]1CCCO1)c1cc(-n2cnnc2-c2cccc(F)c2F)c[nH]1
/beegfs/home/m.romanov/thesis/benchmarking/datasets/USPTO/US07314885-20080101-C00060.png,O=C(c1cc(-c2[nH]nnc2-c2cccc(F)c2F)c[nH]1)N1CCCC1
/beegfs/home/m.romanov/thesis/benchmarking/datasets/USPTO/US07314886-20080101-C00009.png,CCc1cc(-c2ccc(F)cc2)cc2c3c([nH]c12)C(CC)(CCO)OCC3
/beegfs/home/m.romanov/thesis/benchmarking/datasets/USPTO/US07314886-20080101-C00011.png,CCc1cc(-c2ccc3c(c2)OCO3)cc2c3c([nH]c12)C(CC)(CCO)OCC3
/beegfs/home/m.romanov/thesis/benchmarking/datasets/USPTO/US07314886-20080101-C00035.png,CCc1cccc2c3c([nH]c12)C(CC)(CC(=O)NC)OCC3
/beegfs/home/m.romanov/thesis/benchmarking/datasets/USPTO/US07314886-20080101-C00054.png,CCc1cc(-c2cc3ccccc3s2)cc2c3c([nH]c12)C(CC)(CCO)OCC3
/beegfs/home/m.romanov/thesis/benchmarking/datasets/USPTO/US07314886-20080101-C00055.png,CCc1cc(-c2ccc(C)cc2)cc2c3c([nH]c12)C(CC)(CCO)OCC3
/beegfs/home/m.romanov/thesis/benchmarking/datasets/USPTO/US07314887-20080101-C00033.png,Cc1ccc(N2C(=O)/C(=N\Nc3cccc(-c4cccc(C(=O)O)c4)c3O)c3ccccc32)cc1C
/beegfs/home/m.romanov/thesis/benchmarking/datasets/USPTO/US07314887-20080101-C00034.png,CCCc1ccc(N2C(=O)/C(=N\Nc3cccc(-c4cccc(C(=O)O)c4)c3O)c3ccccc32)cc1
/beegfs/home/m.romanov/thesis/benchmarking/datasets/USPTO/US07314887-20080101-C00035.png,CCc1ccc(N2C(=O)/C(=N\Nc3cccc(-c4cccc(C(=O)O)c4)c3O)c3ccccc32)cc1
/beegfs/home/m.romanov/thesis/benchmarking/datasets/USPTO/US07314887-20080101-C00036.png,O=C(O)c1cccc(-c2cccc(N/N=C3\C(=O)N(c4ccc(OC(F)(F)F)cc4)c4ccccc43)c2O)c1
/beegfs/home/m.romanov/thesis/benchmarking/datasets/USPTO/US07314887-20080101-C00037.png,COc1ccc(N2C(=O)/C(=N\Nc3cccc(-c4cccc(C(=O)O)c4)c3O)c3ccccc32)cc1F
/beegfs/home/m.romanov/thesis/benchmarking/datasets/USPTO/US07314887-20080101-C00038.png,Cc1ccc(N2C(=O)/C(=N\Nc3cccc(-c4ccc(C(=O)O)cc4)c3O)c3ccccc32)cc1C
/beegfs/home/m.romanov/thesis/benchmarking/datasets/USPTO/US07314887-20080101-C00039.png,CCCc1ccc(N2C(=O)/C(=N\Nc3cccc(-c4ccc(C(=O)O)cc4)c3O)c3ccccc32)cc1
/beegfs/home/m.romanov/thesis/benchmarking/datasets/USPTO/US07314887-20080101-C00040.png,CCc1ccc(N2C(=O)/C(=N\Nc3cccc(-c4ccc(C(=O)O)cc4)c3O)c3ccccc32)cc1
/beegfs/home/m.romanov/thesis/benchmarking/datasets/USPTO/US07314887-20080101-C00042.png,O=C(O)c1cccc(-c2cccc(N/N=C3\C(=O)N(c4ccc(C(F)(F)F)cc4)c4ccccc43)c2O)c1
/beegfs/home/m.romanov/thesis/benchmarking/datasets/USPTO/US07314887-20080101-C00043.png,O=C(O)c1cccc(-c2cccc(N/N=C3\C(=O)N(Cc4ccccc4)c4ccc(Cl)cc43)c2O)c1
/beegfs/home/m.romanov/thesis/benchmarking/datasets/USPTO/US07314887-20080101-C00044.png,Cc1ccc2c(c1)/C(=N/Nc1cccc(-c3cccc(C(=O)O)c3)c1O)C(=O)N2Cc1ccccc1
/beegfs/home/m.romanov/thesis/benchmarking/datasets/USPTO/US07314887-20080101-C00045.png,O=C(O)c1cccc(-c2cccc(N/N=C3\C(=O)N(Cc4ccccc4)c4ccccc43)c2O)c1
/beegfs/home/m.romanov/thesis/benchmarking/datasets/USPTO/US07314887-20080101-C00046.png,O=C(O)c1ccc(-c2cccc(N/N=C3\C(=O)N(c4ccc(C(F)(F)F)cc4)c4ccccc43)c2O)cc1
/beegfs/home/m.romanov/thesis/benchmarking/datasets/USPTO/US07314887-20080101-C00047.png,O=C(O)c1cccc(-c2cccc(N/N=C3\C(=O)N(c4ccc(Cl)c(Cl)c4)c4ccccc43)c2O)c1
/beegfs/home/m.romanov/thesis/benchmarking/datasets/USPTO/US07314887-20080101-C00048.png,Cc1ccc(N2C(=O)/C(=N\Nc3cccc(-c4cccc(C(=O)O)c4)c3O)c3ccccc32)cc1C(F)(F)F
/beegfs/home/m.romanov/thesis/benchmarking/datasets/USPTO/US07314887-20080101-C00049.png,O=C(O)c1cccc(-c2cccc(N/N=C3\C(=O)N(c4ccc(C(F)(F)F)c(F)c4)c4ccccc43)c2O)c1
/beegfs/home/m.romanov/thesis/benchmarking/datasets/USPTO/US07314887-20080101-C00050.png,O=C(O)c1cccc(-c2cccc(N/N=C3\C(=O)N(c4cc(C(F)(F)F)cc(C(F)(F)F)c4)c4ccccc43)c2O)c1
/beegfs/home/m.romanov/thesis/benchmarking/datasets/USPTO/US07314887-20080101-C00051.png,Cc1ccc(N2C(=O)/C(=N\Nc3cccc(-c4cccc(C(=O)O)c4)c3O)SC2=S)cc1C
/beegfs/home/m.romanov/thesis/benchmarking/datasets/USPTO/US07314887-20080101-C00052.png,CC(C)c1ccc(N2C(=O)/C(=N\Nc3cccc(-c4cccc(C(=O)O)c4)c3O)c3ccccc32)cc1
/beegfs/home/m.romanov/thesis/benchmarking/datasets/USPTO/US07314887-20080101-C00053.png,O=C(O)c1cccc(-c2cccc(N/N=C3\C(=O)N(c4ccc(C(F)(F)F)cc4F)c4ccccc43)c2O)c1
/beegfs/home/m.romanov/thesis/benchmarking/datasets/USPTO/US07314887-20080101-C00054.png,Cc1ccc(N2C(=O)/C(=N\Nc3cccc(-c4cccc(C(=O)O)c4)c3O)c3ccccc32)c(F)c1
/beegfs/home/m.romanov/thesis/benchmarking/datasets/USPTO/US07314887-20080101-C00055.png,O=C(O)c1cccc(-c2cccc(N/N=C3\C(=O)N(c4ccc(Cl)c(C(F)(F)F)c4)c4ccccc43)c2O)c1
/beegfs/home/m.romanov/thesis/benchmarking/datasets/USPTO/US07314887-20080101-C00056.png,CCCCc1ccc(N2C(=O)/C(=N\Nc3cccc(-c4cccc(C(=O)O)c4)c3O)c3ccccc32)cc1
/beegfs/home/m.romanov/thesis/benchmarking/datasets/USPTO/US07314887-20080101-C00057.png,O=C(O)c1cccc(-c2cccc(N/N=C3\C(=O)N(c4cccc(F)c4)c4ccccc43)c2O)c1
/beegfs/home/m.romanov/thesis/benchmarking/datasets/USPTO/US07314887-20080101-C00058.png,Cc1cccc(N2C(=O)/C(=N\Nc3cccc(-c4cccc(C(=O)O)c4)c3O)c3ccccc32)c1
/beegfs/home/m.romanov/thesis/benchmarking/datasets/USPTO/US07314887-20080101-C00059.png,O=C(O)c1cccc(-c2cccc(N/N=C3\C(=O)N(c4ccc(F)cc4)c4ccccc43)c2O)c1
/beegfs/home/m.romanov/thesis/benchmarking/datasets/USPTO/US07314887-20080101-C00060.png,COc1ccc2c(c1)/C(=N/Nc1cccc(-c3cccc(C(=O)O)c3)c1O)C(=O)N2Cc1ccccc1
/beegfs/home/m.romanov/thesis/benchmarking/datasets/USPTO/US07314887-20080101-C00061.png,O=C(O)c1cccc(-c2cccc(N/N=C3\C(=O)N(c4cccc(C(F)(F)F)c4)c4ccccc43)c2O)c1
/beegfs/home/m.romanov/thesis/benchmarking/datasets/USPTO/US07314887-20080101-C00062.png,CC(C)c1ccc(N2C(=O)/C(=N\Nc3cccc(-c4cccc(C(=O)O)c4)c3O)c3cc(Cl)ccc32)cc1
/beegfs/home/m.romanov/thesis/benchmarking/datasets/USPTO/US07314887-20080101-C00063.png,CC(C)c1ccc(N2C(=O)/C(=N\Nc3cccc(-c4cccc(C(=O)O)c4)c3O)c3ccc(Cl)cc32)cc1
/beegfs/home/m.romanov/thesis/benchmarking/datasets/USPTO/US07314887-20080101-C00064.png,CC(C)c1ccc(N2C(=O)/C(=N\Nc3cccc(-c4cccc(C(=O)O)c4)c3O)c3cc(F)ccc32)cc1
/beegfs/home/m.romanov/thesis/benchmarking/datasets/USPTO/US07314887-20080101-C00065.png,COc1ccc2c(c1)/C(=N/Nc1cccc(-c3cccc(C(=O)O)c3)c1O)C(=O)N2c1ccc(C(C)C)cc1
/beegfs/home/m.romanov/thesis/benchmarking/datasets/USPTO/US07314887-20080101-C00066.png,Cc1ccc(N2C(=O)/C(=N\Nc3cccc(-c4cccc(C(=O)O)c4)c3O)c3cc(F)ccc32)cc1C
/beegfs/home/m.romanov/thesis/benchmarking/datasets/USPTO/US07314887-20080101-C00067.png,O=C(O)c1cccc(-c2cccc(N/N=C3\C(=O)N(c4ccc(F)c(C(F)(F)F)c4)c4ccccc43)c2O)c1
/beegfs/home/m.romanov/thesis/benchmarking/datasets/USPTO/US07314887-20080101-C00068.png,O=C(O)c1cccc(-c2cccc(N/N=C3\C(=O)N(c4cc(Cl)cc(Cl)c4)c4ccccc43)c2O)c1
/beegfs/home/m.romanov/thesis/benchmarking/datasets/USPTO/US07314887-20080101-C00069.png,CCCc1ccc(N2C(=O)/C(=N\Nc3cccc(-c4cccc(C(=O)O)c4)c3O)c3ccc(Cl)cc32)cc1
/beegfs/home/m.romanov/thesis/benchmarking/datasets/USPTO/US07314887-20080101-C00070.png,O=C(O)c1cccc(-c2cccc(N/N=C3\C(=O)N(c4ccc(C(O)C(F)(F)F)cc4)c4ccccc43)c2O)c1
/beegfs/home/m.romanov/thesis/benchmarking/datasets/USPTO/US07314887-20080101-C00071.png,COC(c1ccc(N2C(=O)/C(=N\Nc3cccc(-c4cccc(C(=O)O)c4)c3O)c3ccccc32)cc1)C(F)(F)F
/beegfs/home/m.romanov/thesis/benchmarking/datasets/USPTO/US07314887-20080101-C00072.png,O=C(O)c1cccc(-c2cccc(N/N=C3\C(=O)N(c4ccc(CC(F)(F)F)cc4)c4ccccc43)c2O)c1
/beegfs/home/m.romanov/thesis/benchmarking/datasets/USPTO/US07314887-20080101-C00073.png,Cc1ccc(N2C(=O)/C(=N\Nc3cccc(-c4cccc(C(=O)O)c4)c3O)c3c2ccc(C)c3C)cc1C
/beegfs/home/m.romanov/thesis/benchmarking/datasets/USPTO/US07314887-20080101-C00074.png,Cc1ccc(N2C(=O)/C(=N\Nc3cccc(-c4cccc(C(=O)O)c4)c3O)c3c2ccc(F)c3C)cc1C
/beegfs/home/m.romanov/thesis/benchmarking/datasets/USPTO/US07314887-20080101-C00075.png,Cc1ccc(N2C(=O)/C(=N\Nc3cccc(-c4cccc(C(=O)O)c4)c3O)c3cc(F)c(C)cc32)cc1C
/beegfs/home/m.romanov/thesis/benchmarking/datasets/USPTO/US07314887-20080101-C00076.png,Cc1ccc(N2C(=O)/C(=N\Nc3ccc(/C=C4\SC(=O)NC4=O)cc3O)c3ccc(C(F)(F)F)cc32)cc1C
/beegfs/home/m.romanov/thesis/benchmarking/datasets/USPTO/US07314887-20080101-C00077.png,Cc1ccc(N2C(=O)/C(=N\Nc3ccc(/C=C4\SC(=O)NC4=O)cc3O)c3ccccc32)cc1C
/beegfs/home/m.romanov/thesis/benchmarking/datasets/USPTO/US07314887-20080101-C00078.png,Cc1ccc(N2C(=O)/C(=N\Nc3cccc(-c4cccc(C(=O)O)c4)c3O)c3c(F)cc(C(F)(F)F)cc32)cc1C
/beegfs/home/m.romanov/thesis/benchmarking/datasets/USPTO/US07314887-20080101-C00079.png,Cc1ccc(N2C(=O)/C(=N\Nc3cccc(-c4cccc(C(=O)O)c4)c3O)c3c(Cl)cc(C(F)(F)F)cc32)cc1C
/beegfs/home/m.romanov/thesis/benchmarking/datasets/USPTO/US07314887-20080101-C00080.png,Cc1ccc(N2C(=O)/C(=N\Nc3ccc(/C=C4\SC(=O)NC4=O)cc3O)c3c(F)cc(C(F)(F)F)cc32)cc1C
/beegfs/home/m.romanov/thesis/benchmarking/datasets/USPTO/US07314887-20080101-C00081.png,Cc1ccc(N2C(=O)/C(=N\Nc3ccc(/C=C4\SC(=O)NC4=O)cc3O)c3c(Cl)cc(C(F)(F)F)cc32)cc1C
/beegfs/home/m.romanov/thesis/benchmarking/datasets/USPTO/US07314887-20080101-C00082.png,Cc1ccc(N2C(=O)/C(=N\Nc3ccc(/C=C/C(=O)O)cc3O)c3ccc(C(F)(F)F)cc32)cc1C
/beegfs/home/m.romanov/thesis/benchmarking/datasets/USPTO/US07314887-20080101-C00083.png,Cc1ccc(N2C(=O)/C(=N\Nc3ccc(/C=C4\SC(=S)NC4=O)cc3O)c3ccc(C(F)(F)F)cc32)cc1C
/beegfs/home/m.romanov/thesis/benchmarking/datasets/USPTO/US07314887-20080101-C00084.png,Cc1ccc(N2C(=O)/C(=N\Nc3ccc(/C=C4\SC(=S)NC4=O)cc3O)c3c(F)cc(C(F)(F)F)cc32)cc1C
/beegfs/home/m.romanov/thesis/benchmarking/datasets/USPTO/US07314887-20080101-C00085.png,Cc1ccc(N2C(=O)/C(=N\Nc3cccc(/C=C4\SC(=O)NC4=O)c3O)c3ccc(C(F)(F)F)cc32)cc1C
/beegfs/home/m.romanov/thesis/benchmarking/datasets/USPTO/US07314887-20080101-C00086.png,CCCc1ccc(N2C(=O)/C(=N\Nc3cccc(-c4cccc(C(=O)O)c4)c3O)c3cc(Cl)ccc32)cc1
/beegfs/home/m.romanov/thesis/benchmarking/datasets/USPTO/US07314887-20080101-C00087.png,CSc1ccc(N2C(=O)/C(=N\Nc3cccc(-c4cccc(C(=O)O)c4)c3O)c3ccccc32)cc1
/beegfs/home/m.romanov/thesis/benchmarking/datasets/USPTO/US07314887-20080101-C00088.png,COCc1ccc(N2C(=O)/C(=N\Nc3cccc(-c4cccc(C(=O)O)c4)c3O)c3ccccc32)cc1
/beegfs/home/m.romanov/thesis/benchmarking/datasets/USPTO/US07314887-20080101-C00089.png,CC(O)(c1ccc(N2C(=O)/C(=N\Nc3cccc(-c4cccc(C(=O)O)c4)c3O)c3ccccc32)cc1)C(F)(F)F
/beegfs/home/m.romanov/thesis/benchmarking/datasets/USPTO/US07314887-20080101-C00090.png,Cc1ccc(N2C(=O)/C(=N\Nc3cccc(-c4cccc(C(=O)O)c4)c3O)c3cc(F)ccc32)cc1C(F)(F)F
/beegfs/home/m.romanov/thesis/benchmarking/datasets/USPTO/US07314887-20080101-C00091.png,COC(C)(c1ccc(N2C(=O)/C(=N\Nc3cccc(-c4cccc(C(=O)O)c4)c3O)c3ccccc32)cc1)C(F)(F)F
/beegfs/home/m.romanov/thesis/benchmarking/datasets/USPTO/US07314887-20080101-C00092.png,Cc1ccc(N2C(=O)/C(=N\Nc3cccc(-c4cccc(C(=O)O)c4)c3O)c3ccc(F)cc32)cc1C
/beegfs/home/m.romanov/thesis/benchmarking/datasets/USPTO/US07314887-20080101-C00093.png,CC(C)c1ccc(N2C(=O)/C(=N\Nc3cccc(-c4cccc(C(=O)O)c4)c3O)c3ccc(F)cc32)cc1
/beegfs/home/m.romanov/thesis/benchmarking/datasets/USPTO/US07314887-20080101-C00094.png,Cc1ccc(N2C(=O)/C(=N\Nc3cccc(-c4cccc(C(=O)O)c4)c3O)c3cc(C(F)(F)F)ccc32)cc1C
/beegfs/home/m.romanov/thesis/benchmarking/datasets/USPTO/US07314887-20080101-C00095.png,CCCc1ccc(N2C(=O)/C(=N\Nc3cccc(-c4cccc(C(=O)O)c4)c3O)c3ccc(F)cc32)cc1
/beegfs/home/m.romanov/thesis/benchmarking/datasets/USPTO/US07314887-20080101-C00096.png,CCCc1ccc(N2C(=O)/C(=N\Nc3cccc(-c4cccc(C(=O)O)c4)c3O)c3cc(C(F)(F)F)ccc32)cc1
/beegfs/home/m.romanov/thesis/benchmarking/datasets/USPTO/US07314887-20080101-C00097.png,CC(C)c1ccc(N2C(=O)/C(=N\Nc3cccc(-c4cccc(C(=O)O)c4)c3O)c3c2ccc(F)c3F)cc1
/beegfs/home/m.romanov/thesis/benchmarking/datasets/USPTO/US07314887-20080101-C00098.png,O=C(O)c1cccc(-c2cccc(N/N=C3\C(=O)N(C4CCNCC4)c4ccccc43)c2O)c1
/beegfs/home/m.romanov/thesis/benchmarking/datasets/USPTO/US07314887-20080101-C00099.png,Cc1ccc(N2C(=O)/C(=N\Nc3cccc(-c4cccc(C(=O)O)c4)c3O)c3cc(F)ccc32)c(F)c1
/beegfs/home/m.romanov/thesis/benchmarking/datasets/USPTO/US07314887-20080101-C00100.png,CN1C(=O)/C(=N\Nc2cccc(-c3cccc(C(=O)O)c3)c2O)c2ccccc21
/beegfs/home/m.romanov/thesis/benchmarking/datasets/USPTO/US07314887-20080101-C00101.png,O=C(O)c1cccc(-c2cccc(N/N=C3\C(=O)N(C4CCCC4)c4ccccc43)c2O)c1
/beegfs/home/m.romanov/thesis/benchmarking/datasets/USPTO/US07314887-20080101-C00102.png,Cc1ccc2c(c1)N(c1ccc(C)c(C)c1)C(=O)/C2=N\Nc1cccc(-c2cccc(C(=O)O)c2)c1O
/beegfs/home/m.romanov/thesis/benchmarking/datasets/USPTO/US07314887-20080101-C00103.png,O=C(O)c1cccc(-c2cccc(N/N=C3\C(=O)N(c4ccccc4)c4ccccc43)c2O)c1
/beegfs/home/m.romanov/thesis/benchmarking/datasets/USPTO/US07314887-20080101-C00104.png,O=C(O)c1cccc(-c2cccc(N/N=C3\C(=O)N(c4ccccc4)c4cc(F)ccc43)c2O)c1
/beegfs/home/m.romanov/thesis/benchmarking/datasets/USPTO/US07314887-20080101-C00105.png,Cc1ccc(N2C(=O)/C(=N\Nc3cccc(-c4cccc(C(=O)O)c4)c3O)c3ccc(C(C)C)cc32)cc1C
/beegfs/home/m.romanov/thesis/benchmarking/datasets/USPTO/US07314887-20080101-C00106.png,Cc1ccc(N2C(=O)/C(=N\Nc3cccc(-c4cccc(C(=O)O)c4)c3O)c3c(C(C)C)cccc32)cc1C
/beegfs/home/m.romanov/thesis/benchmarking/datasets/USPTO/US07314887-20080101-C00107.png,Cc1ccc(N2C(=O)/C(=N\Nc3cccc(-c4ccc(F)c(C(=O)O)c4)c3O)c3ccc(C(F)(F)F)cc32)cc1C
/beegfs/home/m.romanov/thesis/benchmarking/datasets/USPTO/US07314887-20080101-C00108.png,Cc1ccc(N2C(=O)/C(=N\Nc3cc(Cl)cc(-c4ccc(F)c(C(=O)O)c4)c3O)c3ccc(C(F)(F)F)cc32)cc1C
/beegfs/home/m.romanov/thesis/benchmarking/datasets/USPTO/US07314887-20080101-C00109.png,Cc1ccc(N2C(=O)/C(=N\Nc3cccc(-c4cc(C(=O)O)ccc4F)c3O)c3ccc(C(F)(F)F)cc32)cc1C
/beegfs/home/m.romanov/thesis/benchmarking/datasets/USPTO/US07314887-20080101-C00110.png,Cc1ccc(N2C(=O)/C(=N\Nc3cccc(-c4cccc(C(=O)O)c4)c3O)c3c2ccc(F)c3F)cc1C
/beegfs/home/m.romanov/thesis/benchmarking/datasets/USPTO/US07314887-20080101-C00111.png,Cc1ccc(N2C(=O)/C(=N\Nc3cccc(-c4ccc(C(=O)O)c(C)c4)c3O)c3ccc(C(F)(F)F)cc32)cc1C
/beegfs/home/m.romanov/thesis/benchmarking/datasets/USPTO/US07314887-20080101-C00112.png,Cc1ccc(N2C(=O)/C(=N\Nc3cccc(-c4ccc(C(=O)O)cc4F)c3O)c3ccc(C(F)(F)F)cc32)cc1C
/beegfs/home/m.romanov/thesis/benchmarking/datasets/USPTO/US07314887-20080101-C00113.png,Cc1ccc(N2C(=O)/C(=N\Nc3cccc(-c4ccc(F)c(C(=O)O)c4)c3O)c3c(F)cc(C(F)(F)F)cc32)cc1C
/beegfs/home/m.romanov/thesis/benchmarking/datasets/USPTO/US07314887-20080101-C00114.png,Cc1ccc(N2C(=O)/C(=N\Nc3cc(Cl)cc(-c4ccc(F)c(C(=O)O)c4)c3O)c3c(F)cc(C(F)(F)F)cc32)cc1C
/beegfs/home/m.romanov/thesis/benchmarking/datasets/USPTO/US07314887-20080101-C00115.png,COC(=O)c1ccc2c(c1)N(c1cc(C)cc(C)c1)C(=O)/C2=N\Nc1cccc(-c2cccc(C(=O)O)c2)c1O
/beegfs/home/m.romanov/thesis/benchmarking/datasets/USPTO/US07314887-20080101-C00116.png,COC(=O)c1ccc2c(c1)N(c1cc(C)cc(C)c1)C(=O)/C2=N\Nc1cccc(-c2ccc(F)c(C(=O)O)c2)c1O
/beegfs/home/m.romanov/thesis/benchmarking/datasets/USPTO/US07314887-20080101-C00117.png,COC(=O)c1ccc2c(c1)N(c1ccc(C)c(C)c1)C(=O)/C2=N\Nc1cccc(-c2ccc(F)c(C(=O)O)c2)c1O
/beegfs/home/m.romanov/thesis/benchmarking/datasets/USPTO/US07314887-20080101-C00118.png,COC(=O)c1ccc2c(c1)N(c1cc(C)cc(C)c1)C(=O)/C2=N\Nc1cc(Cl)cc(-c2ccc(F)c(C(=O)O)c2)c1O
/beegfs/home/m.romanov/thesis/benchmarking/datasets/USPTO/US07314887-20080101-C00119.png,N#Cc1sccc1N1C(=O)/C(=N\Nc2cccc(-c3cccc(C(=O)O)c3)c2O)c2ccccc21
/beegfs/home/m.romanov/thesis/benchmarking/datasets/USPTO/US07314887-20080101-C00120.png,O=C(O)c1cccc(-c2cccc(N/N=C3\C(=O)N(c4ccsc4)c4ccccc43)c2O)c1
/beegfs/home/m.romanov/thesis/benchmarking/datasets/USPTO/US07314887-20080101-C00121.png,COC(=O)c1ccc2c(c1)N(c1ccc(C)c(C)c1)C(=O)/C2=N\Nc1cccc(-c2cccc(C(=O)O)c2)c1O
/beegfs/home/m.romanov/thesis/benchmarking/datasets/USPTO/US07314887-20080101-C00122.png,N#Cc1ccc2c(c1)N(c1ccc(Cl)c(C(F)(F)F)c1)C(=O)/C2=N\Nc1cccc(-c2cccc(C(=O)O)c2)c1O
/beegfs/home/m.romanov/thesis/benchmarking/datasets/USPTO/US07314887-20080101-C00123.png,CC(C)c1ccc(N2C(=O)/C(=N\Nc3cc(Cl)cc(-c4ccc(F)c(C(=O)O)c4)c3O)c3ccc(C#N)cc32)cc1
/beegfs/home/m.romanov/thesis/benchmarking/datasets/USPTO/US07314887-20080101-C00124.png,CC(C)c1ccc(N2C(=O)/C(=N\Nc3cccc(-c4ccc(F)c(C(=O)O)c4)c3O)c3ccc(C#N)cc32)cc1
/beegfs/home/m.romanov/thesis/benchmarking/datasets/USPTO/US07314887-20080101-C00125.png,Cc1ccc(N2C(=O)/C(=N\Nc3cccc(-c4cccc(C(O)C(F)(F)F)c4)c3O)c3ccc(C(F)(F)F)cc32)cc1C
/beegfs/home/m.romanov/thesis/benchmarking/datasets/USPTO/US07314887-20080101-C00126.png,CC(C)c1ccc(N2C(=O)/C(=N\Nc3cccc(-c4cccc(C(=O)O)c4)c3O)c3ccc(C#N)cc32)cc1
/beegfs/home/m.romanov/thesis/benchmarking/datasets/USPTO/US07314887-20080101-C00127.png,Cc1ccc(N2C(=O)/C(=N\Nc3cccc(-c4cccc(C(=O)O)c4)c3O)c3cc([N+](=O)[O-])ccc32)cc1C
/beegfs/home/m.romanov/thesis/benchmarking/datasets/USPTO/US07314887-20080101-C00128.png,Cc1ccc(N2C(=O)/C(=N\Nc3cccc(-c4cccc(C(=O)O)c4)c3O)c3ccc(S(C)(=O)=O)cc32)cc1C
/beegfs/home/m.romanov/thesis/benchmarking/datasets/USPTO/US07314887-20080101-C00129.png,Cc1ccc(N2C(=O)/C(=N\Nc3cccc(-c4cccc(C(=O)O)c4)c3O)c3ccc(C#N)cc32)cc1C
/beegfs/home/m.romanov/thesis/benchmarking/datasets/USPTO/US07314887-20080101-C00130.png,N#Cc1cncc(N2C(=O)/C(=N\Nc3cccc(-c4cccc(C(=O)O)c4)c3O)c3ccccc32)c1
/beegfs/home/m.romanov/thesis/benchmarking/datasets/USPTO/US07314887-20080101-C00131.png,O=C(O)c1cccc(-c2cccc(N/N=C3\C(=O)N(c4ccoc4)c4ccccc43)c2O)c1
/beegfs/home/m.romanov/thesis/benchmarking/datasets/USPTO/US07314887-20080101-C00132.png,O=C(O)c1cccc(-c2cccc(N/N=C3\C(=O)N(c4ccc5c(c4)OCO5)c4ccccc43)c2O)c1
/beegfs/home/m.romanov/thesis/benchmarking/datasets/USPTO/US07314887-20080101-C00133.png,Cc1ccsc1N1C(=O)/C(=N\Nc2cccc(-c3cccc(C(=O)O)c3)c2O)c2ccccc21
/beegfs/home/m.romanov/thesis/benchmarking/datasets/USPTO/US07314887-20080101-C00134.png,O=C(O)c1cccc(-c2cccc(N/N=C3\C(=O)N(c4cccs4)c4ccccc43)c2O)c1
/beegfs/home/m.romanov/thesis/benchmarking/datasets/USPTO/US07314887-20080101-C00135.png,CC(C)c1ccc(N2C(=O)/C(=N\Nc3cccc(-c4cccc(C(=O)O)c4)c3O)c3ccc(C(F)(F)F)cc32)cc1
/beegfs/home/m.romanov/thesis/benchmarking/datasets/USPTO/US07314887-20080101-C00136.png,CCCc1ccc(N2C(=O)/C(=N\Nc3cccc(-c4cccc(C(=O)O)c4)c3O)c3ccc(C(F)(F)F)cc32)cc1
/beegfs/home/m.romanov/thesis/benchmarking/datasets/USPTO/US07314887-20080101-C00137.png,CCc1ccc(N2C(=O)/C(=N\Nc3cccc(-c4cccc(C(=O)O)c4)c3O)c3cc(F)cc(F)c32)cc1
/beegfs/home/m.romanov/thesis/benchmarking/datasets/USPTO/US07314887-20080101-C00138.png,Cc1ccc(N2C(=O)/C(=N\Nc3cccc(-c4cccc(C(=O)O)c4)c3O)c3cc(F)cc(F)c32)cc1C
/beegfs/home/m.romanov/thesis/benchmarking/datasets/USPTO/US07314887-20080101-C00139.png,CCCc1ccc(N2C(=O)/C(=N\Nc3cccc(-c4cccc(C(=O)O)c4)c3O)c3cc(F)cc(F)c32)cc1
/beegfs/home/m.romanov/thesis/benchmarking/datasets/USPTO/US07314887-20080101-C00140.png,CC(C)c1ccc(N2C(=O)/C(=N/Nc3cccc(-c4cccc(C(=O)O)c4)c3O)c3cc(F)cc(F)c32)cc1
/beegfs/home/m.romanov/thesis/benchmarking/datasets/USPTO/US07314887-20080101-C00141.png,Cc1ccc(N2C(=O)/C(=N\Nc3cccc(-c4cccc(C(=O)O)c4)c3O)c3ccc(C(F)(F)F)cc32)cc1C
/beegfs/home/m.romanov/thesis/benchmarking/datasets/USPTO/US07314887-20080101-C00142.png,CCc1ccc2c(c1)N(c1ccc(C)c(C)c1)C(=O)/C2=N\Nc1cccc(-c2cccc(C(=O)O)c2)c1O
/beegfs/home/m.romanov/thesis/benchmarking/datasets/USPTO/US07314887-20080101-C00143.png,COc1ccc2c(c1)N(c1ccc(C)c(C)c1)C(=O)/C2=N\Nc1cccc(-c2cccc(C(=O)O)c2)c1O
/beegfs/home/m.romanov/thesis/benchmarking/datasets/USPTO/US07314887-20080101-C00144.png,Cc1ccc(N2C(=O)/C(=N\Nc3cccc(-c4cccc(C(=O)O)c4)c3O)c3cc(Cl)c(C(F)(F)F)cc32)cc1C
/beegfs/home/m.romanov/thesis/benchmarking/datasets/USPTO/US07314887-20080101-C00145.png,Cc1ccc(N2C(=O)/C(=N\Nc3cccc(-c4cccc(C(=O)O)c4)c3O)c3ccc(C)c(C)c32)cc1C
/beegfs/home/m.romanov/thesis/benchmarking/datasets/USPTO/US07314887-20080101-C00146.png,Cc1ccc(N2C(=O)/C(=N\Nc3cccc(-c4ccc(C(C)(C)C(=O)O)cc4)c3O)c3ccc(C(F)(F)F)cc32)cc1C
/beegfs/home/m.romanov/thesis/benchmarking/datasets/USPTO/US07314887-20080101-C00147.png,Cc1ccc(N2C(=O)/C(=N\Nc3cccc(-c4ccc([C@@H](C)C(=O)O)cc4)c3O)c3ccc(C(F)(F)F)cc32)cc1C
/beegfs/home/m.romanov/thesis/benchmarking/datasets/USPTO/US07314887-20080101-C00148.png,Cc1cc(N/N=C2\C(=O)N(c3ccc(C)c(C)c3)c3cc(C(F)(F)F)ccc32)c(O)c(-c2ccc(C(C)C(=O)O)cc2)c1
/beegfs/home/m.romanov/thesis/benchmarking/datasets/USPTO/US07314887-20080101-C00149.png,Cc1ccc(N2C(=O)/C(=N\Nc3cc(F)cc(-c4ccc(C(C)C(=O)O)cc4)c3O)c3ccc(C(F)(F)F)cc32)cc1C
/beegfs/home/m.romanov/thesis/benchmarking/datasets/USPTO/US07314887-20080101-C00150.png,Cc1ccc(N2C(=O)/C(=N\Nc3ccc(/C=C4\SC(=O)NC4=O)cc3O)c3cc(F)cc(F)c32)cc1C
/beegfs/home/m.romanov/thesis/benchmarking/datasets/USPTO/US07314887-20080101-C00151.png,CCc1ccc(N2C(=O)/C(=N\Nc3ccc(/C=C4\SC(=O)NC4=O)cc3O)c3cc(F)cc(F)c32)cc1
/beegfs/home/m.romanov/thesis/benchmarking/datasets/USPTO/US07314887-20080101-C00152.png,CCCc1ccc(N2C(=O)/C(=N\Nc3ccc(/C=C4\SC(=O)NC4=O)cc3O)c3cc(F)cc(F)c32)cc1
/beegfs/home/m.romanov/thesis/benchmarking/datasets/USPTO/US07314887-20080101-C00153.png,CC(C)c1ccc(N2C(=O)/C(=N\Nc3ccc(/C=C4\SC(=O)NC4=O)cc3O)c3ccc(C(F)(F)F)cc32)cc1
/beegfs/home/m.romanov/thesis/benchmarking/datasets/USPTO/US07314887-20080101-C00154.png,CC(C)c1ccc(N2C(=O)/C(=N\Nc3ccc(/C=C4\SC(=O)NC4=O)cc3O)c3cc(F)cc(F)c32)cc1
/beegfs/home/m.romanov/thesis/benchmarking/datasets/USPTO/US07314887-20080101-C00155.png,Cc1ccc(N2C(=O)/C(=N\Nc3cc(F)cc(-c4cccc(C(=O)O)c4)c3O)c3ccc(C(F)(F)F)cc32)cc1C
/beegfs/home/m.romanov/thesis/benchmarking/datasets/USPTO/US07314887-20080101-C00156.png,Cc1ccc(N2C(=O)/C(=N\Nc3cc(Cl)cc(-c4cccc(C(=O)O)c4)c3O)c3ccc(C(F)(F)F)cc32)cc1C
/beegfs/home/m.romanov/thesis/benchmarking/datasets/USPTO/US07314887-20080101-C00157.png,Cc1cc(N/N=C2\C(=O)N(c3ccc(C)c(C)c3)c3cc(C(F)(F)F)ccc32)c(O)c(-c2cccc(C(=O)O)c2)c1
/beegfs/home/m.romanov/thesis/benchmarking/datasets/USPTO/US07314887-20080101-C00158.png,O=C(O)c1cccc(-c2cccc(N/N=C3\C(=O)N(c4ccc(C(F)(F)F)cc4)c4cc(C(F)(F)F)ccc43)c2O)c1
/beegfs/home/m.romanov/thesis/benchmarking/datasets/USPTO/US07314887-20080101-C00159.png,CCc1ccc(N2C(=O)/C(=N\Nc3cccc(-c4cccc(C(=O)O)c4)c3O)c3ccc(C(F)(F)F)cc32)cc1C
/beegfs/home/m.romanov/thesis/benchmarking/datasets/USPTO/US07314887-20080101-C00160.png,O=C(O)c1cccc(-c2cccc(N/N=C3\C(=O)N(c4ccc(Cl)c(C(F)(F)F)c4)c4cc(C(F)(F)F)ccc43)c2O)c1
/beegfs/home/m.romanov/thesis/benchmarking/datasets/USPTO/US07314887-20080101-C00161.png,Cc1cc(C)cc(N2C(=O)/C(=N\Nc3cc(F)cc(-c4cccc(C(=O)O)c4)c3O)c3ccc(C(F)(F)F)cc32)c1
/beegfs/home/m.romanov/thesis/benchmarking/datasets/USPTO/US07314887-20080101-C00162.png,Cc1ccc(N2C(=O)/C(=N\Nc3cc(F)cc(-c4ccc(F)c(C(=O)O)c4)c3O)c3ccc(C(F)(F)F)cc32)cc1C
/beegfs/home/m.romanov/thesis/benchmarking/datasets/USPTO/US07314887-20080101-C00163.png,Cc1cc(C)cc(N2C(=O)/C(=N\Nc3cc(F)cc(-c4ccc(F)c(C(=O)O)c4)c3O)c3ccc(C(F)(F)F)cc32)c1
/beegfs/home/m.romanov/thesis/benchmarking/datasets/USPTO/US07314887-20080101-C00164.png,O=C(O)c1cc(-c2cc(F)cc(N/N=C3\C(=O)N(c4ccc(C(F)(F)F)cc4)c4cc(C(F)(F)F)ccc43)c2O)ccc1F
/beegfs/home/m.romanov/thesis/benchmarking/datasets/USPTO/US07314887-20080101-C00165.png,Cc1cc(N2C(=O)/C(=N\Nc3cccc(-c4cccc(C(=O)O)c4)c3O)c3ccc(C(F)(F)F)cc32)cc(C)c1F
/beegfs/home/m.romanov/thesis/benchmarking/datasets/USPTO/US07314887-20080101-C00166.png,COc1ccc(N2C(=O)/C(=N\Nc3cccc(-c4cccc(C(=O)O)c4)c3O)c3ccc(C(F)(F)F)cc32)cc1
/beegfs/home/m.romanov/thesis/benchmarking/datasets/USPTO/US07314887-20080101-C00167.png,O=C(O)c1cccc(-c2cccc(N/N=C3\C(=O)N(c4ccc(F)cc4)c4cc(C(F)(F)F)ccc43)c2O)c1
/beegfs/home/m.romanov/thesis/benchmarking/datasets/USPTO/US07314887-20080101-C00168.png,COc1cc(OC)cc(N2C(=O)/C(=N\Nc3cccc(-c4cccc(C(=O)O)c4)c3O)c3ccc(C(F)(F)F)cc32)c1
/beegfs/home/m.romanov/thesis/benchmarking/datasets/USPTO/US07314887-20080101-C00169.png,COc1ccc(N2C(=O)/C(=N\Nc3cccc(-c4cccc(C(=O)O)c4)c3O)c3ccc(C(F)(F)F)cc32)cc1OC
/beegfs/home/m.romanov/thesis/benchmarking/datasets/USPTO/US07314887-20080101-C00170.png,O=C(O)c1cccc(-c2cccc(N/N=C3\C(=O)N(c4cc(F)cc(F)c4)c4cc(C(F)(F)F)ccc43)c2O)c1
/beegfs/home/m.romanov/thesis/benchmarking/datasets/USPTO/US07314887-20080101-C00171.png,Cc1cc(N2C(=O)/C(=N\Nc3cc(F)cc(-c4cccc(C(=O)O)c4)c3O)c3ccc(C(F)(F)F)cc32)cc(C)c1F
/beegfs/home/m.romanov/thesis/benchmarking/datasets/USPTO/US07314887-20080101-C00172.png,Cc1cc(N2C(=O)/C(=N\Nc3cc(F)cc(-c4ccc(F)c(C(=O)O)c4)c3O)c3ccc(C(F)(F)F)cc32)cc(C)c1F
/beegfs/home/m.romanov/thesis/benchmarking/datasets/USPTO/US07314887-20080101-C00173.png,COc1c(C)cc(N2C(=O)/C(=N\Nc3cccc(-c4cccc(C(=O)O)c4)c3O)c3ccc(C(F)(F)F)cc32)cc1C
/beegfs/home/m.romanov/thesis/benchmarking/datasets/USPTO/US07314887-20080101-C00174.png,Cc1cc(N2C(=O)/C(=N\Nc3cccc(-c4cccc(C(=O)O)c4)c3O)c3ccc(C(F)(F)F)cc32)cc(C)c1O
/beegfs/home/m.romanov/thesis/benchmarking/datasets/USPTO/US07314887-20080101-C00175.png,O=C(O)c1cccc(-c2cccc(N/N=C3\C(=O)N(c4ccc(C5CCCCC5)cc4)c4ccccc43)c2O)c1
/beegfs/home/m.romanov/thesis/benchmarking/datasets/USPTO/US07314887-20080101-C00176.png,O=C(O)c1cccc(-c2cccc(N/N=C3\C(=O)N(c4ccccn4)c4ccccc43)c2O)c1
/beegfs/home/m.romanov/thesis/benchmarking/datasets/USPTO/US07314887-20080101-C00177.png,O=C(O)c1cccc(-c2cccc(N/N=C3\C(=O)N(c4cccnc4)c4ccccc43)c2O)c1
/beegfs/home/m.romanov/thesis/benchmarking/datasets/USPTO/US07314887-20080101-C00178.png,CCc1ccc(N2C(=O)/C(=N\Nc3cccc(-c4cccc(C(=O)O)c4)c3O)c3ccc(C(F)(F)F)cc32)cc1
/beegfs/home/m.romanov/thesis/benchmarking/datasets/USPTO/US07314887-20080101-C00179.png,CCc1ccc(N2C(=O)/C(=N\Nc3cccc(-c4cccc(C(=O)O)c4)c3O)c3c(F)cc(C(F)(F)F)cc32)cc1
/beegfs/home/m.romanov/thesis/benchmarking/datasets/USPTO/US07314887-20080101-C00180.png,CCc1ccc(N2C(=O)/C(=N\Nc3cccc(-c4cccc(C(=O)O)c4)c3O)c3cc(C(=O)OC)ccc32)cc1
/beegfs/home/m.romanov/thesis/benchmarking/datasets/USPTO/US07314887-20080101-C00181.png,Cc1ccc(N2C(=O)/C(=N\Nc3cccc(-c4cccc(C(=O)O)c4)c3O)c3ccc(C(F)(F)F)cc32)cc1Cl
/beegfs/home/m.romanov/thesis/benchmarking/datasets/USPTO/US07314887-20080101-C00182.png,Cc1cc(C)cc(N2C(=O)/C(=N\Nc3ccc(/C=C4\SC(=O)NC4=O)cc3O)c3ccc(C(F)(F)F)cc32)c1
/beegfs/home/m.romanov/thesis/benchmarking/datasets/USPTO/US07314887-20080101-C00183.png,O=C(O)c1cccc(-c2cccc(N/N=C3\C(=O)N(c4ccc(CCCC(F)(F)F)cc4)c4ccccc43)c2O)c1
/beegfs/home/m.romanov/thesis/benchmarking/datasets/USPTO/US07314887-20080101-C00184.png,Cc1cc(C)cc(N2C(=O)/C(=N\Nc3cccc(-c4cccc(C(=O)O)c4)c3O)c3c(F)cc(C(F)(F)F)cc32)c1
/beegfs/home/m.romanov/thesis/benchmarking/datasets/USPTO/US07314887-20080101-C00186.png,Cc1ccc(N2C(=O)/C(=N\Nc3cccc(-c4ccc(C(=O)O)cc4)c3O)c3ccc(C(F)(F)F)cc32)cc1C
/beegfs/home/m.romanov/thesis/benchmarking/datasets/USPTO/US07314887-20080101-C00187.png,Cc1ccc(N2C(=O)/C(=N\Nc3cccc(-c4cccc(C(=O)O)c4)c3O)c3ccc(Br)cc32)cc1C
/beegfs/home/m.romanov/thesis/benchmarking/datasets/USPTO/US07314887-20080101-C00188.png,Cc1ccc(N2C(=O)/C(=N\Nc3cccc(-c4ccc(C(=O)O)c(F)c4)c3O)c3ccc(C(F)(F)F)cc32)cc1C
/beegfs/home/m.romanov/thesis/benchmarking/datasets/USPTO/US07314887-20080101-C00189.png,O=C(O)c1cccc(-c2cccc(N/N=C3\C(=O)N(c4cc(C(F)(F)F)cc(C(F)(F)F)c4)c4cc(C(F)(F)F)ccc43)c2O)c1
/beegfs/home/m.romanov/thesis/benchmarking/datasets/USPTO/US07314887-20080101-C00190.png,O=C(O)c1cccc(-c2cccc(N/N=C3\C(=O)N(c4ccc(Cl)c(Cl)c4)c4cc(C(F)(F)F)ccc43)c2O)c1
/beegfs/home/m.romanov/thesis/benchmarking/datasets/USPTO/US07314887-20080101-C00191.png,O=C(O)c1cccc(-c2cccc(N/N=C3\C(=O)N(c4cc(Cl)cc(Cl)c4)c4cc(C(F)(F)F)ccc43)c2O)c1
/beegfs/home/m.romanov/thesis/benchmarking/datasets/USPTO/US07314887-20080101-C00192.png,C/C(=C\c1ccc(N/N=C2\C(=O)N(c3cc(C)cc(C)c3)c3cc(C(F)(F)F)ccc32)c(O)c1)C(=O)O
/beegfs/home/m.romanov/thesis/benchmarking/datasets/USPTO/US07314887-20080101-C00193.png,C/C(=C\c1ccc(N/N=C2\C(=O)N(c3ccc(C)c(C)c3)c3cc(C(F)(F)F)ccc32)c(O)c1)C(=O)O
/beegfs/home/m.romanov/thesis/benchmarking/datasets/USPTO/US07314887-20080101-C00194.png,O=C1Nc2c(cccc2-c2ccccc2)/C1=N/Nc1cccc(-c2cccc(C(=O)O)c2)c1O
/beegfs/home/m.romanov/thesis/benchmarking/datasets/USPTO/US07314887-20080101-C00195.png,Cc1ccc(N2C(=O)/C(=N\Nc3cccc(-c4cccc(C(=O)O)c4)c3O)c3ccc(OC(F)(F)F)cc32)cc1C
/beegfs/home/m.romanov/thesis/benchmarking/datasets/USPTO/US07314887-20080101-C00196.png,Cc1ccc(N2C(=O)/C(=N\Nc3cccc(-c4cccc(C(=O)O)c4)c3O)c3ccc(OC(F)(F)C(F)F)cc32)cc1C
/beegfs/home/m.romanov/thesis/benchmarking/datasets/USPTO/US07314887-20080101-C00197.png,Cc1ccc2c(c1)/C(=N/Nc1cccc(-c3cccc(C(=O)O)c3)c1O)C(=O)N2c1ccc(C)c(C)c1
/beegfs/home/m.romanov/thesis/benchmarking/datasets/USPTO/US07314887-20080101-C00198.png,Cc1ccc2c(c1)/C(=N/Nc1cccc(-c3cccc(C(=O)O)c3)c1O)C(=O)N2c1ccc(C(C)C)cc1
/beegfs/home/m.romanov/thesis/benchmarking/datasets/USPTO/US07314887-20080101-C00199.png,Cc1ccc(N2C(=O)/C(=N\Nc3cccc(-c4cccc(C(=O)O)c4)c3O)c3ccc(-c4ccccc4)cc32)cc1C
/beegfs/home/m.romanov/thesis/benchmarking/datasets/USPTO/US07314887-20080101-C00200.png,O=C(O)c1cccc(-c2cccc(N/N=C3\C(=O)N(c4cccc(C(F)(F)F)c4)c4cc(C(F)(F)F)ccc43)c2O)c1
/beegfs/home/m.romanov/thesis/benchmarking/datasets/USPTO/US07314887-20080101-C00201.png,O=C(O)c1cccc(-c2cccc(N/N=C3\C(=O)N(c4ccc(OC(F)(F)F)cc4)c4ccc(OC(F)(F)F)cc43)c2O)c1
/beegfs/home/m.romanov/thesis/benchmarking/datasets/USPTO/US07314887-20080101-C00202.png,Cc1cc(C)cc(N2C(=O)/C(=N\Nc3cccc(-c4cccc(C(=O)O)c4)c3O)c3ccc(C(F)(F)F)cc32)c1
/beegfs/home/m.romanov/thesis/benchmarking/datasets/USPTO/US07314887-20080101-C00203.png,Cc1cc(C)c2c(c1)N(c1cccc(C(F)(F)F)c1)C(=O)/C2=N\Nc1cccc(-c2cccc(C(=O)O)c2)c1O
/beegfs/home/m.romanov/thesis/benchmarking/datasets/USPTO/US07314887-20080101-C00204.png,Cc1cc2c(cc1C)N(c1cccc(C(F)(F)F)c1)C(=O)/C2=N\Nc1cccc(-c2cccc(C(=O)O)c2)c1O
/beegfs/home/m.romanov/thesis/benchmarking/datasets/USPTO/US07314887-20080101-C00205.png,Cc1cc(C)cc(N2C(=O)/C(=N\Nc3cc(Cl)cc(-c4ccc(F)c(C(=O)O)c4)c3O)c3ccc(C(F)(F)F)cc32)c1
/beegfs/home/m.romanov/thesis/benchmarking/datasets/USPTO/US07314887-20080101-C00206.png,Cc1cc(C)cc(N2C(=O)/C(=N\Nc3cccc(-c4ccc(F)c(C(=O)O)c4)c3O)c3ccc(C(F)(F)F)cc32)c1
/beegfs/home/m.romanov/thesis/benchmarking/datasets/USPTO/US07314887-20080101-C00207.png,Cc1ccc(N2C(=O)/C(=N\Nc3cccc(-c4cccc(C(=O)O)c4)c3O)c3ccc(Cl)cc32)cc1C
/beegfs/home/m.romanov/thesis/benchmarking/datasets/USPTO/US07314887-20080101-C00208.png,CCCc1ccc(N2C(=O)/C(=N\Nc3cccc(-c4cccc(C(=O)O)c4)c3O)c3cc(F)ccc32)cc1
/beegfs/home/m.romanov/thesis/benchmarking/datasets/USPTO/US07314887-20080101-C00209.png,Cc1ccc(N2C(=O)/C(=N\Nc3cccc(-c4cccc(C(=O)O)c4)c3O)c3cc(C#N)ccc32)cc1C
/beegfs/home/m.romanov/thesis/benchmarking/datasets/USPTO/US07314887-20080101-C00210.png,Cc1cc(C)cc(N2C(=O)/C(=N\Nc3cccc(-c4cccc(C(=O)O)c4)c3O)c3ccc(Cl)cc32)c1
/beegfs/home/m.romanov/thesis/benchmarking/datasets/USPTO/US07314887-20080101-C00211.png,Cc1ccc(N2C(=O)/C(=N\Nc3cccc(-c4ccc(F)c(C(=O)O)c4)c3O)c3ccc(C(F)(F)F)cc32)cc1F
/beegfs/home/m.romanov/thesis/benchmarking/datasets/USPTO/US07314887-20080101-C00212.png,Cc1cc(N2C(=O)/C(=N\Nc3cccc(-c4cccc(C(=O)O)c4)c3O)c3ccc(C(F)(F)F)cc32)cc(C)c1Cl
/beegfs/home/m.romanov/thesis/benchmarking/datasets/USPTO/US07314887-20080101-C00213.png,Cc1cc(C)cc(N2C(=O)/C(=N\Nc3cccc(-c4ccc(F)c(C(=O)O)c4)c3O)c3c(F)cc(C(F)(F)F)cc32)c1
/beegfs/home/m.romanov/thesis/benchmarking/datasets/USPTO/US07314887-20080101-C00214.png,O=C(O)c1cccc(-c2cccc(N/N=C3\C(=O)N(c4ccc5c(c4)OCO5)c4cc(C(F)(F)F)ccc43)c2O)c1
/beegfs/home/m.romanov/thesis/benchmarking/datasets/USPTO/US07314887-20080101-C00215.png,O=C(O)c1cc(-c2cccc(N/N=C3\C(=O)N(c4ccc5c(c4)OCO5)c4cc(C(F)(F)F)ccc43)c2O)ccc1F
/beegfs/home/m.romanov/thesis/benchmarking/datasets/USPTO/US07314887-20080101-C00216.png,Cc1cc(C)cc(N2C(=O)/C(=N\Nc3cccc(-c4ccc(O)c(C(=O)O)c4)c3O)c3ccc(C(F)(F)F)cc32)c1
/beegfs/home/m.romanov/thesis/benchmarking/datasets/USPTO/US07314887-20080101-C00217.png,COC(=O)c1cccc(N2C(=O)/C(=N\Nc3cccc(-c4cccc(C(=O)O)c4)c3O)c3ccc(C(F)(F)F)cc32)c1
/beegfs/home/m.romanov/thesis/benchmarking/datasets/USPTO/US07314887-20080101-C00218.png,COC(=O)c1cccc(N2C(=O)/C(=N\Nc3cccc(-c4cccc(C(=O)O)c4)c3O)c3ccccc32)c1
/beegfs/home/m.romanov/thesis/benchmarking/datasets/USPTO/US07314887-20080101-C00219.png,Cc1ccc(N2C(=O)/C(=N\Nc3cccc(-c4cccc(C(=O)O)c4)c3O)c3cccnc32)cc1C
/beegfs/home/m.romanov/thesis/benchmarking/datasets/USPTO/US07314887-20080101-C00220.png,Cc1cc(C)cc(N2C(=O)/C(=N\Nc3cccc(-c4cccc(C(C)(C)C(=O)O)c4)c3O)c3ccc(C(F)(F)F)cc32)c1
/beegfs/home/m.romanov/thesis/benchmarking/datasets/USPTO/US07314887-20080101-C00221.png,CN1C(=O)C(=NNc2cccc(-c3cccc(C(=O)O)c3)c2O)C(=O)N(C)C1=O
/beegfs/home/m.romanov/thesis/benchmarking/datasets/USPTO/US07314887-20080101-C00222.png,O=C(O)c1cccc(-c2cccc(N/N=C3\C(=O)N(Cc4ccc(C(F)(F)F)cc4)C(=O)c4ccccc43)c2O)c1
/beegfs/home/m.romanov/thesis/benchmarking/datasets/USPTO/US07314887-20080101-C00223.png,Cc1ccc(CN2C(=O)/C(=N\Nc3cccc(-c4cccc(C(=O)O)c4)c3O)c3ccccc3C2=O)cc1
/beegfs/home/m.romanov/thesis/benchmarking/datasets/USPTO/US07314887-20080101-C00224.png,O=C(O)c1cccc(-c2cccc(N/N=C3\C(=O)N(Cc4ccccc4)C(=O)c4ccccc43)c2O)c1
/beegfs/home/m.romanov/thesis/benchmarking/datasets/USPTO/US07314887-20080101-C00225.png,O=C(O)c1cccc(-c2cccc(N/N=C3\C(=O)N(c4ccc(C(F)(F)F)cc4)C(=O)c4ccccc43)c2O)c1
/beegfs/home/m.romanov/thesis/benchmarking/datasets/USPTO/US07314887-20080101-C00226.png,O=C(O)c1cccc(-c2cccc(N/N=C3\C(=O)N(c4cccc(C(F)(F)F)c4)C(=O)c4ccccc43)c2O)c1
/beegfs/home/m.romanov/thesis/benchmarking/datasets/USPTO/US07314887-20080101-C00227.png,Cc1cc(C)cc(N2C(=O)/C(=N\Nc3cccc(-c4cccc(C(=O)O)c4)c3O)c3ccccc3C2=O)c1
/beegfs/home/m.romanov/thesis/benchmarking/datasets/USPTO/US07314887-20080101-C00228.png,O=C(O)c1cccc(-c2cccc(N/N=C3\C(=O)N(c4ccccc4)C(=O)c4ccccc43)c2O)c1
/beegfs/home/m.romanov/thesis/benchmarking/datasets/USPTO/US07314887-20080101-C00229.png,Cc1ccc(N2C(=O)/C(=N\Nc3cccc(-c4cccc(C(=O)O)c4)c3O)c3ccccc3C2=O)cc1C
/beegfs/home/m.romanov/thesis/benchmarking/datasets/USPTO/US07314887-20080101-C00230.png,Cc1ccc(N2C(=O)/C(=N\Nc3cccc(-c4cccc(C(=O)O)c4)c3F)c3ccc(C(F)(F)F)cc32)cc1C
/beegfs/home/m.romanov/thesis/benchmarking/datasets/USPTO/US07314887-20080101-C00231.png,Cc1ccc(N2C(=O)/C(=N\Nc3cccc(/C=C\C(=O)O)c3O)c3ccc(C(F)(F)F)cc32)cc1C
/beegfs/home/m.romanov/thesis/benchmarking/datasets/USPTO/US07314887-20080101-C00232.png,Cc1ccc(N2C(=O)/C(=N\Nc3cccc(/C=C\C(=O)O)c3O)c3c(F)cc(C(F)(F)F)cc32)cc1C
/beegfs/home/m.romanov/thesis/benchmarking/datasets/USPTO/US07314887-20080101-C00233.png,Cc1ccc(N2C(=O)/C(=N\Nc3cccc(C=C4SC(=O)NC4=O)c3O)c3c(F)cc(C(F)(F)F)cc32)cc1C
/beegfs/home/m.romanov/thesis/benchmarking/datasets/USPTO/US07314887-20080101-C00234.png,Cc1ccc(N2C(=O)/C(=N\Nc3ccc(C=C(Cl)C(=O)O)cc3O)c3ccc(C(F)(F)F)cc32)cc1C
/beegfs/home/m.romanov/thesis/benchmarking/datasets/USPTO/US07314887-20080101-C00235.png,CCC(=Cc1ccc(N/N=C2\C(=O)N(c3ccc(C)c(C)c3)c3cc(C(F)(F)F)ccc32)c(O)c1)C(=O)O
/beegfs/home/m.romanov/thesis/benchmarking/datasets/USPTO/US07314887-20080101-C00236.png,Cc1cc(C)cc(N2C(=O)/C(=N\Nc3ccc(C=C4C(=O)NC(=O)N4C)cc3O)c3ccc(C(F)(F)F)cc32)c1
/beegfs/home/m.romanov/thesis/benchmarking/datasets/USPTO/US07314887-20080101-C00237.png,Cc1cc(C)cc(N2C(=O)/C(=N\Nc3ccc(C=C4NC(=O)NC4=O)cc3O)c3ccc(C(F)(F)F)cc32)c1
/beegfs/home/m.romanov/thesis/benchmarking/datasets/USPTO/US07314887-20080101-C00238.png,Cc1ccc(N2C(=O)/C(=N\Nc3ccc(C=C(F)C(=O)O)cc3O)c3ccc(C(F)(F)F)cc32)cc1C
/beegfs/home/m.romanov/thesis/benchmarking/datasets/USPTO/US07314887-20080101-C00239.png,COC(Cc1ccc(N/N=C2\C(=O)N(c3cc(C)cc(C)c3)c3cc(C(F)(F)F)ccc32)c(O)c1)C(=O)O
/beegfs/home/m.romanov/thesis/benchmarking/datasets/USPTO/US07314887-20080101-C00240.png,Cc1cc(C)cc(N2C(=O)/C(=N\Nc3cccc(CCCC(=O)O)c3O)c3ccc(C(F)(F)F)cc32)c1
/beegfs/home/m.romanov/thesis/benchmarking/datasets/USPTO/US07314887-20080101-C00241.png,Cc1cc(C)cc(N2C(=O)/C(=N\Nc3c(O)cccc3OCCC(=O)O)c3ccc(C(F)(F)F)cc32)c1
/beegfs/home/m.romanov/thesis/benchmarking/datasets/USPTO/US07314887-20080101-C00242.png,Cc1cc(C)cc(N2C(=O)/C(=N\Nc3ccc(CCCC(=O)O)cc3O)c3ccc(C(F)(F)F)cc32)c1
/beegfs/home/m.romanov/thesis/benchmarking/datasets/USPTO/US07314888-20080101-C00091.png,C.C.C.C.C.CC(=O)NC1CSSCC(C(N)=O)NC(=O)CNC(=O)CNC(=O)C(C)NC(=O)C(CC(C)C)NC(=O)C(CC(=O)O)NC(=O)C(CC(C)C)NC(=O)C(CCC(N)=O)NC(=O)CNC1=O
/beegfs/home/m.romanov/thesis/benchmarking/datasets/USPTO/US07314888-20080101-C00092.png,C.C.C.C.C.CC(=O)NC1CSSCC(C(N)=O)NC(=O)CNC(=O)C(CC(N)=O)NC(=O)C(C)NC(=O)C(CC(C)C)NC(=O)C(CC(=O)O)NC(=O)C(CC(C)C)NC(=O)C(CCC(N)=O)NC(=O)CNC1=O
/beegfs/home/m.romanov/thesis/benchmarking/datasets/USPTO/US07314888-20080101-C00093.png,C.C.C.C.C.CC(=O)NC1CSSCC(C(N)=O)NC(=O)CNC(=O)C(CC(=O)O)NC(=O)C(C)NC(=O)C(CC(C)C)NC(=O)C(CC(=O)O)NC(=O)C(CC(C)C)NC(=O)C(CC(N)=O)NC(=O)CNC1=O
/beegfs/home/m.romanov/thesis/benchmarking/datasets/USPTO/US07314888-20080101-C00096.png,C.C.C.C.CC(C)COc1ccc(C(=O)c2ccc(OCC(C)C)c(/C=C/C(=O)O)c2)c(OCC(C)C)c1
/beegfs/home/m.romanov/thesis/benchmarking/datasets/USPTO/US07314888-20080101-C00097.png,C.C.C.C.C.CC(=O)NC1CSSCC(C(N)=O)NC(=O)C(CC(=O)O)NC(=O)CNC(=O)C(CC(C)C)NC(=O)C(C)NC(=O)C(CC(C)C)NC(=O)C(CC(C)C)NC(=O)C(CC(N)=O)NC(=O)CNC1=O
/beegfs/home/m.romanov/thesis/benchmarking/datasets/USPTO/US07314888-20080101-C00098.png,C.C.C.C.CC(C)COc1ccc(C(=O)c2ccc(OCC(C)C)c(OCC(C)C)c2)cc1CCC(=O)O
/beegfs/home/m.romanov/thesis/benchmarking/datasets/USPTO/US07314888-20080101-C00102.png,C.C.C.C.CC(C)CCOc1ccc(C(=O)c2cc(C(=O)CC(C)C)cn2CCC(C)C)cc1CCC(=O)O
/beegfs/home/m.romanov/thesis/benchmarking/datasets/USPTO/US07314888-20080101-C00103.png,C.C.C.C.CC(C)COc1ccc(C(=O)c2ccc3c(c2)cc(C(=O)O)n3CC(C)C)c(OCC(C)C)c1
/beegfs/home/m.romanov/thesis/benchmarking/datasets/USPTO/US07314888-20080101-C00104.png,C.C.C.C.CC(C)CCOc1ccc(C(=O)c2ccc3c(c2)n(CCC(C)C)c(=O)n3CCC(C)C)cc1CC(=O)O
/beegfs/home/m.romanov/thesis/benchmarking/datasets/USPTO/US07314888-20080101-C00125.png,CC(C)COc1ccc(C(=O)c2ccc(OCC(C)C)c(CCC(=O)O)c2)c(O)c1
/beegfs/home/m.romanov/thesis/benchmarking/datasets/USPTO/US07314888-20080101-C00127.png,CC(C)COc1cc(OCC(C)C)cc(C(=O)c2ccc(OCC(C)C)c(CCC(=O)O)c2)c1
/beegfs/home/m.romanov/thesis/benchmarking/datasets/USPTO/US07314889-20080101-C00006.png,CN(CCOc1ccc(C[C@H](OCC(F)(F)F)C(=O)O)cc1)c1nc2ccccc2o1
/beegfs/home/m.romanov/thesis/benchmarking/datasets/USPTO/US07314889-20080101-C00009.png,Cc1ccccc1Nc1nc2ccc(CC(=O)Nc3ccc(C(C)CCC(=O)O)cc3)cc2o1
/beegfs/home/m.romanov/thesis/benchmarking/datasets/USPTO/US07314889-20080101-C00011.png,CCCCS(=O)(=O)NC(CNC(=O)c1cccc(C(=O)NCCC2CCNCC2)c1)C(=O)O
/beegfs/home/m.romanov/thesis/benchmarking/datasets/USPTO/US07314889-20080101-C00013.png,CCOC(=O)C(O)Cc1ccc(OCCCCC2CCNCC2)cc1
/beegfs/home/m.romanov/thesis/benchmarking/datasets/USPTO/US07314889-20080101-C00016.png,CCO[C@@H](Cc1ccc(OCCc2ccc(OS(C)(=O)=O)cc2)cc1)C(=O)O
/beegfs/home/m.romanov/thesis/benchmarking/datasets/USPTO/US07314889-20080101-C00018.png,CCOC(=O)CCCOc1cccc(OCc2ccc3ccccc3n2)c1
/beegfs/home/m.romanov/thesis/benchmarking/datasets/USPTO/US07314889-20080101-C00019.png,CCO[C@@H](Cc1ccc(OCCc2ccc(OS(C)(=O)=O)cc2)cc1)C(=O)O
/beegfs/home/m.romanov/thesis/benchmarking/datasets/USPTO/US07314889-20080101-C00021.png,CCOC(Cc1ccc(OC/C=C(\c2ccccc2)c2ccccc2Cl)cc1)C(=O)O
/beegfs/home/m.romanov/thesis/benchmarking/datasets/USPTO/US07314889-20080101-C00035.png,CS(=O)(=O)OCCCc1ccc(OS(C)(=O)=O)cc1
/beegfs/home/m.romanov/thesis/benchmarking/datasets/USPTO/US07314889-20080101-C00036.png,CS(=O)(=O)OCCCc1cccc(OS(C)(=O)=O)c1
/beegfs/home/m.romanov/thesis/benchmarking/datasets/USPTO/US07314889-20080101-C00037.png,Cc1ccc(S(=O)(=O)OCCCc2ccc(OS(=O)(=O)c3ccc(C)cc3)cc2)cc1
/beegfs/home/m.romanov/thesis/benchmarking/datasets/USPTO/US07314889-20080101-C00038.png,O=[N+]([O-])c1ccc(OCCBr)cc1
/beegfs/home/m.romanov/thesis/benchmarking/datasets/USPTO/US07314889-20080101-C00039.png,CCOC(=O)C(Cc1ccc(N)cc1)OCC
/beegfs/home/m.romanov/thesis/benchmarking/datasets/USPTO/US07314889-20080101-C00040.png,CCOC(Cc1ccc(N)cc1)C(=O)OC
/beegfs/home/m.romanov/thesis/benchmarking/datasets/USPTO/US07314889-20080101-C00041.png,CCOC(=O)C(Cc1cccc(N)c1)OCC
/beegfs/home/m.romanov/thesis/benchmarking/datasets/USPTO/US07314889-20080101-C00042.png,CCOC(=O)C(Cc1ccc([N+](=O)[O-])cc1)OC(C)C
/beegfs/home/m.romanov/thesis/benchmarking/datasets/USPTO/US07314889-20080101-C00043.png,CCOC(=O)C(Cc1ccc(N)cc1)OC(C)C
/beegfs/home/m.romanov/thesis/benchmarking/datasets/USPTO/US07314889-20080101-C00044.png,CS(=O)(=O)Oc1ccc(C=O)cc1
/beegfs/home/m.romanov/thesis/benchmarking/datasets/USPTO/US07314889-20080101-C00045.png,OCCc1ccc(O)cc1
/beegfs/home/m.romanov/thesis/benchmarking/datasets/USPTO/US07314889-20080101-C00046.png,CS(=O)(=O)OCCc1ccc(OS(C)(=O)=O)cc1
/beegfs/home/m.romanov/thesis/benchmarking/datasets/USPTO/US07314889-20080101-C00047.png,COC(=O)Cc1ccc(OS(C)(=O)=O)cc1
/beegfs/home/m.romanov/thesis/benchmarking/datasets/USPTO/US07314889-20080101-C00048.png,CS(=O)(=O)Oc1ccc(CC(=O)O)cc1
/beegfs/home/m.romanov/thesis/benchmarking/datasets/USPTO/US07314889-20080101-C00049.png,COC(=O)/C=C/c1ccc([N+](=O)[O-])cc1
/beegfs/home/m.romanov/thesis/benchmarking/datasets/USPTO/US07314889-20080101-C00050.png,COC(=O)CCc1ccc(N)cc1
/beegfs/home/m.romanov/thesis/benchmarking/datasets/USPTO/US07314889-20080101-C00051.png,Nc1ccc(CCCO)cc1
/beegfs/home/m.romanov/thesis/benchmarking/datasets/USPTO/US07314889-20080101-C00052.png,CC(C)(C)OC(=O)Nc1ccc(CCCO)cc1
/beegfs/home/m.romanov/thesis/benchmarking/datasets/USPTO/US07314889-20080101-C00053.png,CC(C)(C)OC(=O)N(c1ccc(CCCOS(C)(=O)=O)cc1)S(C)(=O)=O
/beegfs/home/m.romanov/thesis/benchmarking/datasets/USPTO/US07314889-20080101-C00054.png,COC(=O)/C=C/c1ccc(O)cc1
/beegfs/home/m.romanov/thesis/benchmarking/datasets/USPTO/US07314889-20080101-C00055.png,OC/C=C/c1ccc(O)cc1
/beegfs/home/m.romanov/thesis/benchmarking/datasets/USPTO/US07314889-20080101-C00056.png,CS(=O)(=O)Oc1ccc(/C=C/CCl)cc1
/beegfs/home/m.romanov/thesis/benchmarking/datasets/USPTO/US07314889-20080101-C00057.png,CS(=O)(=O)Oc1ccc(/C=C/C(=O)O)cc1
/beegfs/home/m.romanov/thesis/benchmarking/datasets/USPTO/US07314889-20080101-C00058.png,CS(=O)(=O)Oc1ccc(CCC(=O)O)cc1
/beegfs/home/m.romanov/thesis/benchmarking/datasets/USPTO/US07314889-20080101-C00060.png,CCOC(=O)C(Cc1ccc(N(Cc2ccccc2)Cc2ccccc2)cc1)OCC
/beegfs/home/m.romanov/thesis/benchmarking/datasets/USPTO/US07314889-20080101-C00061.png,CCOC(Cc1ccc(N(Cc2ccccc2)Cc2ccccc2)cc1)C(=O)O
/beegfs/home/m.romanov/thesis/benchmarking/datasets/USPTO/US07314889-20080101-C00063.png,CCO[C@@H](Cc1ccc(N(Cc2ccccc2)Cc2ccccc2)cc1)C(=O)O
/beegfs/home/m.romanov/thesis/benchmarking/datasets/USPTO/US07314889-20080101-C00064.png,CCO[C@H](Cc1ccc(N(Cc2ccccc2)Cc2ccccc2)cc1)C(=O)O
/beegfs/home/m.romanov/thesis/benchmarking/datasets/USPTO/US07314889-20080101-C00065.png,CCOC(=O)[C@H](Cc1ccc(N(Cc2ccccc2)Cc2ccccc2)cc1)OCC
/beegfs/home/m.romanov/thesis/benchmarking/datasets/USPTO/US07314889-20080101-C00066.png,CCOC(=O)[C@@H](Cc1ccc(N(Cc2ccccc2)Cc2ccccc2)cc1)OCC
/beegfs/home/m.romanov/thesis/benchmarking/datasets/USPTO/US07314889-20080101-C00070.png,CCOC(=O)[C@H](Cc1ccc(N)cc1)OC
/beegfs/home/m.romanov/thesis/benchmarking/datasets/USPTO/US07314889-20080101-C00072.png,CCOC(=O)[C@H](Cc1ccc(NCCCc2ccc(OS(C)(=O)=O)cc2)cc1)OC
/beegfs/home/m.romanov/thesis/benchmarking/datasets/USPTO/US07314889-20080101-C00073.png,CCOC(=O)C(Cc1ccc(NCCCc2ccc(OS(C)(=O)=O)cc2)cc1)OCC
/beegfs/home/m.romanov/thesis/benchmarking/datasets/USPTO/US07314889-20080101-C00074.png,CCOC(=O)[C@H](Cc1ccc(NCCCc2ccc(OS(C)(=O)=O)cc2)cc1)OCC
/beegfs/home/m.romanov/thesis/benchmarking/datasets/USPTO/US07314889-20080101-C00075.png,CCOC(=O)C(Cc1ccc(NC(=O)OCCCc2ccc(OS(C)(=O)=O)cc2)cc1)OCC
/beegfs/home/m.romanov/thesis/benchmarking/datasets/USPTO/US07314889-20080101-C00076.png,CCOC(=O)C(Cc1ccc(NCCCc2cccc(OS(C)(=O)=O)c2)cc1)OCC
/beegfs/home/m.romanov/thesis/benchmarking/datasets/USPTO/US07314889-20080101-C00077.png,CCOC(=O)C(Cc1ccc(NCCCc2ccc(OS(=O)(=O)c3ccc(C)cc3)cc2)cc1)OCC
/beegfs/home/m.romanov/thesis/benchmarking/datasets/USPTO/US07314889-20080101-C00078.png,CCOC(=O)C(Cc1cccc(NCCCc2ccc(OS(C)(=O)=O)cc2)c1)OCC
/beegfs/home/m.romanov/thesis/benchmarking/datasets/USPTO/US07314889-20080101-C00079.png,CCOC(=O)C(Cc1ccc(NCCCc2ccc(OS(C)(=O)=O)cc2)cc1)OC(C)C
/beegfs/home/m.romanov/thesis/benchmarking/datasets/USPTO/US07314889-20080101-C00080.png,CCOC(=O)C(Cc1ccc(NCCc2ccc(OS(C)(=O)=O)cc2)cc1)OCC
/beegfs/home/m.romanov/thesis/benchmarking/datasets/USPTO/US07314889-20080101-C00081.png,CCOC(=O)[C@H](Cc1ccc(NCCc2ccc(OS(C)(=O)=O)cc2)cc1)OCC
/beegfs/home/m.romanov/thesis/benchmarking/datasets/USPTO/US07314889-20080101-C00082.png,CCOC(=O)C(Cc1ccc(NC/C=C/c2ccc(OS(C)(=O)=O)cc2)cc1)OCC
/beegfs/home/m.romanov/thesis/benchmarking/datasets/USPTO/US07314889-20080101-C00083.png,CCOC(=O)[C@@H](Cc1ccc(NC/C=C/c2ccc(OS(C)(=O)=O)cc2)cc1)OCC
/beegfs/home/m.romanov/thesis/benchmarking/datasets/USPTO/US07314889-20080101-C00084.png,CCOC(Cc1ccc(NCc2ccc(OS(C)(=O)=O)cc2)cc1)C(=O)OC
/beegfs/home/m.romanov/thesis/benchmarking/datasets/USPTO/US07314889-20080101-C00085.png,CO[C@@H](Cc1ccc(NCCCc2ccc(OS(C)(=O)=O)cc2)cc1)C(=O)O
/beegfs/home/m.romanov/thesis/benchmarking/datasets/USPTO/US07314889-20080101-C00086.png,CCOC(Cc1ccc(NCCCc2ccc(OS(C)(=O)=O)cc2)cc1)C(=O)O
/beegfs/home/m.romanov/thesis/benchmarking/datasets/USPTO/US07314889-20080101-C00087.png,CCOC(Cc1ccc(NC(=O)OCCCc2ccc(OS(C)(=O)=O)cc2)cc1)C(=O)O
/beegfs/home/m.romanov/thesis/benchmarking/datasets/USPTO/US07314889-20080101-C00088.png,CCO[C@@H](Cc1ccc(NCCCc2ccc(OS(C)(=O)=O)cc2)cc1)C(=O)O
/beegfs/home/m.romanov/thesis/benchmarking/datasets/USPTO/US07314889-20080101-C00089.png,CCOC(Cc1ccc(NCCCc2cccc(OS(C)(=O)=O)c2)cc1)C(=O)O
/beegfs/home/m.romanov/thesis/benchmarking/datasets/USPTO/US07314889-20080101-C00090.png,CCOC(Cc1ccc(NCCCc2ccc(OS(=O)(=O)c3ccc(C)cc3)cc2)cc1)C(=O)O
/beegfs/home/m.romanov/thesis/benchmarking/datasets/USPTO/US07314889-20080101-C00091.png,CCOC(Cc1cccc(NCCCc2ccc(OS(C)(=O)=O)cc2)c1)C(=O)O
/beegfs/home/m.romanov/thesis/benchmarking/datasets/USPTO/US07314889-20080101-C00092.png,CC(C)OC(Cc1ccc(NCCCc2ccc(OS(C)(=O)=O)cc2)cc1)C(=O)O
/beegfs/home/m.romanov/thesis/benchmarking/datasets/USPTO/US07314889-20080101-C00094.png,CCOC(Cc1ccc(NCCc2ccc(OS(C)(=O)=O)cc2)cc1)C(=O)O
/beegfs/home/m.romanov/thesis/benchmarking/datasets/USPTO/US07314889-20080101-C00095.png,CCO[C@@H](Cc1ccc(NCCc2ccc(OS(C)(=O)=O)cc2)cc1)C(=O)O
/beegfs/home/m.romanov/thesis/benchmarking/datasets/USPTO/US07314889-20080101-C00096.png,CCO[C@H](Cc1ccc(NC/C=C/c2ccc(OS(C)(=O)=O)cc2)cc1)C(=O)O
/beegfs/home/m.romanov/thesis/benchmarking/datasets/USPTO/US07314889-20080101-C00097.png,CCOC(=O)C(Cc1ccc(NC(=O)Cc2ccc(OS(C)(=O)=O)cc2)cc1)OCC
/beegfs/home/m.romanov/thesis/benchmarking/datasets/USPTO/US07314889-20080101-C00098.png,CCOC(Cc1ccc(NC/C=C/c2ccc(OS(C)(=O)=O)cc2)cc1)C(=O)O
/beegfs/home/m.romanov/thesis/benchmarking/datasets/USPTO/US07314889-20080101-C00099.png,CCOC(Cc1ccc(NC(=O)Cc2ccc(OS(C)(=O)=O)cc2)cc1)C(=O)O
/beegfs/home/m.romanov/thesis/benchmarking/datasets/USPTO/US07314889-20080101-C00100.png,CCOC(=O)C(Cc1ccc(NCCCc2ccc(N(C(=O)OC(C)(C)C)S(C)(=O)=O)cc2)cc1)OCC
/beegfs/home/m.romanov/thesis/benchmarking/datasets/USPTO/US07314889-20080101-C00101.png,CCOC(Cc1ccc(NCCCc2ccc(N(C(=O)OC(C)(C)C)S(C)(=O)=O)cc2)cc1)C(=O)O
/beegfs/home/m.romanov/thesis/benchmarking/datasets/USPTO/US07314889-20080101-C00102.png,CCOC(=O)C(Cc1ccc(NC(=O)/C=C/c2ccc(OS(C)(=O)=O)cc2)cc1)OCC
/beegfs/home/m.romanov/thesis/benchmarking/datasets/USPTO/US07314889-20080101-C00103.png,CCOC(Cc1ccc(NC(=O)/C=C/c2ccc(OS(C)(=O)=O)cc2)cc1)C(=O)O
/beegfs/home/m.romanov/thesis/benchmarking/datasets/USPTO/US07314889-20080101-C00104.png,CCOC(=O)C(Cc1ccc(NC(=O)CCc2ccc(OS(C)(=O)=O)cc2)cc1)OCC
/beegfs/home/m.romanov/thesis/benchmarking/datasets/USPTO/US07314889-20080101-C00105.png,CCOC(Cc1ccc(NC(=O)CCc2ccc(OS(C)(=O)=O)cc2)cc1)C(=O)O
/beegfs/home/m.romanov/thesis/benchmarking/datasets/USPTO/US07314889-20080101-C00113.png,CCOC(=O)[C@H](Cc1ccc(NC/C=C/c2ccc(OS(C)(=O)=O)cc2)cc1)OC
/beegfs/home/m.romanov/thesis/benchmarking/datasets/USPTO/US07314889-20080101-C00114.png,CO[C@@H](Cc1ccc(NC/C=C/c2ccc(OS(C)(=O)=O)cc2)cc1)C(=O)O
/beegfs/home/m.romanov/thesis/benchmarking/datasets/USPTO/US07314889-20080101-C00115.png,CCOC(=O)[C@H](Cc1ccc(NCCCc2cccc(CS(C)(=O)=O)c2)cc1)OC
/beegfs/home/m.romanov/thesis/benchmarking/datasets/USPTO/US07314889-20080101-C00116.png,CO[C@@H](Cc1ccc(NCCCc2cccc(OS(C)(=O)=O)c2)cc1)C(=O)O
/beegfs/home/m.romanov/thesis/benchmarking/datasets/USPTO/US07314889-20080101-C00118.png,CCOC(=O)[C@H](Cc1ccc(N(C/C=C/c2ccc(OS(C)(=O)=O)cc2)C(=O)c2ccccc2)cc1)OCC
/beegfs/home/m.romanov/thesis/benchmarking/datasets/USPTO/US07314889-20080101-C00119.png,CCO[C@@H](Cc1ccc(N(C/C=C/c2ccc(OS(C)(=O)=O)cc2)C(=O)c2ccccc2)cc1)C(=O)O
/beegfs/home/m.romanov/thesis/benchmarking/datasets/USPTO/US07314889-20080101-C00121.png,COC(=O)[C@H](Cc1ccc(N(C/C=C/c2ccc(OS(C)(=O)=O)cc2)C(=O)c2ccccc2)cc1)OC
/beegfs/home/m.romanov/thesis/benchmarking/datasets/USPTO/US07314889-20080101-C00122.png,CO[C@@H](Cc1ccc(N(C/C=C/c2ccc(OS(C)(=O)=O)cc2)C(=O)c2ccccc2)cc1)C(=O)O
/beegfs/home/m.romanov/thesis/benchmarking/datasets/USPTO/US07314890-20080101-C00004.png,CCCC1(C(O)C/C=C/CN(CCCCCCC(=O)O)S(C)(=O)=O)CCC1
/beegfs/home/m.romanov/thesis/benchmarking/datasets/USPTO/US07314897-20080101-C00007.png,Cc1ccc(C2C(=O)Oc3c(CC(C)C)cc(C(C)(C)C)cc32)cc1C
/beegfs/home/m.romanov/thesis/benchmarking/datasets/USPTO/US07314897-20080101-C00013.png,CCCCC1(CC)COP(Oc2c(C(C)(C)C)cc(CC(C)C)cc2C(C)(C)C)OC1
/beegfs/home/m.romanov/thesis/benchmarking/datasets/USPTO/US07314933-20080101-C00026.png,FC(F)(F)c1ccc(Nc2cc(Cl)ncn2)cc1
/beegfs/home/m.romanov/thesis/benchmarking/datasets/USPTO/US07314933-20080101-C00028.png,FC(F)(F)c1ccc(Nc2cc(-c3cccc4cccnc34)ncn2)cc1
/beegfs/home/m.romanov/thesis/benchmarking/datasets/USPTO/US07314933-20080101-C00029.png,FC(F)(F)c1ccc(Nc2cc(-c3ccc4ncccc4c3)ncn2)cc1
/beegfs/home/m.romanov/thesis/benchmarking/datasets/USPTO/US07314933-20080101-C00030.png,FC(F)(F)c1ccc(Nc2cc(-c3ccc4[nH]ccc4c3)ncn2)cc1
/beegfs/home/m.romanov/thesis/benchmarking/datasets/USPTO/US07314933-20080101-C00031.png,FC(F)(F)c1ccc(Nc2cc(-c3cccc4ncccc34)ncn2)cc1
/beegfs/home/m.romanov/thesis/benchmarking/datasets/USPTO/US07314933-20080101-C00032.png,FC(F)(F)c1ccc(Nc2cc(-c3ccc4c(c3)OCCCO4)ncn2)cc1
/beegfs/home/m.romanov/thesis/benchmarking/datasets/USPTO/US07314933-20080101-C00033.png,FC(F)(F)c1ccc(Nc2cc(-c3ccc4c(c3)CCO4)ncn2)cc1
/beegfs/home/m.romanov/thesis/benchmarking/datasets/USPTO/US07314933-20080101-C00034.png,FC(F)(F)c1ccc(Nc2cc(-c3cccc4cnccc34)ncn2)cc1
/beegfs/home/m.romanov/thesis/benchmarking/datasets/USPTO/US07314933-20080101-C00037.png,FC(F)(F)c1ccc(Nc2cc(-c3ccc4cccnc4c3)ncn2)cc1
/beegfs/home/m.romanov/thesis/benchmarking/datasets/USPTO/US07314933-20080101-C00039.png,FC(F)(F)c1ccc(Oc2cc(Cl)ncn2)cc1
/beegfs/home/m.romanov/thesis/benchmarking/datasets/USPTO/US07314934-20080101-C00018.png,CSc1nc(Cl)c(C=O)c(Nc2c(F)cccc2F)n1
/beegfs/home/m.romanov/thesis/benchmarking/datasets/USPTO/US07314934-20080101-C00019.png,CSc1nc(Cl)c(C=O)c(Nc2ccccc2Cl)n1
/beegfs/home/m.romanov/thesis/benchmarking/datasets/USPTO/US07314934-20080101-C00020.png,CSc1nc(Cl)c(C=O)c(Nc2ccccc2F)n1
/beegfs/home/m.romanov/thesis/benchmarking/datasets/USPTO/US07314934-20080101-C00021.png,CCC(CC)Nc1nc(SC)nc(Cl)c1C=O
/beegfs/home/m.romanov/thesis/benchmarking/datasets/USPTO/US07314934-20080101-C00022.png,CSc1nc(Cl)c(C=O)c(NC(C)C)n1
/beegfs/home/m.romanov/thesis/benchmarking/datasets/USPTO/US07314934-20080101-C00023.png,CSc1nc(Cl)c(C=O)c(NC2CC2)n1
/beegfs/home/m.romanov/thesis/benchmarking/datasets/USPTO/US07314934-20080101-C00024.png,CCC(C)Nc1nc(SC)nc(Cl)c1C=O
/beegfs/home/m.romanov/thesis/benchmarking/datasets/USPTO/US07314934-20080101-C00025.png,CSc1nc(Cl)c(C=O)c(NCC2CC2)n1
/beegfs/home/m.romanov/thesis/benchmarking/datasets/USPTO/US07314934-20080101-C00026.png,CSc1nc(N)c(C=O)c(Cl)n1
/beegfs/home/m.romanov/thesis/benchmarking/datasets/USPTO/US07314934-20080101-C00027.png,CSc1nc(Nc2ccccc2)c(C=O)c(-c2ccccc2)n1
/beegfs/home/m.romanov/thesis/benchmarking/datasets/USPTO/US07314934-20080101-C00028.png,CSc1nc(Nc2c(F)cccc2F)c(C=O)c(-c2ccc(F)cc2C)n1
/beegfs/home/m.romanov/thesis/benchmarking/datasets/USPTO/US07314934-20080101-C00029.png,CCC(CC)Nc1nc(SC)nc(-c2ccc(F)cc2C)c1C=O
/beegfs/home/m.romanov/thesis/benchmarking/datasets/USPTO/US07314934-20080101-C00030.png,CCC(CC)Nc1nc(SC)nc(-c2ccccc2Cl)c1C=O
/beegfs/home/m.romanov/thesis/benchmarking/datasets/USPTO/US07314934-20080101-C00031.png,CSc1nc(Nc2ccccc2Cl)c(C=O)c(-c2ccccc2Cl)n1
/beegfs/home/m.romanov/thesis/benchmarking/datasets/USPTO/US07314934-20080101-C00032.png,CSc1nc(Nc2ccccc2Cl)c(C=O)c(-c2ccccc2F)n1
/beegfs/home/m.romanov/thesis/benchmarking/datasets/USPTO/US07314934-20080101-C00034.png,CSc1nc(NC(C)C)c(C=O)c(-c2ccccc2F)n1
/beegfs/home/m.romanov/thesis/benchmarking/datasets/USPTO/US07314934-20080101-C00035.png,CSc1nc(NC2CC2)c(C=O)c(-c2ccccc2F)n1
/beegfs/home/m.romanov/thesis/benchmarking/datasets/USPTO/US07314934-20080101-C00036.png,CSc1nc(NCC2CC2)c(C=O)c(-c2ccccc2F)n1
/beegfs/home/m.romanov/thesis/benchmarking/datasets/USPTO/US07314934-20080101-C00037.png,CSc1nc(Nc2c(F)cccc2F)c(C=O)c(-c2ccccc2F)n1
/beegfs/home/m.romanov/thesis/benchmarking/datasets/USPTO/US07314934-20080101-C00038.png,CSc1nc(Nc2ccccc2F)c(C=O)c(-c2ccccc2F)n1
/beegfs/home/m.romanov/thesis/benchmarking/datasets/USPTO/US07314934-20080101-C00039.png,CCC(C)Nc1nc(SC)nc(-c2ccccc2F)c1C=O
/beegfs/home/m.romanov/thesis/benchmarking/datasets/USPTO/US07314934-20080101-C00040.png,CSc1nc(NC(C)C)c(C=O)c(-c2ccc(F)cc2C)n1
/beegfs/home/m.romanov/thesis/benchmarking/datasets/USPTO/US07314934-20080101-C00041.png,CSc1nc(NC2CC2)c(C=O)c(-c2ccc(F)cc2C)n1
/beegfs/home/m.romanov/thesis/benchmarking/datasets/USPTO/US07314934-20080101-C00042.png,CSc1nc(NCC2CC2)c(C=O)c(-c2ccc(F)cc2C)n1
/beegfs/home/m.romanov/thesis/benchmarking/datasets/USPTO/US07314934-20080101-C00043.png,CSc1nc(Nc2ccccc2F)c(C=O)c(-c2ccc(F)cc2C)n1
/beegfs/home/m.romanov/thesis/benchmarking/datasets/USPTO/US07314934-20080101-C00044.png,CCC(C)Nc1nc(SC)nc(-c2ccc(F)cc2C)c1C=O
/beegfs/home/m.romanov/thesis/benchmarking/datasets/USPTO/US07314934-20080101-C00045.png,CSc1nc(-c2ccccc2)c2ccc(=O)n(-c3ccccc3)c2n1
/beegfs/home/m.romanov/thesis/benchmarking/datasets/USPTO/US07314934-20080101-C00046.png,CCOC(=O)/C=C/c1c(Nc2c(F)cccc2F)nc(SC)nc1-c1ccc(F)cc1C
/beegfs/home/m.romanov/thesis/benchmarking/datasets/USPTO/US07314934-20080101-C00047.png,CSc1nc(-c2ccc(F)cc2C)c2ccc(=O)n(-c3c(F)cccc3F)c2n1
/beegfs/home/m.romanov/thesis/benchmarking/datasets/USPTO/US07314934-20080101-C00048.png,CSc1nc(-c2ccccc2F)c2ccc(=O)n(-c3ccccc3F)c2n1
/beegfs/home/m.romanov/thesis/benchmarking/datasets/USPTO/US07314934-20080101-C00049.png,CSc1nc(-c2ccccc2F)c2ccc(=O)n(-c3ccccc3Cl)c2n1
/beegfs/home/m.romanov/thesis/benchmarking/datasets/USPTO/US07314934-20080101-C00050.png,CSc1nc(-c2ccccc2Cl)c2ccc(=O)n(-c3ccccc3Cl)c2n1
/beegfs/home/m.romanov/thesis/benchmarking/datasets/USPTO/US07314934-20080101-C00051.png,CSc1nc(-c2ccccc2F)c2ccc(=O)n(CC3CC3)c2n1
/beegfs/home/m.romanov/thesis/benchmarking/datasets/USPTO/US07314934-20080101-C00052.png,CSc1nc(-c2ccccc2F)c2ccc(=O)n(C3CC3)c2n1
/beegfs/home/m.romanov/thesis/benchmarking/datasets/USPTO/US07314934-20080101-C00053.png,CCC(C)n1c(=O)ccc2c(-c3ccccc3F)nc(SC)nc21
/beegfs/home/m.romanov/thesis/benchmarking/datasets/USPTO/US07314934-20080101-C00054.png,CSc1nc(-c2ccccc2F)c2ccc(=O)n(C(C)C)c2n1
/beegfs/home/m.romanov/thesis/benchmarking/datasets/USPTO/US07314934-20080101-C00055.png,CSc1nc(-c2ccc(F)cc2C)c2ccc(=O)n(CC3CC3)c2n1
/beegfs/home/m.romanov/thesis/benchmarking/datasets/USPTO/US07314934-20080101-C00056.png,CSc1nc(-c2ccc(F)cc2C)c2ccc(=O)n(C3CC3)c2n1
/beegfs/home/m.romanov/thesis/benchmarking/datasets/USPTO/US07314934-20080101-C00057.png,CCC(C)n1c(=O)ccc2c(-c3ccc(F)cc3C)nc(SC)nc21
/beegfs/home/m.romanov/thesis/benchmarking/datasets/USPTO/US07314934-20080101-C00058.png,CSc1nc(-c2ccc(F)cc2C)c2ccc(=O)n(C(C)C)c2n1
/beegfs/home/m.romanov/thesis/benchmarking/datasets/USPTO/US07314934-20080101-C00059.png,CSc1nc(-c2ccccc2F)c2ccc(=O)n(-c3c(F)cccc3F)c2n1
/beegfs/home/m.romanov/thesis/benchmarking/datasets/USPTO/US07314934-20080101-C00060.png,CCC(CC)n1c(=O)ccc2c(-c3ccccc3Cl)nc(SC)nc21
/beegfs/home/m.romanov/thesis/benchmarking/datasets/USPTO/US07314934-20080101-C00061.png,CSc1nc(-c2ccc(F)cc2C)c2ccc(=O)n(-c3ccccc3F)c2n1
/beegfs/home/m.romanov/thesis/benchmarking/datasets/USPTO/US07314934-20080101-C00062.png,CS(=O)(=O)c1nc(-c2ccccc2)c2ccc(=O)n(-c3ccccc3)c2n1
/beegfs/home/m.romanov/thesis/benchmarking/datasets/USPTO/US07314934-20080101-C00063.png,CS(=O)(=O)c1nc(-c2ccccc2Cl)c2ccc(=O)n(-c3ccccc3Cl)c2n1
/beegfs/home/m.romanov/thesis/benchmarking/datasets/USPTO/US07314934-20080101-C00064.png,Cc1cc(F)ccc1-c1nc(S(C)(=O)=O)nc2c1ccc(=O)n2-c1c(F)cccc1F
/beegfs/home/m.romanov/thesis/benchmarking/datasets/USPTO/US07314934-20080101-C00065.png,CS(=O)(=O)c1nc(-c2ccccc2F)c2ccc(=O)n(-c3ccccc3F)c2n1
/beegfs/home/m.romanov/thesis/benchmarking/datasets/USPTO/US07314934-20080101-C00066.png,CS(=O)(=O)c1nc(-c2ccccc2F)c2ccc(=O)n(CC3CC3)c2n1
/beegfs/home/m.romanov/thesis/benchmarking/datasets/USPTO/US07314934-20080101-C00067.png,CCC(C)n1c(=O)ccc2c(-c3ccccc3F)nc(S(C)(=O)=O)nc21
/beegfs/home/m.romanov/thesis/benchmarking/datasets/USPTO/US07314934-20080101-C00068.png,CC(C)n1c(=O)ccc2c(-c3ccccc3F)nc(S(C)(=O)=O)nc21
/beegfs/home/m.romanov/thesis/benchmarking/datasets/USPTO/US07314934-20080101-C00069.png,Cc1cc(F)ccc1-c1nc(S(C)(=O)=O)nc2c1ccc(=O)n2CC1CC1
/beegfs/home/m.romanov/thesis/benchmarking/datasets/USPTO/US07314934-20080101-C00070.png,Cc1cc(F)ccc1-c1nc(S(C)(=O)=O)nc2c1ccc(=O)n2C1CC1
/beegfs/home/m.romanov/thesis/benchmarking/datasets/USPTO/US07314934-20080101-C00071.png,CCC(C)n1c(=O)ccc2c(-c3ccc(F)cc3C)nc(S(C)(=O)=O)nc21
/beegfs/home/m.romanov/thesis/benchmarking/datasets/USPTO/US07314934-20080101-C00072.png,Cc1cc(F)ccc1-c1nc(S(C)(=O)=O)nc2c1ccc(=O)n2C(C)C
/beegfs/home/m.romanov/thesis/benchmarking/datasets/USPTO/US07314934-20080101-C00073.png,CS(=O)(=O)c1nc(-c2ccccc2F)c2ccc(=O)n(-c3c(F)cccc3F)c2n1
/beegfs/home/m.romanov/thesis/benchmarking/datasets/USPTO/US07314934-20080101-C00074.png,CCC(CC)n1c(=O)ccc2c(-c3ccccc3Cl)nc(S(C)(=O)=O)nc21
/beegfs/home/m.romanov/thesis/benchmarking/datasets/USPTO/US07314934-20080101-C00075.png,Cc1cc(F)ccc1-c1nc(S(C)(=O)=O)nc2c1ccc(=O)n2-c1ccccc1F
/beegfs/home/m.romanov/thesis/benchmarking/datasets/USPTO/US07314934-20080101-C00076.png,CCN(CC)CCNc1nc(-c2ccccc2)c2ccc(=O)n(-c3ccccc3)c2n1
/beegfs/home/m.romanov/thesis/benchmarking/datasets/USPTO/US07314934-20080101-C00077.png,CCN(CC)CCNc1nc(-c2ccc(F)cc2C)c2ccc(=O)n(-c3c(F)cccc3F)c2n1
/beegfs/home/m.romanov/thesis/benchmarking/datasets/USPTO/US07314934-20080101-C00078.png,CCN(CC)CCNc1nc(-c2ccccc2Cl)c2ccc(=O)n(-c3ccccc3Cl)c2n1
/beegfs/home/m.romanov/thesis/benchmarking/datasets/USPTO/US07314934-20080101-C00079.png,CCN(CC)CCNc1nc(-c2ccccc2F)c2ccc(=O)n(-c3ccccc3Cl)c2n1
/beegfs/home/m.romanov/thesis/benchmarking/datasets/USPTO/US07314934-20080101-C00080.png,Cc1cc(F)ccc1-c1nc(NC(CO)CO)nc2c1ccc(=O)n2-c1c(F)cccc1F
/beegfs/home/m.romanov/thesis/benchmarking/datasets/USPTO/US07314934-20080101-C00081.png,O=c1ccc2c(-c3ccccc3Cl)nc(NC(CO)CO)nc2n1-c1ccccc1Cl
/beegfs/home/m.romanov/thesis/benchmarking/datasets/USPTO/US07314934-20080101-C00082.png,CCC(CC)n1c(=O)ccc2c(-c3ccccc3F)nc(NC(CO)CO)nc21
/beegfs/home/m.romanov/thesis/benchmarking/datasets/USPTO/US07314934-20080101-C00083.png,CCC(CC)n1c(=O)ccc2c(-c3ccccc3Cl)nc(NC(CO)CO)nc21
/beegfs/home/m.romanov/thesis/benchmarking/datasets/USPTO/US07314934-20080101-C00084.png,CC(C)n1c(=O)ccc2c(-c3ccccc3F)nc(NC(CO)CO)nc21
/beegfs/home/m.romanov/thesis/benchmarking/datasets/USPTO/US07314934-20080101-C00085.png,Cc1cc(F)ccc1-c1nc(NC(CO)CO)nc2c1ccc(=O)n2C1CC1
/beegfs/home/m.romanov/thesis/benchmarking/datasets/USPTO/US07314934-20080101-C00086.png,O=c1ccc2c(-c3ccccc3F)nc(NC(CO)CO)nc2n1CC1CC1
/beegfs/home/m.romanov/thesis/benchmarking/datasets/USPTO/US07314934-20080101-C00087.png,CCC(C)n1c(=O)ccc2c(-c3ccc(F)cc3C)nc(NC(CO)CO)nc21
/beegfs/home/m.romanov/thesis/benchmarking/datasets/USPTO/US07314934-20080101-C00088.png,Cc1cc(F)ccc1-c1nc(NC(CO)CO)nc2c1ccc(=O)n2-c1ccccc1F
/beegfs/home/m.romanov/thesis/benchmarking/datasets/USPTO/US07314934-20080101-C00089.png,O=c1ccc2c(-c3ccccc3F)nc(NC(CO)CO)nc2n1-c1ccccc1F
/beegfs/home/m.romanov/thesis/benchmarking/datasets/USPTO/US07314934-20080101-C00090.png,O=c1ccc2c(-c3ccccc3F)nc(NC(CO)CO)nc2n1-c1c(F)cccc1F
/beegfs/home/m.romanov/thesis/benchmarking/datasets/USPTO/US07314934-20080101-C00091.png,Cc1cc(F)ccc1-c1nc(NC(CO)CO)nc2c1ccc(=O)n2CC1CC1
/beegfs/home/m.romanov/thesis/benchmarking/datasets/USPTO/US07314934-20080101-C00092.png,Cc1cc(F)ccc1-c1nc(NC(CO)CO)nc2c1ccc(=O)n2C(C)C
/beegfs/home/m.romanov/thesis/benchmarking/datasets/USPTO/US07314934-20080101-C00093.png,CN(C)CCNc1nc(-c2ccccc2Cl)c2ccc(=O)n(-c3ccccc3Cl)c2n1
/beegfs/home/m.romanov/thesis/benchmarking/datasets/USPTO/US07314934-20080101-C00094.png,O=c1ccc2c(-c3ccccc3Cl)nc(NC3CCNCC3)nc2n1-c1ccccc1Cl
/beegfs/home/m.romanov/thesis/benchmarking/datasets/USPTO/US07314934-20080101-C00095.png,CN1CCC(Nc2nc(-c3ccccc3Cl)c3ccc(=O)n(-c4ccccc4Cl)c3n2)CC1
/beegfs/home/m.romanov/thesis/benchmarking/datasets/USPTO/US07314934-20080101-C00096.png,CC(CO)(CO)Nc1nc(-c2ccccc2Cl)c2ccc(=O)n(-c3ccccc3Cl)c2n1
/beegfs/home/m.romanov/thesis/benchmarking/datasets/USPTO/US07314934-20080101-C00097.png,O=c1ccc2c(-c3ccccc3Cl)nc(NCCO)nc2n1-c1ccccc1Cl
/beegfs/home/m.romanov/thesis/benchmarking/datasets/USPTO/US07314934-20080101-C00098.png,NCCNc1nc(-c2ccccc2Cl)c2ccc(=O)n(-c3ccccc3Cl)c2n1
/beegfs/home/m.romanov/thesis/benchmarking/datasets/USPTO/US07314934-20080101-C00099.png,CCOC(=O)CNc1nc(-c2ccccc2Cl)c2ccc(=O)n(-c3ccccc3Cl)c2n1
/beegfs/home/m.romanov/thesis/benchmarking/datasets/USPTO/US07314934-20080101-C00100.png,O=C(O)CNc1nc(-c2ccccc2Cl)c2ccc(=O)n(-c3ccccc3Cl)c2n1
/beegfs/home/m.romanov/thesis/benchmarking/datasets/USPTO/US07314934-20080101-C00101.png,CCC(CC)n1c(=O)ccc2c(-c3ccccc3Cl)nc(NCCN(CC)CC)nc21
/beegfs/home/m.romanov/thesis/benchmarking/datasets/USPTO/US07314934-20080101-C00102.png,CCC(CC)n1c(=O)ccc2c(-c3ccccc3Cl)nc(NCCN)nc21
/beegfs/home/m.romanov/thesis/benchmarking/datasets/USPTO/US07314934-20080101-C00103.png,CCC(CC)n1c(=O)ccc2c(-c3ccccc3Cl)nc(NCCO)nc21
/beegfs/home/m.romanov/thesis/benchmarking/datasets/USPTO/US07314934-20080101-C00104.png,CCC(CC)n1c(=O)ccc2c(-c3ccccc3Cl)nc(N[C@H](C)CO)nc21
/beegfs/home/m.romanov/thesis/benchmarking/datasets/USPTO/US07314934-20080101-C00105.png,CCC(CC)n1c(=O)ccc2c(-c3ccccc3Cl)nc(NC3CCN(C)CC3)nc21
/beegfs/home/m.romanov/thesis/benchmarking/datasets/USPTO/US07314934-20080101-C00106.png,CCOC(=O)CNc1nc(-c2ccccc2Cl)c2ccc(=O)n(C(CC)CC)c2n1
/beegfs/home/m.romanov/thesis/benchmarking/datasets/USPTO/US07314934-20080101-C00107.png,Cc1cc(F)ccc1-c1nc(NCCO)nc2c1ccc(=O)n2-c1c(F)cccc1F
/beegfs/home/m.romanov/thesis/benchmarking/datasets/USPTO/US07314934-20080101-C00108.png,Cc1cc(F)ccc1-c1nc(NC2CCN(C)CC2)nc2c1ccc(=O)n2-c1c(F)cccc1F
/beegfs/home/m.romanov/thesis/benchmarking/datasets/USPTO/US07314934-20080101-C00109.png,CS(=O)(=O)Nc1nc(-c2ccccc2)c2ccc(=O)n(-c3ccccc3)c2n1
/beegfs/home/m.romanov/thesis/benchmarking/datasets/USPTO/US07314934-20080101-C00110.png,CS(=O)(=O)Nc1nc(-c2ccccc2F)c2ccc(=O)n(-c3ccccc3F)c2n1
/beegfs/home/m.romanov/thesis/benchmarking/datasets/USPTO/US07314934-20080101-C00111.png,CC(C)n1c(=O)ccc2c(-c3ccccc3F)nc(NS(C)(=O)=O)nc21
/beegfs/home/m.romanov/thesis/benchmarking/datasets/USPTO/US07314934-20080101-C00112.png,CS(=O)(=O)Nc1nc(-c2ccccc2F)c2ccc(=O)n(-c3c(F)cccc3F)c2n1
/beegfs/home/m.romanov/thesis/benchmarking/datasets/USPTO/US07314934-20080101-C00113.png,Cc1cc(F)ccc1-c1nc(NS(C)(=O)=O)nc2c1ccc(=O)n2-c1c(F)cccc1F
/beegfs/home/m.romanov/thesis/benchmarking/datasets/USPTO/US07314934-20080101-C00114.png,COc1nc(-c2ccc(F)cc2C)c2ccc(=O)n(-c3c(F)cccc3F)c2n1
/beegfs/home/m.romanov/thesis/benchmarking/datasets/USPTO/US07314934-20080101-C00115.png,CCOc1nc(-c2ccc(F)cc2C)c2ccc(=O)n(-c3c(F)cccc3F)c2n1
/beegfs/home/m.romanov/thesis/benchmarking/datasets/USPTO/US07314934-20080101-C00116.png,CCCCOc1nc(-c2ccc(F)cc2C)c2ccc(=O)n(-c3c(F)cccc3F)c2n1
/beegfs/home/m.romanov/thesis/benchmarking/datasets/USPTO/US07314934-20080101-C00117.png,COc1nc(-c2ccccc2F)c2ccc(=O)n(-c3ccccc3Cl)c2n1
/beegfs/home/m.romanov/thesis/benchmarking/datasets/USPTO/US07314934-20080101-C00118.png,COc1nc(-c2ccccc2Cl)c2ccc(=O)n(-c3ccccc3Cl)c2n1
/beegfs/home/m.romanov/thesis/benchmarking/datasets/USPTO/US07314934-20080101-C00119.png,COc1nc(-c2ccccc2F)c2ccc(=O)n(-c3c(F)cccc3F)c2n1
/beegfs/home/m.romanov/thesis/benchmarking/datasets/USPTO/US07314934-20080101-C00120.png,CCC(CC)n1c(=O)ccc2c(-c3ccc(F)cc3C)nc(OC)nc21
/beegfs/home/m.romanov/thesis/benchmarking/datasets/USPTO/US07314934-20080101-C00121.png,O=c1ccc2c(-c3ccccc3Cl)nc(OCCO)nc2n1-c1ccccc1Cl
/beegfs/home/m.romanov/thesis/benchmarking/datasets/USPTO/US07314934-20080101-C00123.png,CSc1nc(-c2ccccc2F)c2ccc(=O)[nH]c2n1
/beegfs/home/m.romanov/thesis/benchmarking/datasets/USPTO/US07314934-20080101-C00124.png,CSc1nc(-c2ccccc2F)c2ccc(=O)n(C)c2n1
/beegfs/home/m.romanov/thesis/benchmarking/datasets/USPTO/US07314934-20080101-C00125.png,CCn1c(=O)ccc2c(-c3ccccc3F)nc(SC)nc21
/beegfs/home/m.romanov/thesis/benchmarking/datasets/USPTO/US07314934-20080101-C00126.png,CSc1nc(Nc2ccccc2Cl)c(C=O)c(Oc2ccccc2)n1
/beegfs/home/m.romanov/thesis/benchmarking/datasets/USPTO/US07314934-20080101-C00127.png,CSc1nc(Oc2ccccc2)c2ccc(=O)n(-c3ccccc3Cl)c2n1
/beegfs/home/m.romanov/thesis/benchmarking/datasets/USPTO/US07314934-20080101-C00128.png,Nc1nc(-c2ccccc2F)c2ccc(=O)n(-c3c(F)cccc3F)c2n1
/beegfs/home/m.romanov/thesis/benchmarking/datasets/USPTO/US07314934-20080101-C00129.png,CSc1nc(-c2ccc(F)cc2C)c2c(n1)N(c1c(F)cccc1F)C(=O)CC2
/beegfs/home/m.romanov/thesis/benchmarking/datasets/USPTO/US07314934-20080101-C00130.png,CCN(CC)CCNc1nc(-c2ccc(F)cc2C)c2c(n1)N(c1c(F)cccc1F)C(=O)CC2
/beegfs/home/m.romanov/thesis/benchmarking/datasets/USPTO/US07314934-20080101-C00131.png,Cc1cc(F)ccc1-c1nc(NCCO)nc2c1ccc(=O)n2C(C)C
/beegfs/home/m.romanov/thesis/benchmarking/datasets/USPTO/US07314934-20080101-C00132.png,Cc1cc(F)ccc1-c1nc(N(C)S(C)(=O)=O)nc2c1ccc(=O)n2-c1c(F)cccc1F
/beegfs/home/m.romanov/thesis/benchmarking/datasets/USPTO/US07314934-20080101-C00133.png,Cc1cc(F)ccc1-c1nc(N(C)S(C)(=O)=O)nc2c1ccc(=O)n2C(C)C
/beegfs/home/m.romanov/thesis/benchmarking/datasets/USPTO/US07314934-20080101-C00134.png,Cc1cc(F)ccc1-c1nc(O)nc2c1ccc(=O)n2-c1c(F)cccc1F
/beegfs/home/m.romanov/thesis/benchmarking/datasets/USPTO/US07314934-20080101-C00135.png,CSc1nc(-c2ccc(F)cc2C)c2ccc(=O)n(-c3ccccc3C)c2n1
/beegfs/home/m.romanov/thesis/benchmarking/datasets/USPTO/US07314934-20080101-C00136.png,CSc1nc(-c2ccc(F)cc2C)c2ccc(=O)n(-c3c(C)cccc3C)c2n1
/beegfs/home/m.romanov/thesis/benchmarking/datasets/USPTO/US07314934-20080101-C00137.png,Cc1cc(F)ccc1-c1nc(S(C)(=O)=O)nc2c1ccc(=O)n2-c1ccccc1C
/beegfs/home/m.romanov/thesis/benchmarking/datasets/USPTO/US07314934-20080101-C00138.png,Cc1cc(F)ccc1-c1nc(S(C)(=O)=O)nc2c1ccc(=O)n2-c1c(C)cccc1C
/beegfs/home/m.romanov/thesis/benchmarking/datasets/USPTO/US07314934-20080101-C00139.png,Cc1cc(F)ccc1-c1nc(NCCO)nc2c1ccc(=O)n2-c1c(C)cccc1C
/beegfs/home/m.romanov/thesis/benchmarking/datasets/USPTO/US07314934-20080101-C00140.png,Cc1cc(F)ccc1-c1nc(NC(CO)CO)nc2c1ccc(=O)n2-c1c(C)cccc1C
/beegfs/home/m.romanov/thesis/benchmarking/datasets/USPTO/US07314934-20080101-C00141.png,Cc1cc(F)ccc1-c1nc(NC(CO)CO)nc2c1ccc(=O)n2-c1ccccc1C
/beegfs/home/m.romanov/thesis/benchmarking/datasets/USPTO/US07314934-20080101-C00142.png,Cc1cc(F)ccc1-c1nc(NCCO)nc2c1ccc(=O)n2-c1ccccc1C
/beegfs/home/m.romanov/thesis/benchmarking/datasets/USPTO/US07314934-20080101-C00143.png,CSCCCOc1nc(-c2ccc(F)cc2C)c2ccc(=O)n(-c3c(F)cccc3F)c2n1
/beegfs/home/m.romanov/thesis/benchmarking/datasets/USPTO/US07314934-20080101-C00144.png,Cc1cc(F)ccc1-c1nc(OCCCS(C)(=O)=O)nc2c1ccc(=O)n2-c1c(F)cccc1F
/beegfs/home/m.romanov/thesis/benchmarking/datasets/USPTO/US07314934-20080101-C00145.png,Cc1cc(F)ccc1-c1nc(OC(CO)CO)nc2c1ccc(=O)n2-c1c(F)cccc1F
/beegfs/home/m.romanov/thesis/benchmarking/datasets/USPTO/US07314934-20080101-C00146.png,Cc1cc(F)ccc1-c1nc(OCCNC(=O)OC(C)(C)C)nc2c1ccc(=O)n2-c1c(F)cccc1F
/beegfs/home/m.romanov/thesis/benchmarking/datasets/USPTO/US07314934-20080101-C00147.png,Cc1cc(F)ccc1-c1nc(OCCN)nc2c1ccc(=O)n2-c1c(F)cccc1F
/beegfs/home/m.romanov/thesis/benchmarking/datasets/USPTO/US07314934-20080101-C00148.png,CC(=O)NCCOc1nc(-c2ccc(F)cc2C)c2ccc(=O)n(-c3c(F)cccc3F)c2n1
/beegfs/home/m.romanov/thesis/benchmarking/datasets/USPTO/US07314934-20080101-C00149.png,Cc1cc(F)ccc1-c1nc(OCC(CO)CO)nc2c1ccc(=O)n2-c1c(F)cccc1F
/beegfs/home/m.romanov/thesis/benchmarking/datasets/USPTO/US07314934-20080101-C00150.png,Cc1cc(F)ccc1-c1nc(OCCNS(C)(=O)=O)nc2c1ccc(=O)n2-c1c(F)cccc1F
/beegfs/home/m.romanov/thesis/benchmarking/datasets/USPTO/US07314934-20080101-C00151.png,Cc1cc(F)ccc1-c1nc(OCCN(C)S(C)(=O)=O)nc2c1ccc(=O)n2-c1c(F)cccc1F
/beegfs/home/m.romanov/thesis/benchmarking/datasets/USPTO/US07314934-20080101-C00152.png,Cc1cc(F)ccc1-c1nc(NCCO)nc2c1ccc(=O)n2-c1ccccc1F
/beegfs/home/m.romanov/thesis/benchmarking/datasets/USPTO/US07314934-20080101-C00153.png,Cc1cc(F)ccc1-c1nc(N[C@@H](C)CO)nc2c1ccc(=O)n2-c1c(F)cccc1F
/beegfs/home/m.romanov/thesis/benchmarking/datasets/USPTO/US07314934-20080101-C00154.png,Cc1cc(F)ccc1-c1nc(N[C@H](C)CO)nc2c1ccc(=O)n2-c1c(F)cccc1F
/beegfs/home/m.romanov/thesis/benchmarking/datasets/USPTO/US07314934-20080101-C00155.png,Cc1cc(F)ccc1-c1nc(NC(C)(C)CO)nc2c1ccc(=O)n2-c1c(F)cccc1F
/beegfs/home/m.romanov/thesis/benchmarking/datasets/USPTO/US07314934-20080101-C00156.png,CCNc1nc(-c2ccc(F)cc2C)c2ccc(=O)n(-c3ccccc3F)c2n1
/beegfs/home/m.romanov/thesis/benchmarking/datasets/USPTO/US07314934-20080101-C00157.png,Cc1cc(F)ccc1-c1nc(N[C@@H](C)CO)nc2c1ccc(=O)n2-c1ccccc1F
/beegfs/home/m.romanov/thesis/benchmarking/datasets/USPTO/US07314934-20080101-C00158.png,Cc1cc(F)ccc1-c1nc(N[C@H](C)CO)nc2c1ccc(=O)n2-c1ccccc1F
/beegfs/home/m.romanov/thesis/benchmarking/datasets/USPTO/US07314934-20080101-C00159.png,Cc1cc(F)ccc1-c1nc(NC(C)(C)CO)nc2c1ccc(=O)n2-c1ccccc1F
/beegfs/home/m.romanov/thesis/benchmarking/datasets/USPTO/US07314934-20080101-C00160.png,Cc1cc(F)ccc1-c1nc(O)nc2c1ccc(=O)n2-c1ccccc1F
/beegfs/home/m.romanov/thesis/benchmarking/datasets/USPTO/US07314934-20080101-C00161.png,Cc1cc(F)ccc1-c1nc(NC2CCCCC2)nc2c1ccc(=O)n2-c1ccccc1F
/beegfs/home/m.romanov/thesis/benchmarking/datasets/USPTO/US07314934-20080101-C00162.png,Cc1cc(F)ccc1-c1nc(NC2CCOCC2)nc2c1ccc(=O)n2-c1ccccc1F
/beegfs/home/m.romanov/thesis/benchmarking/datasets/USPTO/US07314934-20080101-C00163.png,CCNc1nc(-c2ccc(F)cc2C)c2ccc(=O)n(-c3c(F)cccc3F)c2n1
/beegfs/home/m.romanov/thesis/benchmarking/datasets/USPTO/US07314934-20080101-C00164.png,Cc1cc(F)ccc1-c1nc(NC2CCCCC2)nc2c1ccc(=O)n2-c1c(F)cccc1F
/beegfs/home/m.romanov/thesis/benchmarking/datasets/USPTO/US07314934-20080101-C00165.png,Cc1cc(F)ccc1-c1nc(NC2CCOCC2)nc2c1ccc(=O)n2-c1c(F)cccc1F
/beegfs/home/m.romanov/thesis/benchmarking/datasets/USPTO/US07314934-20080101-C00166.png,Cc1cc(F)ccc1-c1nc(NCC(F)(F)F)nc2c1ccc(=O)n2-c1ccccc1F
/beegfs/home/m.romanov/thesis/benchmarking/datasets/USPTO/US07314934-20080101-C00167.png,Cc1cc(F)ccc1-c1nc(N[C@H]2CC[C@H](O)CC2)nc2c1ccc(=O)n2-c1ccccc1F
/beegfs/home/m.romanov/thesis/benchmarking/datasets/USPTO/US07314934-20080101-C00168.png,Cc1cc(F)ccc1-c1nc(NC(C)(CO)CO)nc2c1ccc(=O)n2-c1ccccc1F
/beegfs/home/m.romanov/thesis/benchmarking/datasets/USPTO/US07314934-20080101-C00169.png,Cc1cc(F)ccc1-c1nc(NCC(F)(F)F)nc2c1ccc(=O)n2-c1c(F)cccc1F
/beegfs/home/m.romanov/thesis/benchmarking/datasets/USPTO/US07314934-20080101-C00170.png,Cc1cc(F)ccc1-c1nc(NC(C)(CO)CO)nc2c1ccc(=O)n2-c1c(F)cccc1F
/beegfs/home/m.romanov/thesis/benchmarking/datasets/USPTO/US07314934-20080101-C00171.png,Cc1cc(F)ccc1-c1nc(N[C@H]2CC[C@H](O)CC2)nc2c1ccc(=O)n2-c1c(F)cccc1F
/beegfs/home/m.romanov/thesis/benchmarking/datasets/USPTO/US07314934-20080101-C00172.png,CCOc1nc(-c2ccc(F)cc2C)c2ccc(=O)n(-c3ccccc3F)c2n1
/beegfs/home/m.romanov/thesis/benchmarking/datasets/USPTO/US07314934-20080101-C00173.png,Cc1cc(F)ccc1-c1nc(NCCN)nc2c1ccc(=O)n2-c1c(F)cccc1F
/beegfs/home/m.romanov/thesis/benchmarking/datasets/USPTO/US07314934-20080101-C00174.png,CCNC(=O)NCCNc1nc(-c2ccc(F)cc2C)c2ccc(=O)n(-c3c(F)cccc3F)c2n1
/beegfs/home/m.romanov/thesis/benchmarking/datasets/USPTO/US07314934-20080101-C00177.png,Cc1cc(F)ccc1-c1nc(NCCNC(=O)Nc2cccc(F)c2)nc2c1ccc(=O)n2-c1c(F)cccc1F
/beegfs/home/m.romanov/thesis/benchmarking/datasets/USPTO/US07314934-20080101-C00178.png,CNC(=O)NCCNc1nc(-c2ccc(F)cc2C)c2ccc(=O)n(-c3c(F)cccc3F)c2n1
/beegfs/home/m.romanov/thesis/benchmarking/datasets/USPTO/US07314934-20080101-C00179.png,Cc1cc(F)ccc1-c1nc(NCCNC(=O)c2ccccc2)nc2c1ccc(=O)n2-c1c(F)cccc1F
/beegfs/home/m.romanov/thesis/benchmarking/datasets/USPTO/US07314934-20080101-C00180.png,CCOC(=O)NCCNc1nc(-c2ccc(F)cc2C)c2ccc(=O)n(-c3c(F)cccc3F)c2n1
/beegfs/home/m.romanov/thesis/benchmarking/datasets/USPTO/US07314934-20080101-C00181.png,CCC(=O)NCCNc1nc(-c2ccc(F)cc2C)c2ccc(=O)n(-c3c(F)cccc3F)c2n1
/beegfs/home/m.romanov/thesis/benchmarking/datasets/USPTO/US07314934-20080101-C00182.png,Cc1cc(F)ccc1-c1nc(NCCNC(=O)C(C)(C)C)nc2c1ccc(=O)n2-c1c(F)cccc1F
/beegfs/home/m.romanov/thesis/benchmarking/datasets/USPTO/US07314934-20080101-C00183.png,Cc1cc(F)ccc1-c1nc(NCCNC(=O)OC(C)(C)C)nc2c1ccc(=O)n2-c1c(F)cccc1F
/beegfs/home/m.romanov/thesis/benchmarking/datasets/USPTO/US07314934-20080101-C00184.png,Cc1cc(F)ccc1-c1nc(Nc2c[nH]c(=O)[nH]c2=O)nc2c1ccc(=O)n2-c1c(F)cccc1F
/beegfs/home/m.romanov/thesis/benchmarking/datasets/USPTO/US07314934-20080101-C00186.png,Cc1cc(F)ccc1-c1nc(NCCNC(=O)CN)nc2c1ccc(=O)n2-c1c(F)cccc1F
/beegfs/home/m.romanov/thesis/benchmarking/datasets/USPTO/US07314934-20080101-C00187.png,Cc1cc(F)ccc1-c1nc(NCC(C)(C)O)nc2c1ccc(=O)n2-c1c(F)cccc1F
/beegfs/home/m.romanov/thesis/benchmarking/datasets/USPTO/US07314934-20080101-C00188.png,Cc1cc(F)ccc1-c1nc(NC[C@H](C)O)nc2c1ccc(=O)n2-c1c(F)cccc1F
/beegfs/home/m.romanov/thesis/benchmarking/datasets/USPTO/US07314934-20080101-C00189.png,Cc1cc(F)ccc1-c1nc(NC[C@@H](C)O)nc2c1ccc(=O)n2-c1c(F)cccc1F
/beegfs/home/m.romanov/thesis/benchmarking/datasets/USPTO/US07314934-20080101-C00190.png,Cc1cc(F)ccc1-c1nc(NC[C@H](O)c2ccccc2)nc2c1ccc(=O)n2-c1c(F)cccc1F
/beegfs/home/m.romanov/thesis/benchmarking/datasets/USPTO/US07314934-20080101-C00191.png,Cc1cc(F)ccc1-c1nc(NC(CO)(CO)CO)nc2c1ccc(=O)n2-c1c(F)cccc1F
/beegfs/home/m.romanov/thesis/benchmarking/datasets/USPTO/US07314934-20080101-C00192.png,Cc1cc(F)ccc1-c1nc(NCC(C)(C)O)nc2c1ccc(=O)n2-c1ccccc1F
/beegfs/home/m.romanov/thesis/benchmarking/datasets/USPTO/US07314934-20080101-C00193.png,Cc1cc(F)ccc1-c1nc(NC[C@H](C)O)nc2c1ccc(=O)n2-c1ccccc1F
/beegfs/home/m.romanov/thesis/benchmarking/datasets/USPTO/US07314934-20080101-C00194.png,Cc1cc(F)ccc1-c1nc(NC[C@@H](C)O)nc2c1ccc(=O)n2-c1ccccc1F
/beegfs/home/m.romanov/thesis/benchmarking/datasets/USPTO/US07314934-20080101-C00196.png,CSc1nc(NC2CCCCC2)c(C=O)c(-c2ccc(F)cc2C)n1
/beegfs/home/m.romanov/thesis/benchmarking/datasets/USPTO/US07314934-20080101-C00197.png,CSc1nc(-c2ccc(F)cc2C)c2ccc(=O)n(C3CCCCC3)c2n1
/beegfs/home/m.romanov/thesis/benchmarking/datasets/USPTO/US07314934-20080101-C00198.png,CCOc1nc(-c2ccc(F)cc2C)c2ccc(=O)n(C3CCCCC3)c2n1
/beegfs/home/m.romanov/thesis/benchmarking/datasets/USPTO/US07314934-20080101-C00199.png,Cc1cc(F)ccc1-c1nc(S(C)(=O)=O)nc2c1ccc(=O)n2C1CCCCC1
/beegfs/home/m.romanov/thesis/benchmarking/datasets/USPTO/US07314934-20080101-C00200.png,Cc1cc(F)ccc1-c1nc(NCC(C)(C)O)nc2c1ccc(=O)n2C1CCCCC1
/beegfs/home/m.romanov/thesis/benchmarking/datasets/USPTO/US07314934-20080101-C00201.png,Cc1cc(F)ccc1-c1nc(NC[C@H](C)O)nc2c1ccc(=O)n2C1CCCCC1
/beegfs/home/m.romanov/thesis/benchmarking/datasets/USPTO/US07314934-20080101-C00202.png,Cc1cc(F)ccc1-c1nc(NC[C@@H](C)O)nc2c1ccc(=O)n2C1CCCCC1
/beegfs/home/m.romanov/thesis/benchmarking/datasets/USPTO/US07314934-20080101-C00203.png,Cc1cc(F)ccc1-c1nc(NC(CO)CO)nc2c1ccc(=O)n2C1CCCCC1
/beegfs/home/m.romanov/thesis/benchmarking/datasets/USPTO/US07314934-20080101-C00204.png,Cc1cc(F)ccc1-c1nc(NCCCl)nc2c1ccc(=O)n2-c1c(F)cccc1F
/beegfs/home/m.romanov/thesis/benchmarking/datasets/USPTO/US07314934-20080101-C00205.png,Cc1cc(F)ccc1-c1nc(NCCNS(C)(=O)=O)nc2c1ccc(=O)n2-c1c(F)cccc1F
/beegfs/home/m.romanov/thesis/benchmarking/datasets/USPTO/US07314934-20080101-C00206.png,COC(=O)CNc1nc(-c2ccc(F)cc2C)c2ccc(=O)n(-c3c(F)cccc3F)c2n1
/beegfs/home/m.romanov/thesis/benchmarking/datasets/USPTO/US07314934-20080101-C00207.png,Cc1cc(F)ccc1-c1nc(NCC(=O)O)nc2c1ccc(=O)n2-c1c(F)cccc1F
/beegfs/home/m.romanov/thesis/benchmarking/datasets/USPTO/US07314934-20080101-C00208.png,CCNC(=O)CNc1nc(-c2ccc(F)cc2C)c2ccc(=O)n(-c3c(F)cccc3F)c2n1
/beegfs/home/m.romanov/thesis/benchmarking/datasets/USPTO/US07314934-20080101-C00209.png,Cc1cc(F)ccc1-c1nc(NCC(=O)N2CCOCC2)nc2c1ccc(=O)n2-c1c(F)cccc1F
/beegfs/home/m.romanov/thesis/benchmarking/datasets/USPTO/US07314934-20080101-C00210.png,Cc1cc(F)ccc1-c1nc(N[C@H](C)CO)nc2c1ccc(=O)n2-c1ccccc1C
/beegfs/home/m.romanov/thesis/benchmarking/datasets/USPTO/US07314934-20080101-C00211.png,Cc1cc(F)ccc1-c1nc(N[C@H]2CC[C@H](O)CC2)nc2c1ccc(=O)n2-c1ccccc1C
/beegfs/home/m.romanov/thesis/benchmarking/datasets/USPTO/US07314934-20080101-C00212.png,Cc1cc(F)ccc1-c1nc(N[C@@H](C)CO)nc2c1ccc(=O)n2-c1ccccc1C
/beegfs/home/m.romanov/thesis/benchmarking/datasets/USPTO/US07314934-20080101-C00213.png,Cc1cc(F)ccc1-c1nc(NC(C)(C)CO)nc2c1ccc(=O)n2-c1ccccc1C
/beegfs/home/m.romanov/thesis/benchmarking/datasets/USPTO/US07314934-20080101-C00214.png,CCNc1nc(-c2ccc(F)cc2C)c2ccc(=O)n(-c3ccccc3C)c2n1
/beegfs/home/m.romanov/thesis/benchmarking/datasets/USPTO/US07314934-20080101-C00215.png,Cc1cc(F)ccc1-c1nc(NC2CCCCC2)nc2c1ccc(=O)n2-c1ccccc1C
/beegfs/home/m.romanov/thesis/benchmarking/datasets/USPTO/US07314934-20080101-C00216.png,Cc1cc(F)ccc1-c1nc(NC2CCOCC2)nc2c1ccc(=O)n2-c1ccccc1C
/beegfs/home/m.romanov/thesis/benchmarking/datasets/USPTO/US07314934-20080101-C00217.png,Cc1cc(F)ccc1-c1nc(NCC(F)(F)F)nc2c1ccc(=O)n2-c1ccccc1C
/beegfs/home/m.romanov/thesis/benchmarking/datasets/USPTO/US07314934-20080101-C00218.png,Cc1cc(F)ccc1-c1nc(NC(C)(CO)CO)nc2c1ccc(=O)n2-c1ccccc1C
/beegfs/home/m.romanov/thesis/benchmarking/datasets/USPTO/US07314934-20080101-C00219.png,Cc1cc(F)ccc1-c1nc(NCC(=O)N(C)C)nc2c1ccc(=O)n2-c1c(F)cccc1F
/beegfs/home/m.romanov/thesis/benchmarking/datasets/USPTO/US07314934-20080101-C00220.png,Cc1cc(F)ccc1-c1nc(NCC(=O)N2CCCC2)nc2c1ccc(=O)n2-c1c(F)cccc1F
/beegfs/home/m.romanov/thesis/benchmarking/datasets/USPTO/US07314934-20080101-C00221.png,COCCNC(=O)CNc1nc(-c2ccc(F)cc2C)c2ccc(=O)n(-c3c(F)cccc3F)c2n1
/beegfs/home/m.romanov/thesis/benchmarking/datasets/USPTO/US07314934-20080101-C00222.png,Cc1cc(F)ccc1-c1nc(NCCC#N)nc2c1ccc(=O)n2-c1c(F)cccc1F
/beegfs/home/m.romanov/thesis/benchmarking/datasets/USPTO/US07314934-20080101-C00223.png,Cc1cc(F)ccc1-c1nc(N2CCOCC2)nc2c1ccc(=O)n2-c1ccccc1C
/beegfs/home/m.romanov/thesis/benchmarking/datasets/USPTO/US07314934-20080101-C00224.png,Cc1cc(F)ccc1-c1nc(N[C@H]2CCCC[C@@H]2O)nc2c1ccc(=O)n2-c1c(F)cccc1F
/beegfs/home/m.romanov/thesis/benchmarking/datasets/USPTO/US07314934-20080101-C00225.png,Cc1cc(F)ccc1-c1nc(NCC(=O)NCCO)nc2c1ccc(=O)n2-c1c(F)cccc1F
/beegfs/home/m.romanov/thesis/benchmarking/datasets/USPTO/US07314934-20080101-C00226.png,Cc1cc(F)ccc1-c1nc(NCCc2nnn[nH]2)nc2c1ccc(=O)n2-c1c(F)cccc1F
/beegfs/home/m.romanov/thesis/benchmarking/datasets/USPTO/US07314934-20080101-C00227.png,Cc1cc(F)ccc1-c1nc(NCC(=O)NC2CC2)nc2c1ccc(=O)n2-c1c(F)cccc1F
/beegfs/home/m.romanov/thesis/benchmarking/datasets/USPTO/US07314934-20080101-C00228.png,Cc1cc(F)ccc1-c1nc(NCc2nnn[nH]2)nc2c1ccc(=O)n2-c1c(F)cccc1F
/beegfs/home/m.romanov/thesis/benchmarking/datasets/USPTO/US07314934-20080101-C00229.png,Cc1cc(F)ccc1-c1nc(N[C@H]2CCC[C@@H]2O)nc2c1ccc(=O)n2-c1c(F)cccc1F
/beegfs/home/m.romanov/thesis/benchmarking/datasets/USPTO/US07314934-20080101-C00230.png,CSCCCNc1nc(-c2ccc(F)cc2C)c2ccc(=O)n(-c3c(F)cccc3F)c2n1
/beegfs/home/m.romanov/thesis/benchmarking/datasets/USPTO/US07314934-20080101-C00231.png,Cc1cc(F)ccc1-c1nc(NCCCS(C)(=O)=O)nc2c1ccc(=O)n2-c1c(F)cccc1F
/beegfs/home/m.romanov/thesis/benchmarking/datasets/USPTO/US07314934-20080101-C00232.png,Cc1cc(F)ccc1-c1nc(NCC(=O)N2CCNC(=O)C2)nc2c1ccc(=O)n2-c1c(F)cccc1F
/beegfs/home/m.romanov/thesis/benchmarking/datasets/USPTO/US07314934-20080101-C00233.png,Cc1nnc(CNc2nc(-c3ccc(F)cc3C)c3ccc(=O)n(-c4c(F)cccc4F)c3n2)[nH]1
/beegfs/home/m.romanov/thesis/benchmarking/datasets/USPTO/US07314934-20080101-C00234.png,Cc1cc(F)ccc1-c1nc(NC[C@H]2CCS(=O)(=O)C2)nc2c1ccc(=O)n2-c1c(F)cccc1F
/beegfs/home/m.romanov/thesis/benchmarking/datasets/USPTO/US07314934-20080101-C00235.png,Cc1cc(CNc2nc(-c3ccc(F)cc3C)c3ccc(=O)n(-c4c(F)cccc4F)c3n2)on1
/beegfs/home/m.romanov/thesis/benchmarking/datasets/USPTO/US07314934-20080101-C00236.png,Cc1cc(F)ccc1-c1nc(N[C@@H]2CS(=O)(=O)C[C@H]2O)nc2c1ccc(=O)n2-c1c(F)cccc1F
/beegfs/home/m.romanov/thesis/benchmarking/datasets/USPTO/US07314934-20080101-C00237.png,Cc1cc(F)ccc1-c1nc(Nc2ccnc(=O)[nH]2)nc2c1ccc(=O)n2-c1c(F)cccc1F
/beegfs/home/m.romanov/thesis/benchmarking/datasets/USPTO/US07314934-20080101-C00238.png,Cc1cc(F)ccc1-c1nc(NCc2ncc[nH]2)nc2c1ccc(=O)n2-c1c(F)cccc1F
/beegfs/home/m.romanov/thesis/benchmarking/datasets/USPTO/US07314934-20080101-C00239.png,Cc1cc(F)ccc1-c1nc(Nc2nc[nH]n2)nc2c1ccc(=O)n2-c1c(F)cccc1F
/beegfs/home/m.romanov/thesis/benchmarking/datasets/USPTO/US07314934-20080101-C00240.png,Cc1cc(F)ccc1-c1nc(Nc2nnn[nH]2)nc2c1ccc(=O)n2-c1c(F)cccc1F
/beegfs/home/m.romanov/thesis/benchmarking/datasets/USPTO/US07314934-20080101-C00241.png,COCCNc1nc(-c2ccc(F)cc2C)c2ccc(=O)n(-c3c(F)cccc3F)c2n1
/beegfs/home/m.romanov/thesis/benchmarking/datasets/USPTO/US07314934-20080101-C00242.png,Cc1cc(F)ccc1-c1nc(N[C@H]2CCOC2)nc2c1ccc(=O)n2-c1c(F)cccc1F
/beegfs/home/m.romanov/thesis/benchmarking/datasets/USPTO/US07314934-20080101-C00243.png,Cc1cc(F)ccc1-c1nc(N(C)CCO)nc2c1ccc(=O)n2-c1c(F)cccc1F
/beegfs/home/m.romanov/thesis/benchmarking/datasets/USPTO/US07314934-20080101-C00244.png,Cc1cc(F)ccc1-c1nc(NCCc2c[nH]cn2)nc2c1ccc(=O)n2-c1c(F)cccc1F
/beegfs/home/m.romanov/thesis/benchmarking/datasets/USPTO/US07314934-20080101-C00245.png,Cc1cc(F)ccc1-c1nc(NCC(N)=O)nc2c1ccc(=O)n2-c1c(F)cccc1F
/beegfs/home/m.romanov/thesis/benchmarking/datasets/USPTO/US07314934-20080101-C00246.png,Cc1cc(F)ccc1-c1nc(NC(=O)C2CC2)nc2c1ccc(=O)n2-c1c(F)cccc1F
/beegfs/home/m.romanov/thesis/benchmarking/datasets/USPTO/US07314934-20080101-C00247.png,Cc1cc(F)ccc1-c1nc(N(C(=O)C2CC2)C(=O)C2CC2)nc2c1ccc(=O)n2-c1c(F)cccc1F
/beegfs/home/m.romanov/thesis/benchmarking/datasets/USPTO/US07314934-20080101-C00248.png,Cc1cc(F)ccc1-c1nc(NCC(=O)N2CCSCC2)nc2c1ccc(=O)n2-c1c(F)cccc1F
/beegfs/home/m.romanov/thesis/benchmarking/datasets/USPTO/US07314934-20080101-C00249.png,Cc1cc(F)ccc1-c1nc(NCC2CCCO2)nc2c1ccc(=O)n2-c1c(F)cccc1F
/beegfs/home/m.romanov/thesis/benchmarking/datasets/USPTO/US07314934-20080101-C00250.png,Cc1cc(F)ccc1-c1nc(NCC(=O)N2CC(O)C2)nc2c1ccc(=O)n2-c1c(F)cccc1F
/beegfs/home/m.romanov/thesis/benchmarking/datasets/USPTO/US07314934-20080101-C00251.png,Cc1cc(F)ccc1-c1nc(NC[C@@H](C)O)nc2c1ccc(=O)n2-c1ccccc1C
/beegfs/home/m.romanov/thesis/benchmarking/datasets/USPTO/US07314934-20080101-C00252.png,Cc1cc(F)ccc1-c1nc(NCC(C)(C)O)nc2c1ccc(=O)n2-c1ccccc1C
/beegfs/home/m.romanov/thesis/benchmarking/datasets/USPTO/US07314934-20080101-C00253.png,CC(=O)[C@H]1CCC[C@H]1Nc1nc(-c2ccc(F)cc2C)c2ccc(=O)n(-c3c(F)cccc3F)c2n1
/beegfs/home/m.romanov/thesis/benchmarking/datasets/USPTO/US07314934-20080101-C00254.png,Cc1cc(F)ccc1-c1nc(NC[C@H](C)O)nc2c1ccc(=O)n2-c1ccccc1C
/beegfs/home/m.romanov/thesis/benchmarking/datasets/USPTO/US07314934-20080101-C00255.png,CNc1nc(-c2ccc(F)cc2C)c2ccc(=O)n(-c3c(F)cccc3F)c2n1
/beegfs/home/m.romanov/thesis/benchmarking/datasets/USPTO/US07314934-20080101-C00256.png,Cc1cc(F)ccc1-c1nc(NCC(=O)N2CCS(=O)(=O)CC2)nc2c1ccc(=O)n2-c1c(F)cccc1F
/beegfs/home/m.romanov/thesis/benchmarking/datasets/USPTO/US07314934-20080101-C00257.png,Cc1cc(F)ccc1-c1nc(NCCCN2CCCC2=O)nc2c1ccc(=O)n2-c1c(F)cccc1F
/beegfs/home/m.romanov/thesis/benchmarking/datasets/USPTO/US07314934-20080101-C00258.png,Cc1cc(F)ccc1-c1nc(NCCC(N)=NO)nc2c1ccc(=O)n2-c1c(F)cccc1F
/beegfs/home/m.romanov/thesis/benchmarking/datasets/USPTO/US07314934-20080101-C00259.png,Cc1cc(F)ccc1-c1nc(NCCc2noc(=O)[nH]2)nc2c1ccc(=O)n2-c1c(F)cccc1F
/beegfs/home/m.romanov/thesis/benchmarking/datasets/USPTO/US07314936-20080101-C00052.png,Cc1nc2c(-c3cc4cc(CO)ccc4n3C(=O)OC(C)(C)C)cc(N(C(=O)OC(C)(C)C)C(=O)OC(C)(C)C)nc2n1C(=O)OC(C)(C)C
/beegfs/home/m.romanov/thesis/benchmarking/datasets/USPTO/US07314936-20080101-C00070.png,CCN(C[C@@H](NCc1ccc2[nH]c(-c3cc(N)nc4[nH]c(C)nc34)cc2c1)C(=O)OC)c1ccccc1
/beegfs/home/m.romanov/thesis/benchmarking/datasets/USPTO/US07314936-20080101-C00257.png,Cc1nc2c(-c3cc4ccc(CN(C)C5CCC6OC(C)(C)OCC6C5)cc4[nH]3)ccnc2[nH]1
/beegfs/home/m.romanov/thesis/benchmarking/datasets/USPTO/US07314936-20080101-C00271.png,Cc1nc2c(-c3cc4ccc(CN(C)C5CCC6OC(C)(C)OCC6C5)cc4[nH]3)cc(N)nc2[nH]1
/beegfs/home/m.romanov/thesis/benchmarking/datasets/USPTO/US07314936-20080101-C00361.png,C.Cc1nc2c(-c3cc4cc(CNC(C)C)ccc4[nH]3)ccnc2[nH]1
/beegfs/home/m.romanov/thesis/benchmarking/datasets/USPTO/US07314936-20080101-C00412.png,CCOc1nc2c(Cl)cc(N)nc2[nH]1
/beegfs/home/m.romanov/thesis/benchmarking/datasets/USPTO/US07314936-20080101-C00413.png,Nc1cc(I)c2nc(C(F)(F)F)[nH]c2n1
/beegfs/home/m.romanov/thesis/benchmarking/datasets/USPTO/US07314936-20080101-C00422.png,Cc1nc2c(-c3cc4cc(C#N)ccc4[nH]3)cc(N)nc2[nH]1
/beegfs/home/m.romanov/thesis/benchmarking/datasets/USPTO/US07314936-20080101-C00455.png,CCN(CCN)c1ccccc1
/beegfs/home/m.romanov/thesis/benchmarking/datasets/USPTO/US07314936-20080101-C00457.png,CCN(CC(N)COC)c1ccccc1
/beegfs/home/m.romanov/thesis/benchmarking/datasets/USPTO/US07314936-20080101-C00458.png,COCC(N)COc1ccccc1
/beegfs/home/m.romanov/thesis/benchmarking/datasets/USPTO/US07314936-20080101-C00464.png,CNC1CC(C)(C)C(=O)C(C)(C)C1
/beegfs/home/m.romanov/thesis/benchmarking/datasets/USPTO/US07314936-20080101-C00465.png,CNCC1CCC2(CC1)OCCO2
/beegfs/home/m.romanov/thesis/benchmarking/datasets/USPTO/US07314936-20080101-C00471.png,CNC1CC2CCC(C1)C2=O
/beegfs/home/m.romanov/thesis/benchmarking/datasets/USPTO/US07314936-20080101-C00472.png,CNC1CCC(=C(F)F)CC1
/beegfs/home/m.romanov/thesis/benchmarking/datasets/USPTO/US07314936-20080101-C00476.png,CN[C@@H](COC)Cc1ccccc1
/beegfs/home/m.romanov/thesis/benchmarking/datasets/USPTO/US07314936-20080101-C00477.png,CN[C@H](COC)CC1CCCCC1
/beegfs/home/m.romanov/thesis/benchmarking/datasets/USPTO/US07314936-20080101-C00478.png,CN[C@@H](COC)CC(C)C
/beegfs/home/m.romanov/thesis/benchmarking/datasets/USPTO/US07314936-20080101-C00479.png,CNC1CCC(C2(C)OCC(C)(C)CO2)CC1
/beegfs/home/m.romanov/thesis/benchmarking/datasets/USPTO/US07314936-20080101-C00481.png,CNCC(COC)COC
/beegfs/home/m.romanov/thesis/benchmarking/datasets/USPTO/US07314936-20080101-C00485.png,CN[C@H]1CC[C@@H](OC)CC1
/beegfs/home/m.romanov/thesis/benchmarking/datasets/USPTO/US07314936-20080101-C00504.png,CCN(C[C@H](NCc1ccc2[nH]c(-c3cc(N)nc4[nH]c(C)nc34)cc2c1)C(N)=O)c1ccccc1
/beegfs/home/m.romanov/thesis/benchmarking/datasets/USPTO/US07314936-20080101-C00510.png,Cc1nc2c(-c3cc4cc(CN[C@@H](Cc5c[nH]c6ccccc56)C(N)=O)ccc4[nH]3)cc(N)nc2[nH]1
/beegfs/home/m.romanov/thesis/benchmarking/datasets/USPTO/US07314936-20080101-C00651.png,Cc1nc2c(-c3cc4c(CCN(C)C)cccc4[nH]3)cc(N)nc2[nH]1
/beegfs/home/m.romanov/thesis/benchmarking/datasets/USPTO/US07314936-20080101-C00662.png,Cc1nc2c(-c3cc4cc(CN5C(=O)c6ccccc6C5=O)ccc4[nH]3)cc(N)nc2[nH]1
/beegfs/home/m.romanov/thesis/benchmarking/datasets/USPTO/US07314936-20080101-C00663.png,Cc1nc2c(-c3cc4cc(COc5ccc(C(F)(F)F)cc5)ccc4[nH]3)cc(N)nc2[nH]1
/beegfs/home/m.romanov/thesis/benchmarking/datasets/USPTO/US07314936-20080101-C00671.png,Cc1nc2c(-c3cc4cc(CO)ccc4[nH]3)cc(N)nc2[nH]1
/beegfs/home/m.romanov/thesis/benchmarking/datasets/USPTO/US07314936-20080101-C00700.png,CCOC(=O)Nc1cc(Cl)c2[nH]c(=O)[nH]c2n1
/beegfs/home/m.romanov/thesis/benchmarking/datasets/USPTO/US07314936-20080101-C00702.png,CCOC(=O)Nc1cc(Cl)c2nc(N)[nH]c2n1
/beegfs/home/m.romanov/thesis/benchmarking/datasets/USPTO/US07314936-20080101-C00705.png,Cc1nc2c(I)cc(F)nc2[nH]1
/beegfs/home/m.romanov/thesis/benchmarking/datasets/USPTO/US07314936-20080101-C00735.png,COC[C@H](CC1CCCCC1)N(C)Cc1ccc2[nH]c(-c3ccnc4[nH]c(C)nc34)cc2c1
/beegfs/home/m.romanov/thesis/benchmarking/datasets/USPTO/US07314936-20080101-C00791.png,C.Cc1nc2c(-c3cc4cc(CN[C@@H](CO)C(C)C)ccc4[nH]3)ccnc2[nH]1
/beegfs/home/m.romanov/thesis/benchmarking/datasets/USPTO/US07314936-20080101-C00834.png,Cc1nc2[nH]c(=O)cc(I)c2[nH]1
/beegfs/home/m.romanov/thesis/benchmarking/datasets/USPTO/US07314936-20080101-C00835.png,Cc1nc2c(-c3cc4cc(CN(C)Cc5ccccc5)ccc4[nH]3)cc(=O)[nH]c2[nH]1
/beegfs/home/m.romanov/thesis/benchmarking/datasets/USPTO/US07314936-20080101-C00894.png,CCN(CC(NCc1ccc2[nH]c(-c3cc(N)nc4[nH]c(C)nc34)cc2c1)C(=O)OC)c1ccccc1
/beegfs/home/m.romanov/thesis/benchmarking/datasets/USPTO/US07314936-20080101-C00909.png,Cc1nc2c(-c3cc4cc(CN5CCS(=O)CC5)ccc4[nH]3)cc(N)cc2[nH]1
/beegfs/home/m.romanov/thesis/benchmarking/datasets/USPTO/US07314936-20080101-C01022.png,Cc1nc2c(-c3cc4cc(CN5C[C@@H](O)[C@@H](O)C5)ccc4[nH]3)cc(N)nc2[nH]1
/beegfs/home/m.romanov/thesis/benchmarking/datasets/USPTO/US07314936-20080101-C01028.png,Cc1nc2c(-c3cc4cc(CN(C)CC5CCC(=O)CC5)ccc4[nH]3)cc(N)nc2[nH]1
/beegfs/home/m.romanov/thesis/benchmarking/datasets/USPTO/US07314936-20080101-C01075.png,Cc1nc2c(-c3cc4cc(CN(C)C5CCC5)ccc4[nH]3)ccnc2[nH]1
/beegfs/home/m.romanov/thesis/benchmarking/datasets/USPTO/US07314936-20080101-C01084.png,COC[C@@H]1CCCN1Cc1ccc2[nH]c(-c3ccnc4[nH]c(C)nc34)cc2c1
/beegfs/home/m.romanov/thesis/benchmarking/datasets/USPTO/US07314936-20080101-C01108.png,CCN(C)Cc1ccc2[nH]c(-c3cc(N)nc4[nH]c(C)nc34)cc2c1
/beegfs/home/m.romanov/thesis/benchmarking/datasets/USPTO/US07314936-20080101-C01117.png,Cc1nc2c(-c3cc4cc(CCN5CCOCC5)ccc4[nH]3)ccnc2[nH]1
/beegfs/home/m.romanov/thesis/benchmarking/datasets/USPTO/US07314936-20080101-C01119.png,Cc1nc2c(-c3cc4cc(/C=C/CN5CCOCC5)ccc4[nH]3)ccnc2[nH]1
/beegfs/home/m.romanov/thesis/benchmarking/datasets/USPTO/US07314936-20080101-C01121.png,Cc1nc2c(-c3cc4ccc(/C=C/CN5CCOCC5)cc4[nH]3)ccnc2[nH]1
/beegfs/home/m.romanov/thesis/benchmarking/datasets/USPTO/US07314936-20080101-C01123.png,Cc1nc2c(-c3cc4ccc(CCN5CCOCC5)cc4[nH]3)ccnc2[nH]1
/beegfs/home/m.romanov/thesis/benchmarking/datasets/USPTO/US07314936-20080101-C01130.png,Cc1nc2c(-c3cc4c(CN(C)C5CCC6(CC5)COC(C)(C)OC6)cccc4[nH]3)ccnc2[nH]1
/beegfs/home/m.romanov/thesis/benchmarking/datasets/USPTO/US07314936-20080101-C01132.png,Cc1nc2c(-c3cc4cc(CN5CCC5)ccc4[nH]3)ccnc2[nH]1
/beegfs/home/m.romanov/thesis/benchmarking/datasets/USPTO/US07314936-20080101-C01134.png,Cc1nc2c(-c3cc4ccc(CN(C)C5CCCC5)cc4[nH]3)cc(N)nc2[nH]1
/beegfs/home/m.romanov/thesis/benchmarking/datasets/USPTO/US07314936-20080101-C01135.png,Cc1nc2c(-c3cc4ccc(CN(C)C5CCCC5)cc4[nH]3)ccnc2[nH]1
/beegfs/home/m.romanov/thesis/benchmarking/datasets/USPTO/US07314936-20080101-C01140.png,Cc1nc2c(-c3cc4ccc(CN5CCC5)cc4[nH]3)ccnc2[nH]1
/beegfs/home/m.romanov/thesis/benchmarking/datasets/USPTO/US07314936-20080101-C01148.png,Cc1nc2c(-c3cc4c(CN(C)C5CCC6(CC5)OCC(C)(C)CO6)cccc4[nH]3)cc(N)nc2[nH]1
/beegfs/home/m.romanov/thesis/benchmarking/datasets/USPTO/US07314936-20080101-C01152.png,Cc1nc2c(-c3cc4cc(CNC5CC5)ccc4[nH]3)ccnc2[nH]1
/beegfs/home/m.romanov/thesis/benchmarking/datasets/USPTO/US07314936-20080101-C01153.png,Cc1nc2c(-c3cc4cc(CNC5CCC5)ccc4[nH]3)ccnc2[nH]1
/beegfs/home/m.romanov/thesis/benchmarking/datasets/USPTO/US07314936-20080101-C01154.png,Cc1nc2c(-c3cc4cc(CNC5CCCC5)ccc4[nH]3)ccnc2[nH]1
/beegfs/home/m.romanov/thesis/benchmarking/datasets/USPTO/US07314936-20080101-C01160.png,Cc1nc2c(-c3cc4cc(CNCC5CC6(C)CCC5C6(C)C)ccc4[nH]3)ccnc2[nH]1
/beegfs/home/m.romanov/thesis/benchmarking/datasets/USPTO/US07314936-20080101-C01169.png,Cc1nc2c(-c3cc4cc(C(=O)O)ccc4[nH]3)cc(N)nc2[nH]1
/beegfs/home/m.romanov/thesis/benchmarking/datasets/USPTO/US07314936-20080101-C01170.png,Cc1nc2c(-c3cc4cc(CN(C)C5CCCCC5)ccc4[nH]3)cc(F)nc2[nH]1
/beegfs/home/m.romanov/thesis/benchmarking/datasets/USPTO/US07314936-20080101-C01204.png,C#CCN(C)C(=O)c1ccc2cc(-c3ccnc4[nH]c(C)nc34)[nH]c2c1
/beegfs/home/m.romanov/thesis/benchmarking/datasets/USPTO/US07314936-20080101-C01205.png,C=CCNC(=O)c1ccc2cc(-c3ccnc4[nH]c(C)nc34)[nH]c2c1
/beegfs/home/m.romanov/thesis/benchmarking/datasets/USPTO/US07314936-20080101-C01207.png,Cc1nc2c(-c3cc4ccc(C(=O)NC(C)(C)C)cc4[nH]3)ccnc2[nH]1
/beegfs/home/m.romanov/thesis/benchmarking/datasets/USPTO/US07314936-20080101-C01208.png,C=CCN(C)C(=O)c1ccc2cc(-c3ccnc4[nH]c(C)nc34)[nH]c2c1
/beegfs/home/m.romanov/thesis/benchmarking/datasets/USPTO/US07314936-20080101-C01210.png,Cc1nc2c(-c3cc4ccc(C(=O)NC(CO)C(C)(C)C)cc4[nH]3)ccnc2[nH]1
/beegfs/home/m.romanov/thesis/benchmarking/datasets/USPTO/US07314936-20080101-C01211.png,Cc1nc2c(-c3cc4ccc(C(=O)N(C)C(C)C)cc4[nH]3)ccnc2[nH]1
/beegfs/home/m.romanov/thesis/benchmarking/datasets/USPTO/US07314936-20080101-C01212.png,Cc1nc2c(-c3cc4ccc(C(=O)NCCCOC(C)C)cc4[nH]3)ccnc2[nH]1
/beegfs/home/m.romanov/thesis/benchmarking/datasets/USPTO/US07314936-20080101-C01215.png,CC[C@@H](C)NC(=O)c1ccc2cc(-c3ccnc4[nH]c(C)nc34)[nH]c2c1
/beegfs/home/m.romanov/thesis/benchmarking/datasets/USPTO/US07314936-20080101-C01216.png,CC[C@H](C)NC(=O)c1ccc2cc(-c3ccnc4[nH]c(C)nc34)[nH]c2c1
/beegfs/home/m.romanov/thesis/benchmarking/datasets/USPTO/US07314936-20080101-C01217.png,Cc1nc2c(-c3cc4ccc(C(=O)N5CC=CC5)cc4[nH]3)ccnc2[nH]1
/beegfs/home/m.romanov/thesis/benchmarking/datasets/USPTO/US07314936-20080101-C01218.png,Cc1nc2c(-c3cc4ccc(C(=O)N[C@@H](CO)CC(C)C)cc4[nH]3)ccnc2[nH]1
/beegfs/home/m.romanov/thesis/benchmarking/datasets/USPTO/US07314937-20080101-C00013.png,CC(=O)N1CCc2ccc(OCCCN3CCCCC3)cc2C1
/beegfs/home/m.romanov/thesis/benchmarking/datasets/USPTO/US07314937-20080101-C00035.png,CN(C)CCCOc1ccc2c(c1)CCNC2.Cl.Cl
/beegfs/home/m.romanov/thesis/benchmarking/datasets/USPTO/US07314937-20080101-C00036.png,CC1CCCCN1CCCOc1ccc2c(c1)CCNC2.Cl.Cl
/beegfs/home/m.romanov/thesis/benchmarking/datasets/USPTO/US07314937-20080101-C00055.png,CC(C)(C)OC(=O)N1CCc2cccc(O)c2C1
/beegfs/home/m.romanov/thesis/benchmarking/datasets/USPTO/US07314937-20080101-C00065.png,CCN1CCc2cc(O)ccc2C1=O
/beegfs/home/m.romanov/thesis/benchmarking/datasets/USPTO/US07314937-20080101-C00089.png,CN(C)CCCOc1ccc2c(c1)CCCC2=O
/beegfs/home/m.romanov/thesis/benchmarking/datasets/USPTO/US07314937-20080101-C00090.png,CC(COc1ccc2c(c1)CCCC2=O)CN(C)C
/beegfs/home/m.romanov/thesis/benchmarking/datasets/USPTO/US07314937-20080101-C00091.png,CN1CCCC(COc2ccc3c(c2)CCCC3=O)C1
/beegfs/home/m.romanov/thesis/benchmarking/datasets/USPTO/US07314937-20080101-C00092.png,CCC(=O)c1ccc(OCC(C)CN(C)C)cc1
/beegfs/home/m.romanov/thesis/benchmarking/datasets/USPTO/US07314937-20080101-C00093.png,CCCC(=O)c1ccc(OCC(C)CN(C)C)cc1
/beegfs/home/m.romanov/thesis/benchmarking/datasets/USPTO/US07314937-20080101-C00094.png,O=C1CCCc2cc(OCCCN3CCCCC3)ccc21
/beegfs/home/m.romanov/thesis/benchmarking/datasets/USPTO/US07314937-20080101-C00095.png,O=C1CCCc2cc(OCCN3CCCCC3)ccc21
/beegfs/home/m.romanov/thesis/benchmarking/datasets/USPTO/US07314937-20080101-C00096.png,CCC(=O)c1ccc(OCCCN2CCCCC2)cc1
/beegfs/home/m.romanov/thesis/benchmarking/datasets/USPTO/US07314937-20080101-C00097.png,CCC(=O)c1ccc(OCCN2CCCCC2)cc1
/beegfs/home/m.romanov/thesis/benchmarking/datasets/USPTO/US07314937-20080101-C00098.png,CCCC(=O)c1ccc(OCCCN(C)C)cc1
/beegfs/home/m.romanov/thesis/benchmarking/datasets/USPTO/US07314937-20080101-C00099.png,CCCC(=O)c1ccc(OCCN2CCCCC2)cc1
/beegfs/home/m.romanov/thesis/benchmarking/datasets/USPTO/US07314937-20080101-C00113.png,CC1CCCCN1CCN
/beegfs/home/m.romanov/thesis/benchmarking/datasets/USPTO/US07314937-20080101-C00115.png,Cc1cccc(N(C)CCN)c1
/beegfs/home/m.romanov/thesis/benchmarking/datasets/USPTO/US07314937-20080101-C00123.png,CCN(CC)CCCC(C)N
/beegfs/home/m.romanov/thesis/benchmarking/datasets/USPTO/US07314937-20080101-C00131.png,NCCCN1CCCCCC1
/beegfs/home/m.romanov/thesis/benchmarking/datasets/USPTO/US07314937-20080101-C00139.png,O=S(=O)(Cl)c1ccccc1
/beegfs/home/m.romanov/thesis/benchmarking/datasets/USPTO/US07314937-20080101-C00144.png,O=C(Oc1ccccc1)c1ccc(OCCN2CCCCC2)cc1
/beegfs/home/m.romanov/thesis/benchmarking/datasets/USPTO/US07314937-20080101-C00147.png,CCN(CC)CCCOc1ccc(C(C)N(CCN(C)C)S(C)(=O)=O)cc1
/beegfs/home/m.romanov/thesis/benchmarking/datasets/USPTO/US07314937-20080101-C00148.png,CN(C)CCCOc1ccc(CO)cc1
/beegfs/home/m.romanov/thesis/benchmarking/datasets/USPTO/US07314937-20080101-C00150.png,CCN(CC)CCCOc1ccc(CNCCN(C)C)cc1
/beegfs/home/m.romanov/thesis/benchmarking/datasets/USPTO/US07314937-20080101-C00151.png,CC(N[C@@H](C)c1ccccc1)c1ccc(OCCCN(C)C)cc1
/beegfs/home/m.romanov/thesis/benchmarking/datasets/USPTO/US07314937-20080101-C00152.png,CC(c1ccc(OCCCN(C)C)cc1)N1CC[C@H](N(C)C)C1
/beegfs/home/m.romanov/thesis/benchmarking/datasets/USPTO/US07314937-20080101-C00153.png,CCN(CCNC(C)c1ccc(OCCCN(C)C)cc1)c1cccc(C)c1
/beegfs/home/m.romanov/thesis/benchmarking/datasets/USPTO/US07314937-20080101-C00154.png,CC(NCCCN1CCCCC1C)c1ccc(OCCCN(C)C)cc1
/beegfs/home/m.romanov/thesis/benchmarking/datasets/USPTO/US07314937-20080101-C00155.png,CCN(CC)CCCOc1ccc(COCCN(C)C)cc1
/beegfs/home/m.romanov/thesis/benchmarking/datasets/USPTO/US07314937-20080101-C00158.png,CCN(CC)CCCOc1ccc(C(C)NCCNC)cc1
/beegfs/home/m.romanov/thesis/benchmarking/datasets/USPTO/US07314937-20080101-C00159.png,CCN(CC)CCCOc1ccc(C(C)NCCN2CCCCC2)cc1
/beegfs/home/m.romanov/thesis/benchmarking/datasets/USPTO/US07314937-20080101-C00160.png,CCN(CC)CCCOc1ccc(C(C)NC(C)CN(C)C)cc1
/beegfs/home/m.romanov/thesis/benchmarking/datasets/USPTO/US07314937-20080101-C00161.png,CCN(CC)CCCOc1ccc(C(C)NC2CN(CC)N(CC)C2)cc1
/beegfs/home/m.romanov/thesis/benchmarking/datasets/USPTO/US07314937-20080101-C00162.png,CCN(CC)CCCOc1ccc(C(C)NCCCN2CCN(C)CC2)cc1
/beegfs/home/m.romanov/thesis/benchmarking/datasets/USPTO/US07314937-20080101-C00163.png,CCN(CC)CCCOc1ccc(C(C)NCc2nc3ccccc3[nH]2)cc1
/beegfs/home/m.romanov/thesis/benchmarking/datasets/USPTO/US07314937-20080101-C00164.png,CCN(CC)CCCOc1ccc(C(C)NCCN2CCNC2=O)cc1
/beegfs/home/m.romanov/thesis/benchmarking/datasets/USPTO/US07314937-20080101-C00165.png,CCN(CC)CCCOc1ccc(C(C)NCCC2CCCN2C)cc1
/beegfs/home/m.romanov/thesis/benchmarking/datasets/USPTO/US07314937-20080101-C00166.png,CCN(CC)CCCOc1ccc(C(C)NCCCn2ccnc2)cc1
/beegfs/home/m.romanov/thesis/benchmarking/datasets/USPTO/US07314937-20080101-C00167.png,CCN(CC)CCCOc1ccc(C(C)NCCCN(C)C)cc1
/beegfs/home/m.romanov/thesis/benchmarking/datasets/USPTO/US07314937-20080101-C00168.png,CCN(CC)CCCOc1ccc(C(C)NCCCN2CCCC2=O)cc1
/beegfs/home/m.romanov/thesis/benchmarking/datasets/USPTO/US07314937-20080101-C00169.png,CCN(CC)CCCOc1ccc(C(C)NCC2CCCN2CC)cc1
/beegfs/home/m.romanov/thesis/benchmarking/datasets/USPTO/US07314937-20080101-C00171.png,CCN(CC)CCCOc1ccc(C(C)N(CCN(C)C)S(=O)(=O)c2ccccc2)cc1
/beegfs/home/m.romanov/thesis/benchmarking/datasets/USPTO/US07314937-20080101-C00172.png,CCN(CC)CCCOc1ccc(C(C)N(CCN(C)C)S(=O)(=O)CC(F)(F)F)cc1
/beegfs/home/m.romanov/thesis/benchmarking/datasets/USPTO/US07314937-20080101-C00173.png,CCN(CC)CCCOc1ccc(C(C)N(CCN(C)C)C(=O)O[C@@H]2C[C@H](C)CC[C@H]2C(C)C)cc1
/beegfs/home/m.romanov/thesis/benchmarking/datasets/USPTO/US07314937-20080101-C00174.png,CCN(CC)CCCOc1ccc(C(C)N(CCN(C)C)S(=O)(=O)c2cccs2)cc1
/beegfs/home/m.romanov/thesis/benchmarking/datasets/USPTO/US07314937-20080101-C00175.png,CC(NCCN1CCOCC1)c1ccc(OCCCN2CCCCC2)cc1
/beegfs/home/m.romanov/thesis/benchmarking/datasets/USPTO/US07314937-20080101-C00177.png,CC(NCc1ccccn1)c1ccc(OCCCN2CCCCC2)cc1
/beegfs/home/m.romanov/thesis/benchmarking/datasets/USPTO/US07314937-20080101-C00178.png,CC(NCc1ccncc1)c1ccc(OCCCN2CCCCC2)cc1
/beegfs/home/m.romanov/thesis/benchmarking/datasets/USPTO/US07314937-20080101-C00179.png,CC(NCC1CCCO1)c1ccc(OCCCN2CCCCC2)cc1
/beegfs/home/m.romanov/thesis/benchmarking/datasets/USPTO/US07314937-20080101-C00180.png,CCN(CC)CCCOc1ccc(CN)cc1
/beegfs/home/m.romanov/thesis/benchmarking/datasets/USPTO/US07314937-20080101-C00182.png,CN1CCN(CCOc2ccc(C(=O)N3CC[C@H](N(C)C)C3)cc2)CC1
/beegfs/home/m.romanov/thesis/benchmarking/datasets/USPTO/US07314937-20080101-C00183.png,CN1CCN(CCOc2ccc(C(=O)N3CC[C@@H](N(C)C)C3)cc2)CC1
/beegfs/home/m.romanov/thesis/benchmarking/datasets/USPTO/US07314937-20080101-C00184.png,CN1CCN(CCOc2ccc(C(=O)N3CCC[C@H]3CN3CCCC3)cc2)CC1
/beegfs/home/m.romanov/thesis/benchmarking/datasets/USPTO/US07314937-20080101-C00185.png,CN(C)C[C@@H]1CCCCN1C(=O)c1ccc(OCCN2CCN(C)CC2)cc1
/beegfs/home/m.romanov/thesis/benchmarking/datasets/USPTO/US07314937-20080101-C00187.png,c1cc(OCCCN2CCCCC2)ccc1CNCCN1CCCC1
/beegfs/home/m.romanov/thesis/benchmarking/datasets/USPTO/US07314937-20080101-C00188.png,CCN(CC)CCCOc1ccc(CNCCNC)cc1
/beegfs/home/m.romanov/thesis/benchmarking/datasets/USPTO/US07314937-20080101-C00189.png,CCN(CC)CCCOc1ccc(CNC[C@@H]2CCCN2CC)cc1
/beegfs/home/m.romanov/thesis/benchmarking/datasets/USPTO/US07314937-20080101-C00190.png,CCN(CC)CCCOc1ccc(CNCCN2CCCCC2)cc1
/beegfs/home/m.romanov/thesis/benchmarking/datasets/USPTO/US07314937-20080101-C00191.png,CCN(CC)CCCOc1ccc(CNC(C)CN(C)C)cc1
/beegfs/home/m.romanov/thesis/benchmarking/datasets/USPTO/US07314937-20080101-C00192.png,CCN(CC)CCCOc1ccc(CNC2CN(CC)N(CC)C2)cc1
/beegfs/home/m.romanov/thesis/benchmarking/datasets/USPTO/US07314937-20080101-C00193.png,CCN(CC)CCCOc1ccc(CNCCCN2CCN(C)CC2)cc1
/beegfs/home/m.romanov/thesis/benchmarking/datasets/USPTO/US07314937-20080101-C00194.png,CCN(CC)CCCOc1ccc(CNCCN2CCNC2=O)cc1
/beegfs/home/m.romanov/thesis/benchmarking/datasets/USPTO/US07314937-20080101-C00195.png,CCN(CC)CCCOc1ccc(CNCC[C@H]2CCCN2C)cc1
/beegfs/home/m.romanov/thesis/benchmarking/datasets/USPTO/US07314937-20080101-C00196.png,c1cn(CCCNCc2ccc(OCCCN3CCCCC3)cc2)cn1
/beegfs/home/m.romanov/thesis/benchmarking/datasets/USPTO/US07314937-20080101-C00197.png,CN(C)CCCNCc1ccc(OCCCN2CCCCC2)cc1
/beegfs/home/m.romanov/thesis/benchmarking/datasets/USPTO/US07314937-20080101-C00198.png,O=C1CCCN1CCCNCc1ccc(OCCCN2CCCCC2)cc1
/beegfs/home/m.romanov/thesis/benchmarking/datasets/USPTO/US07314937-20080101-C00199.png,c1cc(OCCCN2CCCCC2)ccc1CNCCCN1CCOCC1
/beegfs/home/m.romanov/thesis/benchmarking/datasets/USPTO/US07314937-20080101-C00200.png,CCN(CC)CCCOc1ccc(CNCCCN2CCCCC2C)cc1
/beegfs/home/m.romanov/thesis/benchmarking/datasets/USPTO/US07314937-20080101-C00201.png,c1cc(OCCCN2CCCCC2)ccc1CNCCCN1CCCC1
/beegfs/home/m.romanov/thesis/benchmarking/datasets/USPTO/US07314937-20080101-C00202.png,CCN(CC)CCCOc1ccc(CN(C)CCN(C)C)cc1
/beegfs/home/m.romanov/thesis/benchmarking/datasets/USPTO/US07314937-20080101-C00205.png,CNCCNCc1ccc(OCCCN2CCCCC2)cc1
/beegfs/home/m.romanov/thesis/benchmarking/datasets/USPTO/US07314937-20080101-C00206.png,CCN1CCC[C@H]1CNCc1ccc(OCCCN2CCCCC2)cc1
/beegfs/home/m.romanov/thesis/benchmarking/datasets/USPTO/US07314937-20080101-C00207.png,c1cc(OCCCN2CCCCC2)ccc1CNCCN1CCCCC1
/beegfs/home/m.romanov/thesis/benchmarking/datasets/USPTO/US07314937-20080101-C00208.png,CC(CN(C)C)NCc1ccc(OCCCN2CCCCC2)cc1
/beegfs/home/m.romanov/thesis/benchmarking/datasets/USPTO/US07314937-20080101-C00209.png,O=C1NCCN1CCNCc1ccc(OCCCN2CCCCC2)cc1
/beegfs/home/m.romanov/thesis/benchmarking/datasets/USPTO/US07314937-20080101-C00210.png,CN1CCC[C@@H]1CCNCc1ccc(OCCCN2CCCCC2)cc1
/beegfs/home/m.romanov/thesis/benchmarking/datasets/USPTO/US07314937-20080101-C00211.png,CCN(CC)CCCOc1ccc(CNCCCn2ccnc2)cc1
/beegfs/home/m.romanov/thesis/benchmarking/datasets/USPTO/US07314937-20080101-C00212.png,CCN(CC)CCCOc1ccc(CNCCCN(C)C)cc1
/beegfs/home/m.romanov/thesis/benchmarking/datasets/USPTO/US07314937-20080101-C00213.png,CCN(CC)CCCOc1ccc(CNCCCN2CCCC2=O)cc1
/beegfs/home/m.romanov/thesis/benchmarking/datasets/USPTO/US07314937-20080101-C00214.png,CCN(CC)CCCOc1ccc(CNCCCN2CCOCC2)cc1
/beegfs/home/m.romanov/thesis/benchmarking/datasets/USPTO/US07314937-20080101-C00215.png,CCN(CC)CCCOc1ccc(CNCCCN2CCCC2)cc1
/beegfs/home/m.romanov/thesis/benchmarking/datasets/USPTO/US07314937-20080101-C00216.png,CC1CCCCN1CCCNCc1ccc(OCCCN2CCCCC2)cc1
/beegfs/home/m.romanov/thesis/benchmarking/datasets/USPTO/US07314937-20080101-C00225.png,CN(C)CCCOc1ccc2c(c1)CCCC2NCCN(C)C
/beegfs/home/m.romanov/thesis/benchmarking/datasets/USPTO/US07314937-20080101-C00226.png,CC(COc1ccc2c(c1)CCCC2NCCN(C)C)CN(C)C
/beegfs/home/m.romanov/thesis/benchmarking/datasets/USPTO/US07314937-20080101-C00227.png,CN(C)CCNC1CCCc2cc(OCC3CCCN(C)C3)ccc21
/beegfs/home/m.romanov/thesis/benchmarking/datasets/USPTO/US07314937-20080101-C00228.png,CCC(NCCN(C)C)c1ccc(OCC(C)CN(C)C)cc1
/beegfs/home/m.romanov/thesis/benchmarking/datasets/USPTO/US07314937-20080101-C00229.png,CCCC(NCCN(C)C)c1ccc(OCC(C)CN(C)C)cc1
/beegfs/home/m.romanov/thesis/benchmarking/datasets/USPTO/US07314937-20080101-C00230.png,CN(C)CCNC1CCCc2cc(OCCCN3CCCCC3)ccc21
/beegfs/home/m.romanov/thesis/benchmarking/datasets/USPTO/US07314937-20080101-C00231.png,CN(C)CCNC1CCCc2cc(OCCN3CCCCC3)ccc21
/beegfs/home/m.romanov/thesis/benchmarking/datasets/USPTO/US07314937-20080101-C00232.png,CCC(NCCN(C)C)c1ccc(OCCCN2CCCCC2)cc1
/beegfs/home/m.romanov/thesis/benchmarking/datasets/USPTO/US07314937-20080101-C00233.png,CCC(NCCN(C)C)c1ccc(OCCN2CCCCC2)cc1
/beegfs/home/m.romanov/thesis/benchmarking/datasets/USPTO/US07314937-20080101-C00234.png,CCCC(NCCN(C)C)c1ccc(OCCCN(C)C)cc1
/beegfs/home/m.romanov/thesis/benchmarking/datasets/USPTO/US07314937-20080101-C00236.png,CCCC(NCCN(C)C)c1ccc(OCCN2CCCCC2)cc1
/beegfs/home/m.romanov/thesis/benchmarking/datasets/USPTO/US07314937-20080101-C00237.png,CC(NCCN1CCOCC1)c1ccc(OCCCN(C)C)cc1
/beegfs/home/m.romanov/thesis/benchmarking/datasets/USPTO/US07314937-20080101-C00239.png,CCN1CCCC1CNC(C)c1ccc(OCCCN(C)C)cc1
/beegfs/home/m.romanov/thesis/benchmarking/datasets/USPTO/US07314937-20080101-C00240.png,CC(NC1CCN(Cc2ccccc2)CC1)c1ccc(OCCCN(C)C)cc1
/beegfs/home/m.romanov/thesis/benchmarking/datasets/USPTO/US07314937-20080101-C00242.png,CC(NCCCN1CCCCCC1)c1ccc(OCCCN(C)C)cc1
/beegfs/home/m.romanov/thesis/benchmarking/datasets/USPTO/US07314937-20080101-C00243.png,CN1CCCN(Cc2ccc(OCCCN3CCCCC3)cc2)CC1
/beegfs/home/m.romanov/thesis/benchmarking/datasets/USPTO/US07314937-20080101-C00245.png,CCN(CC)CCCOc1ccc(CN2CCN(C)CC2)cc1
/beegfs/home/m.romanov/thesis/benchmarking/datasets/USPTO/US07314937-20080101-C00246.png,CN1CCN(Cc2ccc(OCCCN3CCCCC3)cc2)CC1
/beegfs/home/m.romanov/thesis/benchmarking/datasets/USPTO/US07314937-20080101-C00247.png,O=C1CCN(Cc2ccc(OCCCN3CCCCC3)cc2)CCN1
/beegfs/home/m.romanov/thesis/benchmarking/datasets/USPTO/US07314937-20080101-C00248.png,CCN(CC)CCCOc1ccc(CN2CCNC(=O)CC2)cc1
/beegfs/home/m.romanov/thesis/benchmarking/datasets/USPTO/US07314937-20080101-C00249.png,CCN1CC(NCc2ccc(OCCCN3CCCCC3)cc2)CN1CC
/beegfs/home/m.romanov/thesis/benchmarking/datasets/USPTO/US07314937-20080101-C00250.png,CN1CCN(CCCNCc2ccc(OCCCN3CCCCC3)cc2)CC1
/beegfs/home/m.romanov/thesis/benchmarking/datasets/USPTO/US07314937-20080101-C00251.png,CN(C)CCN(C)Cc1ccc(OCCCN2CCCCC2)cc1
/beegfs/home/m.romanov/thesis/benchmarking/datasets/USPTO/US07314937-20080101-C00252.png,CC(O)c1ccc(OCCCN2CCCCC2)cc1
/beegfs/home/m.romanov/thesis/benchmarking/datasets/USPTO/US07314937-20080101-C00253.png,CC(C)(C)OC(=O)N1CCCN(Cc2ccc(OCCCN3CCCCC3)cc2)CC1
/beegfs/home/m.romanov/thesis/benchmarking/datasets/USPTO/US07314937-20080101-C00254.png,CCN(CC)CCCOc1ccc(CN2CCCN(C(=O)OC(C)(C)C)CC2)cc1
/beegfs/home/m.romanov/thesis/benchmarking/datasets/USPTO/US07314937-20080101-C00256.png,c1ccc(CN2CCCN(Cc3ccc(OCCCN4CCCCC4)cc3)CC2)cc1
/beegfs/home/m.romanov/thesis/benchmarking/datasets/USPTO/US07314937-20080101-C00257.png,CCN(CC)CCCOc1ccc(CNC(=O)[C@@H]2CCCN2C)cc1
/beegfs/home/m.romanov/thesis/benchmarking/datasets/USPTO/US07314937-20080101-C00258.png,CCN(CC)CCCOc1ccc(CNC(=O)CCN2CCCCC2)cc1
/beegfs/home/m.romanov/thesis/benchmarking/datasets/USPTO/US07314937-20080101-C00259.png,CCN(CC)CCCOc1ccc(CNC(=O)CCCN(C)C)cc1
/beegfs/home/m.romanov/thesis/benchmarking/datasets/USPTO/US07314937-20080101-C00260.png,CCN(CC)CCCOc1ccc(CNC(=O)c2ccccc2N(C)C)cc1
/beegfs/home/m.romanov/thesis/benchmarking/datasets/USPTO/US07314937-20080101-C00261.png,CCCN(CCC)[C@@H](C)C(=O)NCc1ccc(OCCCN(CC)CC)cc1
/beegfs/home/m.romanov/thesis/benchmarking/datasets/USPTO/US07314937-20080101-C00262.png,CCN(CC)CCCOc1ccc(CNC(=O)CN(C)C)cc1
/beegfs/home/m.romanov/thesis/benchmarking/datasets/USPTO/US07314937-20080101-C00263.png,CCN(CC)CCCOc1ccc(CNC(=O)[C@@H](c2ccccc2)N(C)C)cc1
/beegfs/home/m.romanov/thesis/benchmarking/datasets/USPTO/US07314937-20080101-C00264.png,CCN(CC)CCCOc1ccc(CNC(=O)c2cnc3ccccc3n2)cc1
/beegfs/home/m.romanov/thesis/benchmarking/datasets/USPTO/US07314937-20080101-C00265.png,CCN(CC)CCCOc1ccc(CNC(=O)c2ccccc2SC)cc1
/beegfs/home/m.romanov/thesis/benchmarking/datasets/USPTO/US07314937-20080101-C00266.png,CCN(CC)CCCOc1ccc(CNC(=O)c2ccc(C(F)(F)F)cc2C(F)(F)F)cc1
/beegfs/home/m.romanov/thesis/benchmarking/datasets/USPTO/US07314937-20080101-C00271.png,O=C(c1ccc(OCCN2CCOCC2)cc1)N1CCC[C@H]1CN1CCCC1
/beegfs/home/m.romanov/thesis/benchmarking/datasets/USPTO/US07314937-20080101-C00273.png,O=C(c1ccc(OCCN2CCCCCC2)cc1)N1CCC[C@H]1CN1CCCC1
/beegfs/home/m.romanov/thesis/benchmarking/datasets/USPTO/US07314937-20080101-C00274.png,O=C(c1ccc(OCCN2CCCC2)cc1)N1CCC[C@H]1CN1CCCC1
/beegfs/home/m.romanov/thesis/benchmarking/datasets/USPTO/US07314937-20080101-C00276.png,CCCC(C)c1ccc(OCCCN2CCCCC2)cc1
/beegfs/home/m.romanov/thesis/benchmarking/datasets/USPTO/US07314937-20080101-C00277.png,c1cc(OCCCN2CCCCC2)ccc1CN1CCC[C@H]1CN1CCCC1
/beegfs/home/m.romanov/thesis/benchmarking/datasets/USPTO/US07314937-20080101-C00278.png,OCc1ccc(OCCCN2CCCCC2)cc1
/beegfs/home/m.romanov/thesis/benchmarking/datasets/USPTO/US07314937-20080101-C00285.png,CC1CCC(C)N1CCOc1ccc(C(=O)N2CCC[C@H]2CN2CCCC2)cc1
/beegfs/home/m.romanov/thesis/benchmarking/datasets/USPTO/US07314937-20080101-C00291.png,CCN1CCC[C@H]1CNC(=O)c1ccc(OCCN2CCCCC2)cc1
/beegfs/home/m.romanov/thesis/benchmarking/datasets/USPTO/US07314937-20080101-C00292.png,O=C(c1ccc(OCCN2CCCCC2)cc1)N1CCCC[C@@H]1CN1CCCC1
/beegfs/home/m.romanov/thesis/benchmarking/datasets/USPTO/US07314937-20080101-C00293.png,O=C(NCCN1CCCC1)c1ccc(OCCN2CCCCC2)cc1
/beegfs/home/m.romanov/thesis/benchmarking/datasets/USPTO/US07314937-20080101-C00294.png,CN1CCC[C@@H]1CCNC(=O)c1ccc(OCCN2CCCCC2)cc1
/beegfs/home/m.romanov/thesis/benchmarking/datasets/USPTO/US07314937-20080101-C00295.png,O=C(NCCN1CCCCC1)c1ccc(OCCN2CCCCC2)cc1
/beegfs/home/m.romanov/thesis/benchmarking/datasets/USPTO/US07314937-20080101-C00296.png,O=C(c1ccc(OCCN2CCCCC2)cc1)N1CCC(N2CCCC2)CC1
/beegfs/home/m.romanov/thesis/benchmarking/datasets/USPTO/US07314937-20080101-C00314.png,O=C(c1ccc(OCCN2CCCCC2)cc1)N1CCN2CCCC2C1
/beegfs/home/m.romanov/thesis/benchmarking/datasets/USPTO/US07314937-20080101-C00315.png,CC(NCCN(C)C)c1ccc(OC[C@H]2CCCN2C)cc1
/beegfs/home/m.romanov/thesis/benchmarking/datasets/USPTO/US07314937-20080101-C00321.png,CC(NCCN(C)C)c1ccc(OC2CCN(C)C2)cc1
/beegfs/home/m.romanov/thesis/benchmarking/datasets/USPTO/US07314937-20080101-C00322.png,CCN(CC)CCCOc1ccc(C(C)N(CCN(C)C)CC2CC2)cc1
/beegfs/home/m.romanov/thesis/benchmarking/datasets/USPTO/US07314937-20080101-C00330.png,CC(NCCN(C)C)c1ccc(OCC2CCCN(C)C2)cc1
/beegfs/home/m.romanov/thesis/benchmarking/datasets/USPTO/US07314937-20080101-C00331.png,C[C@@H](NCCN(C)C)c1ccc(OCC2CCNCC2)cc1
/beegfs/home/m.romanov/thesis/benchmarking/datasets/USPTO/US07314937-20080101-C00332.png,C[C@@H](NCCN(C)C)c1ccc(OCC2CCN(C)CC2)cc1
/beegfs/home/m.romanov/thesis/benchmarking/datasets/USPTO/US07314937-20080101-C00333.png,CN(C)CCN[C@H]1CCCc2ccc(OCCCN3CCCCC3)cc21
/beegfs/home/m.romanov/thesis/benchmarking/datasets/USPTO/US07314937-20080101-C00338.png,CC(NCCN(C)C)c1ccc(OC[C@H]2CCC[C@@H](NC(=O)OC(C)(C)C)C2)cc1
/beegfs/home/m.romanov/thesis/benchmarking/datasets/USPTO/US07314937-20080101-C00339.png,CCN(CC)CCCOc1ccc([C@H](C)NC(=O)CN(C)C)cc1
/beegfs/home/m.romanov/thesis/benchmarking/datasets/USPTO/US07314937-20080101-C00340.png,CC(NCCN(C)C)c1ccc(OC[C@H]2CCC[C@@H](C)C2)cc1
/beegfs/home/m.romanov/thesis/benchmarking/datasets/USPTO/US07314937-20080101-C00341.png,CN[C@@H]1CCC[C@H](COc2ccc(C(C)NCCN(C)C)cc2)C1
/beegfs/home/m.romanov/thesis/benchmarking/datasets/USPTO/US07314937-20080101-C00342.png,CCN(CC)CCCOc1ccc([C@H](C)NCCN(C)C)cc1
/beegfs/home/m.romanov/thesis/benchmarking/datasets/USPTO/US07314937-20080101-C00344.png,c1ccc(OCCCN2CCCCC2)c(CNCCCN2CCCC2)c1
/beegfs/home/m.romanov/thesis/benchmarking/datasets/USPTO/US07314937-20080101-C00345.png,CCN1CCCC(Oc2ccc(C(C)NCCN(C)C)cc2)C1
/beegfs/home/m.romanov/thesis/benchmarking/datasets/USPTO/US07314937-20080101-C00351.png,O=C(c1ccc(OCCCN2CCCC2)cc1)N1CCC[C@H]1CN1CCCC1
/beegfs/home/m.romanov/thesis/benchmarking/datasets/USPTO/US07314937-20080101-C00352.png,CCN(CC)CCCOc1ccc(C(=O)N2CCC[C@H]2CN2CCCC2)cc1
/beegfs/home/m.romanov/thesis/benchmarking/datasets/USPTO/US07314937-20080101-C00354.png,O=C(c1ccc(OCCCNCc2ccccc2)cc1)N1CCC[C@H]1CN1CCCC1
/beegfs/home/m.romanov/thesis/benchmarking/datasets/USPTO/US07314937-20080101-C00355.png,O=C(c1ccc(OCCCNC2CCCC2)cc1)N1CCC[C@H]1CN1CCCC1
/beegfs/home/m.romanov/thesis/benchmarking/datasets/USPTO/US07314937-20080101-C00356.png,CCNCCCOc1ccc(C(=O)N2CCC[C@H]2CN2CCCC2)cc1
/beegfs/home/m.romanov/thesis/benchmarking/datasets/USPTO/US07314937-20080101-C00357.png,O=C(c1ccc(OCCCN2CCSCC2)cc1)N1CCC[C@H]1CN1CCCC1
/beegfs/home/m.romanov/thesis/benchmarking/datasets/USPTO/US07314937-20080101-C00359.png,CCCN(CCC)[C@H](C)C(=O)NCc1ccc(OCCCN2CCCCC2)cc1
/beegfs/home/m.romanov/thesis/benchmarking/datasets/USPTO/US07314937-20080101-C00360.png,CN(C)c1ccccc1C(=O)NCc1ccc(OCCCN2CCCCC2)cc1
/beegfs/home/m.romanov/thesis/benchmarking/datasets/USPTO/US07314937-20080101-C00361.png,CN(C)CC(=O)NCc1ccc(OCCCN2CCCCC2)cc1
/beegfs/home/m.romanov/thesis/benchmarking/datasets/USPTO/US07314937-20080101-C00362.png,CN(C)CCCC(=O)NCc1ccc(OCCCN2CCCCC2)cc1
/beegfs/home/m.romanov/thesis/benchmarking/datasets/USPTO/US07314937-20080101-C00363.png,CN1CCC[C@@H]1C(=O)NCc1ccc(OCCCN2CCCCC2)cc1
/beegfs/home/m.romanov/thesis/benchmarking/datasets/USPTO/US07314937-20080101-C00364.png,CN(C)C(C(=O)NCc1ccc(OCCCN2CCCCC2)cc1)c1ccccc1
/beegfs/home/m.romanov/thesis/benchmarking/datasets/USPTO/US07314937-20080101-C00365.png,O=C(NCc1ccc(OCCCN2CCCCC2)cc1)c1cnc2ccccc2n1
/beegfs/home/m.romanov/thesis/benchmarking/datasets/USPTO/US07314937-20080101-C00366.png,O=C(NCc1ccc(OCCCN2CCCCC2)cc1)c1cc(C(F)(F)F)cc(C(F)(F)F)c1
/beegfs/home/m.romanov/thesis/benchmarking/datasets/USPTO/US07314937-20080101-C00367.png,CCSc1ccccc1C(=O)NCc1ccc(OCCCN2CCCCC2)cc1
/beegfs/home/m.romanov/thesis/benchmarking/datasets/USPTO/US07314937-20080101-C00368.png,O=C([C@@H]1CCCN1C(=O)c1ccc(OCCCN2CCCCC2)cc1)N1CCCC1
/beegfs/home/m.romanov/thesis/benchmarking/datasets/USPTO/US07314937-20080101-C00370.png,CN1CCN(CCCCOc2ccc(C(=O)N3CCC[C@H]3CN3CCCC3)cc2)CC1
/beegfs/home/m.romanov/thesis/benchmarking/datasets/USPTO/US07314937-20080101-C00371.png,O=C(c1ccc(OCCCCN2CCCCC2)cc1)N1CCC[C@H]1CN1CCCC1
/beegfs/home/m.romanov/thesis/benchmarking/datasets/USPTO/US07314937-20080101-C00372.png,CCN(CC)CCCCOc1ccc(C(=O)N2CCC[C@H]2CN2CCCC2)cc1
/beegfs/home/m.romanov/thesis/benchmarking/datasets/USPTO/US07314937-20080101-C00373.png,O=C(c1ccc(OCCCCN2CCCC2)cc1)N1CCC[C@H]1CN1CCCC1
/beegfs/home/m.romanov/thesis/benchmarking/datasets/USPTO/US07314937-20080101-C00374.png,O=C(c1ccc(OCCCCNC2CCCC2)cc1)N1CCC[C@H]1CN1CCCC1
/beegfs/home/m.romanov/thesis/benchmarking/datasets/USPTO/US07314937-20080101-C00375.png,CCNCCCCOc1ccc(C(=O)N2CCC[C@H]2CN2CCCC2)cc1
/beegfs/home/m.romanov/thesis/benchmarking/datasets/USPTO/US07314937-20080101-C00376.png,O=C(c1cccc(OCCN2CCCC2)c1)N1CCC[C@H]1CN1CCCC1
/beegfs/home/m.romanov/thesis/benchmarking/datasets/USPTO/US07314937-20080101-C00380.png,O=C(c1ccccc1OCCCN1CCCCC1)N1CCC[C@H]1CN1CCCC1
/beegfs/home/m.romanov/thesis/benchmarking/datasets/USPTO/US07314937-20080101-C00384.png,CC(C)(C)OC(=O)NCCOc1ccc(C(=O)N2CCC[C@H]2CN2CCCC2)cc1
/beegfs/home/m.romanov/thesis/benchmarking/datasets/USPTO/US07314937-20080101-C00389.png,O=C(CCCO)NCc1ccc(OCCCN2CCCCC2)cc1
/beegfs/home/m.romanov/thesis/benchmarking/datasets/USPTO/US07314937-20080101-C00392.png,O=C(c1cccc(OCCCN2CCCCC2)c1)N1CCC[C@H]1CN1CCCC1
/beegfs/home/m.romanov/thesis/benchmarking/datasets/USPTO/US07314937-20080101-C00393.png,CN1CCN(CCCOc2cccc(C(=O)N3CCC[C@H]3CN3CCCC3)c2)CC1
/beegfs/home/m.romanov/thesis/benchmarking/datasets/USPTO/US07314937-20080101-C00394.png,O=C(c1cccc(OCCCN2CCCC2)c1)N1CCC[C@H]1CN1CCCC1
/beegfs/home/m.romanov/thesis/benchmarking/datasets/USPTO/US07314937-20080101-C00395.png,O=C(c1cccc(OCCCNCc2ccccc2)c1)N1CCC[C@H]1CN1CCCC1
/beegfs/home/m.romanov/thesis/benchmarking/datasets/USPTO/US07314937-20080101-C00396.png,CCNCCCOc1cccc(C(=O)N2CCC[C@H]2CN2CCCC2)c1
/beegfs/home/m.romanov/thesis/benchmarking/datasets/USPTO/US07314937-20080101-C00399.png,O=S(=O)(NCc1ccc(OCCCN2CCCCC2)cc1)c1ccccc1
/beegfs/home/m.romanov/thesis/benchmarking/datasets/USPTO/US07314937-20080101-C00400.png,O=C([C@@H]1CCCN1Cc1ccc(OCCCN2CCCCC2)cc1)N1CCCC1
/beegfs/home/m.romanov/thesis/benchmarking/datasets/USPTO/US07314937-20080101-C00401.png,CN1CCN(CCCOc2ccc(CN3CCC[C@H]3C(=O)N3CCCC3)cc2)CC1
/beegfs/home/m.romanov/thesis/benchmarking/datasets/USPTO/US07314937-20080101-C00403.png,CN1CCN(CCCOc2ccc(CN3CCC[C@@H]3CN3CCCC3)cc2)CC1
/beegfs/home/m.romanov/thesis/benchmarking/datasets/USPTO/US07314937-20080101-C00410.png,O=C(c1ccc(OCCCN2CCCCC2)cc1)N1CCC[C@@H]1CN1CCCC1
/beegfs/home/m.romanov/thesis/benchmarking/datasets/USPTO/US07314937-20080101-C00411.png,CN1CCN(CCCOc2ccc(C(=O)N3CCC[C@@H]3CN3CCCC3)cc2)CC1
/beegfs/home/m.romanov/thesis/benchmarking/datasets/USPTO/US07314937-20080101-C00413.png,CC(=O)NCc1ccc(OCCCN2CCCCC2)cc1
/beegfs/home/m.romanov/thesis/benchmarking/datasets/USPTO/US07314937-20080101-C00420.png,Cl.Cl.Cl.c1cc(OCCCN2CCCCC2)ccc1CN1CCCNCC1
/beegfs/home/m.romanov/thesis/benchmarking/datasets/USPTO/US07314937-20080101-C00422.png,NCCOc1ccc(C(=O)N2CCC[C@H]2CN2CCCC2)cc1
/beegfs/home/m.romanov/thesis/benchmarking/datasets/USPTO/US07314937-20080101-C00423.png,O=C(c1ccc(OCCN2CCCCC2)cc1)N1CCC[C@H]1CN1CCCCC1
/beegfs/home/m.romanov/thesis/benchmarking/datasets/USPTO/US07314937-20080101-C00424.png,c1cc(OCCCN2CCCC2)ccc1CN1CCC[C@H]1CN1CCCC1
/beegfs/home/m.romanov/thesis/benchmarking/datasets/USPTO/US07314937-20080101-C00436.png,c1cc(OCCCN2CCCCC2)ccc1CN1CCC[C@H]1CN1CCCCC1
/beegfs/home/m.romanov/thesis/benchmarking/datasets/USPTO/US07314937-20080101-C00437.png,c1cc(OCCCN2CCCCC2)ccc1CN1CCC[C@H]1CN1CCOCC1
/beegfs/home/m.romanov/thesis/benchmarking/datasets/USPTO/US07314937-20080101-C00438.png,O=C(c1ccc(OCCCN2CCCCC2)cc1)N1CCC[C@H]1CN1CCCCC1
/beegfs/home/m.romanov/thesis/benchmarking/datasets/USPTO/US07314937-20080101-C00439.png,O=C(c1ccc(OCCCN2CCCCC2)cc1)N1CCC[C@H]1CN1CCOCC1
/beegfs/home/m.romanov/thesis/benchmarking/datasets/USPTO/US07314937-20080101-C00440.png,CN(C)CCNC(=O)c1ccc(OCCCN2CCCCC2)cc1
/beegfs/home/m.romanov/thesis/benchmarking/datasets/USPTO/US07314937-20080101-C00441.png,CN(C)CCN(C)C(=O)c1ccc(OCCCN2CCCCC2)cc1
/beegfs/home/m.romanov/thesis/benchmarking/datasets/USPTO/US07314937-20080101-C00442.png,O=C(NCCCN1CCCC1)c1ccc(OCCCN2CCCCC2)cc1
/beegfs/home/m.romanov/thesis/benchmarking/datasets/USPTO/US07314937-20080101-C00459.png,O=C(c1ccc(OCCCCCN2CCCCC2)cc1)N1CCC[C@H]1CN1CCCC1
/beegfs/home/m.romanov/thesis/benchmarking/datasets/USPTO/US07314937-20080101-C00460.png,CN1CCN(CCCCCOc2ccc(C(=O)N3CCC[C@H]3CN3CCCC3)cc2)CC1
/beegfs/home/m.romanov/thesis/benchmarking/datasets/USPTO/US07314937-20080101-C00461.png,O=C(c1ccc(OCCCCCN2CCCC2)cc1)N1CCC[C@H]1CN1CCCC1
/beegfs/home/m.romanov/thesis/benchmarking/datasets/USPTO/US07314937-20080101-C00462.png,CCN(CC)CCCCCOc1ccc(C(=O)N2CCC[C@H]2CN2CCCC2)cc1
/beegfs/home/m.romanov/thesis/benchmarking/datasets/USPTO/US07314937-20080101-C00463.png,O=C(c1ccc(OCCCCCNC2CCCC2)cc1)N1CCC[C@H]1CN1CCCC1
/beegfs/home/m.romanov/thesis/benchmarking/datasets/USPTO/US07314937-20080101-C00464.png,O=C(c1ccc(OCCCCCNCc2ccccc2)cc1)N1CCC[C@H]1CN1CCCC1
/beegfs/home/m.romanov/thesis/benchmarking/datasets/USPTO/US07314937-20080101-C00465.png,CCNCCCCCOc1ccc(C(=O)N2CCC[C@H]2CN2CCCC2)cc1
/beegfs/home/m.romanov/thesis/benchmarking/datasets/USPTO/US07314937-20080101-C00572.png,CCN1CCc2ccc(OCCCN3CCCCC3)cc2C1
/beegfs/home/m.romanov/thesis/benchmarking/datasets/USPTO/US07314938-20080101-C00121.png,CS(=O)(=O)c1cccc(C[C@H](NC(=O)c2c(Cl)cc3c(c2Cl)CCN(C(=O)/C=C/c2ccccc2F)C3)C(=O)O)c1
/beegfs/home/m.romanov/thesis/benchmarking/datasets/USPTO/US07314938-20080101-C00129.png,CS(=O)(=O)c1cccc(C[C@H](NC(=O)c2c(Cl)cccc2Cl)C(=O)O)c1
/beegfs/home/m.romanov/thesis/benchmarking/datasets/USPTO/US07314938-20080101-C00130.png,N#C/N=C(\NC[C@H](NC(=O)c1c(Cl)cccc1Cl)C(=O)O)N1CCCC1
/beegfs/home/m.romanov/thesis/benchmarking/datasets/USPTO/US07314938-20080101-C00134.png,CS(=O)(=O)c1cccc(C[C@H](NC(=O)c2c(Cl)cc(CCCc3ccc4cn[nH]c4c3)cc2Cl)C(=O)O)c1
/beegfs/home/m.romanov/thesis/benchmarking/datasets/USPTO/US07314938-20080101-C00151.png,N#C/N=C(\NC[C@H](NC(=O)c1c(Cl)cc2c(c1Cl)CCN(C(=O)c1ccc3cn[nH]c3c1)C2)C(=O)O)N1CCCC1
/beegfs/home/m.romanov/thesis/benchmarking/datasets/USPTO/US07314938-20080101-C00153.png,N#C/N=C(/NCCO)NC[C@H](NC(=O)c1c(Cl)cc2c(c1Cl)CCN(C(=O)c1ccc3cn[nH]c3c1)C2)C(=O)O
/beegfs/home/m.romanov/thesis/benchmarking/datasets/USPTO/US07314938-20080101-C00155.png,C[C@H](CO)N/C(=N/C#N)NC[C@H](NC(=O)c1c(Cl)cc2c(c1Cl)CCN(C(=O)c1ccc3cn[nH]c3c1)C2)C(=O)O
/beegfs/home/m.romanov/thesis/benchmarking/datasets/USPTO/US07314938-20080101-C00159.png,N#C/N=C(\NC[C@H](NC(=O)c1c(Cl)cc2c(c1Cl)CCN(C(=O)c1ccc3cn[nH]c3c1)C2)C(=O)O)Nc1ccc(F)cc1
/beegfs/home/m.romanov/thesis/benchmarking/datasets/USPTO/US07314938-20080101-C00161.png,N#C/N=C(\NC[C@H](NC(=O)c1c(Cl)cc2c(c1Cl)CCN(C(=O)c1ccc3cn[nH]c3c1)C2)C(=O)O)N1CC(O)C1
/beegfs/home/m.romanov/thesis/benchmarking/datasets/USPTO/US07314938-20080101-C00165.png,N#C/N=C(\NC[C@H](NC(=O)c1c(Cl)cc2c(c1Cl)CCN(C(=O)c1ccc3cn[nH]c3c1)C2)C(=O)O)N1CC[C@@H](O)C1
/beegfs/home/m.romanov/thesis/benchmarking/datasets/USPTO/US07314938-20080101-C00167.png,N#C/N=C(\NC[C@H](NC(=O)c1c(Cl)cc2c(c1Cl)CCN(C(=O)c1ccc3cn[nH]c3c1)C2)C(=O)O)N1CCC[C@@H](O)C1
/beegfs/home/m.romanov/thesis/benchmarking/datasets/USPTO/US07314938-20080101-C00169.png,CN(C)[C@H]1CCN(/C(=N/C#N)NC[C@H](NC(=O)c2c(Cl)cc3c(c2Cl)CCN(C(=O)c2ccc4cn[nH]c4c2)C3)C(=O)O)C1
/beegfs/home/m.romanov/thesis/benchmarking/datasets/USPTO/US07314938-20080101-C00171.png,CN(C)[C@@H]1CCCN(/C(=N/C#N)NC[C@H](NC(=O)c2c(Cl)cc3c(c2Cl)CCN(C(=O)c2ccc4cn[nH]c4c2)C3)C(=O)O)C1
/beegfs/home/m.romanov/thesis/benchmarking/datasets/USPTO/US07314938-20080101-C00172.png,CN(C)C1CC(N/C(=N/C#N)NC[C@H](NC(=O)c2c(Cl)cc3c(c2Cl)CCN(C(=O)c2ccc4cn[nH]c4c2)C3)C(=O)O)C1
/beegfs/home/m.romanov/thesis/benchmarking/datasets/USPTO/US07314938-20080101-C00174.png,N#C/N=C(\NC[C@H](NC(=O)c1c(Cl)cc2c(c1Cl)CCN(C(=O)c1ccc3cn[nH]c3c1)C2)C(=O)O)N1C[C@@H](O)[C@@H](O)C1
/beegfs/home/m.romanov/thesis/benchmarking/datasets/USPTO/US07314938-20080101-C00176.png,N#C/N=C(\NC[C@H](NC(=O)c1c(Cl)cc2c(c1Cl)CCN(C(=O)c1ccc3cn[nH]c3c1)C2)C(=O)O)N1C[C@@H](O)[C@H](O)C1
/beegfs/home/m.romanov/thesis/benchmarking/datasets/USPTO/US07314938-20080101-C00178.png,N#C/N=C(\NC[C@H](NC(=O)c1c(Cl)cc2c(c1Cl)CCN(C(=O)c1ccc3cn[nH]c3c1)C2)C(=O)O)N1C[C@@H](O)[C@@H](N)C1
/beegfs/home/m.romanov/thesis/benchmarking/datasets/USPTO/US07314938-20080101-C00180.png,N#C/N=C(\NC[C@H](NC(=O)c1c(Cl)cc2c(c1Cl)CCN(C(=O)c1ccc3cn[nH]c3c1)C2)C(=O)O)N1C[C@@H](N)[C@H](O)C1
/beegfs/home/m.romanov/thesis/benchmarking/datasets/USPTO/US07314938-20080101-C00182.png,N#C/N=C(\NC[C@H](NC(=O)c1c(Cl)cc2c(c1Cl)CCN(C(=O)c1ccc3cn[nH]c3c1)C2)C(=O)O)N1CC[C@@H](O)[C@@H](O)C1
/beegfs/home/m.romanov/thesis/benchmarking/datasets/USPTO/US07314938-20080101-C00184.png,N#C/N=C(\NC[C@H](NC(=O)c1c(Cl)cc2c(c1Cl)CCN(C(=O)c1ccc3cn[nH]c3c1)C2)C(=O)O)N1CC[C@H](O)[C@@H](O)C1
/beegfs/home/m.romanov/thesis/benchmarking/datasets/USPTO/US07314938-20080101-C00188.png,N#C/N=C(\NC[C@H](NC(=O)c1c(Cl)cc2c(c1Cl)CCN(C(=O)c1ccc3cn[nH]c3c1)C2)C(=O)O)N1C[C@H](O)C[C@@H](O)C1
/beegfs/home/m.romanov/thesis/benchmarking/datasets/USPTO/US07314938-20080101-C00189.png,N#C/N=C(\NC[C@H](NC(=O)c1c(Cl)cc2c(c1Cl)CCN(C(=O)c1ccc3cn[nH]c3c1)C2)C(=O)O)N1C[C@@H](O)C[C@H](O)C1
/beegfs/home/m.romanov/thesis/benchmarking/datasets/USPTO/US07314938-20080101-C00198.png,O=C(N[C@@H](CNC(=O)N1CC[C@H](O)C1)C(=O)O)c1c(Cl)cc2c(c1Cl)CCN(C(=O)c1ccc3cn[nH]c3c1)C2
/beegfs/home/m.romanov/thesis/benchmarking/datasets/USPTO/US07314938-20080101-C00200.png,O=C(N[C@@H](CNC(=O)N1CCC[C@@H](O)C1)C(=O)O)c1c(Cl)cc2c(c1Cl)CCN(C(=O)c1ccc3cn[nH]c3c1)C2
/beegfs/home/m.romanov/thesis/benchmarking/datasets/USPTO/US07314938-20080101-C00202.png,O=C(N[C@@H](CNC(=O)N1C[C@@H](O)[C@@H](O)C1)C(=O)O)c1c(Cl)cc2c(c1Cl)CCN(C(=O)c1ccc3cn[nH]c3c1)C2
/beegfs/home/m.romanov/thesis/benchmarking/datasets/USPTO/US07314938-20080101-C00204.png,O=C(N[C@@H](CNC(=O)N1C[C@@H](O)[C@H](O)C1)C(=O)O)c1c(Cl)cc2c(c1Cl)CCN(C(=O)c1ccc3cn[nH]c3c1)C2
/beegfs/home/m.romanov/thesis/benchmarking/datasets/USPTO/US07314938-20080101-C00206.png,O=C(N[C@@H](CNC(=O)N1CC[C@@H](O)[C@@H](O)C1)C(=O)O)c1c(Cl)cc2c(c1Cl)CCN(C(=O)c1ccc3cn[nH]c3c1)C2
/beegfs/home/m.romanov/thesis/benchmarking/datasets/USPTO/US07314938-20080101-C00208.png,O=C(N[C@@H](CNC(=O)N1CC[C@H](O)[C@@H](O)C1)C(=O)O)c1c(Cl)cc2c(c1Cl)CCN(C(=O)c1ccc3cn[nH]c3c1)C2
/beegfs/home/m.romanov/thesis/benchmarking/datasets/USPTO/US07314938-20080101-C00210.png,O=C(N[C@@H](CNC(=O)N1C[C@H](O)C[C@H](O)C1)C(=O)O)c1c(Cl)cc2c(c1Cl)CCN(C(=O)c1ccc3cn[nH]c3c1)C2
/beegfs/home/m.romanov/thesis/benchmarking/datasets/USPTO/US07314938-20080101-C00212.png,O=C(N[C@@H](CNC(=O)N1C[C@H](O)C[C@@H](O)C1)C(=O)O)c1c(Cl)cc2c(c1Cl)CCN(C(=O)c1ccc3cn[nH]c3c1)C2
/beegfs/home/m.romanov/thesis/benchmarking/datasets/USPTO/US07314939-20080101-C00006.png,CSc1ccccc1-c1nc2ccccc2c(Nc2ccncc2)c1F
/beegfs/home/m.romanov/thesis/benchmarking/datasets/USPTO/US07314939-20080101-C00007.png,CS(=O)c1ccccc1-c1nc2ccccc2c(Nc2ccncc2)c1F
/beegfs/home/m.romanov/thesis/benchmarking/datasets/USPTO/US07314939-20080101-C00008.png,N#Cc1ccccc1-c1nc2ccccc2c(Nc2ccncc2)c1F
/beegfs/home/m.romanov/thesis/benchmarking/datasets/USPTO/US07314939-20080101-C00009.png,NC(=O)c1ccccc1-c1nc2ccccc2c(Nc2ccncc2)c1F
/beegfs/home/m.romanov/thesis/benchmarking/datasets/USPTO/US07314939-20080101-C00010.png,Fc1ccc(-c2nc3ccccc3c(Nc3ccncc3)c2F)cc1
/beegfs/home/m.romanov/thesis/benchmarking/datasets/USPTO/US07314939-20080101-C00011.png,COc1ccc(-c2nc3ccccc3c(Nc3ccncc3)c2F)cc1
/beegfs/home/m.romanov/thesis/benchmarking/datasets/USPTO/US07314939-20080101-C00014.png,Oc1ccc(-c2nc3ccccc3c(Nc3ccncc3)c2F)cc1
/beegfs/home/m.romanov/thesis/benchmarking/datasets/USPTO/US07314939-20080101-C00015.png,COc1cccc(-c2nc3ccccc3c(Nc3ccncc3)c2F)c1
/beegfs/home/m.romanov/thesis/benchmarking/datasets/USPTO/US07314939-20080101-C00016.png,Fc1c(-c2c(Cl)cccc2Cl)nc2ccccc2c1Nc1ccncc1
/beegfs/home/m.romanov/thesis/benchmarking/datasets/USPTO/US07314939-20080101-C00017.png,Fc1c(-c2ccc(Cl)cc2)nc2ccccc2c1Nc1ccncc1
/beegfs/home/m.romanov/thesis/benchmarking/datasets/USPTO/US07314939-20080101-C00018.png,Nc1cccc(-c2nc3ccccc3c(Nc3ccncc3)c2F)c1
/beegfs/home/m.romanov/thesis/benchmarking/datasets/USPTO/US07314939-20080101-C00019.png,N#Cc1ccc(-c2nc3ccccc3c(Nc3ccncc3)c2F)cc1
/beegfs/home/m.romanov/thesis/benchmarking/datasets/USPTO/US07314939-20080101-C00022.png,Fc1c(C2CC2)nc2ccccc2c1Nc1ccncc1
/beegfs/home/m.romanov/thesis/benchmarking/datasets/USPTO/US07314939-20080101-C00023.png,CC(C)(C)c1nc2ccccc2c(Nc2ccncc2)c1F
/beegfs/home/m.romanov/thesis/benchmarking/datasets/USPTO/US07314939-20080101-C00024.png,Fc1c(-c2ccc3ccccc3c2)nc2ccccc2c1Nc1ccncc1
/beegfs/home/m.romanov/thesis/benchmarking/datasets/USPTO/US07314939-20080101-C00025.png,Fc1c(C2CCCC2)nc2ccccc2c1Nc1ccncc1
/beegfs/home/m.romanov/thesis/benchmarking/datasets/USPTO/US07314939-20080101-C00026.png,CSc1ccc(-c2nc3ccccc3c(Nc3ccncc3)c2F)cc1
/beegfs/home/m.romanov/thesis/benchmarking/datasets/USPTO/US07314939-20080101-C00027.png,NC(=O)c1ccc(-c2nc3ccccc3c(Nc3ccncc3)c2F)cc1
/beegfs/home/m.romanov/thesis/benchmarking/datasets/USPTO/US07314939-20080101-C00029.png,CS(=O)c1ccc(-c2nc3ccccc3c(Nc3ccncc3)c2F)cc1
/beegfs/home/m.romanov/thesis/benchmarking/datasets/USPTO/US07314939-20080101-C00030.png,Fc1c(-c2ccncc2)nc2ccccc2c1-n1ccc2cnccc21
/beegfs/home/m.romanov/thesis/benchmarking/datasets/USPTO/US07314939-20080101-C00031.png,Nc1cccc(-c2nc3ccccc3c(-n3ccc4cnccc43)c2F)c1
/beegfs/home/m.romanov/thesis/benchmarking/datasets/USPTO/US07314939-20080101-C00033.png,Fc1c(-c2ccccc2Br)nc2ccccc2c1Nc1ccncc1
/beegfs/home/m.romanov/thesis/benchmarking/datasets/USPTO/US07314939-20080101-C00035.png,Fc1c(-c2ccccc2C(F)(F)F)nc2ccccc2c1Nc1ccncc1
/beegfs/home/m.romanov/thesis/benchmarking/datasets/USPTO/US07314939-20080101-C00036.png,Fc1c(-c2ccncc2)nc2ccccc2c1Nc1ccncc1
/beegfs/home/m.romanov/thesis/benchmarking/datasets/USPTO/US07314939-20080101-C00037.png,Fc1c(-c2ccccc2Cl)nc2ccccc2c1Nc1ccncc1
/beegfs/home/m.romanov/thesis/benchmarking/datasets/USPTO/US07314939-20080101-C00038.png,Cc1ccccc1-c1nc2ccccc2c(Nc2ccncc2)c1F
/beegfs/home/m.romanov/thesis/benchmarking/datasets/USPTO/US07314939-20080101-C00039.png,COc1ccccc1-c1nc2ccccc2c(Nc2ccncc2)c1F
/beegfs/home/m.romanov/thesis/benchmarking/datasets/USPTO/US07314939-20080101-C00040.png,CNc1ccc2nc(-c3ccccc3F)c(F)c(Nc3ccncc3)c2c1
/beegfs/home/m.romanov/thesis/benchmarking/datasets/USPTO/US07314939-20080101-C00041.png,CNc1ccc2nc(-c3ccc4c(c3)OCO4)c(F)c(Nc3ccncc3)c2c1
/beegfs/home/m.romanov/thesis/benchmarking/datasets/USPTO/US07314939-20080101-C00042.png,COCCNc1ccc2nc(-c3ccccc3F)c(F)c(Nc3ccncc3)c2c1
/beegfs/home/m.romanov/thesis/benchmarking/datasets/USPTO/US07314939-20080101-C00043.png,COCCNc1ccc2nc(-c3ccc4c(c3)OCO4)c(F)c(Nc3ccncc3)c2c1
/beegfs/home/m.romanov/thesis/benchmarking/datasets/USPTO/US07314939-20080101-C00044.png,NC(=O)c1cccc(-c2ccc3nc(-c4ccccc4F)c(F)c(Nc4ccncc4)c3c2)c1
/beegfs/home/m.romanov/thesis/benchmarking/datasets/USPTO/US07314939-20080101-C00048.png,Fc1c(-c2ccc3c(c2)OCO3)nc2cc(Br)ccc2c1Nc1ccncc1
/beegfs/home/m.romanov/thesis/benchmarking/datasets/USPTO/US07314939-20080101-C00049.png,COc1ccc2c(Nc3ccncc3)c(F)c(-c3ccccc3F)nc2c1
/beegfs/home/m.romanov/thesis/benchmarking/datasets/USPTO/US07314939-20080101-C00050.png,CNc1ccc2c(Nc3ccncc3)c(F)c(-c3ccc4c(c3)OCO4)nc2c1
/beegfs/home/m.romanov/thesis/benchmarking/datasets/USPTO/US07314939-20080101-C00051.png,CNc1ccc2c(Nc3ccncc3)c(F)c(-c3ccccc3F)nc2c1
/beegfs/home/m.romanov/thesis/benchmarking/datasets/USPTO/US07314939-20080101-C00052.png,CNCCNc1ccc2c(Nc3ccncc3)c(F)c(-c3ccc4c(c3)OCO4)nc2c1
/beegfs/home/m.romanov/thesis/benchmarking/datasets/USPTO/US07314939-20080101-C00054.png,COc1ccc2c(Nc3ccncc3)c(F)c(-c3ccc4c(c3)OCO4)nc2c1
/beegfs/home/m.romanov/thesis/benchmarking/datasets/USPTO/US07314939-20080101-C00056.png,Fc1c(-c2ccc(Cl)s2)nc2ccccc2c1Nc1ccncc1
/beegfs/home/m.romanov/thesis/benchmarking/datasets/USPTO/US07314939-20080101-C00058.png,Fc1c(-c2ccc(Cl)o2)nc2ccccc2c1Nc1ccncc1
/beegfs/home/m.romanov/thesis/benchmarking/datasets/USPTO/US07314939-20080101-C00059.png,Cc1ccc(-c2nc3ccccc3c(Nc3ccncc3)c2F)s1
/beegfs/home/m.romanov/thesis/benchmarking/datasets/USPTO/US07314939-20080101-C00060.png,Cc1ccc(-c2nc3ccccc3c(Nc3ccncc3)c2F)o1
/beegfs/home/m.romanov/thesis/benchmarking/datasets/USPTO/US07314939-20080101-C00061.png,Cc1csc(-c2nc3ccccc3c(Nc3ccncc3)c2F)c1
/beegfs/home/m.romanov/thesis/benchmarking/datasets/USPTO/US07314939-20080101-C00062.png,Fc1c(-c2ccc3c(c2)CCO3)nc2ccccc2c1Nc1ccncc1
/beegfs/home/m.romanov/thesis/benchmarking/datasets/USPTO/US07314939-20080101-C00066.png,Fc1c(-c2cccc(Br)c2)nc2ccccc2c1Nc1ccncc1
/beegfs/home/m.romanov/thesis/benchmarking/datasets/USPTO/US07314939-20080101-C00067.png,Cc1ccc(-c2nc3ccccc3c(Nc3ccnc(Cl)c3)c2F)o1
/beegfs/home/m.romanov/thesis/benchmarking/datasets/USPTO/US07314939-20080101-C00068.png,Fc1c(-c2ccc(Cl)s2)nc2ccccc2c1Nc1ccnc(Cl)c1
/beegfs/home/m.romanov/thesis/benchmarking/datasets/USPTO/US07314939-20080101-C00069.png,Fc1cccc(-c2nc3ccccc3c(Nc3ccnc(Cl)c3)c2F)c1
/beegfs/home/m.romanov/thesis/benchmarking/datasets/USPTO/US07314939-20080101-C00070.png,Cc1ccc(-c2nc3ccccc3c(N(C)c3ccncc3)c2F)o1
/beegfs/home/m.romanov/thesis/benchmarking/datasets/USPTO/US07314939-20080101-C00071.png,CN(c1ccnc(Cl)c1)c1c(F)c(-c2ccc(Cl)s2)nc2ccccc12
/beegfs/home/m.romanov/thesis/benchmarking/datasets/USPTO/US07314939-20080101-C00079.png,Fc1ccccc1-c1nc2ccccc2c(Cl)c1F
/beegfs/home/m.romanov/thesis/benchmarking/datasets/USPTO/US07314939-20080101-C00080.png,Fc1ccccc1-c1nc2ccccc2c(I)c1F
/beegfs/home/m.romanov/thesis/benchmarking/datasets/USPTO/US07314939-20080101-C00081.png,Fc1ccccc1-c1nc2ccccc2c(Nc2cccnc2)c1F
/beegfs/home/m.romanov/thesis/benchmarking/datasets/USPTO/US07314939-20080101-C00083.png,Fc1c(-c2ccc3c(c2)OCO3)nc2ccccc2c1Cl
/beegfs/home/m.romanov/thesis/benchmarking/datasets/USPTO/US07314939-20080101-C00084.png,Fc1c(-c2ccc3c(c2)OCO3)nc2ccccc2c1I
/beegfs/home/m.romanov/thesis/benchmarking/datasets/USPTO/US07314940-20080101-C00263.png,CCCNc1nccc(-c2c(-c3ccc(F)cc3)nc3n2[C@@H](COc2ccc4ccccc4n2)CC3)n1
/beegfs/home/m.romanov/thesis/benchmarking/datasets/USPTO/US07314940-20080101-C00265.png,CCCNc1nccc(-c2c(-c3ccc(F)cc3)nc3n2[C@@H](Cn2ccc4ccccc42)CC3)n1
/beegfs/home/m.romanov/thesis/benchmarking/datasets/USPTO/US07314940-20080101-C00267.png,CCNc1nccc(-c2c(-c3ccc(F)cc3)nc3n2[C@H](COc2ncccn2)CC3)n1
/beegfs/home/m.romanov/thesis/benchmarking/datasets/USPTO/US07314940-20080101-C00269.png,Fc1ccc(-c2nc3n(c2-c2ccnc(NC4CCC4)n2)[C@H](COc2ccnc4ccccc24)CC3)cc1
/beegfs/home/m.romanov/thesis/benchmarking/datasets/USPTO/US07314940-20080101-C00270.png,CCNc1nccc(-c2c(-c3ccc(F)cc3)nc3n2[C@H](COc2ccc4cccc([N+](=O)[O-])c4n2)CC3)n1
/beegfs/home/m.romanov/thesis/benchmarking/datasets/USPTO/US07314940-20080101-C00271.png,Cc1cc(OC[C@@H]2CCc3nc(-c4ccc(F)cc4)c(-c4ccnc(NC5CCC5)n4)n32)c2ccccc2n1
/beegfs/home/m.romanov/thesis/benchmarking/datasets/USPTO/US07314940-20080101-C00272.png,Fc1ccc(-c2nc3n(c2-c2ccnc(NC4CCC4)n2)[C@H](CNc2ccccn2)CC3)cc1
/beegfs/home/m.romanov/thesis/benchmarking/datasets/USPTO/US07314940-20080101-C00273.png,CCNc1nccc(-c2c(-c3ccc(F)cc3)nc3n2[C@H](Cn2cccc2)CC3)n1
/beegfs/home/m.romanov/thesis/benchmarking/datasets/USPTO/US07314940-20080101-C00274.png,Fc1ccc(-c2nc3n(c2-c2ccnc(NC4CCC4)n2)[C@H](/C=C/c2cccs2)CC3)cc1
/beegfs/home/m.romanov/thesis/benchmarking/datasets/USPTO/US07314940-20080101-C00275.png,Fc1ccc(-c2nc3n(c2-c2ccnc(NC4CCC4)n2)[C@H](Cn2ccnc2)CC3)cc1
/beegfs/home/m.romanov/thesis/benchmarking/datasets/USPTO/US07314940-20080101-C00276.png,Fc1ccc(SC[C@@H]2CCc3nc(-c4ccc(F)cc4)c(-c4ccnc(NC5CCC5)n4)n32)cc1
/beegfs/home/m.romanov/thesis/benchmarking/datasets/USPTO/US07314940-20080101-C00277.png,COc1ccc(CSC[C@@H]2CCc3nc(-c4ccc(F)cc4)c(-c4ccnc(NC5CCC5)n4)n32)cc1
/beegfs/home/m.romanov/thesis/benchmarking/datasets/USPTO/US07314940-20080101-C00278.png,Fc1ccc(-c2nc3n(c2-c2ccnc(NC4CCC4)n2)[C@H](CC2CCCC2)CC3)cc1
/beegfs/home/m.romanov/thesis/benchmarking/datasets/USPTO/US07314940-20080101-C00279.png,CCNc1nccc(-c2c(-c3ccc(F)cc3)nc3n2[C@H](CN2C(=O)CCC2=O)CC3)n1
/beegfs/home/m.romanov/thesis/benchmarking/datasets/USPTO/US07314940-20080101-C00280.png,O=C1CCC(=O)N1C[C@@H]1CCc2nc(-c3ccc(F)cc3)c(-c3ccnc(NC4CCC4)n3)n21
/beegfs/home/m.romanov/thesis/benchmarking/datasets/USPTO/US07314940-20080101-C00281.png,COc1ccc(COC[C@@H]2CCc3nc(-c4ccc(F)cc4)c(-c4ccnc(NC5CCC5)c4)n32)cc1
/beegfs/home/m.romanov/thesis/benchmarking/datasets/USPTO/US07314940-20080101-C00282.png,COc1ccc(COC[C@H]2CCc3nc(-c4ccc(F)cc4)c(-c4ccnc(NC5CCC5)c4)n32)cc1
/beegfs/home/m.romanov/thesis/benchmarking/datasets/USPTO/US07314941-20080101-C00013.png,Cc1cc(C)c(C)c(C)c1
/beegfs/home/m.romanov/thesis/benchmarking/datasets/USPTO/US07314943-20080101-C00093.png,CC1CCC(=C2SCCCS2)CC1
/beegfs/home/m.romanov/thesis/benchmarking/datasets/USPTO/US07314943-20080101-C00094.png,COC(F)(F)C1CCC(C)CC1
/beegfs/home/m.romanov/thesis/benchmarking/datasets/USPTO/US07314943-20080101-C00114.png,Cc1cc(F)c(C(=O)OC(C)(C)C)c(F)c1
/beegfs/home/m.romanov/thesis/benchmarking/datasets/USPTO/US07314943-20080101-C00117.png,Cc1cc(F)c(-c2cc(F)c(F)c(F)c2)c(F)c1
/beegfs/home/m.romanov/thesis/benchmarking/datasets/USPTO/US07314943-20080101-C00161.png,Cc1ccc(C(=O)O)cc1
/beegfs/home/m.romanov/thesis/benchmarking/datasets/USPTO/US07314943-20080101-C00176.png,Cc1ccc(-c2ccc(F)c(F)c2)cc1
/beegfs/home/m.romanov/thesis/benchmarking/datasets/USPTO/US07314943-20080101-C00178.png,CC1CCC(C(F)(F)Oc2ccc(F)c(F)c2)CC1
/beegfs/home/m.romanov/thesis/benchmarking/datasets/USPTO/US07314943-20080101-C00183.png,CC1CCC(C(F)(F)Oc2ccc(-c3cc(F)c(F)c(F)c3)c(F)c2)CC1
/beegfs/home/m.romanov/thesis/benchmarking/datasets/USPTO/US07314943-20080101-C00184.png,CC1CCC(C(F)(F)Oc2ccc(-c3ccc(F)c(F)c3)c(F)c2)CC1
/beegfs/home/m.romanov/thesis/benchmarking/datasets/USPTO/US07314943-20080101-C00185.png,CC1CCC(C(F)(F)Oc2ccc(-c3ccc(F)cc3)c(F)c2)CC1
/beegfs/home/m.romanov/thesis/benchmarking/datasets/USPTO/US07314943-20080101-C00186.png,CC1CCC(C(F)(F)Oc2ccc(-c3ccc(F)c(F)c3)cc2)CC1
/beegfs/home/m.romanov/thesis/benchmarking/datasets/USPTO/US07314943-20080101-C00187.png,CC1CCC(C(F)(F)Oc2ccc(-c3cc(F)c(F)c(F)c3)cc2)CC1
/beegfs/home/m.romanov/thesis/benchmarking/datasets/USPTO/US07314943-20080101-C00191.png,Cc1cc(F)c(-c2cc(F)c(C(F)(F)Oc3cc(F)c(F)c(F)c3)c(F)c2)c(F)c1
/beegfs/home/m.romanov/thesis/benchmarking/datasets/USPTO/US07314943-20080101-C00192.png,Cc1cc(F)c(C#N)c(F)c1
/beegfs/home/m.romanov/thesis/benchmarking/datasets/USPTO/US07314945-20080101-C00003.png,CCCC(=O)OC(=O)CN(C)C(=N)N
/beegfs/home/m.romanov/thesis/benchmarking/datasets/USPTO/US07314949-20080101-C00028.png,CCc1cc(C)cc(C)c1C.Cc1ccc(C)c(C)c1
/beegfs/home/m.romanov/thesis/benchmarking/datasets/USPTO/US07314949-20080101-C00039.png,CC(C)C(=O)OCC(C)(C)C(OC(=O)c1ccccc1C(=O)OCc1ccccc1)C(C)C
/beegfs/home/m.romanov/thesis/benchmarking/datasets/USPTO/US07314952-20080101-C00004.png,C1C2CC3CC1CC(C2)C3
/beegfs/home/m.romanov/thesis/benchmarking/datasets/USPTO/US07314957-20080101-C00002.png,O=C(CO)Nc1cccc(C(=O)NCO)c1
/beegfs/home/m.romanov/thesis/benchmarking/datasets/USPTO/US07314958-20080101-C00023.png,CC(C)CC(C)c1ccccc1NC(=O)c1ccccc1Cl
/beegfs/home/m.romanov/thesis/benchmarking/datasets/USPTO/US07314958-20080101-C00024.png,CC(CC(C)(C)C)c1ccccc1NC(=O)c1ccccc1Br
/beegfs/home/m.romanov/thesis/benchmarking/datasets/USPTO/US07314958-20080101-C00025.png,CC(CC(C)(C)C)c1ccccc1NC(=O)c1ccccc1Cl
/beegfs/home/m.romanov/thesis/benchmarking/datasets/USPTO/US07314958-20080101-C00026.png,CCC(C)(C)CC(C)c1ccccc1NC(=O)c1ccccc1C(F)(F)F
/beegfs/home/m.romanov/thesis/benchmarking/datasets/USPTO/US07314958-20080101-C00027.png,CC(CC(C)(C)C)c1ccccc1NC(=O)c1ccccc1C(F)(F)F
/beegfs/home/m.romanov/thesis/benchmarking/datasets/USPTO/US07314958-20080101-C00028.png,CC(CC(C)(C)C)c1ccccc1NC(=O)c1ccccc1I
/beegfs/home/m.romanov/thesis/benchmarking/datasets/USPTO/US07314960-20080101-C00021.png,CCC(C)C(=O)C(C)CC
/beegfs/home/m.romanov/thesis/benchmarking/datasets/USPTO/US07314960-20080101-C00022.png,CC(C)C(=O)C(C)C(C)C
/beegfs/home/m.romanov/thesis/benchmarking/datasets/USPTO/US07314960-20080101-C00023.png,CCCCC1CCCCO1
/beegfs/home/m.romanov/thesis/benchmarking/datasets/USPTO/US07314960-20080101-C00024.png,CCCC(=O)C(CC)CC
/beegfs/home/m.romanov/thesis/benchmarking/datasets/USPTO/US07314960-20080101-C00025.png,CCCCC(=O)CCCC
/beegfs/home/m.romanov/thesis/benchmarking/datasets/USPTO/US07314962-20080101-C00011.png,CCCCCCCCCCC(C)c1cc(C)ccc1C
/beegfs/home/m.romanov/thesis/benchmarking/datasets/USPTO/US07315341-20080101-C00019.png,C=COC(=O)C(F)(F)C(F)(F)C(F)(F)C(F)(F)C(F)(F)C(F)(F)C(F)(F)C(F)F
/beegfs/home/m.romanov/thesis/benchmarking/datasets/USPTO/US07315341-20080101-C00020.png,C=COC(=O)C(F)(F)C(F)(F)C(F)(F)C(F)(F)C(F)(F)C(F)F
/beegfs/home/m.romanov/thesis/benchmarking/datasets/USPTO/US07315341-20080101-C00021.png,C=COCC(F)(F)C(F)(F)C(F)(F)C(F)(F)C(F)(F)C(F)(F)C(F)(F)C(F)F
/beegfs/home/m.romanov/thesis/benchmarking/datasets/USPTO/US07315341-20080101-C00022.png,C=COCC(F)(F)C(F)(F)C(F)(F)C(F)F
/beegfs/home/m.romanov/thesis/benchmarking/datasets/USPTO/US07315341-20080101-C00025.png,C=Cc1ccc(OCC(F)(F)C(F)(F)C(F)(F)C(F)(F)C(F)(F)C(F)F)cc1
/beegfs/home/m.romanov/thesis/benchmarking/datasets/USPTO/US07315341-20080101-C00026.png,C=Cc1cccc(OCC(F)(F)C(F)(F)C(F)(F)C(F)(F)C(F)(F)C(F)(F)C(F)(F)C(F)F)c1
/beegfs/home/m.romanov/thesis/benchmarking/datasets/USPTO/US07315341-20080101-C00027.png,C=Cc1ccc(OCC(F)(F)C(F)(F)C(F)(F)C(F)(F)C(F)(F)C(F)F)c(OCC(F)(F)C(F)(F)C(F)(F)C(F)(F)C(F)(F)C(F)(F)C(F)(F)C(F)F)c1
/beegfs/home/m.romanov/thesis/benchmarking/datasets/USPTO/US07315341-20080101-C00028.png,C=Cc1ccc(OCC(F)(F)C(F)(F)C(F)(F)C(F)(F)C(F)(F)C(F)(F)C(F)(F)C(F)F)c(OCC(F)(F)C(F)(F)C(F)(F)C(F)(F)C(F)(F)C(F)(F)C(F)(F)C(F)F)c1
/beegfs/home/m.romanov/thesis/benchmarking/datasets/USPTO/US07315341-20080101-C00038.png,C.C.CCC(C)C(=O)OCCCOCCCOCCCOCCCOCCCOCCCOCCCOC
/beegfs/home/m.romanov/thesis/benchmarking/datasets/USPTO/US07315341-20080101-C00040.png,C.C.CCC(C)C(=O)OCCCOCCCOCCCOCCCOCCCOCCCOCCCOCCCOCCCOCCCOCCCOCCCOCCCO
/beegfs/home/m.romanov/thesis/benchmarking/datasets/USPTO/US07315341-20080101-C00045.png,C.C.CCC(C)C(=O)N1CC1C(F)(F)C(F)(F)C(F)(F)C(F)F
/beegfs/home/m.romanov/thesis/benchmarking/datasets/USPTO/US07315341-20080101-C00048.png,C.C.CCC(C)C(=O)OCCOCCO
/beegfs/home/m.romanov/thesis/benchmarking/datasets/USPTO/US07315341-20080101-C00052.png,C.C.CCC(C)C(=O)OCCOCCOCCOCCOC
/beegfs/home/m.romanov/thesis/benchmarking/datasets/USPTO/US07315341-20080101-C00058.png,C.C.CCC(C)C(=O)OC1CCCCC1
/beegfs/home/m.romanov/thesis/benchmarking/datasets/USPTO/US07315341-20080101-C00060.png,C.C.CCC(C)C(=O)OC1CCC2CCCCC2C1
/beegfs/home/m.romanov/thesis/benchmarking/datasets/USPTO/US07315341-20080101-C00062.png,C.C.CCC(C)C(=O)NC1CCCC1
/beegfs/home/m.romanov/thesis/benchmarking/datasets/USPTO/US07315341-20080101-C00064.png,C.C.CCC(C)C(=O)NC1CC2CC1C1CCCC21
/beegfs/home/m.romanov/thesis/benchmarking/datasets/USPTO/US07315341-20080101-C00067.png,C.C.CCC(C)C(=O)OCC(F)(F)C(F)(F)C(F)(F)C(F)(F)C(F)(F)C(F)F
/beegfs/home/m.romanov/thesis/benchmarking/datasets/USPTO/US07315341-20080101-C00069.png,C.C.CCC(C)C(=O)OCCOCCOCCOCCOCCOCCOCCOCCO
/beegfs/home/m.romanov/thesis/benchmarking/datasets/USPTO/US07315341-20080101-C00087.png,CCc1cc(CC)c2sc3ccccc3c(=O)c2c1
/beegfs/home/m.romanov/thesis/benchmarking/datasets/USPTO/US07315341-20080101-C00088.png,CSc1ccc(C(=O)C(C)(C)N2CCOCC2)cc1
/beegfs/home/m.romanov/thesis/benchmarking/datasets/USPTO/US07316185-20080108-C00031.png,CCCCN1C(=O)C(=C2C=C(C)C3=CCC(N(CC)CC)C=C3O2)C(=O)N(CCCC)C1=S
/beegfs/home/m.romanov/thesis/benchmarking/datasets/USPTO/US07316472-20080108-C00028.png,C.C.CCCCCCCCC1(CCCCCC)COC1NS(=O)(=O)c1ccc2nc(C)sc2c1
/beegfs/home/m.romanov/thesis/benchmarking/datasets/USPTO/US07316472-20080108-C00031.png,CCC(Oc1ccc(C(C)(C)CC)cc1C(C)(C)CC)C(=O)Nc1ccc2nc(C)sc2c1
/beegfs/home/m.romanov/thesis/benchmarking/datasets/USPTO/US07316472-20080108-C00045.png,Cc1nc2ccc(C(=O)O)cc2s1
/beegfs/home/m.romanov/thesis/benchmarking/datasets/USPTO/US07316472-20080108-C00161.png,CNc1nc(C)nc(NC)n1
/beegfs/home/m.romanov/thesis/benchmarking/datasets/USPTO/US07316472-20080108-C00164.png,Cc1cc(C#N)c(C#N)cc1C#N
/beegfs/home/m.romanov/thesis/benchmarking/datasets/USPTO/US07316472-20080108-C00167.png,Cc1c(Cl)cc([N+](=O)[O-])cc1Cl
/beegfs/home/m.romanov/thesis/benchmarking/datasets/USPTO/US07316472-20080108-C00210.png,CCC(C)(C)c1ccc(OCCCNS(=O)(=O)c2ccc3nc(C)sc3c2)c(C(C)(C)CC)c1
/beegfs/home/m.romanov/thesis/benchmarking/datasets/USPTO/US07316472-20080108-C00239.png,CCCCn1c(N=Nc2c(Nc3c(C)cc(C)cc3C)nc(Nc3c(C)cc(C)cc3C)c(C#N)c2C)nc(C#N)c1C#N
/beegfs/home/m.romanov/thesis/benchmarking/datasets/USPTO/US07316472-20080108-C00273.png,CC(C)OCCCNS(=O)(=O)CCCS(C)(=O)=O
/beegfs/home/m.romanov/thesis/benchmarking/datasets/USPTO/US07316472-20080108-C00316.png,CC(CO)NS(=O)(=O)CCCS(C)(=O)=O
/beegfs/home/m.romanov/thesis/benchmarking/datasets/USPTO/US07316472-20080108-C00322.png,CS(=O)(=O)CCCS(=O)(=O)NCC(O)CO
/beegfs/home/m.romanov/thesis/benchmarking/datasets/USPTO/US07316472-20080108-C00345.png,CCC(C)NOC(=O)CCCOC(C)=O
/beegfs/home/m.romanov/thesis/benchmarking/datasets/USPTO/US07316472-20080108-C00348.png,CCCCC(CC)COC(C)=O
/beegfs/home/m.romanov/thesis/benchmarking/datasets/USPTO/US07316657-20080108-C00001.png,COc1cc(CNC(=O)CCCC/C=C/C(C)C)ccc1O
/beegfs/home/m.romanov/thesis/benchmarking/datasets/USPTO/US07316739-20080108-C00040.png,Cc1nc(-c2ccccc2)ns1
/beegfs/home/m.romanov/thesis/benchmarking/datasets/USPTO/US07316739-20080108-C00045.png,Cc1ccc(C#N)c(Cl)c1
/beegfs/home/m.romanov/thesis/benchmarking/datasets/USPTO/US07316739-20080108-C00059.png,CNc1ccc(S(=O)(=O)[O-])cc1.[NH4+]
/beegfs/home/m.romanov/thesis/benchmarking/datasets/USPTO/US07316739-20080108-C00167.png,CCCCC(CC)CNS(=O)(=O)c1ccc2nc(C)oc2c1
/beegfs/home/m.romanov/thesis/benchmarking/datasets/USPTO/US07316739-20080108-C00336.png,CCCCC(CC)CNS(=O)(=O)c1cc(NS(C)(=O)=O)ccc1OCCOC
/beegfs/home/m.romanov/thesis/benchmarking/datasets/USPTO/US07316739-20080108-C00404.png,CCOc1cc(N=Nc2c(S(=O)(=O)ON)cc3ccc(N)cc3c2O)c(OCC)cc1N=Nc1cccc([PH](=O)NOON)c1
/beegfs/home/m.romanov/thesis/benchmarking/datasets/USPTO/US07316739-20080108-C00406.png,CCOc1cc(N=Nc2c(S(=O)(=O)ON)cc3ccc(N)cc3c2O)c(OCC)cc1N=Nc1cccc(C(=O)ON)c1
/beegfs/home/m.romanov/thesis/benchmarking/datasets/USPTO/US07316739-20080108-C00408.png,CC(COP=O)CC(C)(C)C
/beegfs/home/m.romanov/thesis/benchmarking/datasets/USPTO/US07316739-20080108-C00411.png,C[SH](=O)=O.[C-]#[N+]C1=C(C(=O)OC2C(C(C)(C)C)CC(C)CC2C(C)(C)C)c2nc(-c3ccc(C(C)(C)C)cc3)nn2/C1=N/c1ccc(N(CC)C(=C)N)cc1C
/beegfs/home/m.romanov/thesis/benchmarking/datasets/USPTO/US07316756-20080108-C00014.png,c1cc2cccc3c4cccc5cccc(c(c1)c23)c54
/beegfs/home/m.romanov/thesis/benchmarking/datasets/USPTO/US07316756-20080108-C00015.png,CC(C)(C)c1cc2cc(C(C)(C)C)cc3c4cc(C(C)(C)C)cc5cc(C(C)(C)C)cc(c(c1)c23)c54
/beegfs/home/m.romanov/thesis/benchmarking/datasets/USPTO/US07316756-20080108-C00017.png,c1ccc2c(c1)cc1c3cccc4c5ccccc5cc(c5cccc2c51)c43
/beegfs/home/m.romanov/thesis/benchmarking/datasets/USPTO/US07316756-20080108-C00018.png,c1ccc(-c2c3ccccc3c(-c3ccccc3)c3c(-c4ccccc4)c4ccccc4c(-c4ccccc4)c23)cc1
/beegfs/home/m.romanov/thesis/benchmarking/datasets/USPTO/US07316756-20080108-C00019.png,Cn1c2ccccc2c(=O)c2cc3c(cc21)c(=O)c1ccccc1n3C
/beegfs/home/m.romanov/thesis/benchmarking/datasets/USPTO/US07316756-20080108-C00020.png,Cn1c2cc(F)ccc2c(=O)c2cc3c(cc21)c(=O)c1ccc(F)cc1n3C
/beegfs/home/m.romanov/thesis/benchmarking/datasets/USPTO/US07316756-20080108-C00021.png,O=c1c2ccccc2n(-c2ccccc2)c2cc3c(=O)c4ccccc4n(-c4ccccc4)c3cc12
/beegfs/home/m.romanov/thesis/benchmarking/datasets/USPTO/US07316756-20080108-C00030.png,CC(C)(C)c1ccc(-c2c3ccc(C(C)(C)C)cc3c(-c3ccc(C(C)(C)C)cc3)c3c(-c4ccc(C(C)(C)C)cc4)c4ccc(C(C)(C)C)cc4c(-c4ccc(C(C)(C)C)cc4)c23)cc1
/beegfs/home/m.romanov/thesis/benchmarking/datasets/USPTO/US07316756-20080108-C00031.png,CC(C)(C)c1ccc(-c2c3ccc(C(C)(C)C)cc3c(-c3ccc(-c4ccccc4)cc3)c3c(-c4ccc(C(C)(C)C)cc4)c4ccc(C(C)(C)C)cc4c(-c4ccc(-c5ccccc5)cc4)c23)cc1
/beegfs/home/m.romanov/thesis/benchmarking/datasets/USPTO/US07316756-20080108-C00032.png,c1ccc2c(c1)-c1ccc3c4ccc5c6c(ccc(c7ccc-2c1c37)c64)-c1ccccc1-5
/beegfs/home/m.romanov/thesis/benchmarking/datasets/USPTO/US07316756-20080108-C00033.png,c1ccc(-c2ccc(-c3ccccc3)c3c2-c2ccc4c5ccc6c7c(ccc(c8ccc-3c2c48)c75)-c2c(-c3ccccc3)ccc(-c3ccccc3)c2-6)cc1
/beegfs/home/m.romanov/thesis/benchmarking/datasets/USPTO/US07316815-20080108-C00012.png,CC(Cc1c[nH]cn1)C(=O)O
/beegfs/home/m.romanov/thesis/benchmarking/datasets/USPTO/US07316815-20080108-C00019.png,CCCCCC(N)C(=O)O
/beegfs/home/m.romanov/thesis/benchmarking/datasets/USPTO/US07316830-20080108-C00080.png,C#CC#CC#CC#CC(C)OC(=O)c1ccc(OC(=O)c2ccc(O)cc2)cc1.CC#CC#CC#CC.[HH].[HH].[HH].[HH].[HH].[HH].[HH].[HH].[HH]
/beegfs/home/m.romanov/thesis/benchmarking/datasets/USPTO/US07316884-20080108-C00056.png,CC1(Br)OC(C)(C23CC4CC(CC(C4)C2)C3)OC1=O
/beegfs/home/m.romanov/thesis/benchmarking/datasets/USPTO/US07316884-20080108-C00057.png,C=C1OC(C)(C23CC4CC(CC(C4)C2)C3)OC1=O
/beegfs/home/m.romanov/thesis/benchmarking/datasets/USPTO/US07316884-20080108-C00058.png,CC1(Br)OC2(OC1=O)C1CC3CC(C1)CC2C3
/beegfs/home/m.romanov/thesis/benchmarking/datasets/USPTO/US07316884-20080108-C00059.png,C=C1OC2(OC1=O)C1CC3CC(C1)CC2C3
/beegfs/home/m.romanov/thesis/benchmarking/datasets/USPTO/US07316884-20080108-C00060.png,CC1(Br)OC2(CC3CCC2C3)OC1=O
/beegfs/home/m.romanov/thesis/benchmarking/datasets/USPTO/US07316884-20080108-C00061.png,C=C1OC2(CC3CCC2C3)OC1=O
/beegfs/home/m.romanov/thesis/benchmarking/datasets/USPTO/US07316884-20080108-C00062.png,C.C.C.C.C.C.CCC1(CC(C)(CC(C)(C)C(=O)OC2COC(=O)C2)C(=O)OC2(C)C3CC4CC(C3)CC2C4)OC(C)(C23CC4CC(CC(C4)C2)C3)OC1=O
/beegfs/home/m.romanov/thesis/benchmarking/datasets/USPTO/US07316884-20080108-C00065.png,C.C.C.C.C.C.CCC1(CC(C)(CC(C)(C)C(=O)OC2COC(=O)C2)C(=O)OC2(C)C3CC4CC(C3)CC2C4)OC2(CC3CCC2C3)OC1=O
/beegfs/home/m.romanov/thesis/benchmarking/datasets/USPTO/US07316884-20080108-C00066.png,C.C.C.C.C.C.CCC1(CC(C)(CC(C)(C)C(=O)OC2COC(=O)C2)C(=O)OC2(C)C3CC4CC(C3)CC2C4)OC2(CCCCC2)OC1=O
/beegfs/home/m.romanov/thesis/benchmarking/datasets/USPTO/US07316884-20080108-C00067.png,C.C.C.C.CCC(C)(CC(C)(C)C(=O)OC1COC(=O)C1)C(=O)OC1(C)C2CC3CC(C2)CC1C3
/beegfs/home/m.romanov/thesis/benchmarking/datasets/USPTO/US07316884-20080108-C00071.png,C=C(C)C(=O)OC1C2CC3C(=O)OC1C3C2
/beegfs/home/m.romanov/thesis/benchmarking/datasets/USPTO/US07316884-20080108-C00072.png,C=CC(=O)OC1C2CC3C(=O)OC1C3C2
/beegfs/home/m.romanov/thesis/benchmarking/datasets/USPTO/US07316884-20080108-C00078.png,C=CC(=O)OC1(CC)C2CC3CC(C2)CC1C3
/beegfs/home/m.romanov/thesis/benchmarking/datasets/USPTO/US07316884-20080108-C00079.png,C=C(C)C(=O)OC12CC3CC(CC(O)(C3)C1)C2
/beegfs/home/m.romanov/thesis/benchmarking/datasets/USPTO/US07316884-20080108-C00080.png,C=CC(=O)OC12CC3CC(CC(O)(C3)C1)C2
/beegfs/home/m.romanov/thesis/benchmarking/datasets/USPTO/US07316884-20080108-C00082.png,C=C(C)C(=O)OC1OC(C)(C23CC4CC(CC(C4)C2)C3)OC1=O
/beegfs/home/m.romanov/thesis/benchmarking/datasets/USPTO/US07316884-20080108-C00083.png,C=C(C)C(=O)OCC(C)OC1COC2(O1)C1CC3CC(C1)CC2C3
/beegfs/home/m.romanov/thesis/benchmarking/datasets/USPTO/US07316884-20080108-C00084.png,C=CC(=O)OCC1COC2(O1)C1CC3CC(C1)CC2C3
/beegfs/home/m.romanov/thesis/benchmarking/datasets/USPTO/US07316884-20080108-C00085.png,C=CC(=O)OCC1OC2(CC3CCC2C3)OC1=O
/beegfs/home/m.romanov/thesis/benchmarking/datasets/USPTO/US07316884-20080108-C00086.png,C=C(C)C(=O)OC1OC(C)(CC)OC1=O
/beegfs/home/m.romanov/thesis/benchmarking/datasets/USPTO/US07316884-20080108-C00087.png,C=CC(=O)OCC1COC2(CCCCC2)O1
/beegfs/home/m.romanov/thesis/benchmarking/datasets/USPTO/US07316885-20080108-C00003.png,C1CC2CC1C1C3CCC(C3)C21
/beegfs/home/m.romanov/thesis/benchmarking/datasets/USPTO/US07316887-20080108-C00008.png,c1ccc2oc(-c3cc4c5c(c3)CCCN5CCC4)nc2c1
/beegfs/home/m.romanov/thesis/benchmarking/datasets/USPTO/US07316887-20080108-C00011.png,O=c1ccc2ccccc2o1
/beegfs/home/m.romanov/thesis/benchmarking/datasets/USPTO/US07316890-20080108-C00005.png,CC1(C)C(/C=C/c2ccc(N3CCCC3)cc2)=[N+](Cc2ccc(C(=O)Oc3cccc4ccccc34)cc2)c2ccccc21.F[Sb](F)(F)(F)F.[F-]
/beegfs/home/m.romanov/thesis/benchmarking/datasets/USPTO/US07316890-20080108-C00007.png,CC1(C)C(/C=C/c2ccc(N3CCCC3)cc2)=[N+](Cc2ccc(C(=O)OC3CC4CCC3(C)C4(C)C)cc2)c2ccccc21.F[Sb](F)(F)(F)F.[F-]
/beegfs/home/m.romanov/thesis/benchmarking/datasets/USPTO/US07316890-20080108-C00009.png,CC1(C)C(/C=C/c2ccc(N3CCCCC3)cc2)=[N+](Cc2ccc(C(=O)Oc3ccccc3)cc2)c2ccccc21.F[Sb](F)(F)(F)F.[F-]
/beegfs/home/m.romanov/thesis/benchmarking/datasets/USPTO/US07316890-20080108-C00014.png,CC1(C)C(/C=C/c2ccc(N3CCCC3)cc2)=[N+](Cc2ccc(F)cc2)c2ccccc21.F[Sb](F)(F)(F)F.[F-]
/beegfs/home/m.romanov/thesis/benchmarking/datasets/USPTO/US07316890-20080108-C00015.png,CC1(C)C(/C=C/c2ccc(N3CCCC3)cc2)=[N+](Cc2cccc3ccccc23)c2ccccc21.F[Sb](F)(F)(F)F.[F-]
/beegfs/home/m.romanov/thesis/benchmarking/datasets/USPTO/US07316890-20080108-C00019.png,CC1(C)C(/C=C/c2ccc(N3CCCCC3)cc2)=[N+](Cc2ccc(C(=O)Oc3ccccc3)cc2)c2ccc3ccccc3c21.F[Sb](F)(F)(F)F.[F-]
/beegfs/home/m.romanov/thesis/benchmarking/datasets/USPTO/US07316890-20080108-C00020.png,CC1(C)C(/C=C/c2ccc(N3CCCC3)cc2)=[N+](Cc2ccc(F)cc2)c2ccc3ccccc3c21.F[Sb](F)(F)(F)F.[F-]
/beegfs/home/m.romanov/thesis/benchmarking/datasets/USPTO/US07316890-20080108-C00021.png,CC1(C)C(/C=C/c2ccc(N3CCCC3)cc2)=[N+](Cc2cccc3ccccc23)c2ccc3ccccc3c21.F[Sb](F)(F)(F)F.[F-]
/beegfs/home/m.romanov/thesis/benchmarking/datasets/USPTO/US07316890-20080108-C00022.png,CCN(CC)c1ccc(/C=C/C2=[N+](CCCCC(=O)OCC(F)(F)C(F)F)c3ccccc3C2(C)C)cc1.F[Sb](F)(F)(F)F.[F-]
/beegfs/home/m.romanov/thesis/benchmarking/datasets/USPTO/US07316890-20080108-C00023.png,CC1(C)C(/C=C/c2ccc(N3CCCCC3)cc2)=[N+](Cc2ccc(C(=O)Oc3ccccc3)cc2)c2ccc(Cl)cc21.F[Sb](F)(F)(F)F.[F-]
/beegfs/home/m.romanov/thesis/benchmarking/datasets/USPTO/US07316931-20080108-C00028.png,Nc1nc(I)cc(I)c1I
/beegfs/home/m.romanov/thesis/benchmarking/datasets/USPTO/US07316931-20080108-C00029.png,Oc1c(I)cc(I)cc1I
/beegfs/home/m.romanov/thesis/benchmarking/datasets/USPTO/US07316931-20080108-C00035.png,O=[N+]([O-])c1cc(Br)c(O)c(Br)c1
/beegfs/home/m.romanov/thesis/benchmarking/datasets/USPTO/US07316931-20080108-C00037.png,O=[N+]([O-])c1cc(Br)ccc1O
/beegfs/home/m.romanov/thesis/benchmarking/datasets/USPTO/US07316931-20080108-C00040.png,Nc1ccc([N+](=O)[O-])cc1Br
/beegfs/home/m.romanov/thesis/benchmarking/datasets/USPTO/US07316931-20080108-C00041.png,N=C1NC2CSC(CCCCC(=O)Nc3ccc(N)cc3Br)C2N1
/beegfs/home/m.romanov/thesis/benchmarking/datasets/USPTO/US07316931-20080108-C00042.png,Nc1c(Br)cc([N+](=O)[O-])cc1Br
/beegfs/home/m.romanov/thesis/benchmarking/datasets/USPTO/US07316931-20080108-C00043.png,N=C1NC2CSC(CCCCC(=O)Nc3c(Br)cc(N)cc3Br)C2N1
/beegfs/home/m.romanov/thesis/benchmarking/datasets/USPTO/US07316931-20080108-C00044.png,Nc1c(I)cc([N+](=O)[O-])cc1I
/beegfs/home/m.romanov/thesis/benchmarking/datasets/USPTO/US07316931-20080108-C00050.png,CCCCCCC(N)C(=O)O
/beegfs/home/m.romanov/thesis/benchmarking/datasets/USPTO/US07316931-20080108-C00052.png,NC(=O)CCC(N)C(=O)O
/beegfs/home/m.romanov/thesis/benchmarking/datasets/USPTO/US07316999-20080108-C00054.png,CC(C)(C)OC(=O)NOCCC(N)C(=O)N1CCOCC1
/beegfs/home/m.romanov/thesis/benchmarking/datasets/USPTO/US07317000-20080108-C00018.png,CC(C)(C)OC(=O)N1CC(=O)OC(=O)C1
/beegfs/home/m.romanov/thesis/benchmarking/datasets/USPTO/US07317006-20080108-C00004.png,CCC(=O)Cl.CSc1nc(-c2cccc(N)c2)c2c(N)c(C(=O)NC(C)(C)C)sc2n1.II.[V].[V]I
/beegfs/home/m.romanov/thesis/benchmarking/datasets/USPTO/US07317006-20080108-C00007.png,CCOC(=O)c1sc2nc(SC)nc(-c3cccc([N+](=O)[O-])c3)c2c1N
/beegfs/home/m.romanov/thesis/benchmarking/datasets/USPTO/US07317006-20080108-C00008.png,CCOC(=O)CSc1nc(SC)nc(-c2cccc([N+](=O)[O-])c2)c1C#N
/beegfs/home/m.romanov/thesis/benchmarking/datasets/USPTO/US07317006-20080108-C00009.png,C.CCOC(=O)CS.CSc1nc(Cl)c(C#N)c(-c2cccc([N+](=O)[O-])c2)n1
/beegfs/home/m.romanov/thesis/benchmarking/datasets/USPTO/US07317006-20080108-C00010.png,CSc1nc(-c2cccc([N+](=O)[O-])c2)c(C#N)c(=O)[nH]1
/beegfs/home/m.romanov/thesis/benchmarking/datasets/USPTO/US07317006-20080108-C00011.png,CSC(=N)N.O=Cc1cccc([N+](=O)[O-])c1.[C-]#[N+]CC(=O)OCC
/beegfs/home/m.romanov/thesis/benchmarking/datasets/USPTO/US07317007-20080108-C00018.png,CC(C)(C)OC(=O)NC(=N)N
/beegfs/home/m.romanov/thesis/benchmarking/datasets/USPTO/US07317008-20080108-C00027.png,CC1=C(/C=C/C(C)=C/C=C/C(C)=C/C=C/C=C(C)/C=C/C=C(C)/C=C/C2=C(C)CC(OP(=O)([O-])O)CC2(C)C)C(C)(C)CC(OP(=O)([O-])O)C1
/beegfs/home/m.romanov/thesis/benchmarking/datasets/USPTO/US07317008-20080108-C00028.png,CC1=C(/C=C/C(C)=C/C=C/C(C)=C/C=C/C=C(C)/C=C/C=C(C)/C=C/C2=C(C)C(=O)C(OP(=O)([O-])O)CC2(C)C)C(C)(C)CC(OP(=O)([O-])O)C1=O
/beegfs/home/m.romanov/thesis/benchmarking/datasets/USPTO/US07317008-20080108-C00033.png,C=C1OC(C(O)COC2CC(C)(C)C(/C=C/C(C)=C/C=C/C(C)=C/C=C/C=C(C)/C=C/C=C(C)/C=C/C3=C(C)C(=O)C(OCC(O)C4OC(=O)C(O)=C4O)CC3(C)C)=C(C)C2=O)C(O)=C1O
/beegfs/home/m.romanov/thesis/benchmarking/datasets/USPTO/US07317008-20080108-C00044.png,CC1=C(/C=C/C(C)=C/C=C/C(C)=C/C=C/C=C(C)/C=C/C=C(C)/C=C/C2=C(C)C(=O)C(OP(=O)([O-])OC[C@H](O)[C@H]3OC(=O)C(O)=C3O)CC2(C)C)C(C)(C)CC(OP(=O)([O-])OC[C@H](O)[C@H]2OC(=O)C(O)=C2O)C1=O
/beegfs/home/m.romanov/thesis/benchmarking/datasets/USPTO/US07317008-20080108-C00056.png,CC1=CC(O)CC(C)(C)C1/C=C/C(C)=C/C=C/C(C)=C/C=C/C=C(C)/C=C/C=C(C)/C=C/C1=C(C)CC(O)CC1(C)C
/beegfs/home/m.romanov/thesis/benchmarking/datasets/USPTO/US07317008-20080108-C00057.png,CC1=C(/C=C/C(C)=C/C=C/C(C)=C/C=C/C=C(C)/C=C/C=C(C)/C=C/C2=C(C)CC(O)CC2(C)C)C(C)(C)CC(O)C1
/beegfs/home/m.romanov/thesis/benchmarking/datasets/USPTO/US07317010-20080108-C00052.png,Cc1cc(C)cc(-c2[nH]c3sc(C(C)(C)C(=O)N4CC5CCC4CC5)cc3c2CCN/C(=N/C#N)N2CCC(c3ccncc3)C2)c1
/beegfs/home/m.romanov/thesis/benchmarking/datasets/USPTO/US07317010-20080108-C00053.png,Cc1cc(C)cc(-c2[nH]c3sc(C(C)(C)C(=O)N4CC5CCC4CC5)cc3c2CCNC(=N)N2CCC(c3ccncc3)C2)c1
/beegfs/home/m.romanov/thesis/benchmarking/datasets/USPTO/US07317010-20080108-C00054.png,Cc1cc(C)cc(-c2[nH]c3sc(C(C)(C)C(=O)N4C5CCC4CC5)cc3c2[C@@H](C)CN/C(=N/C#N)N2CCC(c3ccncc3)C2)c1
/beegfs/home/m.romanov/thesis/benchmarking/datasets/USPTO/US07317010-20080108-C00055.png,Cc1cc(C)cc(-c2[nH]c3sc(C(C)(C)C(=O)N4C5CCC4CC5)cc3c2CCN/C(=N/C#N)N2CCC(c3ccncc3)C2)c1
/beegfs/home/m.romanov/thesis/benchmarking/datasets/USPTO/US07317010-20080108-C00056.png,Cc1cc(C)cc(-c2[nH]c3sc(C(C)(C)C(=O)N4C5CCC4CC5)cc3c2CCNC(=N)N2CCC(c3ccncc3)C2)c1
/beegfs/home/m.romanov/thesis/benchmarking/datasets/USPTO/US07317010-20080108-C00058.png,Cc1cc(C)cc(-c2[nH]c3sc(C(C)(C)C(=O)N4C5CCC4CC5)cc3c2CCN/C(=N/C(=O)OC(C)C)N2CCC(c3ccncc3)C2)c1
/beegfs/home/m.romanov/thesis/benchmarking/datasets/USPTO/US07317010-20080108-C00059.png,Cc1cc(C)cc(-c2[nH]c3sc(C(C)(C)C(=O)N4CCCC4)cc3c2[C@H](C)CN/C(=N/C(=O)OC(C)C)N2CCC(c3ccncc3)C2)c1
/beegfs/home/m.romanov/thesis/benchmarking/datasets/USPTO/US07317010-20080108-C00060.png,COC(=O)/N=C(/NC[C@@H](C)c1c(-c2cc(C)cc(C)c2)[nH]c2sc(C(C)(C)C(=O)N3CCCC3)cc12)N1CCC(c2ccncc2)C1
/beegfs/home/m.romanov/thesis/benchmarking/datasets/USPTO/US07317010-20080108-C00061.png,Cc1cc(C)cc(-c2[nH]c3sc(C(C)(C)C(=O)N(C)C)cc3c2[C@H](C)CN/C(=N/C(=O)OC(C)C)N2CCC(c3ccncc3)C2)c1
/beegfs/home/m.romanov/thesis/benchmarking/datasets/USPTO/US07317010-20080108-C00062.png,Cc1cc(C)cc(-c2[nH]c3sc(C(C)(C)C#N)cc3c2[C@H](C)CN/C(=N/C(=O)OC(C)C)N2CCC(c3ccncc3)C2)c1
/beegfs/home/m.romanov/thesis/benchmarking/datasets/USPTO/US07317010-20080108-C00063.png,CCOC(=O)C(C)(C)c1cc2c([C@H](C)CN/C(=N/C(=O)OC(C)C)N3CCC(c4ccncc4)C3)c(-c3cc(C)cc(C)c3)[nH]c2s1
/beegfs/home/m.romanov/thesis/benchmarking/datasets/USPTO/US07317010-20080108-C00064.png,Cc1cc(C)cc(-c2[nH]c3sc(C(C)(C)C(N)=O)cc3c2[C@H](C)CN/C(=N/C(=O)OC(C)C)N2CCC(c3ccncc3)C2)c1
/beegfs/home/m.romanov/thesis/benchmarking/datasets/USPTO/US07317010-20080108-C00065.png,Cc1cc(C)cc(-c2[nH]c3sc(C(C)(C)C(=O)N4C5CCC4CC5)cc3c2[C@H](C)CN/C(=N/C(=O)OC(C)C)N2CCC(c3ccncc3)CC2)c1
/beegfs/home/m.romanov/thesis/benchmarking/datasets/USPTO/US07317010-20080108-C00066.png,Cc1cc(C)cc(-c2[nH]c3sc(C(C)(C)C(=O)N4C5CCC4CC5)cc3c2[C@H](C)CN/C(=N/C(=O)OC(C)C)N2CCC(c3ccccn3)C2)c1
/beegfs/home/m.romanov/thesis/benchmarking/datasets/USPTO/US07317010-20080108-C00067.png,Cc1cc(C)cc(-c2[nH]c3sc(C(C)(C)C(=O)N4C5CCC4CC5)cc3c2[C@H](C)CN/C(=N/C(=O)OC(C)C)N2CCN(c3ccccn3)CC2)c1
/beegfs/home/m.romanov/thesis/benchmarking/datasets/USPTO/US07317010-20080108-C00068.png,Cc1cc(C)cc(-c2[nH]c3sc(C(C)(C)C(=O)N4C5CCC4CC5)cc3c2[C@H](C)CN/C(=N/C(=O)OC(C)C)N2CCN(c3ccncc3)CC2)c1
/beegfs/home/m.romanov/thesis/benchmarking/datasets/USPTO/US07317010-20080108-C00069.png,Cc1cc(C)cc(-c2[nH]c3sc(C(C)(C)C(=O)N4C5CCC4CC5)cc3c2[C@H](C)CN/C(=N/C(=O)OC(C)C)N2CCC(C3CCOCC3)CC2)c1
/beegfs/home/m.romanov/thesis/benchmarking/datasets/USPTO/US07317010-20080108-C00070.png,Cc1cc(C)cc(-c2[nH]c3sc(C(C)(C)C(=O)N4C5CCC4CC5)cc3c2[C@H](C)CN/C(=N/C(=O)OC(C)C)N2CCN(CC(=O)NC(C)C)CC2)c1
/beegfs/home/m.romanov/thesis/benchmarking/datasets/USPTO/US07317010-20080108-C00072.png,Cc1cc(C)cc(-c2[nH]c3sc(C(C)(C)C(=O)N4CCCC4)cc3c2[C@H](C)C(=O)NCCc2ccncc2)c1
/beegfs/home/m.romanov/thesis/benchmarking/datasets/USPTO/US07317010-20080108-C00073.png,Cc1cc(C)cc(-c2[nH]c3sc(C(C)(C)C(=O)N4CCCC4)cc3c2[C@H](C)C(=O)NCCc2cccn2C)c1
/beegfs/home/m.romanov/thesis/benchmarking/datasets/USPTO/US07317010-20080108-C00074.png,Cc1cc(C)cc(-c2[nH]c3sc(C(C)(C)C(=O)N4CCCC4)cc3c2[C@H](C)C(=O)NCNCCCN2CCN(C)CC2)c1
/beegfs/home/m.romanov/thesis/benchmarking/datasets/USPTO/US07317010-20080108-C00075.png,Cc1cc(C)cc(-c2[nH]c3sc(C(C)(C)C(=O)N4CCCC4)cc3c2[C@H](C)CNC(=O)NCCO)c1
/beegfs/home/m.romanov/thesis/benchmarking/datasets/USPTO/US07317010-20080108-C00076.png,Cc1cc(C)cc(-c2[nH]c3sc(C(C)(C)C(=O)N4C5CCC4CC5)cc3c2[C@H](C)CNC(=O)N2CCC(c3ccncc3)C2)c1
/beegfs/home/m.romanov/thesis/benchmarking/datasets/USPTO/US07317010-20080108-C00077.png,Cc1cc(C)cc(-c2[nH]c3sc(C(C)(C)C(=O)N4C5CCC4CC5)cc3c2[C@H](C)CNC(=O)N2CCC(c3ccncc3)CC2)c1
/beegfs/home/m.romanov/thesis/benchmarking/datasets/USPTO/US07317010-20080108-C00086.png,CO/N=C(/NC[C@@H](C)c1c(-c2cc(C)cc(C)c2)[nH]c2sc(C(C)(C)C(=O)N3C4CCC3CC4)cc12)N1CCC(c2ccncc2)C1
/beegfs/home/m.romanov/thesis/benchmarking/datasets/USPTO/US07317012-20080108-C00010.png,O=c1cc(-c2ccc(Cl)cc2)c(O)nn1Cc1ccccc1
/beegfs/home/m.romanov/thesis/benchmarking/datasets/USPTO/US07317012-20080108-C00011.png,O=c1cc(-c2ccc(Cl)cc2)c(Cl)nn1Cc1ccccc1
/beegfs/home/m.romanov/thesis/benchmarking/datasets/USPTO/US07317012-20080108-C00012.png,O=c1cc(-c2ccc(Cl)cc2)c(-c2ccccc2Cl)nn1Cc1ccccc1
/beegfs/home/m.romanov/thesis/benchmarking/datasets/USPTO/US07317012-20080108-C00013.png,O=c1cc(-c2ccc(Cl)cc2)c(-c2ccccc2Cl)n[nH]1
/beegfs/home/m.romanov/thesis/benchmarking/datasets/USPTO/US07317012-20080108-C00014.png,Clc1ccc(-c2cc(Cl)nnc2-c2ccccc2Cl)cc1
/beegfs/home/m.romanov/thesis/benchmarking/datasets/USPTO/US07317012-20080108-C00015.png,NNc1cc(-c2ccc(Cl)cc2)c(-c2ccccc2Cl)nn1
/beegfs/home/m.romanov/thesis/benchmarking/datasets/USPTO/US07317012-20080108-C00017.png,O=c1n(Cc2ccc(C(F)(F)F)cc2)nc2cc(-c3ccc(Cl)cc3)c(-c3ccccc3Cl)nn12
/beegfs/home/m.romanov/thesis/benchmarking/datasets/USPTO/US07317012-20080108-C00018.png,O=c1n(Cc2ccc(C(F)(F)F)nc2)nc2cc(-c3ccc(Cl)cc3)c(-c3ccccc3Cl)nn12
/beegfs/home/m.romanov/thesis/benchmarking/datasets/USPTO/US07317012-20080108-C00020.png,O=c1n(CC(F)(F)F)nc2cc(-c3ccc(Cl)cc3)c(-c3ccccc3Cl)nn12
/beegfs/home/m.romanov/thesis/benchmarking/datasets/USPTO/US07317012-20080108-C00021.png,O=c1n(CCC(F)(F)F)nc2cc(-c3ccc(Cl)cc3)c(-c3ccccc3Cl)nn12
/beegfs/home/m.romanov/thesis/benchmarking/datasets/USPTO/US07317012-20080108-C00022.png,O=c1n(CCCC(F)(F)F)nc2cc(-c3ccc(Cl)cc3)c(-c3ccccc3Cl)nn12
/beegfs/home/m.romanov/thesis/benchmarking/datasets/USPTO/US07317012-20080108-C00024.png,O=c1cc(-c2ccc(Cl)cc2)c(=O)[nH][nH]1
/beegfs/home/m.romanov/thesis/benchmarking/datasets/USPTO/US07317012-20080108-C00025.png,Clc1ccc(-c2cc(Cl)nnc2Cl)cc1
/beegfs/home/m.romanov/thesis/benchmarking/datasets/USPTO/US07317012-20080108-C00026.png,NNc1cc(-c2ccc(Cl)cc2)c(Cl)nn1
/beegfs/home/m.romanov/thesis/benchmarking/datasets/USPTO/US07317012-20080108-C00027.png,O=c1[nH]nc2cc(-c3ccc(Cl)cc3)c(Cl)nn12
/beegfs/home/m.romanov/thesis/benchmarking/datasets/USPTO/US07317012-20080108-C00028.png,O=c1n(Cc2ccc(C(F)(F)F)nc2)nc2cc(-c3ccc(Cl)cc3)c(Cl)nn12
/beegfs/home/m.romanov/thesis/benchmarking/datasets/USPTO/US07317012-20080108-C00030.png,O=c1n(Cc2ccc(C(F)(F)F)nc2)nc2cc(-c3ccc(Cl)cc3)c(-c3ccccc3)nn12
/beegfs/home/m.romanov/thesis/benchmarking/datasets/USPTO/US07317012-20080108-C00031.png,O=c1n(Cc2ccc(C(F)(F)F)nc2)nc2cc(-c3ccc(Cl)cc3)c(-c3cccnc3F)nn12
/beegfs/home/m.romanov/thesis/benchmarking/datasets/USPTO/US07317012-20080108-C00032.png,O=c1n(Cc2ccc(C(F)(F)F)nc2)nc2cc(-c3ccc(Cl)cc3)c(-c3ccc(Cl)cc3Cl)nn12
/beegfs/home/m.romanov/thesis/benchmarking/datasets/USPTO/US07317012-20080108-C00033.png,O=c1n(Cc2ccc(C(F)(F)F)nc2)nc2cc(-c3ccc(Cl)cc3)c(-c3ccccc3F)nn12
/beegfs/home/m.romanov/thesis/benchmarking/datasets/USPTO/US07317012-20080108-C00035.png,O=c1n(Cc2ccc(C(F)(F)F)cc2)nc2cc(-c3ccc(Cl)cc3)c(Cl)nn12
/beegfs/home/m.romanov/thesis/benchmarking/datasets/USPTO/US07317012-20080108-C00036.png,O=c1n(Cc2ccc(C(F)(F)F)cc2)nc2cc(-c3ccc(Cl)cc3)c(-c3ccc(Cl)cc3)nn12
/beegfs/home/m.romanov/thesis/benchmarking/datasets/USPTO/US07317012-20080108-C00038.png,COC(=O)C(=O)C1CCCCC1
/beegfs/home/m.romanov/thesis/benchmarking/datasets/USPTO/US07317012-20080108-C00041.png,O=C(O)/C(O)=C/c1ccc(C(F)(F)F)cc1
/beegfs/home/m.romanov/thesis/benchmarking/datasets/USPTO/US07317013-20080108-C00025.png,N=C(NCCCCN1CCC(OCCO)CC1)NC(=O)c1nc(Cl)c(N)nc1N
/beegfs/home/m.romanov/thesis/benchmarking/datasets/USPTO/US07317013-20080108-C00026.png,N=C(NCCCCC1CCC(OCC(O)CO)CC1)NC(=O)c1nc(Cl)c(N)nc1N
/beegfs/home/m.romanov/thesis/benchmarking/datasets/USPTO/US07317013-20080108-C00034.png,N=C(NCCCCN1CCC(OCC(O)CN)CC1)NC(=O)c1nc(Cl)c(N)nc1N
/beegfs/home/m.romanov/thesis/benchmarking/datasets/USPTO/US07317013-20080108-C00035.png,CS(=O)(=O)N(C1CCC(CCCCNC(=N)NC(=O)c2nc(Cl)c(N)nc2N)CC1)S(C)(=O)=O
/beegfs/home/m.romanov/thesis/benchmarking/datasets/USPTO/US07317013-20080108-C00042.png,COC(=O)[C@@H](N)COC1CCN(CCCCNC(=N)NC(=O)c2nc(Cl)c(N)nc2N)CC1
/beegfs/home/m.romanov/thesis/benchmarking/datasets/USPTO/US07317013-20080108-C00045.png,C[C@@H]1OC[C@H]([C@@H](O)[C@H](O)[C@@H](O)CNCCOC2CCN(CCCCNC(=N)NC(=O)c3nc(Cl)c(N)nc3N)CC2)O1
/beegfs/home/m.romanov/thesis/benchmarking/datasets/USPTO/US07317013-20080108-C00053.png,CN(C)S(=O)(=O)CCCCN1CCC(CCCCNC(=N)NC(=O)c2nc(Cl)c(N)nc2N)CC1
/beegfs/home/m.romanov/thesis/benchmarking/datasets/USPTO/US07317013-20080108-C00069.png,CC(C)(C)OC(=O)/N=C(/NCCCN1CCN(CCCCNC(=N)NC(=O)c2nc(Cl)c(N)nc2N)CC1)NC(=O)OC(C)(C)C
/beegfs/home/m.romanov/thesis/benchmarking/datasets/USPTO/US07317013-20080108-C00070.png,CC(C)(C)OC(=O)NCCCN1CCC(CCCCNC(=N)NC(=O)c2nc(Cl)c(N)nc2N)CC1
/beegfs/home/m.romanov/thesis/benchmarking/datasets/USPTO/US07317013-20080108-C00074.png,CC(C)(C)OC(=O)/N=C(/NCCCN1CCC(CCCCNC(=N)NC(=O)c2nc(Cl)c(N)nc2N)CC1)NC(=O)OC(C)(C)C
/beegfs/home/m.romanov/thesis/benchmarking/datasets/USPTO/US07317013-20080108-C00124.png,Cc1nc(N)c(C(=O)NC(=N)NCCCCN2CCCC(OCCNC[C@H](O)[C@@H](O)[C@H](O)[C@H]3CO[C@@H](C)O3)C2)nc1Cl
/beegfs/home/m.romanov/thesis/benchmarking/datasets/USPTO/US07317014-20080108-C00004.png,Cn1cnc(-c2ccncc2)c(-c2ccc(F)cc2)c1=O
/beegfs/home/m.romanov/thesis/benchmarking/datasets/USPTO/US07317014-20080108-C00006.png,Nc1cccc(-c2cc(=O)[nH]c(=O)n2-c2ccccc2)c1
/beegfs/home/m.romanov/thesis/benchmarking/datasets/USPTO/US07317014-20080108-C00029.png,FC(F)(F)c1nc(Cl)c(-c2ccccc2)c(-c2ccccc2)n1
/beegfs/home/m.romanov/thesis/benchmarking/datasets/USPTO/US07317014-20080108-C00030.png,Cc1ccc(-c2nc(C(F)(F)F)nc(Cl)c2-c2ccccc2)cc1
/beegfs/home/m.romanov/thesis/benchmarking/datasets/USPTO/US07317014-20080108-C00031.png,Fc1ccc(-c2nc(C(F)(F)F)nc(Cl)c2-c2ccccc2)cc1
/beegfs/home/m.romanov/thesis/benchmarking/datasets/USPTO/US07317014-20080108-C00032.png,CS(=O)(=O)c1ccc(-c2nc(C(F)(F)F)nc(Cl)c2-c2ccccc2)cc1
/beegfs/home/m.romanov/thesis/benchmarking/datasets/USPTO/US07317014-20080108-C00033.png,CS(=O)(=O)c1ccc(-c2nc(C(F)(F)F)nc(Cl)c2-c2ccc(Cl)cc2)cc1
/beegfs/home/m.romanov/thesis/benchmarking/datasets/USPTO/US07317014-20080108-C00034.png,CS(=O)(=O)c1ccc(-c2nc(C(F)(F)F)nc(Cl)c2-c2ccc(F)cc2)cc1
/beegfs/home/m.romanov/thesis/benchmarking/datasets/USPTO/US07317014-20080108-C00035.png,Clc1nc(Cl)c(-c2ccccc2)c(-c2ccccc2)n1
/beegfs/home/m.romanov/thesis/benchmarking/datasets/USPTO/US07317014-20080108-C00036.png,Cc1ccc(-c2nc(Cl)nc(Cl)c2-c2ccccc2)cc1
/beegfs/home/m.romanov/thesis/benchmarking/datasets/USPTO/US07317014-20080108-C00037.png,Clc1ccc(-c2nc(Cl)nc(Cl)c2-c2ccccc2)cc1
/beegfs/home/m.romanov/thesis/benchmarking/datasets/USPTO/US07317014-20080108-C00038.png,Clc1ccc(-c2c(Cl)nc(Cl)nc2-c2ccccc2)cc1
/beegfs/home/m.romanov/thesis/benchmarking/datasets/USPTO/US07317014-20080108-C00039.png,COc1ccc(-c2c(Cl)nc(Cl)nc2-c2ccccc2)cc1
/beegfs/home/m.romanov/thesis/benchmarking/datasets/USPTO/US07317014-20080108-C00040.png,CSc1ccc(-c2c(Cl)nc(Cl)nc2-c2ccccc2)cc1
/beegfs/home/m.romanov/thesis/benchmarking/datasets/USPTO/US07317014-20080108-C00041.png,CSc1ccc(-c2c(Cl)nc(Cl)nc2-c2ccc(Cl)cc2)cc1
/beegfs/home/m.romanov/thesis/benchmarking/datasets/USPTO/US07317014-20080108-C00042.png,Cc1ccc(-c2nc(Cl)nc(Cl)c2-c2ccc(Cl)cc2)cc1
/beegfs/home/m.romanov/thesis/benchmarking/datasets/USPTO/US07317014-20080108-C00043.png,[N-]=[N+]=Nc1nc(C(F)(F)F)nc(-c2ccccc2)c1-c1ccccc1
/beegfs/home/m.romanov/thesis/benchmarking/datasets/USPTO/US07317014-20080108-C00044.png,CS(=O)(=O)c1ccc(-c2nc(C(F)(F)F)nc(N=[N+]=[N-])c2-c2ccccc2)cc1
/beegfs/home/m.romanov/thesis/benchmarking/datasets/USPTO/US07317014-20080108-C00045.png,CS(=O)(=O)c1ccc(-c2nc(C(F)(F)F)nc(N=[N+]=[N-])c2-c2ccc(Cl)cc2)cc1
/beegfs/home/m.romanov/thesis/benchmarking/datasets/USPTO/US07317014-20080108-C00046.png,CS(=O)(=O)c1ccc(-c2nc(C(F)(F)F)nc(N=[N+]=[N-])c2-c2ccc(F)cc2)cc1
/beegfs/home/m.romanov/thesis/benchmarking/datasets/USPTO/US07317014-20080108-C00047.png,[N-]=[N+]=Nc1nc(N=[N+]=[N-])c(-c2ccccc2)c(-c2ccccc2)n1
/beegfs/home/m.romanov/thesis/benchmarking/datasets/USPTO/US07317014-20080108-C00048.png,[N-]=[N+]=Nc1nc(N=[N+]=[N-])c(-c2ccc(Cl)cc2)c(-c2ccccc2)n1
/beegfs/home/m.romanov/thesis/benchmarking/datasets/USPTO/US07317014-20080108-C00049.png,NNc1nc(C(F)(F)F)nc(-c2ccccc2)c1-c1ccccc1
/beegfs/home/m.romanov/thesis/benchmarking/datasets/USPTO/US07317014-20080108-C00050.png,Cc1ccc(-c2nc(C(F)(F)F)nc(NN)c2-c2ccccc2)cc1
/beegfs/home/m.romanov/thesis/benchmarking/datasets/USPTO/US07317014-20080108-C00051.png,NNc1nc(C(F)(F)F)nc(-c2ccc(F)cc2)c1-c1ccccc1
/beegfs/home/m.romanov/thesis/benchmarking/datasets/USPTO/US07317014-20080108-C00052.png,CS(=O)(=O)c1ccc(-c2nc(C(F)(F)F)nc(NN)c2-c2ccccc2)cc1
/beegfs/home/m.romanov/thesis/benchmarking/datasets/USPTO/US07317014-20080108-C00053.png,CS(=O)(=O)c1ccc(-c2nc(C(F)(F)F)nc(NN)c2-c2ccc(Cl)cc2)cc1
/beegfs/home/m.romanov/thesis/benchmarking/datasets/USPTO/US07317014-20080108-C00054.png,CS(=O)(=O)c1ccc(-c2nc(C(F)(F)F)nc(NN)c2-c2ccc(F)cc2)cc1
/beegfs/home/m.romanov/thesis/benchmarking/datasets/USPTO/US07317014-20080108-C00055.png,NNc1nc(Cl)nc(-c2ccccc2)c1-c1ccccc1
/beegfs/home/m.romanov/thesis/benchmarking/datasets/USPTO/US07317014-20080108-C00056.png,CSc1ccc(-c2c(NN)nc(Cl)nc2-c2ccccc2)cc1
/beegfs/home/m.romanov/thesis/benchmarking/datasets/USPTO/US07317014-20080108-C00057.png,NNc1nc(NN)c(-c2ccccc2)c(-c2ccccc2)n1
/beegfs/home/m.romanov/thesis/benchmarking/datasets/USPTO/US07317014-20080108-C00058.png,CSc1ccc(-c2c(NN)nc(NN)nc2-c2ccccc2)cc1
/beegfs/home/m.romanov/thesis/benchmarking/datasets/USPTO/US07317014-20080108-C00059.png,CC(=O)NNc1nc(C(F)(F)F)nc(-c2ccccc2)c1-c1ccccc1
/beegfs/home/m.romanov/thesis/benchmarking/datasets/USPTO/US07317014-20080108-C00060.png,CC(=O)NNc1nc(C(F)(F)F)nc(-c2ccc(C)cc2)c1-c1ccccc1
/beegfs/home/m.romanov/thesis/benchmarking/datasets/USPTO/US07317014-20080108-C00061.png,CC(=O)NNc1nc(C(F)(F)F)nc(-c2ccc(F)cc2)c1-c1ccccc1
/beegfs/home/m.romanov/thesis/benchmarking/datasets/USPTO/US07317014-20080108-C00062.png,CC(=O)NNc1nc(C(F)(F)F)nc(-c2ccc(S(C)(=O)=O)cc2)c1-c1ccccc1
/beegfs/home/m.romanov/thesis/benchmarking/datasets/USPTO/US07317014-20080108-C00063.png,CC(=O)NNc1nc(C(F)(F)F)nc(-c2ccc(S(C)(=O)=O)cc2)c1-c1ccc(Cl)cc1
/beegfs/home/m.romanov/thesis/benchmarking/datasets/USPTO/US07317014-20080108-C00064.png,CC(=O)NNc1nc(C(F)(F)F)nc(-c2ccc(S(C)(=O)=O)cc2)c1-c1ccc(F)cc1
/beegfs/home/m.romanov/thesis/benchmarking/datasets/USPTO/US07317014-20080108-C00065.png,CS(=O)(=O)c1ccc(-c2nc(C(F)(F)F)nc(NNC(=O)C(F)(F)F)c2-c2ccc(Cl)cc2)cc1
/beegfs/home/m.romanov/thesis/benchmarking/datasets/USPTO/US07317014-20080108-C00066.png,O=c1nc(Cl)cc(-c2ccccc2)n1-c1ccccc1
/beegfs/home/m.romanov/thesis/benchmarking/datasets/USPTO/US07317016-20080108-C00010.png,NC(=O)c1nn(Cc2ccccc2F)c2ncccc12
/beegfs/home/m.romanov/thesis/benchmarking/datasets/USPTO/US07317016-20080108-C00011.png,N#Cc1nn(Cc2ccccc2F)c2ncccc12
/beegfs/home/m.romanov/thesis/benchmarking/datasets/USPTO/US07317016-20080108-C00012.png,[H]/N=C(\OC)c1nn(Cc2ccccc2F)c2ncccc12
/beegfs/home/m.romanov/thesis/benchmarking/datasets/USPTO/US07317016-20080108-C00014.png,COc1cnc(-c2nn(Cc3ccccc3F)c3ncccc23)nc1N
/beegfs/home/m.romanov/thesis/benchmarking/datasets/USPTO/US07317016-20080108-C00016.png,Nc1nc(-c2nn(Cc3ccccc3F)c3ncccc23)ncc1OS(=O)(=O)CCl
/beegfs/home/m.romanov/thesis/benchmarking/datasets/USPTO/US07317016-20080108-C00017.png,CS(=O)(=O)Oc1cnc(-c2nn(Cc3ccccc3F)c3ncccc23)nc1N
/beegfs/home/m.romanov/thesis/benchmarking/datasets/USPTO/US07317016-20080108-C00018.png,CCS(=O)(=O)Oc1cnc(-c2nn(Cc3ccccc3F)c3ncccc23)nc1N
/beegfs/home/m.romanov/thesis/benchmarking/datasets/USPTO/US07317016-20080108-C00019.png,Nc1nc(-c2nn(Cc3ccccc3F)c3ncccc23)ncc1OS(=O)(=O)C1CC1
/beegfs/home/m.romanov/thesis/benchmarking/datasets/USPTO/US07317016-20080108-C00020.png,CC(C)S(=O)(=O)Oc1cnc(-c2nn(Cc3ccccc3F)c3ncccc23)nc1N
/beegfs/home/m.romanov/thesis/benchmarking/datasets/USPTO/US07317016-20080108-C00021.png,CCCCCS(=O)(=O)Oc1cnc(-c2nn(Cc3ccccc3F)c3ncccc23)nc1N
/beegfs/home/m.romanov/thesis/benchmarking/datasets/USPTO/US07317016-20080108-C00022.png,Nc1nc(-c2nn(Cc3ccccc3F)c3ncccc23)ncc1OS(=O)(=O)CCCC(F)(F)F
/beegfs/home/m.romanov/thesis/benchmarking/datasets/USPTO/US07317016-20080108-C00023.png,CCCCS(=O)(=O)Oc1cnc(-c2nn(Cc3ccccc3F)c3ncccc23)nc1N
/beegfs/home/m.romanov/thesis/benchmarking/datasets/USPTO/US07317016-20080108-C00024.png,CCCS(=O)(=O)Oc1cnc(-c2nn(Cc3ccccc3F)c3ncccc23)nc1N
/beegfs/home/m.romanov/thesis/benchmarking/datasets/USPTO/US07317016-20080108-C00025.png,Nc1nc(-c2nn(Cc3ccccc3F)c3ncccc23)ncc1OS(=O)(=O)c1ccccc1
/beegfs/home/m.romanov/thesis/benchmarking/datasets/USPTO/US07317017-20080108-C00025.png,CCCn1c(=O)c2c(ncn2Cc2ccccc2)n(CCC)c1=O
/beegfs/home/m.romanov/thesis/benchmarking/datasets/USPTO/US07317017-20080108-C00026.png,CCCn1c(=O)c2c(nc(Cl)n2Cc2ccccc2)n(CCC)c1=O
/beegfs/home/m.romanov/thesis/benchmarking/datasets/USPTO/US07317017-20080108-C00027.png,CCCn1c(=O)c2c(nc(-c3ccc(O)cc3)n2Cc2ccccc2)n(CCC)c1=O
/beegfs/home/m.romanov/thesis/benchmarking/datasets/USPTO/US07317017-20080108-C00028.png,CCCn1c(=O)c2c(nc(-c3ccc(O)cc3)n2C(=O)OC(C)(C)C)n(CCC)c1=O
/beegfs/home/m.romanov/thesis/benchmarking/datasets/USPTO/US07317017-20080108-C00030.png,CCCn1c(=O)c2c(nc(-c3ccc(OCC#N)cc3)n2COCc2ccccc2)n(CCC)c1=O
/beegfs/home/m.romanov/thesis/benchmarking/datasets/USPTO/US07317017-20080108-C00033.png,CCCn1c(=O)c2[nH]c(-c3cnn(CCCc4ccccc4)c3)nc2n(CCC)c1=O
/beegfs/home/m.romanov/thesis/benchmarking/datasets/USPTO/US07317017-20080108-C00034.png,CCCn1c(=O)c2[nH]c(-c3cnn(Cc4ccccc4)c3)nc2n(CCC)c1=O
/beegfs/home/m.romanov/thesis/benchmarking/datasets/USPTO/US07317017-20080108-C00035.png,CCCn1c(=O)c2c(nc(-c3cnn(Cc4ccccc4)c3)n2CCO)n(CCC)c1=O
/beegfs/home/m.romanov/thesis/benchmarking/datasets/USPTO/US07317017-20080108-C00036.png,COc1ccccc1-c1nc(COc2ccc(C(=O)O)cc2)no1
/beegfs/home/m.romanov/thesis/benchmarking/datasets/USPTO/US07317017-20080108-C00042.png,CCCCn1c(=O)cc(N)[nH]c1=O
/beegfs/home/m.romanov/thesis/benchmarking/datasets/USPTO/US07317017-20080108-C00043.png,CCCCn1c(=O)[nH]c(N)c(N=O)c1=O
/beegfs/home/m.romanov/thesis/benchmarking/datasets/USPTO/US07317017-20080108-C00044.png,CCCCn1c(=O)[nH]c(N)c(N)c1=O
/beegfs/home/m.romanov/thesis/benchmarking/datasets/USPTO/US07317017-20080108-C00045.png,CCCCn1c(=O)[nH]c2nc(-c3cnn(Cc4ccccc4)c3)[nH]c2c1=O
/beegfs/home/m.romanov/thesis/benchmarking/datasets/USPTO/US07317017-20080108-C00046.png,Nc1cc(=O)[nH]c(=O)n1Cc1ccccc1
/beegfs/home/m.romanov/thesis/benchmarking/datasets/USPTO/US07317017-20080108-C00047.png,Nc1c(N=O)c(=O)[nH]c(=O)n1Cc1ccccc1
/beegfs/home/m.romanov/thesis/benchmarking/datasets/USPTO/US07317017-20080108-C00048.png,Nc1c(N)n(Cc2ccccc2)c(=O)[nH]c1=O
/beegfs/home/m.romanov/thesis/benchmarking/datasets/USPTO/US07317017-20080108-C00049.png,O=c1[nH]c(=O)n(Cc2ccccc2)c2nc(-c3cnn(Cc4ccccc4)c3)[nH]c12
/beegfs/home/m.romanov/thesis/benchmarking/datasets/USPTO/US07317017-20080108-C00050.png,CCCCn1c(=O)cc(/N=C/N(C)C)n(C)c1=O
/beegfs/home/m.romanov/thesis/benchmarking/datasets/USPTO/US07317017-20080108-C00051.png,CCCCn1c(=O)cc(N)n(C)c1=O
/beegfs/home/m.romanov/thesis/benchmarking/datasets/USPTO/US07317017-20080108-C00052.png,CCCCn1c(=O)c2[nH]c(-c3cnn(Cc4cccc(F)c4)c3)nc2n(C)c1=O
/beegfs/home/m.romanov/thesis/benchmarking/datasets/USPTO/US07317022-20080108-C00012.png,CC(C)n1c(=O)n(C(=O)N[C@H]2C[C@H]3CC[C@@H](C2)N3CC(O)CN2CCN(S(C)(=O)=O)CC2)c2ccccc21
/beegfs/home/m.romanov/thesis/benchmarking/datasets/USPTO/US07317022-20080108-C00034.png,CC(C)n1c(=O)n(C(=O)NC2CC3CCC(C2)N3CC(O)CN2CCN(S(C)(=O)=O)CC2)c2ccccc21
/beegfs/home/m.romanov/thesis/benchmarking/datasets/USPTO/US07317022-20080108-C00035.png,CC(C)n1c(=O)n(C(=O)NC2CC3CCC(C2)N3CC(O)CN2CCN(C(=O)C3CCCO3)CC2)c2ccccc21
/beegfs/home/m.romanov/thesis/benchmarking/datasets/USPTO/US07317022-20080108-C00036.png,CC(=O)N1CCN(CC(O)CN2C3CCC2CC(NC(=O)n2c(=O)n(C(C)C)c4ccccc42)C3)CC1
/beegfs/home/m.romanov/thesis/benchmarking/datasets/USPTO/US07317022-20080108-C00037.png,CC(C)n1c(=O)n(C(=O)NC2CC3CCC(C2)N3CC(O)CN(C)C2CCS(=O)(=O)C2)c2ccccc21
/beegfs/home/m.romanov/thesis/benchmarking/datasets/USPTO/US07317022-20080108-C00038.png,CC(C)n1c(=O)n(C(=O)NC2CC3CCC(C2)N3C[C@@H](O)CN2CCN(S(C)(=O)=O)CC2)c2ccccc21
/beegfs/home/m.romanov/thesis/benchmarking/datasets/USPTO/US07317022-20080108-C00039.png,CC(C)n1c(=O)n(C(=O)NC2CC3CCC(C2)N3C[C@H](O)CN2CCN(S(C)(=O)=O)CC2)c2ccccc21
/beegfs/home/m.romanov/thesis/benchmarking/datasets/USPTO/US07317022-20080108-C00040.png,CC(=O)N1CCN(C[C@H](O)CN2C3CCC2CC(NC(=O)n2c(=O)n(C(C)C)c4ccccc42)C3)CC1
/beegfs/home/m.romanov/thesis/benchmarking/datasets/USPTO/US07317022-20080108-C00041.png,CC(=O)N1CCN(C[C@@H](O)CN2C3CCC2CC(NC(=O)n2c(=O)n(C(C)C)c4ccccc42)C3)CC1
/beegfs/home/m.romanov/thesis/benchmarking/datasets/USPTO/US07317022-20080108-C00042.png,CC(C)n1c(=O)n(C(=O)NC2CC3CCC(C2)N3C[C@@H](O)CN2CCN(C(=O)C3CCCO3)CC2)c2ccccc21
/beegfs/home/m.romanov/thesis/benchmarking/datasets/USPTO/US07317022-20080108-C00043.png,CC(C)n1c(=O)n(C(=O)NC2CC3CCC(C2)N3C[C@@H](O)CN2CCN(C(=O)[C@@H]3CCCO3)CC2)c2ccccc21
/beegfs/home/m.romanov/thesis/benchmarking/datasets/USPTO/US07317022-20080108-C00044.png,CC(=O)N(C)C[C@H](O)CN1C2CCC1CC(NC(=O)n1c(=O)n(C(C)C)c3ccccc31)C2
/beegfs/home/m.romanov/thesis/benchmarking/datasets/USPTO/US07317022-20080108-C00045.png,CC(C)n1c(=O)n(C(=O)NC2CC3CCC(C2)N3C[C@@H](O)CN(C)S(=O)(=O)c2cn(C)cn2)c2ccccc21
/beegfs/home/m.romanov/thesis/benchmarking/datasets/USPTO/US07317022-20080108-C00046.png,CC(C)n1c(=O)n(C(=O)NC2CC3CCC(C2)N3C[C@@H](O)CN(C)C(N)=O)c2ccccc21
/beegfs/home/m.romanov/thesis/benchmarking/datasets/USPTO/US07317022-20080108-C00047.png,CC(C)n1c(=O)n(C(=O)NC2CC3CCC(C2)N3CC(O)CN(C)S(=O)(=O)c2cn(C)cn2)c2ccccc21
/beegfs/home/m.romanov/thesis/benchmarking/datasets/USPTO/US07317022-20080108-C00048.png,CC(C)n1c(=O)n(C(=O)NC2CC3CCC(C2)N3CC(O)CN(C)C(N)=O)c2ccccc21
/beegfs/home/m.romanov/thesis/benchmarking/datasets/USPTO/US07317022-20080108-C00049.png,CC(C)n1c(=O)n(C(=O)NC2CC3CCC(C2)N3CC(O)CN(C)C=O)c2ccccc21
/beegfs/home/m.romanov/thesis/benchmarking/datasets/USPTO/US07317022-20080108-C00051.png,CCN(C(C)=O)C1CCN(C(C)(C)C)C1
/beegfs/home/m.romanov/thesis/benchmarking/datasets/USPTO/US07317022-20080108-C00052.png,CN(C1CCS(=O)(=O)CC1)C(C)(C)C
/beegfs/home/m.romanov/thesis/benchmarking/datasets/USPTO/US07317022-20080108-C00053.png,CN(C1CCN(C(C)(C)C)C1)S(C)(=O)=O
/beegfs/home/m.romanov/thesis/benchmarking/datasets/USPTO/US07317022-20080108-C00054.png,CC(=O)N(C)C1CCN(C(C)(C)C)C1
/beegfs/home/m.romanov/thesis/benchmarking/datasets/USPTO/US07317022-20080108-C00063.png,CC(C)(C)N1CCC(N2CCCS2(=O)=O)C1
/beegfs/home/m.romanov/thesis/benchmarking/datasets/USPTO/US07317022-20080108-C00068.png,CN(C(C)(C)C)S(=O)(=O)c1cn(C)cn1
/beegfs/home/m.romanov/thesis/benchmarking/datasets/USPTO/US07317023-20080108-C00021.png,COc1ccc(Oc2ccc(NC[C@H](O)c3ccc(O)c4[nH]c(=O)ccc34)cc2)cc1-c1ccccc1
/beegfs/home/m.romanov/thesis/benchmarking/datasets/USPTO/US07317023-20080108-C00022.png,O=c1ccc2c([C@@H](O)CNc3ccc(Oc4cccc(-c5ccccc5)c4)cc3)ccc(O)c2[nH]1
/beegfs/home/m.romanov/thesis/benchmarking/datasets/USPTO/US07317024-20080108-C00022.png,C.O=C(NC1CCN(CCCCC2(C(=O)NCC(F)(F)F)c3ccccc3-c3ccccc32)CC1)c1ccccc1-c1ccc(C(F)(F)F)cc1
/beegfs/home/m.romanov/thesis/benchmarking/datasets/USPTO/US07317024-20080108-C00030.png,CC1(C(=O)Nc2nc(-c3ccc(F)c4ccccc34)c[nH]2)CC2c3ccccc3C1c1cccc(C(N)=O)c12
/beegfs/home/m.romanov/thesis/benchmarking/datasets/USPTO/US07317024-20080108-C00034.png,CC1(C(=O)Nc2nc(-c3ccc(F)c4ccccc34)cs2)CC2c3ccccc3C1c1cccc(C(N)=O)c12
/beegfs/home/m.romanov/thesis/benchmarking/datasets/USPTO/US07317024-20080108-C00044.png,CC1(C(=O)Nc2nc(-c3ccc(F)c4ccccc34)cs2)CC2c3ccccc3C1c1cccc(C#N)c12
/beegfs/home/m.romanov/thesis/benchmarking/datasets/USPTO/US07317024-20080108-C00045.png,CC1(C(=O)Nc2nc(-c3ccc(F)c4ccccc34)cs2)CC2c3ccccc3C1c1cccc(CN)c12
/beegfs/home/m.romanov/thesis/benchmarking/datasets/USPTO/US07317025-20080108-C00012.png,O=C(/C=C/c1ccccc1)N(c1ccc2c(c1)NCC2)C1CCN(Cc2ccccc2)CC1
/beegfs/home/m.romanov/thesis/benchmarking/datasets/USPTO/US07317025-20080108-C00013.png,O=CN1CCc2ccc(N(C(=O)/C=C/c3ccccc3)C3CCN(Cc4ccccc4)CC3)cc21
/beegfs/home/m.romanov/thesis/benchmarking/datasets/USPTO/US07317025-20080108-C00014.png,CC(=O)CC(=O)N1CCc2ccc(N(C(=O)/C=C/c3ccccc3)C3CCN(Cc4ccccc4)CC3)cc21
/beegfs/home/m.romanov/thesis/benchmarking/datasets/USPTO/US07317025-20080108-C00015.png,CCOC(=O)C(=O)N1CCc2ccc(N(C(=O)/C=C/c3ccccc3)C3CCN(Cc4ccccc4)CC3)cc21
/beegfs/home/m.romanov/thesis/benchmarking/datasets/USPTO/US07317025-20080108-C00016.png,CN1CCc2ccc(N(C(=O)/C=C/c3ccccc3)C3CCN(Cc4ccccc4)CC3)cc21
/beegfs/home/m.romanov/thesis/benchmarking/datasets/USPTO/US07317025-20080108-C00017.png,CS(=O)(=O)N1CCc2ccc(N(C(=O)/C=C/c3ccccc3)C3CCN(Cc4ccccc4)CC3)cc21
/beegfs/home/m.romanov/thesis/benchmarking/datasets/USPTO/US07317025-20080108-C00018.png,O=C(/C=C/c1ccccc1)N(c1ccc2c(c1)N(C(=O)C(F)(F)F)CC2)C1CCN(Cc2ccccc2)CC1
/beegfs/home/m.romanov/thesis/benchmarking/datasets/USPTO/US07317025-20080108-C00019.png,CC(=O)N1CCCc2ccc(N(C(=O)/C=C/c3ccccc3)C3CCN(Cc4ccccc4)CC3)cc21
/beegfs/home/m.romanov/thesis/benchmarking/datasets/USPTO/US07317025-20080108-C00020.png,O=C1Cc2ccc(N(C(=O)/C=C/c3ccccc3)C3CCN(Cc4ccccc4)CC3)cc2N1
/beegfs/home/m.romanov/thesis/benchmarking/datasets/USPTO/US07317025-20080108-C00022.png,CC(=O)N1CCc2ccc(N(C(=O)CCc3ccccc3)C3CCN(Cc4ccccc4)CC3)cc21
/beegfs/home/m.romanov/thesis/benchmarking/datasets/USPTO/US07317025-20080108-C00023.png,CC(=O)N1CCc2ccc(N(C(=O)C3CC3c3ccccc3)C3CCN(Cc4ccccc4)CC3)cc21
/beegfs/home/m.romanov/thesis/benchmarking/datasets/USPTO/US07317025-20080108-C00024.png,CC(=O)N1CCc2ccc(N(C/C=C/c3ccccc3)C3CCN(Cc4ccccc4)CC3)cc21
/beegfs/home/m.romanov/thesis/benchmarking/datasets/USPTO/US07317025-20080108-C00025.png,CC(=O)N1CCc2ccc(N(C3CCN(Cc4ccccc4)CC3)S(=O)(=O)/C=C/c3ccccc3)cc21
/beegfs/home/m.romanov/thesis/benchmarking/datasets/USPTO/US07317025-20080108-C00026.png,CC(=O)N1CCc2ccc(N(C(=O)C#Cc3ccccc3)C3CCN(Cc4ccccc4)CC3)cc21
/beegfs/home/m.romanov/thesis/benchmarking/datasets/USPTO/US07317025-20080108-C00027.png,CC(=O)N1CCc2ccc(N(C(=O)/C=C\c3ccccc3)C3CCN(Cc4ccccc4)CC3)cc21
/beegfs/home/m.romanov/thesis/benchmarking/datasets/USPTO/US07317025-20080108-C00028.png,CC(=O)N1CCc2ccc(N(C(=O)/C=C/C=C/c3ccccc3)C3CCN(Cc4ccccc4)CC3)cc21
/beegfs/home/m.romanov/thesis/benchmarking/datasets/USPTO/US07317025-20080108-C00029.png,C=CC(=O)N(c1ccc2c(c1)N(C(C)=O)CC2)C1CCN(Cc2ccccc2)CC1
/beegfs/home/m.romanov/thesis/benchmarking/datasets/USPTO/US07317025-20080108-C00030.png,CC(=O)N1CCc2ccc(N(C(=O)/C=C/c3ccsc3)C3CCN(Cc4ccccc4)CC3)cc21
/beegfs/home/m.romanov/thesis/benchmarking/datasets/USPTO/US07317025-20080108-C00031.png,CC(=O)N1CCc2ccc(N(C(=O)/C=C/c3ccccn3)C3CCN(Cc4ccccc4)CC3)cc21
/beegfs/home/m.romanov/thesis/benchmarking/datasets/USPTO/US07317025-20080108-C00032.png,CC(=O)N1CCc2ccc(N(C(=O)/C=C/c3cccnc3)C3CCN(Cc4ccccc4)CC3)cc21
/beegfs/home/m.romanov/thesis/benchmarking/datasets/USPTO/US07317025-20080108-C00033.png,CC(=O)N1CCc2ccc(N(C(=O)/C=C/c3ccncc3)C3CCN(Cc4ccccc4)CC3)cc21
/beegfs/home/m.romanov/thesis/benchmarking/datasets/USPTO/US07317025-20080108-C00035.png,CC(=O)N1CCc2ccc(N(C(=O)/C=C/c3ncc[nH]3)C3CCN(Cc4ccccc4)CC3)cc21
/beegfs/home/m.romanov/thesis/benchmarking/datasets/USPTO/US07317025-20080108-C00036.png,CC(=O)N1CCc2ccc(N(C(=O)/C=C/c3ccc(C(F)(F)F)cc3)C3CCN(Cc4ccccc4)CC3)cc21
/beegfs/home/m.romanov/thesis/benchmarking/datasets/USPTO/US07317025-20080108-C00037.png,CC(=O)N1CCc2ccc(N(C(=O)/C=C/c3cccc(C(F)(F)F)c3)C3CCN(Cc4ccccc4)CC3)cc21
/beegfs/home/m.romanov/thesis/benchmarking/datasets/USPTO/US07317025-20080108-C00038.png,CC(=O)N1CCc2ccc(N(C(=O)/C=C/c3ccccc3C(F)(F)F)C3CCN(Cc4ccccc4)CC3)cc21
/beegfs/home/m.romanov/thesis/benchmarking/datasets/USPTO/US07317025-20080108-C00039.png,CC(=O)N1CCc2ccc(N(C(=O)/C=C/c3cccc(Br)c3)C3CCN(Cc4ccccc4)CC3)cc21
/beegfs/home/m.romanov/thesis/benchmarking/datasets/USPTO/US07317025-20080108-C00040.png,CC(=O)N1CCc2ccc(N(C(=O)/C=C/c3cccc(F)c3)C3CCN(Cc4ccccc4)CC3)cc21
/beegfs/home/m.romanov/thesis/benchmarking/datasets/USPTO/US07317025-20080108-C00041.png,CC(=O)N1CCc2ccc(N(C(=O)/C=C/c3cccc(Cl)c3)C3CCN(Cc4ccccc4)CC3)cc21
/beegfs/home/m.romanov/thesis/benchmarking/datasets/USPTO/US07317025-20080108-C00042.png,CC(=O)N1CCc2ccc(N(C(=O)/C=C/c3cccc(C)c3)C3CCN(Cc4ccccc4)CC3)cc21
/beegfs/home/m.romanov/thesis/benchmarking/datasets/USPTO/US07317025-20080108-C00043.png,CC(=O)N1CCc2ccc(N(C(=O)/C=C/c3cccc([N+](=O)[O-])c3)C3CCN(Cc4ccccc4)CC3)cc21
/beegfs/home/m.romanov/thesis/benchmarking/datasets/USPTO/US07317025-20080108-C00044.png,CC(=O)N1CCc2ccc(N(C(=O)/C=C/c3cccc(C#N)c3)C3CCN(Cc4ccccc4)CC3)cc21
/beegfs/home/m.romanov/thesis/benchmarking/datasets/USPTO/US07317025-20080108-C00045.png,CC(=O)N1CCc2ccc(N(C(=O)/C=C/c3cccc(S(=O)C(F)(F)F)c3)C3CCN(Cc4ccccc4)CC3)cc21
/beegfs/home/m.romanov/thesis/benchmarking/datasets/USPTO/US07317025-20080108-C00046.png,CC(=O)N1CCc2ccc(N(C(=O)/C=C/c3cc(F)cc(F)c3)C3CCN(Cc4ccccc4)CC3)cc21
/beegfs/home/m.romanov/thesis/benchmarking/datasets/USPTO/US07317025-20080108-C00047.png,CC(=O)N1CCc2ccc(N(C(=O)/C=C/c3cc(C)cc(C)c3)C3CCN(Cc4ccccc4)CC3)cc21
/beegfs/home/m.romanov/thesis/benchmarking/datasets/USPTO/US07317025-20080108-C00048.png,CC(=O)N1CCc2ccc(N(C(=O)/C=C/c3cc(Cl)cc(Cl)c3)C3CCN(Cc4ccccc4)CC3)cc21
/beegfs/home/m.romanov/thesis/benchmarking/datasets/USPTO/US07317025-20080108-C00049.png,CC(=O)N1CCc2ccc(N(C(=O)/C=C/c3ccccc3)C3CCN(C(=O)c4ccccc4)CC3)cc21
/beegfs/home/m.romanov/thesis/benchmarking/datasets/USPTO/US07317025-20080108-C00051.png,CC(=O)N1CCc2ccc(N(C(=O)/C=C/c3ccccc3)C3CCN(CCCc4ccccc4)CC3)cc21
/beegfs/home/m.romanov/thesis/benchmarking/datasets/USPTO/US07317025-20080108-C00054.png,CC(=O)N1CCc2ccc(N(C(=O)/C=C/c3ccccc3)C3CCN(CCC4CCCC4)CC3)cc21
/beegfs/home/m.romanov/thesis/benchmarking/datasets/USPTO/US07317025-20080108-C00055.png,CC(=O)N1CCc2ccc(N(C(=O)/C=C/c3ccccc3)C3CCCN(Cc4ccccc4)C3)cc21
/beegfs/home/m.romanov/thesis/benchmarking/datasets/USPTO/US07317025-20080108-C00056.png,CC(=O)N1CCc2ccc(N(C(=O)/C=C/c3ccccc3)C3CCN(Cc4ccccc4)C3)cc21
/beegfs/home/m.romanov/thesis/benchmarking/datasets/USPTO/US07317025-20080108-C00057.png,CC(=O)N1CCc2ccc(N(CCCNCc3ccccc3)C(=O)/C=C/c3ccccc3)cc21
/beegfs/home/m.romanov/thesis/benchmarking/datasets/USPTO/US07317025-20080108-C00058.png,C=CCN(CCCN(C(=O)/C=C/c1ccccc1)c1ccc2c(c1)N(C(C)=O)CC2)Cc1ccccc1
/beegfs/home/m.romanov/thesis/benchmarking/datasets/USPTO/US07317025-20080108-C00059.png,CC(=O)N1CCc2ccc(N(C(=O)/C=C/c3ccc(Cl)cc3)C3CCN(CCC4CCCCC4)CC3)cc21
/beegfs/home/m.romanov/thesis/benchmarking/datasets/USPTO/US07317025-20080108-C00060.png,CC(=O)N1CCc2ccc(N(C(=O)/C=C/c3cccc([N+](=O)[O-])c3)C3CCN(CCC4CCCCC4)CC3)cc21
/beegfs/home/m.romanov/thesis/benchmarking/datasets/USPTO/US07317025-20080108-C00061.png,CC(=O)N1CCc2ccc(N(C(=O)/C=C/c3ccc(Cl)cc3)C3CCN(CCC4CCCC4)CC3)cc21
/beegfs/home/m.romanov/thesis/benchmarking/datasets/USPTO/US07317025-20080108-C00062.png,CC(=O)N1CCc2ccc(N(C(=O)/C=C/c3cccc([N+](=O)[O-])c3)C3CCN(CCC4CCCC4)CC3)cc21
/beegfs/home/m.romanov/thesis/benchmarking/datasets/USPTO/US07317025-20080108-C00063.png,CC(=O)N1CCc2ccc(N(C(=O)/C=C/c3cccc(C#N)c3)C3CCN(CCC4CCCC4)CC3)cc21
/beegfs/home/m.romanov/thesis/benchmarking/datasets/USPTO/US07317025-20080108-C00064.png,CC(=O)N1CCc2ccc(N(C(=O)/C=C/c3ccc(Cl)cc3)C3CCN(Cc4ccccc4)CC3)cc21
/beegfs/home/m.romanov/thesis/benchmarking/datasets/USPTO/US07317025-20080108-C00065.png,COC(=O)C(c1ccccc1)N1CCC(N(C(=O)/C=C/c2ccccc2)c2ccc3c(c2)N(C(C)=O)CC3)CC1
/beegfs/home/m.romanov/thesis/benchmarking/datasets/USPTO/US07317025-20080108-C00066.png,CCNC(=O)C(c1ccccc1)N1CCC(N(C(=O)/C=C/c2ccccc2)c2ccc3c(c2)N(C(C)=O)CC3)CC1
/beegfs/home/m.romanov/thesis/benchmarking/datasets/USPTO/US07317026-20080108-C00013.png,CCOCC(O)COCC
/beegfs/home/m.romanov/thesis/benchmarking/datasets/USPTO/US07317026-20080108-C00035.png,C.CCCC(=O)[C@H](CS)NOC(=O)CCN1CCC(C(c2ccccc2)c2ccccc2)CC1
/beegfs/home/m.romanov/thesis/benchmarking/datasets/USPTO/US07317026-20080108-C00037.png,C.CCOC(=O)c1ccc(C(CCN(C)C)c2ccccn2)cc1
/beegfs/home/m.romanov/thesis/benchmarking/datasets/USPTO/US07317026-20080108-C00040.png,CCCC(=O)[C@H](CS)NOC(=O)c1ccc(C(CCN(C)C)c2ccccn2)cc1
/beegfs/home/m.romanov/thesis/benchmarking/datasets/USPTO/US07317026-20080108-C00041.png,Cc1ccc(/C(=C\CN2CCCC2)c2cccc(/C=C/C(=O)O)n2)cc1
/beegfs/home/m.romanov/thesis/benchmarking/datasets/USPTO/US07317026-20080108-C00042.png,C.CCOC(=O)/C=C\c1cccc(/C(=C/CN2CCCC2)c2ccc(C)cc2)n1
/beegfs/home/m.romanov/thesis/benchmarking/datasets/USPTO/US07317026-20080108-C00044.png,C.CCOC(=O)CCN1CCC(C2c3ccccc3COc3ccccc32)CC1
/beegfs/home/m.romanov/thesis/benchmarking/datasets/USPTO/US07317026-20080108-C00047.png,C.CCCC(=O)[C@H](CS)NOC(=O)CCN1CCC(C2c3ccccc3COc3ccccc32)CC1
/beegfs/home/m.romanov/thesis/benchmarking/datasets/USPTO/US07317026-20080108-C00048.png,Cc1ccc(/C(=C\CN2CCCC2)c2cccc(CCC(=O)O)n2)cc1
/beegfs/home/m.romanov/thesis/benchmarking/datasets/USPTO/US07317026-20080108-C00049.png,C.CCOC(=O)CCc1cccc(/C(=C/CN2CCCC2)c2ccc(C)cc2)n1
/beegfs/home/m.romanov/thesis/benchmarking/datasets/USPTO/US07317026-20080108-C00060.png,C.CCOC(=O)CN1CCC(C(c2ccccc2)c2ccccc2)CC1
/beegfs/home/m.romanov/thesis/benchmarking/datasets/USPTO/US07317026-20080108-C00065.png,C.CCOC(=O)/C=C\c1cccc(/C(=C\CN2CCCC2)c2ccc(C)cc2)n1
/beegfs/home/m.romanov/thesis/benchmarking/datasets/USPTO/US07317026-20080108-C00068.png,Cc1ccc(/C(=C\CN2CCCC2)c2cccc(C(=O)O)n2)cc1
/beegfs/home/m.romanov/thesis/benchmarking/datasets/USPTO/US07317026-20080108-C00069.png,C.CCOC(=O)c1cccc(/C(=C/CN2CCCC2)c2ccc(C)cc2)n1
/beegfs/home/m.romanov/thesis/benchmarking/datasets/USPTO/US07317026-20080108-C00083.png,C.CCCC(=O)[C@H](CS)NOC(=O)CN1CCC(C(c2ccccc2)c2ccccc2)CC1
/beegfs/home/m.romanov/thesis/benchmarking/datasets/USPTO/US07317026-20080108-C00085.png,C.CCOC(=O)CCN1CCC(C(c2ccccc2)c2ccccc2)CC1
/beegfs/home/m.romanov/thesis/benchmarking/datasets/USPTO/US07317026-20080108-C00087.png,CC(C)(CN1CCC(=C2c3ccccc3COc3ccccc32)CC1)C(=O)O
/beegfs/home/m.romanov/thesis/benchmarking/datasets/USPTO/US07317026-20080108-C00088.png,CC(C)(CC(=O)O)CN1CCC(=C2c3ccccc3COc3ccccc32)CC1
/beegfs/home/m.romanov/thesis/benchmarking/datasets/USPTO/US07317026-20080108-C00091.png,CC(C)(CN1CCC(=C2c3ccc(C(F)(F)F)cc3COc3ccccc32)CC1)C(=O)O
/beegfs/home/m.romanov/thesis/benchmarking/datasets/USPTO/US07317026-20080108-C00092.png,CC(C)(CN1CCC(=C2c3ccccc3COc3ccc(CCO)cc32)CC1)C(=O)O
/beegfs/home/m.romanov/thesis/benchmarking/datasets/USPTO/US07317026-20080108-C00093.png,C.CCOC(=O)CN1CCC(=C2c3ccccc3COc3ccccc32)CC1
/beegfs/home/m.romanov/thesis/benchmarking/datasets/USPTO/US07317026-20080108-C00100.png,CC(C)(CCN1CCC(=C2c3ccc(C(F)(F)F)cc3COc3ccccc32)CC1)C(=O)O
/beegfs/home/m.romanov/thesis/benchmarking/datasets/USPTO/US07317026-20080108-C00101.png,Cc1ccc2c(c1)COc1ccccc1C2=C1CCN(CC(C)(C)C(=O)O)CC1
/beegfs/home/m.romanov/thesis/benchmarking/datasets/USPTO/US07317026-20080108-C00102.png,O=C(O)CCN1CCC(=C2c3ccccc3COc3ccc(CCO)cc32)CC1
/beegfs/home/m.romanov/thesis/benchmarking/datasets/USPTO/US07317026-20080108-C00105.png,O=C(O)CCN1CCC(=C2c3ccccc3COc3ccccc32)CC1
/beegfs/home/m.romanov/thesis/benchmarking/datasets/USPTO/US07317026-20080108-C00106.png,CC(C)(CC(=O)O)N1CCC(=C2c3ccccc3COc3ccccc32)CC1
/beegfs/home/m.romanov/thesis/benchmarking/datasets/USPTO/US07317026-20080108-C00107.png,CC(C)(CCC(=O)O)N1CCC(=C2c3ccccc3COc3ccccc32)CC1
/beegfs/home/m.romanov/thesis/benchmarking/datasets/USPTO/US07317026-20080108-C00110.png,CC(C)(CN1CCC(=C2c3ccc(Cl)cc3COc3ccccc32)CC1)C(=O)O
/beegfs/home/m.romanov/thesis/benchmarking/datasets/USPTO/US07317026-20080108-C00112.png,CC(C)(CN1CCC(=C2c3ccccc3COc3ccc(CO)cc32)CC1)C(=O)O
/beegfs/home/m.romanov/thesis/benchmarking/datasets/USPTO/US07317026-20080108-C00113.png,O=C(O)CCN1CCC(=C2c3ccccc3COc3ccc(CO)cc32)CC1
/beegfs/home/m.romanov/thesis/benchmarking/datasets/USPTO/US07317026-20080108-C00116.png,O=C(O)CN1CCC(=C2c3ccccc3COc3ccccc32)CC1
/beegfs/home/m.romanov/thesis/benchmarking/datasets/USPTO/US07317026-20080108-C00117.png,C.O=C(CCN1CCC(OC(c2ccccc2)c2ccccc2)CC1)OC1CCOCC1
/beegfs/home/m.romanov/thesis/benchmarking/datasets/USPTO/US07317026-20080108-C00120.png,Cl.O=C(O)CN1CCC(OC(c2ccccc2)c2ccccc2)CC1
/beegfs/home/m.romanov/thesis/benchmarking/datasets/USPTO/US07317026-20080108-C00123.png,CC(C)(CN1CCC(=C2c3ccc(Cl)cc3COc3ccc(CCO)cc32)CC1)C(=O)O
/beegfs/home/m.romanov/thesis/benchmarking/datasets/USPTO/US07317026-20080108-C00129.png,C.O=C(CN1CCC(OC(c2ccccc2)c2ccccc2)CC1)OC1CCOCC1
/beegfs/home/m.romanov/thesis/benchmarking/datasets/USPTO/US07317026-20080108-C00130.png,C.O=C(CN1CCC(=C(c2ccccc2)c2ccccc2)CC1)NC1CCCC1
/beegfs/home/m.romanov/thesis/benchmarking/datasets/USPTO/US07317026-20080108-C00135.png,O=C(O)CCCN1CCC(=C2c3ccccc3COc3ccccc32)CC1
/beegfs/home/m.romanov/thesis/benchmarking/datasets/USPTO/US07317026-20080108-C00139.png,C.CC(C)NC(=O)CN1CCC(=C(c2ccccc2)c2ccccc2)CC1
/beegfs/home/m.romanov/thesis/benchmarking/datasets/USPTO/US07317028-20080108-C00050.png,Cc1cccc([N+](=O)[O-])c1
/beegfs/home/m.romanov/thesis/benchmarking/datasets/USPTO/US07317028-20080108-C00088.png,CNC(=O)c1ccc(C)cc1
/beegfs/home/m.romanov/thesis/benchmarking/datasets/USPTO/US07317028-20080108-C00090.png,CC(=O)Nc1ccc(C)cc1
/beegfs/home/m.romanov/thesis/benchmarking/datasets/USPTO/US07317028-20080108-C00092.png,CC(=O)c1ccc(C)cc1
/beegfs/home/m.romanov/thesis/benchmarking/datasets/USPTO/US07317028-20080108-C00101.png,Cc1ccc(OC(F)(F)F)cc1
/beegfs/home/m.romanov/thesis/benchmarking/datasets/USPTO/US07317028-20080108-C00105.png,COC(=O)c1ccc(C)cc1
/beegfs/home/m.romanov/thesis/benchmarking/datasets/USPTO/US07317028-20080108-C00107.png,Cc1ccc(-n2ccnc2)cc1
/beegfs/home/m.romanov/thesis/benchmarking/datasets/USPTO/US07317028-20080108-C00137.png,CCN(C)C(=O)c1ccccc1
/beegfs/home/m.romanov/thesis/benchmarking/datasets/USPTO/US07317028-20080108-C00205.png,CC(=O)N(C)CCCc1cccnc1
/beegfs/home/m.romanov/thesis/benchmarking/datasets/USPTO/US07317028-20080108-C00245.png,CCN(CC)C(=O)c1cccnc1
/beegfs/home/m.romanov/thesis/benchmarking/datasets/USPTO/US07317028-20080108-C00248.png,CCN(CC)C(=O)C(F)(F)F
/beegfs/home/m.romanov/thesis/benchmarking/datasets/USPTO/US07317028-20080108-C00277.png,COC(=O)N(C)CCCc1cccnc1
/beegfs/home/m.romanov/thesis/benchmarking/datasets/USPTO/US07317028-20080108-C00379.png,CCOc1cncc(C)c1
/beegfs/home/m.romanov/thesis/benchmarking/datasets/USPTO/US07317028-20080108-C00470.png,Cc1cc(-c2ccccc2)no1
/beegfs/home/m.romanov/thesis/benchmarking/datasets/USPTO/US07317028-20080108-C00516.png,Cc1cc2ncccc2o1
/beegfs/home/m.romanov/thesis/benchmarking/datasets/USPTO/US07317028-20080108-C00522.png,Cc1cc2ccncc2s1
/beegfs/home/m.romanov/thesis/benchmarking/datasets/USPTO/US07317028-20080108-C00524.png,Cc1cc2ccncc2[nH]1
/beegfs/home/m.romanov/thesis/benchmarking/datasets/USPTO/US07317028-20080108-C00526.png,Cc1cc2ccc(N)cc2o1
/beegfs/home/m.romanov/thesis/benchmarking/datasets/USPTO/US07317028-20080108-C00528.png,Cc1cc2ccc(N)cc2s1
/beegfs/home/m.romanov/thesis/benchmarking/datasets/USPTO/US07317028-20080108-C00530.png,Cc1cc2ccc(N)cc2[nH]1
/beegfs/home/m.romanov/thesis/benchmarking/datasets/USPTO/US07317028-20080108-C00532.png,Nc1ccccc1NC(=O)c1ccc(N2CC(COc3ccccc3)OC2=O)cc1
/beegfs/home/m.romanov/thesis/benchmarking/datasets/USPTO/US07317028-20080108-C00533.png,Nc1ccc(OCC2CN(c3ccc(C(=O)Nc4ccccc4N)cc3)C(=O)O2)cc1
/beegfs/home/m.romanov/thesis/benchmarking/datasets/USPTO/US07317028-20080108-C00534.png,Nc1ccccc1NC(=O)c1ccc(N2CC(COCc3ccccc3)OC2=O)cc1
/beegfs/home/m.romanov/thesis/benchmarking/datasets/USPTO/US07317028-20080108-C00535.png,Nc1ccccc1NC(=O)c1ccc(N2CC(COc3cccnc3)OC2=O)cc1
/beegfs/home/m.romanov/thesis/benchmarking/datasets/USPTO/US07317028-20080108-C00536.png,Nc1ccccc1NC(=O)c1ccc(N2CC(COCc3cccnc3)OC2=O)cc1
/beegfs/home/m.romanov/thesis/benchmarking/datasets/USPTO/US07317028-20080108-C00537.png,Nc1ccccc1NC(=O)c1ccc(N2CC(COc3cccc([N+](=O)[O-])c3)OC2=O)cc1
/beegfs/home/m.romanov/thesis/benchmarking/datasets/USPTO/US07317028-20080108-C00538.png,Nc1ccccc1NC(=O)c1ccc(N2CC(COCc3ccccn3)OC2=O)cc1
/beegfs/home/m.romanov/thesis/benchmarking/datasets/USPTO/US07317028-20080108-C00539.png,Nc1ccccc1NC(=O)c1ccc(N2CC(COc3ccccn3)OC2=O)cc1
/beegfs/home/m.romanov/thesis/benchmarking/datasets/USPTO/US07317028-20080108-C00540.png,Nc1ccccc1NC(=O)c1ccc(CNc2c(NCc3cccnc3)c(=O)c2=O)cc1
/beegfs/home/m.romanov/thesis/benchmarking/datasets/USPTO/US07317028-20080108-C00541.png,Nc1ccccc1NC(=O)c1ccc(CN2CCN(Cc3cccnc3)C2=O)cc1
/beegfs/home/m.romanov/thesis/benchmarking/datasets/USPTO/US07317028-20080108-C00542.png,Nc1ccccc1NC(=O)c1ccc(CN2CCCN(Cc3cccnc3)C2=O)cc1
/beegfs/home/m.romanov/thesis/benchmarking/datasets/USPTO/US07317028-20080108-C00543.png,Nc1ccccc1NC(=O)c1ccc(N2CCN(COCc3cccnc3)C2=O)cc1
/beegfs/home/m.romanov/thesis/benchmarking/datasets/USPTO/US07317028-20080108-C00544.png,Nc1ccccc1NC(=O)c1ccc(CN2CCN(Cc3cccnc3)C2=S)cc1
/beegfs/home/m.romanov/thesis/benchmarking/datasets/USPTO/US07317028-20080108-C00545.png,Nc1ccccc1NC(=O)c1ccc(N2CCC(COc3cccnc3)C2=O)cc1
/beegfs/home/m.romanov/thesis/benchmarking/datasets/USPTO/US07317028-20080108-C00546.png,Nc1nc(CC2CCN(c3ccc(C(=O)Nc4ccccc4N)cc3)C2=O)cs1
/beegfs/home/m.romanov/thesis/benchmarking/datasets/USPTO/US07317028-20080108-C00547.png,Nc1ccccc1NC(=O)c1ccc(NC(=O)N2CCC(Oc3ccccn3)C2)cc1
/beegfs/home/m.romanov/thesis/benchmarking/datasets/USPTO/US07317028-20080108-C00548.png,Nc1ccccc1NC(=O)c1ccc(NC(=O)N2CCC(Oc3cccnc3)C2)cc1
/beegfs/home/m.romanov/thesis/benchmarking/datasets/USPTO/US07317028-20080108-C00549.png,Nc1ccccc1NC(=O)c1ccc(N2CCC(COCc3cccnc3)C2=O)cc1
/beegfs/home/m.romanov/thesis/benchmarking/datasets/USPTO/US07317028-20080108-C00550.png,COc1cncc(COCC2CCN(c3ccc(C(=O)Nc4ccccc4N)cc3)C2=O)c1
/beegfs/home/m.romanov/thesis/benchmarking/datasets/USPTO/US07317028-20080108-C00551.png,Nc1ccccc1NC(=O)c1ccc(C(=O)N2CCC(Oc3cccnc3)C2)cc1
/beegfs/home/m.romanov/thesis/benchmarking/datasets/USPTO/US07317028-20080108-C00552.png,Nc1ccccc1NC(=O)c1cc2cc(NC(=O)CCc3cccnc3)ccc2o1
/beegfs/home/m.romanov/thesis/benchmarking/datasets/USPTO/US07317028-20080108-C00553.png,Nc1ccccc1NC(=O)c1cc2cc(NC(=O)OCc3cccnc3)ccc2o1
/beegfs/home/m.romanov/thesis/benchmarking/datasets/USPTO/US07317028-20080108-C00554.png,Nc1ccccc1NC(=O)c1cc2cc(NC(=O)COc3cccnc3)ccc2o1
/beegfs/home/m.romanov/thesis/benchmarking/datasets/USPTO/US07317028-20080108-C00555.png,Nc1ccccc1NC(=O)c1cc2cc(NC(=O)CCCc3ccccn3)ccc2o1
/beegfs/home/m.romanov/thesis/benchmarking/datasets/USPTO/US07317028-20080108-C00556.png,Nc1ccccc1NC(=O)c1cc2cc(NC(=O)CCOc3cccnc3)ccc2o1
/beegfs/home/m.romanov/thesis/benchmarking/datasets/USPTO/US07317028-20080108-C00557.png,Nc1ccccc1NC(=O)c1cc2cc(NC(=O)CCCc3cccnc3)ccc2o1
/beegfs/home/m.romanov/thesis/benchmarking/datasets/USPTO/US07317028-20080108-C00558.png,Nc1ccccc1NC(=O)c1cc2cc(NC(=O)NCCc3cccnc3)ccc2o1
/beegfs/home/m.romanov/thesis/benchmarking/datasets/USPTO/US07317028-20080108-C00559.png,Nc1ccccc1NC(=O)c1cc2cc(NC(=O)OCc3cccnc3)ccc2s1
/beegfs/home/m.romanov/thesis/benchmarking/datasets/USPTO/US07317028-20080108-C00560.png,Nc1ccccc1NC(=O)c1cc2cc(NC(=O)COc3cccnc3)ccc2s1
/beegfs/home/m.romanov/thesis/benchmarking/datasets/USPTO/US07317028-20080108-C00561.png,Nc1ccccc1NC(=O)c1cc2cc(NC(=O)CCCc3cccnc3)ccc2s1
/beegfs/home/m.romanov/thesis/benchmarking/datasets/USPTO/US07317028-20080108-C00564.png,Nc1ccccc1NC(=O)c1cc(NC(=O)CCCOc2cccnc2)cs1
/beegfs/home/m.romanov/thesis/benchmarking/datasets/USPTO/US07317028-20080108-C00565.png,Nc1ccccc1NC(=O)c1cc(NC(=O)OCCOc2cccnc2)cs1
/beegfs/home/m.romanov/thesis/benchmarking/datasets/USPTO/US07317028-20080108-C00566.png,Nc1ccccc1NC(=O)c1cc(NC(=O)COCc2cccnc2)cs1
/beegfs/home/m.romanov/thesis/benchmarking/datasets/USPTO/US07317028-20080108-C00567.png,Nc1ccccc1NC(=O)c1cc(NC(=O)CCOc2cccnc2)cs1
/beegfs/home/m.romanov/thesis/benchmarking/datasets/USPTO/US07317028-20080108-C00568.png,CC(OCc1cccnc1)C(=O)Nc1ccc(C(=O)Nc2ccccc2N)cc1
/beegfs/home/m.romanov/thesis/benchmarking/datasets/USPTO/US07317028-20080108-C00569.png,CC(Oc1cccnc1)C(=O)Nc1ccc(C(=O)Nc2ccccc2N)cc1
/beegfs/home/m.romanov/thesis/benchmarking/datasets/USPTO/US07317028-20080108-C00570.png,CC(Oc1cccnc1)C(=O)NCc1ccc(C(=O)Nc2ccccc2N)cc1
/beegfs/home/m.romanov/thesis/benchmarking/datasets/USPTO/US07317028-20080108-C00571.png,CC(OC(=O)NCc1ccc(C(=O)Nc2ccccc2N)cc1)c1cccnc1
/beegfs/home/m.romanov/thesis/benchmarking/datasets/USPTO/US07317028-20080108-C00572.png,CC(NC(=O)OCc1cccnc1)c1ccc(C(=O)Nc2ccccc2N)cc1
/beegfs/home/m.romanov/thesis/benchmarking/datasets/USPTO/US07317028-20080108-C00573.png,CC(NC(=O)COc1cccnc1)c1ccc(C(=O)Nc2ccccc2N)cc1
/beegfs/home/m.romanov/thesis/benchmarking/datasets/USPTO/US07317028-20080108-C00574.png,CC(OCC(=O)Nc1ccc(C(=O)Nc2ccccc2N)cc1)c1cccnc1
/beegfs/home/m.romanov/thesis/benchmarking/datasets/USPTO/US07317028-20080108-C00575.png,CC(NC(=O)NCc1cccnc1)c1ccc(C(=O)Nc2ccccc2N)cc1
/beegfs/home/m.romanov/thesis/benchmarking/datasets/USPTO/US07317028-20080108-C00576.png,CC(NC(=O)NCc1ccc(C(=O)Nc2ccccc2N)cc1)c1cccnc1
/beegfs/home/m.romanov/thesis/benchmarking/datasets/USPTO/US07317028-20080108-C00577.png,CC(NC(=O)NCc1ccc(C(=O)Nc2cc(F)ccc2N)cc1)c1cccnc1
/beegfs/home/m.romanov/thesis/benchmarking/datasets/USPTO/US07317028-20080108-C00578.png,CC(Nc1cccnc1)C(=O)NCc1ccc(C(=O)Nc2ccccc2N)cc1
/beegfs/home/m.romanov/thesis/benchmarking/datasets/USPTO/US07317028-20080108-C00579.png,CC(NC(=O)CNc1cccnc1)c1ccc(C(=O)Nc2ccccc2N)cc1
/beegfs/home/m.romanov/thesis/benchmarking/datasets/USPTO/US07317028-20080108-C00580.png,CC(NCc1cccnc1)C(=O)Nc1ccc(C(=O)Nc2ccccc2N)cc1
/beegfs/home/m.romanov/thesis/benchmarking/datasets/USPTO/US07317028-20080108-C00581.png,CC(NCC(=O)Nc1ccc(C(=O)Nc2ccccc2N)cc1)c1cccnc1
/beegfs/home/m.romanov/thesis/benchmarking/datasets/USPTO/US07317030-20080108-C00019.png,O=C(Nc1ccc(C2=N[C@H](Cc3ccccc3)CO2)cc1)Nc1ccc(S(=O)(=O)N2CCCCC2)cc1
/beegfs/home/m.romanov/thesis/benchmarking/datasets/USPTO/US07317031-20080108-C00028.png,BBB(B)B.C.CC(O)c1ccc(F)c(C(=O)n2nc(Nc3ccc(S(N)(=O)=O)cc3)nc2N)c1F
/beegfs/home/m.romanov/thesis/benchmarking/datasets/USPTO/US07317031-20080108-C00034.png,CCNS(=O)(=O)c1ccc(Nc2nc(N)n(C(=O)c3c(F)cccc3F)n2)cc1
/beegfs/home/m.romanov/thesis/benchmarking/datasets/USPTO/US07317032-20080108-C00012.png,COc1ccc(C(=O)CCCN=[N+]=[N-])cc1
/beegfs/home/m.romanov/thesis/benchmarking/datasets/USPTO/US07317032-20080108-C00013.png,COc1ccc(C(=O)C(Br)CCN=[N+]=[N-])cc1
/beegfs/home/m.romanov/thesis/benchmarking/datasets/USPTO/US07317032-20080108-C00014.png,COc1ccc(-c2[nH]c(-c3cccs3)nc2CCN=[N+]=[N-])cc1
/beegfs/home/m.romanov/thesis/benchmarking/datasets/USPTO/US07317032-20080108-C00015.png,COc1ccc(-c2[nH]c(-c3cccs3)nc2CCN)cc1
/beegfs/home/m.romanov/thesis/benchmarking/datasets/USPTO/US07317032-20080108-C00016.png,CCCCN1CCN(S(=O)(=O)NCCc2nc(-c3cccs3)[nH]c2-c2ccc(OC)cc2)CC1
/beegfs/home/m.romanov/thesis/benchmarking/datasets/USPTO/US07317032-20080108-C00017.png,CCCCCN1CCC(N(C)C(=O)OC(C)(C)C)C1
/beegfs/home/m.romanov/thesis/benchmarking/datasets/USPTO/US07317032-20080108-C00018.png,CCCCCN1CCC(NC)C1
/beegfs/home/m.romanov/thesis/benchmarking/datasets/USPTO/US07317032-20080108-C00019.png,CCCCCN1CCC(N(C)S(=O)(=O)NCCc2nc(-c3cccs3)[nH]c2-c2ccc(OC)cc2)C1
/beegfs/home/m.romanov/thesis/benchmarking/datasets/USPTO/US07317032-20080108-C00020.png,CC(=O)N[C@@H]1CC(=O)N(Cc2ccc(F)cc2)C1=O
/beegfs/home/m.romanov/thesis/benchmarking/datasets/USPTO/US07317032-20080108-C00021.png,CCN[C@@H]1CCN(Cc2ccc(F)cc2)C1
/beegfs/home/m.romanov/thesis/benchmarking/datasets/USPTO/US07317032-20080108-C00022.png,CCN([C@@H]1CCN(Cc2ccc(F)cc2)C1)S(=O)(=O)NCCc1nc(-c2cccs2)[nH]c1-c1ccc(OC)cc1
/beegfs/home/m.romanov/thesis/benchmarking/datasets/USPTO/US07317032-20080108-C00023.png,CCCCCN1CCN(S(=O)(=O)NCCc2nc(-c3cccs3)[nH]c2-c2ccc(OC)cc2)CC1
/beegfs/home/m.romanov/thesis/benchmarking/datasets/USPTO/US07317032-20080108-C00024.png,COc1ccc(-c2[nH]c(-c3cccs3)nc2CCNS(=O)(=O)N2CCN(c3ccccc3Cl)CC2)cc1
/beegfs/home/m.romanov/thesis/benchmarking/datasets/USPTO/US07317032-20080108-C00025.png,COc1ccc(-c2[nH]c(-c3cccs3)nc2CCNS(=O)(=O)NC2CCN(Cc3ccccc3)C2)cc1
/beegfs/home/m.romanov/thesis/benchmarking/datasets/USPTO/US07317032-20080108-C00026.png,COc1ccc(-c2[nH]c(-c3cccs3)nc2CCNS(=O)(=O)N2CCN(c3ccc(Cl)c(Cl)c3)CC2)cc1
/beegfs/home/m.romanov/thesis/benchmarking/datasets/USPTO/US07317032-20080108-C00027.png,COc1ccc(-c2[nH]c(-c3cccs3)nc2CCNS(=O)(=O)N(C)[C@@H]2CCN(Cc3ccccc3)C2)cc1
/beegfs/home/m.romanov/thesis/benchmarking/datasets/USPTO/US07317032-20080108-C00028.png,CN([C@@H]1CCN(Cc2ccccc2)C1)S(=O)(=O)NCCc1nc(-c2cccs2)[nH]c1-c1ccc(C(F)(F)F)cc1
/beegfs/home/m.romanov/thesis/benchmarking/datasets/USPTO/US07317032-20080108-C00029.png,CCCCCN1CCN(S(=O)(=O)NCCc2nc(-c3cccs3)[nH]c2-c2ccc(C(F)(F)F)cc2)CC1
/beegfs/home/m.romanov/thesis/benchmarking/datasets/USPTO/US07317032-20080108-C00030.png,CCCCN1CCN(S(=O)(=O)NCCc2nc(-c3cccs3)[nH]c2-c2ccc(C(F)(F)F)cc2)CC1
/beegfs/home/m.romanov/thesis/benchmarking/datasets/USPTO/US07317032-20080108-C00031.png,CCCN1CCC(N(C)S(=O)(=O)NCCc2nc(-c3ccccc3)[nH]c2-c2ccc(OC)cc2)C1
/beegfs/home/m.romanov/thesis/benchmarking/datasets/USPTO/US07317032-20080108-C00032.png,CCCCCN1CCC(N(C)S(=O)(=O)NCCc2nc(-c3ccccc3)[nH]c2-c2ccc(OC)cc2)C1
/beegfs/home/m.romanov/thesis/benchmarking/datasets/USPTO/US07317032-20080108-C00033.png,CC#CCN1CCC(N(C)S(=O)(=O)NCCc2nc(-c3ccccc3)[nH]c2-c2ccc(OC)cc2)C1
/beegfs/home/m.romanov/thesis/benchmarking/datasets/USPTO/US07317032-20080108-C00034.png,COc1ccc(-c2[nH]c(-c3ccccc3)nc2CCNS(=O)(=O)N(C)C2CCN(CCCC(F)(F)F)C2)cc1
/beegfs/home/m.romanov/thesis/benchmarking/datasets/USPTO/US07317032-20080108-C00035.png,COc1ccc(-c2[nH]c(-c3ccsc3)nc2CCNS(=O)(=O)N(C)[C@@H]2CCN(Cc3ccccc3)C2)cc1
/beegfs/home/m.romanov/thesis/benchmarking/datasets/USPTO/US07317032-20080108-C00036.png,COc1ccc(-c2[nH]c(-c3ccsc3)nc2CCNS(=O)(=O)N(C)C2CCN(Cc3ccc(Cl)c(Cl)c3)C2)cc1
/beegfs/home/m.romanov/thesis/benchmarking/datasets/USPTO/US07317032-20080108-C00037.png,COc1ccc(-c2[nH]c(-c3cccs3)nc2CCNS(=O)(=O)N(C)C2CCN(Cc3ccc(Cl)c(Cl)c3)C2)cc1
/beegfs/home/m.romanov/thesis/benchmarking/datasets/USPTO/US07317032-20080108-C00038.png,COc1ccc(-c2[nH]c(-c3cccs3)nc2CCNS(=O)(=O)N(C)[C@@H]2CCN(Cc3ccc(Cl)c(Cl)c3)C2)cc1
/beegfs/home/m.romanov/thesis/benchmarking/datasets/USPTO/US07317032-20080108-C00039.png,CCN([C@@H]1CCN(C(C)c2ccc(F)cc2)C1)S(=O)(=O)NCCc1nc(-c2cccs2)[nH]c1-c1ccc(OC)cc1
/beegfs/home/m.romanov/thesis/benchmarking/datasets/USPTO/US07317032-20080108-C00040.png,CCN([C@@H]1CCN(C(C)(C)c2ccccc2)C1)S(=O)(=O)NCCc1nc(-c2cccs2)[nH]c1-c1ccc(OC)cc1
/beegfs/home/m.romanov/thesis/benchmarking/datasets/USPTO/US07317032-20080108-C00041.png,CCN([C@@H]1CCN([C@@H](C)c2ccccc2)C1)S(=O)(=O)NCCc1nc(-c2cccs2)[nH]c1-c1ccc(OC)cc1
/beegfs/home/m.romanov/thesis/benchmarking/datasets/USPTO/US07317032-20080108-C00042.png,CCN([C@@H]1CCN(c2ccc(F)cc2)C1)S(=O)(=O)NCCc1nc(-c2cccs2)[nH]c1-c1ccc(OC)cc1
/beegfs/home/m.romanov/thesis/benchmarking/datasets/USPTO/US07317032-20080108-C00043.png,CCCCc1ccc(NS(=O)(=O)NCCc2nc(-c3ccccc3)[nH]c2-c2ccc(OC)cc2)cc1
/beegfs/home/m.romanov/thesis/benchmarking/datasets/USPTO/US07317032-20080108-C00044.png,COc1ccc(-c2[nH]c(-c3ccccc3)nc2CCNS(=O)(=O)NCc2ccccc2)cc1
/beegfs/home/m.romanov/thesis/benchmarking/datasets/USPTO/US07317032-20080108-C00045.png,CCCCNS(=O)(=O)NCCc1nc(-c2ccccc2)[nH]c1-c1ccc(OC)cc1
/beegfs/home/m.romanov/thesis/benchmarking/datasets/USPTO/US07317032-20080108-C00046.png,CCCCCCNS(=O)(=O)NCCc1nc(-c2ccccc2)[nH]c1-c1ccc(OC)cc1
/beegfs/home/m.romanov/thesis/benchmarking/datasets/USPTO/US07317032-20080108-C00047.png,COc1ccc(-c2[nH]c(-c3ccccc3)nc2CCNS(=O)(=O)NCCc2ccccc2)cc1
/beegfs/home/m.romanov/thesis/benchmarking/datasets/USPTO/US07317032-20080108-C00048.png,CCCc1ccc(NS(=O)(=O)NCCc2nc(-c3ccccc3)[nH]c2-c2ccc(OC)cc2)cc1
/beegfs/home/m.romanov/thesis/benchmarking/datasets/USPTO/US07317032-20080108-C00049.png,COc1ccc(CNS(=O)(=O)NCCc2nc(-c3ccccc3)[nH]c2-c2ccc(OC)cc2)cc1
/beegfs/home/m.romanov/thesis/benchmarking/datasets/USPTO/US07317032-20080108-C00050.png,COc1ccc(-c2[nH]c(-c3ccccc3)nc2CCNS(=O)(=O)NCc2ccc(C(F)(F)F)cc2)cc1
/beegfs/home/m.romanov/thesis/benchmarking/datasets/USPTO/US07317032-20080108-C00051.png,COc1ccc(-c2[nH]c(-c3ccccc3)nc2CCNS(=O)(=O)NCc2ccc(Cl)cc2)cc1
/beegfs/home/m.romanov/thesis/benchmarking/datasets/USPTO/US07317032-20080108-C00052.png,COc1ccc(-c2[nH]c(-c3ccccc3)nc2CCNS(=O)(=O)NCc2ccc(C)cc2)cc1
/beegfs/home/m.romanov/thesis/benchmarking/datasets/USPTO/US07317032-20080108-C00053.png,COc1ccc(-c2[nH]c(-c3ccccc3)nc2CCNS(=O)(=O)Nc2ccccc2)cc1
/beegfs/home/m.romanov/thesis/benchmarking/datasets/USPTO/US07317032-20080108-C00054.png,CCc1ccc(NS(=O)(=O)NCCc2nc(-c3ccccc3)[nH]c2-c2ccc(OC)cc2)cc1
/beegfs/home/m.romanov/thesis/benchmarking/datasets/USPTO/US07317032-20080108-C00055.png,CCCCCc1ccc(NS(=O)(=O)NCCc2nc(-c3ccccc3)[nH]c2-c2ccc(OC)cc2)cc1
/beegfs/home/m.romanov/thesis/benchmarking/datasets/USPTO/US07317032-20080108-C00056.png,CCCN1CCN(S(=O)(=O)NCCc2nc(-c3ccccc3)[nH]c2-c2ccc(OC)cc2)CC1
/beegfs/home/m.romanov/thesis/benchmarking/datasets/USPTO/US07317032-20080108-C00057.png,COc1ccc(-c2[nH]c(-c3ccccc3)nc2CCNS(=O)(=O)N[C@H](C)c2ccccc2)cc1
/beegfs/home/m.romanov/thesis/benchmarking/datasets/USPTO/US07317032-20080108-C00058.png,CCCCN1CCN(S(=O)(=O)NCCc2nc(-c3ccccc3)[nH]c2-c2ccc(OC)cc2)CC1
/beegfs/home/m.romanov/thesis/benchmarking/datasets/USPTO/US07317032-20080108-C00059.png,COc1ccc(-c2[nH]c(-c3ccccc3)nc2CCNS(=O)(=O)N2CCN(CCN3CCOCC3)CC2)cc1
/beegfs/home/m.romanov/thesis/benchmarking/datasets/USPTO/US07317032-20080108-C00060.png,COc1ccc(-c2[nH]c(-c3ccccc3)nc2CCNS(=O)(=O)N[C@H](C)c2ccc(C)cc2)cc1
/beegfs/home/m.romanov/thesis/benchmarking/datasets/USPTO/US07317032-20080108-C00061.png,COc1ccc(-c2[nH]c(-c3ccccc3)nc2CCNS(=O)(=O)N[C@@H](C)c2ccc(C)cc2)cc1
/beegfs/home/m.romanov/thesis/benchmarking/datasets/USPTO/US07317032-20080108-C00062.png,COc1ccc(-c2[nH]c(-c3ccccc3)nc2CCNS(=O)(=O)N2CCN(c3ccccc3Cl)CC2)cc1
/beegfs/home/m.romanov/thesis/benchmarking/datasets/USPTO/US07317032-20080108-C00063.png,COc1ccc(-c2[nH]c(-c3ccccc3)nc2CCNS(=O)(=O)N2CCN(c3ccccc3OC)CC2)cc1
/beegfs/home/m.romanov/thesis/benchmarking/datasets/USPTO/US07317032-20080108-C00064.png,COc1ccc(-c2[nH]c(-c3ccccc3)nc2CCNS(=O)(=O)N2CCN(c3ccccc3)CC2)cc1
/beegfs/home/m.romanov/thesis/benchmarking/datasets/USPTO/US07317032-20080108-C00065.png,COc1ccc(-c2[nH]c(-c3ccccc3)nc2CCNS(=O)(=O)N2CCN(c3ccc(Cl)cc3)CC2)cc1
/beegfs/home/m.romanov/thesis/benchmarking/datasets/USPTO/US07317032-20080108-C00067.png,COc1ccc(-c2nc(-c3ccccc3)[nH]c2CCNS(=O)(=O)NCCN2CCCC2)cc1
/beegfs/home/m.romanov/thesis/benchmarking/datasets/USPTO/US07317032-20080108-C00068.png,COc1ccc(-c2nc(-c3ccccc3)[nH]c2CCNS(=O)(=O)N2CCN(Cc3ccc4c(c3)OCO4)CC2)cc1
/beegfs/home/m.romanov/thesis/benchmarking/datasets/USPTO/US07317032-20080108-C00069.png,COc1ccc(-c2[nH]c(-c3ccccc3)nc2CCNS(=O)(=O)N2CCN(c3ccc(F)cc3)CC2)cc1
/beegfs/home/m.romanov/thesis/benchmarking/datasets/USPTO/US07317032-20080108-C00070.png,COc1ccc(-c2[nH]c(-c3ccccc3)nc2CCNS(=O)(=O)N2CCN(c3ccc([N+](=O)[O-])cc3)CC2)cc1
/beegfs/home/m.romanov/thesis/benchmarking/datasets/USPTO/US07317032-20080108-C00071.png,COc1ccc(-c2[nH]c(-c3ccccc3)nc2CCNS(=O)(=O)N(C)C2CCN(C)CC2)cc1
/beegfs/home/m.romanov/thesis/benchmarking/datasets/USPTO/US07317032-20080108-C00072.png,COc1ccc(-c2[nH]c(-c3ccccc3)nc2CCNS(=O)(=O)N2CCN(c3cccc(C(F)(F)F)c3)CC2)cc1
/beegfs/home/m.romanov/thesis/benchmarking/datasets/USPTO/US07317032-20080108-C00073.png,C=CCN1CCN(S(=O)(=O)NCCc2nc(-c3ccccc3)[nH]c2-c2ccc(OC)cc2)CC1
/beegfs/home/m.romanov/thesis/benchmarking/datasets/USPTO/US07317032-20080108-C00074.png,COc1ccc(-c2[nH]c(-c3ccccc3)nc2CCNS(=O)(=O)N2CCN(C(C)C)CC2)cc1
/beegfs/home/m.romanov/thesis/benchmarking/datasets/USPTO/US07317032-20080108-C00075.png,COc1ccc(-c2[nH]c(-c3ccccc3)nc2CCNS(=O)(=O)N2CCN(C3CCCC3)CC2)cc1
/beegfs/home/m.romanov/thesis/benchmarking/datasets/USPTO/US07317032-20080108-C00076.png,COc1ccc(-c2nc(-c3ccccc3)[nH]c2CCNS(=O)(=O)N2CCN(c3ncccc3C#N)CC2)cc1
/beegfs/home/m.romanov/thesis/benchmarking/datasets/USPTO/US07317032-20080108-C00077.png,COCCN1CCN(S(=O)(=O)NCCc2[nH]c(-c3ccccc3)nc2-c2ccc(OC)cc2)CC1
/beegfs/home/m.romanov/thesis/benchmarking/datasets/USPTO/US07317032-20080108-C00078.png,COc1ccc(-c2nc(-c3ccccc3)[nH]c2CCNS(=O)(=O)NCCCN(C)c2ccccc2)cc1
/beegfs/home/m.romanov/thesis/benchmarking/datasets/USPTO/US07317032-20080108-C00079.png,CCCCCN1CCN(S(=O)(=O)NCCc2nc(-c3ccccc3)[nH]c2-c2ccc(OC)cc2)CC1
/beegfs/home/m.romanov/thesis/benchmarking/datasets/USPTO/US07317032-20080108-C00081.png,COc1ccc(-c2[nH]c(-c3ccccc3)nc2CCNS(=O)(=O)N2CCN(CCO)CC2)cc1
/beegfs/home/m.romanov/thesis/benchmarking/datasets/USPTO/US07317032-20080108-C00082.png,COc1ccc(-c2[nH]c(-c3ccccc3)nc2CCNS(=O)(=O)N2CCC(c3[nH]cnc3C)CC2)cc1
/beegfs/home/m.romanov/thesis/benchmarking/datasets/USPTO/US07317032-20080108-C00083.png,CCCCCC1(O)CCN(S(=O)(=O)NCCc2nc(-c3ccccc3)[nH]c2-c2ccc(OC)cc2)CC1
/beegfs/home/m.romanov/thesis/benchmarking/datasets/USPTO/US07317032-20080108-C00084.png,COc1ccc(-c2[nH]c(-c3ccccc3)nc2CCNS(=O)(=O)N2CCN(C(C)c3ccccc3)CC2)cc1
/beegfs/home/m.romanov/thesis/benchmarking/datasets/USPTO/US07317032-20080108-C00085.png,COc1ccc(-c2[nH]c(-c3ccccc3)nc2CCNS(=O)(=O)N2CCN(c3ccncc3)CC2)cc1
/beegfs/home/m.romanov/thesis/benchmarking/datasets/USPTO/US07317032-20080108-C00086.png,COc1ccc(-c2[nH]c(-c3ccccc3)nc2CCNS(=O)(=O)N2CCC(N3CCCC3)CC2)cc1
/beegfs/home/m.romanov/thesis/benchmarking/datasets/USPTO/US07317032-20080108-C00087.png,COc1ccc(-c2[nH]c(-c3ccccc3)nc2CCNS(=O)(=O)NCCC2CCCN2C)cc1
/beegfs/home/m.romanov/thesis/benchmarking/datasets/USPTO/US07317032-20080108-C00088.png,COc1ccc(-c2[nH]c(-c3ccccc3)nc2CCNS(=O)(=O)N2CCN(c3ccc(C(F)(F)F)cn3)CC2)cc1
/beegfs/home/m.romanov/thesis/benchmarking/datasets/USPTO/US07317032-20080108-C00089.png,COc1ccc(-c2[nH]c(-c3ccccc3)nc2CCNS(=O)(=O)N2CCN(Cc3ccccc3)CC2)cc1
/beegfs/home/m.romanov/thesis/benchmarking/datasets/USPTO/US07317032-20080108-C00090.png,COc1ccc(-c2[nH]c(-c3ccccc3)nc2CCNS(=O)(=O)N2CCC3(CC2)C(=O)NCN3c2ccccc2)cc1
/beegfs/home/m.romanov/thesis/benchmarking/datasets/USPTO/US07317032-20080108-C00091.png,COc1ccc(-c2[nH]c(-c3ccccc3)nc2CCNS(=O)(=O)NC2CCN(Cc3ccccc3)CC2)cc1
/beegfs/home/m.romanov/thesis/benchmarking/datasets/USPTO/US07317032-20080108-C00092.png,COc1ccc(-c2[nH]c(-c3ccccc3)nc2CCNS(=O)(=O)N(CCN(C)C)Cc2ccccc2)cc1
/beegfs/home/m.romanov/thesis/benchmarking/datasets/USPTO/US07317032-20080108-C00093.png,CCOc1ccccc1N1CCN(S(=O)(=O)NCCc2nc(-c3ccccc3)[nH]c2-c2ccc(OC)cc2)CC1
/beegfs/home/m.romanov/thesis/benchmarking/datasets/USPTO/US07317032-20080108-C00094.png,CCN(CC)CCN(Cc1ccc(Cl)cc1)S(=O)(=O)NCCc1nc(-c2ccccc2)[nH]c1-c1ccc(OC)cc1
/beegfs/home/m.romanov/thesis/benchmarking/datasets/USPTO/US07317032-20080108-C00095.png,COc1ccc(-c2[nH]c(-c3ccccc3)nc2CCNS(=O)(=O)N2CCN(c3ccccc3)C(C)C2)cc1
/beegfs/home/m.romanov/thesis/benchmarking/datasets/USPTO/US07317032-20080108-C00096.png,COc1ccc(-c2[nH]c(-c3ccccc3)nc2CCNS(=O)(=O)N2CCN(c3ccc(OC)cc3)C(C)C2)cc1
/beegfs/home/m.romanov/thesis/benchmarking/datasets/USPTO/US07317032-20080108-C00097.png,COc1ccc(-c2[nH]c(-c3ccccc3)nc2CCNS(=O)(=O)N2CCN(c3ccc(C)cc3C)CC2)cc1
/beegfs/home/m.romanov/thesis/benchmarking/datasets/USPTO/US07317032-20080108-C00098.png,COc1ccc(-c2[nH]c(-c3ccccc3)nc2CCNS(=O)(=O)N2CCN(c3ccc(Cl)c(Cl)c3)CC2)cc1
/beegfs/home/m.romanov/thesis/benchmarking/datasets/USPTO/US07317032-20080108-C00099.png,COc1ccc(-c2[nH]c(-c3ccccc3)nc2CCNS(=O)(=O)N2CCN(c3ccc(C)c(C)c3)CC2)cc1
/beegfs/home/m.romanov/thesis/benchmarking/datasets/USPTO/US07317032-20080108-C00100.png,CCN(CCNS(=O)(=O)NCCc1nc(-c2ccccc2)[nH]c1-c1ccc(OC)cc1)c1cccc(C)c1
/beegfs/home/m.romanov/thesis/benchmarking/datasets/USPTO/US07317032-20080108-C00101.png,COc1ccc(-c2[nH]c(-c3ccccc3)nc2CCNS(=O)(=O)N2CCN(c3ccc(C)cc3)CC2)cc1
/beegfs/home/m.romanov/thesis/benchmarking/datasets/USPTO/US07317032-20080108-C00102.png,CCN(CC)c1ccc(NS(=O)(=O)NCCc2[nH]c(-c3ccccc3)nc2-c2ccc(OC)cc2)c(C)c1
/beegfs/home/m.romanov/thesis/benchmarking/datasets/USPTO/US07317032-20080108-C00103.png,CCN(CC)c1ccc(NS(=O)(=O)NCCc2[nH]c(-c3ccccc3)nc2-c2ccc(OC)cc2)cc1
/beegfs/home/m.romanov/thesis/benchmarking/datasets/USPTO/US07317032-20080108-C00104.png,COc1ccc(-c2[nH]c(-c3ccccc3)nc2CCNS(=O)(=O)N2CCN(c3c(C)cccc3C)CC2)cc1
/beegfs/home/m.romanov/thesis/benchmarking/datasets/USPTO/US07317032-20080108-C00105.png,COc1ccc(-c2[nH]c(-c3ccccc3)nc2CCNS(=O)(=O)N2CCN(c3cc(C)ccc3C)CC2)cc1
/beegfs/home/m.romanov/thesis/benchmarking/datasets/USPTO/US07317032-20080108-C00106.png,COc1ccc(-c2[nH]c(-c3ccccc3)nc2CCNS(=O)(=O)N2CCN(c3ccccc3C)CC2)cc1
/beegfs/home/m.romanov/thesis/benchmarking/datasets/USPTO/US07317032-20080108-C00107.png,COc1ccc(-c2[nH]c(-c3ccccc3)nc2CCNS(=O)(=O)N2CCN(c3ccccc3F)CC2)cc1
/beegfs/home/m.romanov/thesis/benchmarking/datasets/USPTO/US07317032-20080108-C00108.png,COc1ccc(-c2[nH]c(-c3ccccc3)nc2CCNS(=O)(=O)N2CCN(c3ccccc3[N+](=O)[O-])CC2)cc1
/beegfs/home/m.romanov/thesis/benchmarking/datasets/USPTO/US07317032-20080108-C00109.png,CCc1ccccc1N1CCN(S(=O)(=O)NCCc2nc(-c3ccccc3)[nH]c2-c2ccc(OC)cc2)CC1
/beegfs/home/m.romanov/thesis/benchmarking/datasets/USPTO/US07317032-20080108-C00110.png,COc1ccc(-c2[nH]c(-c3ccccc3)nc2CCNS(=O)(=O)N2CCN(c3cccc(Cl)c3)CC2)cc1
/beegfs/home/m.romanov/thesis/benchmarking/datasets/USPTO/US07317032-20080108-C00111.png,COc1ccc(-c2[nH]c(-c3ccccc3)nc2CCNS(=O)(=O)N2CCN(c3cccc(C)c3)CC2)cc1
/beegfs/home/m.romanov/thesis/benchmarking/datasets/USPTO/US07317032-20080108-C00112.png,COc1ccc(-c2[nH]c(-c3ccccc3)nc2CCNS(=O)(=O)N2CCN(CCc3ccccc3)CC2)cc1
/beegfs/home/m.romanov/thesis/benchmarking/datasets/USPTO/US07317032-20080108-C00113.png,COc1ccc(-c2[nH]c(-c3ccccc3)nc2CCNS(=O)(=O)N2CCN(c3cc(Cl)cc(Cl)c3)CC2)cc1
/beegfs/home/m.romanov/thesis/benchmarking/datasets/USPTO/US07317032-20080108-C00114.png,COc1ccc(-c2[nH]c(-c3ccccc3)nc2CCNS(=O)(=O)N2CCN(Cc3ccc(Cl)cc3)CC2)cc1
/beegfs/home/m.romanov/thesis/benchmarking/datasets/USPTO/US07317032-20080108-C00115.png,COc1ccc(-c2[nH]c(-c3ccccc3)nc2CCNS(=O)(=O)Nc2cc(C(F)(F)F)ccc2N2CCCC2)cc1
/beegfs/home/m.romanov/thesis/benchmarking/datasets/USPTO/US07317032-20080108-C00116.png,COc1ccc(-c2[nH]c(-c3ccccc3)nc2CCNS(=O)(=O)N2CCN(c3cccc(C)c3)C(C)C2)cc1
/beegfs/home/m.romanov/thesis/benchmarking/datasets/USPTO/US07317032-20080108-C00117.png,CCCCN(CC)CCNS(=O)(=O)NCCc1nc(-c2ccccc2)[nH]c1-c1ccc(OC)cc1
/beegfs/home/m.romanov/thesis/benchmarking/datasets/USPTO/US07317032-20080108-C00118.png,COc1ccc(-c2[nH]c(-c3ccccc3)nc2CCNS(=O)(=O)NCCCCCCN(C)C)cc1
/beegfs/home/m.romanov/thesis/benchmarking/datasets/USPTO/US07317032-20080108-C00119.png,COc1ccc(-c2[nH]c(-c3ccccc3)nc2CCNS(=O)(=O)Nc2ccc(N3CCCCC3)cc2)cc1
/beegfs/home/m.romanov/thesis/benchmarking/datasets/USPTO/US07317032-20080108-C00120.png,COc1ccc(-c2[nH]c(-c3ccccc3)nc2CCNS(=O)(=O)N2CCN(c3ccc(C(F)(F)F)cc3[N+](=O)[O-])CC2)cc1
/beegfs/home/m.romanov/thesis/benchmarking/datasets/USPTO/US07317032-20080108-C00121.png,COc1ccc(-c2[nH]c(-c3ccccc3)nc2CCNS(=O)(=O)NC2CCN(Cc3ccccc3)C2)cc1
/beegfs/home/m.romanov/thesis/benchmarking/datasets/USPTO/US07317032-20080108-C00122.png,COc1ccc(-c2[nH]c(-c3ccccc3)nc2CCNS(=O)(=O)N(Cc2ccccc2)C2CCN(Cc3ccccc3)C2)cc1
/beegfs/home/m.romanov/thesis/benchmarking/datasets/USPTO/US07317032-20080108-C00123.png,COc1ccc(-c2[nH]c(-c3ccccc3)nc2CCNS(=O)(=O)Nc2ccc(/C=C/c3ccc(N(C)C)cc3)cc2)cc1
/beegfs/home/m.romanov/thesis/benchmarking/datasets/USPTO/US07317032-20080108-C00124.png,COc1ccc(-c2[nH]c(-c3ccccc3)nc2CCNS(=O)(=O)N2CCN(C/C=C/c3ccccc3)CC2)cc1
/beegfs/home/m.romanov/thesis/benchmarking/datasets/USPTO/US07317032-20080108-C00125.png,COc1ccc(-c2[nH]c(-c3ccccc3)nc2CCNS(=O)(=O)N2CCN(c3ccc(C)cc3)C(C)C2)cc1
/beegfs/home/m.romanov/thesis/benchmarking/datasets/USPTO/US07317032-20080108-C00126.png,COc1ccc(-c2[nH]c(-c3ccccc3)nc2CCNS(=O)(=O)N2CCN(Cc3ccc(C(C)(C)C)cc3)CC2)cc1
/beegfs/home/m.romanov/thesis/benchmarking/datasets/USPTO/US07317032-20080108-C00127.png,CCN(CC)CCN(Cc1ccccc1)S(=O)(=O)NCCc1nc(-c2ccccc2)[nH]c1-c1ccc(OC)cc1
/beegfs/home/m.romanov/thesis/benchmarking/datasets/USPTO/US07317032-20080108-C00128.png,COc1ccc(-c2[nH]c(-c3ccccc3)nc2CCNS(=O)(=O)N(C)[C@@H]2CCN(Cc3ccccc3)C2)cc1
/beegfs/home/m.romanov/thesis/benchmarking/datasets/USPTO/US07317032-20080108-C00129.png,CCN(C1CCN(Cc2ccccc2)C1)S(=O)(=O)NCCc1nc(-c2ccccc2)[nH]c1-c1ccc(OC)cc1
/beegfs/home/m.romanov/thesis/benchmarking/datasets/USPTO/US07317032-20080108-C00130.png,COc1ccc(-c2[nH]c(-c3ccccc3)nc2CCNS(=O)(=O)N[C@@H]2CCN(Cc3ccccc3)C2)cc1
/beegfs/home/m.romanov/thesis/benchmarking/datasets/USPTO/US07317032-20080108-C00131.png,COc1ccc(-c2[nH]c(-c3ccccc3)nc2CCNS(=O)(=O)N[C@H]2CCN(Cc3ccccc3)C2)cc1
/beegfs/home/m.romanov/thesis/benchmarking/datasets/USPTO/US07317032-20080108-C00132.png,COc1ccc(-c2[nH]c(-c3ccccc3)nc2CCNS(=O)(=O)N(C)[C@H]2CCN(Cc3ccccc3)C2)cc1
/beegfs/home/m.romanov/thesis/benchmarking/datasets/USPTO/US07317032-20080108-C00133.png,COc1ccc(-c2[nH]c(-c3ccccc3)nc2CCNS(=O)(=O)N(C)C2CCN(Cc3ccccc3)C2)cc1
/beegfs/home/m.romanov/thesis/benchmarking/datasets/USPTO/US07317032-20080108-C00134.png,CCN([C@@H]1CCN(Cc2ccccc2)C1)S(=O)(=O)NCCc1nc(-c2ccccc2)[nH]c1-c1ccc(OC)cc1
/beegfs/home/m.romanov/thesis/benchmarking/datasets/USPTO/US07317032-20080108-C00135.png,CCN([C@H]1CCN(Cc2ccccc2)C1)S(=O)(=O)NCCc1nc(-c2ccccc2)[nH]c1-c1ccc(OC)cc1
/beegfs/home/m.romanov/thesis/benchmarking/datasets/USPTO/US07317032-20080108-C00136.png,CCCCCN1CCN(S(=O)(=O)NCCc2nc(-c3ccccc3)[nH]c2-c2ccc(C(F)(F)F)cc2)CC1
/beegfs/home/m.romanov/thesis/benchmarking/datasets/USPTO/US07317032-20080108-C00137.png,COc1ccc(-c2[nH]c(-c3ccccc3)nc2CCNS(=O)(=O)N2CC3CC2CN3Cc2ccccc2)cc1
/beegfs/home/m.romanov/thesis/benchmarking/datasets/USPTO/US07317032-20080108-C00138.png,CCCCN1CCN(S(=O)(=O)NCCc2nc(-c3ccccc3)[nH]c2-c2ccc(C(F)(F)F)cc2)CC1
/beegfs/home/m.romanov/thesis/benchmarking/datasets/USPTO/US07317032-20080108-C00139.png,CN([C@@H]1CCN(Cc2ccccc2)C1)S(=O)(=O)NCCc1nc(-c2ccccc2)[nH]c1-c1ccc(C(F)(F)F)cc1
/beegfs/home/m.romanov/thesis/benchmarking/datasets/USPTO/US07317032-20080108-C00140.png,COc1ccc(-c2[nH]c(-c3ccccc3)nc2CCNS(=O)(=O)N(C)C2CCN(Cc3ccc(Cl)c(Cl)c3)C2)cc1
/beegfs/home/m.romanov/thesis/benchmarking/datasets/USPTO/US07317032-20080108-C00141.png,COc1ccc(-c2[nH]c(-c3ccccc3)nc2CCNS(=O)(=O)N(C)[C@@H]2CCN(Cc3ccc(Cl)c(Cl)c3)C2)cc1
/beegfs/home/m.romanov/thesis/benchmarking/datasets/USPTO/US07317032-20080108-C00142.png,COc1ccc(-c2[nH]c(-c3ccccc3)nc2CCN=[N+]=[N-])cc1
/beegfs/home/m.romanov/thesis/benchmarking/datasets/USPTO/US07317032-20080108-C00143.png,COc1ccc(-c2[nH]c(-c3ccccc3)nc2CCN)cc1
/beegfs/home/m.romanov/thesis/benchmarking/datasets/USPTO/US07317032-20080108-C00144.png,COc1ccc(-c2[nH]c(-c3ccccc3)nc2CCNS(=O)(=O)NC(=O)OCCc2ccccc2)cc1
/beegfs/home/m.romanov/thesis/benchmarking/datasets/USPTO/US07317032-20080108-C00145.png,CCCCCCOC(=O)NS(=O)(=O)NCCc1nc(-c2ccccc2)[nH]c1-c1ccc(OC)cc1
/beegfs/home/m.romanov/thesis/benchmarking/datasets/USPTO/US07317032-20080108-C00146.png,CCOC(=O)NS(=O)(=O)NCCc1nc(-c2ccccc2)[nH]c1-c1ccc(OC)cc1
/beegfs/home/m.romanov/thesis/benchmarking/datasets/USPTO/US07317032-20080108-C00147.png,COc1ccc(-c2[nH]c(-c3ccccc3)nc2CCNS(=O)(=O)NC(=O)OC(C)(C)C)cc1
/beegfs/home/m.romanov/thesis/benchmarking/datasets/USPTO/US07317032-20080108-C00148.png,CCCCCc1ccc(OC(=O)NS(=O)(=O)NCCc2nc(-c3ccccc3)[nH]c2-c2ccc(OC)cc2)cc1
/beegfs/home/m.romanov/thesis/benchmarking/datasets/USPTO/US07317032-20080108-C00149.png,CCCCCc1ccc(S(=O)(=O)NCCc2nc(-c3cccs3)[nH]c2-c2ccc(OC)cc2)cc1
/beegfs/home/m.romanov/thesis/benchmarking/datasets/USPTO/US07317032-20080108-C00150.png,CCCCCc1ccc(S(=O)(=O)NCCc2nc(-c3ccccc3)[nH]c2-c2ccc(OC)cc2)cc1
/beegfs/home/m.romanov/thesis/benchmarking/datasets/USPTO/US07317032-20080108-C00151.png,CCCCCc1ccc(S(=O)(=O)NCCc2nc(-c3ccc(OC)cc3)[nH]c2-c2ccc(OC)cc2)cc1
/beegfs/home/m.romanov/thesis/benchmarking/datasets/USPTO/US07317032-20080108-C00152.png,COc1ccc(-c2nc(CCNS(=O)(=O)c3ccc(C)cc3)c(-c3ccc(OC)cc3)[nH]2)cc1
/beegfs/home/m.romanov/thesis/benchmarking/datasets/USPTO/US07317032-20080108-C00153.png,CCCCCc1ccc(S(=O)(=O)NCCc2nc(-c3ccc(C)cc3)[nH]c2-c2ccc(OC)cc2)cc1
/beegfs/home/m.romanov/thesis/benchmarking/datasets/USPTO/US07317032-20080108-C00154.png,CCCCCc1ccc(S(=O)(=O)NCCc2nc(-c3ccc(Cl)cc3)[nH]c2-c2ccc(OC)cc2)cc1
/beegfs/home/m.romanov/thesis/benchmarking/datasets/USPTO/US07317032-20080108-C00155.png,CCCCCc1ccc(S(=O)(=O)NCCc2nc(-c3cccc([N+](=O)[O-])c3)[nH]c2-c2ccc(OC)cc2)cc1
/beegfs/home/m.romanov/thesis/benchmarking/datasets/USPTO/US07317032-20080108-C00156.png,CCCCCc1ccc(S(=O)(=O)NCCc2nc(-c3csc(C)n3)[nH]c2-c2ccc(OC)cc2)cc1
/beegfs/home/m.romanov/thesis/benchmarking/datasets/USPTO/US07317032-20080108-C00157.png,COc1ccc(-c2[nH]c(-c3ccccc3)nc2CCNS(=O)(=O)c2ccc(C)cc2)cc1
/beegfs/home/m.romanov/thesis/benchmarking/datasets/USPTO/US07317032-20080108-C00158.png,CCCCCc1ccc(S(=O)(=O)NCCc2nc(-c3ccccc3)[nH]c2-c2ccc(Cl)cc2)cc1
/beegfs/home/m.romanov/thesis/benchmarking/datasets/USPTO/US07317032-20080108-C00159.png,CCCCCc1ccc(S(=O)(=O)NCCc2nc(-c3cccnc3)[nH]c2-c2ccc(OC)cc2)cc1
/beegfs/home/m.romanov/thesis/benchmarking/datasets/USPTO/US07317032-20080108-C00160.png,CCCCCc1ccc(S(=O)(=O)NCCc2nc(-c3ccncc3)[nH]c2-c2ccc(OC)cc2)cc1
/beegfs/home/m.romanov/thesis/benchmarking/datasets/USPTO/US07317032-20080108-C00161.png,CCCCCc1ccc(S(=O)(=O)NCCc2nc(-c3cnccn3)[nH]c2-c2ccc(OC)cc2)cc1
/beegfs/home/m.romanov/thesis/benchmarking/datasets/USPTO/US07317032-20080108-C00162.png,Cc1ccc(S(=O)(=O)NCCc2nc(-c3ccccc3)[nH]c2-c2ccc(Cl)cc2)cc1
/beegfs/home/m.romanov/thesis/benchmarking/datasets/USPTO/US07317032-20080108-C00163.png,CCCCCc1ccc(S(=O)(=O)NCCc2nc[nH]c2-c2ccc(OC)cc2)cc1
/beegfs/home/m.romanov/thesis/benchmarking/datasets/USPTO/US07317032-20080108-C00164.png,CCCCCc1ccc(S(=O)(=O)NCCc2nc(-c3cccs3)[nH]c2-c2ccc(Cl)cc2)cc1
/beegfs/home/m.romanov/thesis/benchmarking/datasets/USPTO/US07317032-20080108-C00165.png,CCCCCc1ccc(S(=O)(=O)NCCc2nc(-c3ccccc3)[nH]c2-c2ccccc2)cc1
/beegfs/home/m.romanov/thesis/benchmarking/datasets/USPTO/US07317032-20080108-C00166.png,CCCCCc1ccc(S(=O)(=O)NCCc2nc(-c3cccs3)[nH]c2-c2ccc(F)cc2)cc1
/beegfs/home/m.romanov/thesis/benchmarking/datasets/USPTO/US07317032-20080108-C00167.png,CCCCCc1ccc(S(=O)(=O)NCCc2nc(C(C)(C)C)[nH]c2-c2ccc(OC)cc2)cc1
/beegfs/home/m.romanov/thesis/benchmarking/datasets/USPTO/US07317032-20080108-C00168.png,CCCCCc1ccc(S(=O)(=O)NCCc2nc(C3CC3)[nH]c2-c2ccc(OC)cc2)cc1
/beegfs/home/m.romanov/thesis/benchmarking/datasets/USPTO/US07317032-20080108-C00169.png,CCCCCc1ccc(S(=O)(=O)NCCc2nc(-c3ccccc3)[nH]c2-c2cccc(OC)c2)cc1
/beegfs/home/m.romanov/thesis/benchmarking/datasets/USPTO/US07317032-20080108-C00170.png,CCCCCc1ccc(S(=O)(=O)NCCc2nc(-c3ccccc3)[nH]c2-c2cc3ccccc3o2)cc1
/beegfs/home/m.romanov/thesis/benchmarking/datasets/USPTO/US07317032-20080108-C00171.png,CCCCCc1ccc(S(=O)(=O)NCCc2nc(-c3ccccc3Br)[nH]c2-c2ccc(OC)cc2)cc1
/beegfs/home/m.romanov/thesis/benchmarking/datasets/USPTO/US07317032-20080108-C00172.png,COc1ccc(-c2[nH]c(-c3ccccc3)nc2CCNS(=O)(=O)c2ccc(NC(C)=O)cc2)cc1
/beegfs/home/m.romanov/thesis/benchmarking/datasets/USPTO/US07317032-20080108-C00173.png,COc1ccc(-c2[nH]c(-c3ccccc3)nc2CCNS(=O)(=O)c2ccc(Cl)cc2)cc1
/beegfs/home/m.romanov/thesis/benchmarking/datasets/USPTO/US07317032-20080108-C00174.png,COc1ccc(-c2[nH]c(-c3ccccc3)nc2CCNS(=O)(=O)c2ccccc2Cl)cc1
/beegfs/home/m.romanov/thesis/benchmarking/datasets/USPTO/US07317032-20080108-C00175.png,COc1ccc(-c2[nH]c(-c3ccccc3)nc2CCNS(=O)(=O)c2cccc(Cl)c2)cc1
/beegfs/home/m.romanov/thesis/benchmarking/datasets/USPTO/US07317032-20080108-C00176.png,COc1ccc(-c2[nH]c(-c3ccccc3)nc2CCNS(=O)(=O)c2ccc(Cl)c(Cl)c2)cc1
/beegfs/home/m.romanov/thesis/benchmarking/datasets/USPTO/US07317032-20080108-C00177.png,CCCCCc1ccc(S(=O)(=O)NCCc2nc(-c3ccccc3)[nH]c2-c2ccc(C(F)(F)F)nc2)cc1
/beegfs/home/m.romanov/thesis/benchmarking/datasets/USPTO/US07317032-20080108-C00178.png,CCCCCc1ccc(S(=O)(=O)NCCc2nc(-c3cccs3)[nH]c2-c2ccc(C(F)(F)F)nc2)cc1
/beegfs/home/m.romanov/thesis/benchmarking/datasets/USPTO/US07317032-20080108-C00179.png,CCCCCc1ccc(S(=O)(=O)NCCc2nc(-c3ccccc3)[nH]c2-c2ccc(C)nc2)cc1
/beegfs/home/m.romanov/thesis/benchmarking/datasets/USPTO/US07317032-20080108-C00180.png,CCCCCc1ccc(S(=O)(=O)NCCc2nc(-c3ccccc3)[nH]c2-c2ccc(S(C)(=O)=O)cc2)cc1
/beegfs/home/m.romanov/thesis/benchmarking/datasets/USPTO/US07317032-20080108-C00181.png,CCCCCc1ccc(S(=O)(=O)NCCc2nc(-c3ccccc3)[nH]c2-c2ccc(S(C)=O)cc2)cc1
/beegfs/home/m.romanov/thesis/benchmarking/datasets/USPTO/US07317032-20080108-C00182.png,CCCCCc1ccc(S(=O)(=O)NCCc2nc(-c3cccs3)[nH]c2-c2cccc(OC)c2)cc1
/beegfs/home/m.romanov/thesis/benchmarking/datasets/USPTO/US07317032-20080108-C00183.png,CCCCCc1ccc(S(=O)(=O)NCCc2nc(-c3cccs3)[nH]c2-c2ccc(S(C)(=O)=O)cc2)cc1
/beegfs/home/m.romanov/thesis/benchmarking/datasets/USPTO/US07317032-20080108-C00184.png,CCCCCc1ccc(S(=O)(=O)NCCc2nc(-c3ccsc3)[nH]c2-c2ccc(OC)cc2)cc1
/beegfs/home/m.romanov/thesis/benchmarking/datasets/USPTO/US07317032-20080108-C00185.png,CCCCCc1ccc(S(=O)(=O)NCCc2nc(-c3ccccc3)[nH]c2-c2ccc(C(F)(F)F)cc2)cc1
/beegfs/home/m.romanov/thesis/benchmarking/datasets/USPTO/US07317032-20080108-C00186.png,COc1ccc(-c2[nH]c(-c3ccccc3)nc2CCNS(=O)(=O)c2ccc(C=O)cc2)cc1
/beegfs/home/m.romanov/thesis/benchmarking/datasets/USPTO/US07317032-20080108-C00190.png,CCCNCc1ccc(S(=O)(=O)NCCc2nc(-c3ccccc3)[nH]c2-c2ccc(OC)cc2)cc1
/beegfs/home/m.romanov/thesis/benchmarking/datasets/USPTO/US07317032-20080108-C00199.png,CCCCCc1ccc(S(=O)(=O)N[C@H]2C[C@@H]2c2nc(-c3ccccc3)[nH]c2-c2ccc(OC)cc2)cc1
/beegfs/home/m.romanov/thesis/benchmarking/datasets/USPTO/US07317032-20080108-C00201.png,CCCCCc1ccc(NC(=O)[C@H]2C[C@@H]2c2nc(-c3ccccc3)[nH]c2-c2ccc(OC)cc2)cc1
/beegfs/home/m.romanov/thesis/benchmarking/datasets/USPTO/US07317032-20080108-C00202.png,COc1ccc(-c2[nH]c(NC(C)=O)nc2CCN=[N+]=[N-])cc1
/beegfs/home/m.romanov/thesis/benchmarking/datasets/USPTO/US07317032-20080108-C00203.png,COc1ccc(-c2[nH]c(NC(C)=O)nc2CCN)cc1
/beegfs/home/m.romanov/thesis/benchmarking/datasets/USPTO/US07317032-20080108-C00204.png,CCCCCc1ccc(S(=O)(=O)NCCc2nc(NC(C)=O)[nH]c2-c2ccc(OC)cc2)cc1
/beegfs/home/m.romanov/thesis/benchmarking/datasets/USPTO/US07317032-20080108-C00205.png,CCCCc1ccc(NC(=O)NCCc2nc(-c3ccccc3)[nH]c2-c2ccc(OC)cc2)cc1
/beegfs/home/m.romanov/thesis/benchmarking/datasets/USPTO/US07317032-20080108-C00206.png,COc1ccc(-c2[nH]c(-c3ccccc3)nc2CCNC(=O)Oc2ccc(C)cc2)cc1
/beegfs/home/m.romanov/thesis/benchmarking/datasets/USPTO/US07317032-20080108-C00207.png,COc1ccc(-c2[nH]c(-c3ccccc3)nc2CCNC(=S)Nc2ccc(C)cc2)cc1
/beegfs/home/m.romanov/thesis/benchmarking/datasets/USPTO/US07317032-20080108-C00208.png,COc1ccc(C(=O)CCCCN2C(=O)c3ccccc3C2=O)cc1
/beegfs/home/m.romanov/thesis/benchmarking/datasets/USPTO/US07317032-20080108-C00209.png,COc1ccc(C(=O)C(Br)CCCN2C(=O)c3ccccc3C2=O)cc1
/beegfs/home/m.romanov/thesis/benchmarking/datasets/USPTO/US07317032-20080108-C00210.png,COc1ccc(-c2[nH]c(-c3ccccc3)nc2CCCN2C(=O)c3ccccc3C2=O)cc1
/beegfs/home/m.romanov/thesis/benchmarking/datasets/USPTO/US07317032-20080108-C00211.png,COc1ccc(-c2[nH]c(-c3ccc(Cl)cc3)nc2CCCN2C(=O)c3ccccc3C2=O)cc1
/beegfs/home/m.romanov/thesis/benchmarking/datasets/USPTO/US07317032-20080108-C00212.png,COc1ccc(-c2[nH]c(-c3ccc(C)cc3)nc2CCCN2C(=O)c3ccccc3C2=O)cc1
/beegfs/home/m.romanov/thesis/benchmarking/datasets/USPTO/US07317032-20080108-C00213.png,COc1ccc(-c2[nH]c(-c3ccc([N+](=O)[O-])cc3)nc2CCCN2C(=O)c3ccccc3C2=O)cc1
/beegfs/home/m.romanov/thesis/benchmarking/datasets/USPTO/US07317032-20080108-C00214.png,COc1ccc(-c2[nH]c(-c3csc(C)n3)nc2CCCN2C(=O)c3ccccc3C2=O)cc1
/beegfs/home/m.romanov/thesis/benchmarking/datasets/USPTO/US07317032-20080108-C00215.png,O=C1c2ccccc2C(=O)N1CCCc1nc(-c2ccccc2)[nH]c1-c1ccccc1
/beegfs/home/m.romanov/thesis/benchmarking/datasets/USPTO/US07317032-20080108-C00216.png,O=C1c2ccccc2C(=O)N1CCCc1nc(-c2ccccc2)[nH]c1-c1ccc(C(F)(F)F)cc1
/beegfs/home/m.romanov/thesis/benchmarking/datasets/USPTO/US07317032-20080108-C00217.png,O=C1c2ccccc2C(=O)N1CCCc1nc(-c2ccccc2)[nH]c1-c1ccc(Cl)cc1
/beegfs/home/m.romanov/thesis/benchmarking/datasets/USPTO/US07317032-20080108-C00218.png,COc1ccc(-c2[nH]c(-c3cccs3)nc2CCCN2C(=O)c3ccccc3C2=O)cc1
/beegfs/home/m.romanov/thesis/benchmarking/datasets/USPTO/US07317032-20080108-C00219.png,COc1ccc(-c2[nH]c(-c3ccccc3)nc2CCCN)cc1
/beegfs/home/m.romanov/thesis/benchmarking/datasets/USPTO/US07317032-20080108-C00220.png,CCCCCc1ccc(S(=O)(=O)NCCCc2nc(-c3ccccc3)[nH]c2-c2ccc(OC)cc2)cc1
/beegfs/home/m.romanov/thesis/benchmarking/datasets/USPTO/US07317032-20080108-C00221.png,CCCCCc1ccc(S(=O)(=O)NCCCc2nc(-c3ccc(C)cc3)[nH]c2-c2ccc(OC)cc2)cc1
/beegfs/home/m.romanov/thesis/benchmarking/datasets/USPTO/US07317032-20080108-C00222.png,CCCCCc1ccc(S(=O)(=O)NCCCc2nc(-c3ccccc3)[nH]c2-c2ccccc2)cc1
/beegfs/home/m.romanov/thesis/benchmarking/datasets/USPTO/US07317032-20080108-C00223.png,CCCCCc1ccc(S(=O)(=O)NCCCc2nc(-c3ccccc3)[nH]c2-c2ccc(C(F)(F)F)cc2)cc1
/beegfs/home/m.romanov/thesis/benchmarking/datasets/USPTO/US07317032-20080108-C00224.png,CCCCCc1ccc(S(=O)(=O)NCCCc2nc(-c3ccccc3)[nH]c2-c2ccc(Cl)cc2)cc1
/beegfs/home/m.romanov/thesis/benchmarking/datasets/USPTO/US07317032-20080108-C00225.png,CCCCCc1ccc(S(=O)(=O)NCCCc2nc(-c3cccs3)[nH]c2-c2ccc(OC)cc2)cc1
/beegfs/home/m.romanov/thesis/benchmarking/datasets/USPTO/US07317032-20080108-C00226.png,COc1ccc(-c2[nH]c(-c3ccccc3)nc2CCCNS(=O)(=O)c2ccc(NC(C)=O)cc2)cc1
/beegfs/home/m.romanov/thesis/benchmarking/datasets/USPTO/US07317032-20080108-C00227.png,COc1ccc(-c2[nH]c(-c3ccccc3)nc2CCCNS(=O)(=O)c2ccc(C(=O)O)cc2)cc1
/beegfs/home/m.romanov/thesis/benchmarking/datasets/USPTO/US07317032-20080108-C00228.png,COc1ccc(-c2[nH]c(-c3ccccc3)nc2CCCNS(=O)(=O)c2ccc(C(C)C)cc2)cc1
/beegfs/home/m.romanov/thesis/benchmarking/datasets/USPTO/US07317032-20080108-C00229.png,CCCc1ccc(S(=O)(=O)NCCCc2nc(-c3ccccc3)[nH]c2-c2ccc(OC)cc2)cc1
/beegfs/home/m.romanov/thesis/benchmarking/datasets/USPTO/US07317032-20080108-C00230.png,O=Cc1ccc(S(=O)(=O)NCCCc2nc(-c3ccccc3)[nH]c2-c2ccccc2)cc1
/beegfs/home/m.romanov/thesis/benchmarking/datasets/USPTO/US07317032-20080108-C00231.png,COc1ccc(-c2[nH]c(-c3ccccc3)nc2CCCNS(=O)(=O)c2ccc(CNCCN(C)C)cc2)cc1
/beegfs/home/m.romanov/thesis/benchmarking/datasets/USPTO/US07317032-20080108-C00232.png,CCCCC(O)c1ccc(S(=O)(=O)NCCCc2nc(-c3ccccc3)[nH]c2-c2ccccc2)cc1
/beegfs/home/m.romanov/thesis/benchmarking/datasets/USPTO/US07317032-20080108-C00233.png,CCCC(O)c1ccc(S(=O)(=O)NCCCc2nc(-c3ccccc3)[nH]c2-c2ccccc2)cc1
/beegfs/home/m.romanov/thesis/benchmarking/datasets/USPTO/US07317032-20080108-C00234.png,CCC(O)c1ccc(S(=O)(=O)NCCCc2nc(-c3ccccc3)[nH]c2-c2ccccc2)cc1
/beegfs/home/m.romanov/thesis/benchmarking/datasets/USPTO/US07317033-20080108-C00010.png,Cc1cscc1Nc1nc2cc(F)ccc2[nH]1
/beegfs/home/m.romanov/thesis/benchmarking/datasets/USPTO/US07317033-20080108-C00012.png,Cc1cscc1Nc1nc2cc(Cl)c(Cl)cc2[nH]1
/beegfs/home/m.romanov/thesis/benchmarking/datasets/USPTO/US07317033-20080108-C00013.png,Cc1cscc1Nc1nc2ccccc2[nH]1
/beegfs/home/m.romanov/thesis/benchmarking/datasets/USPTO/US07317033-20080108-C00014.png,Cc1cscc1Nc1nc2c(F)cccc2[nH]1
/beegfs/home/m.romanov/thesis/benchmarking/datasets/USPTO/US07317033-20080108-C00015.png,Cc1cscc1Nc1nc2c(F)cc(F)cc2[nH]1
/beegfs/home/m.romanov/thesis/benchmarking/datasets/USPTO/US07317033-20080108-C00016.png,Cc1cscc1Nc1nc2c(F)c(F)c(F)c(F)c2[nH]1
/beegfs/home/m.romanov/thesis/benchmarking/datasets/USPTO/US07317033-20080108-C00017.png,Cc1cscc1Nc1nc2c(C)cccc2[nH]1
/beegfs/home/m.romanov/thesis/benchmarking/datasets/USPTO/US07317033-20080108-C00018.png,Cc1cscc1NC1=NC2CCCCC2N1
/beegfs/home/m.romanov/thesis/benchmarking/datasets/USPTO/US07317033-20080108-C00019.png,Cc1cscc1NC1=N[C@@H]2CCCCC2N1
/beegfs/home/m.romanov/thesis/benchmarking/datasets/USPTO/US07317033-20080108-C00020.png,Cc1cscc1NC1=NC2CCCC[C@@H]2N1
/beegfs/home/m.romanov/thesis/benchmarking/datasets/USPTO/US07317033-20080108-C00022.png,Cc1csc(Cl)c1Nc1nc2c(C)cccc2[nH]1
/beegfs/home/m.romanov/thesis/benchmarking/datasets/USPTO/US07317033-20080108-C00023.png,Cc1csc(Cl)c1Nc1nc2c(F)c(F)c(F)c(F)c2[nH]1
/beegfs/home/m.romanov/thesis/benchmarking/datasets/USPTO/US07317033-20080108-C00024.png,Cc1csc(Cl)c1NC1=NC2CCCCC2N1
/beegfs/home/m.romanov/thesis/benchmarking/datasets/USPTO/US07317033-20080108-C00026.png,Cc1csc(Cl)c1NC1=NC2CCCC[C@@H]2N1
/beegfs/home/m.romanov/thesis/benchmarking/datasets/USPTO/US07317033-20080108-C00029.png,Cc1cscc1Nc1nc2c(Cl)cccc2[nH]1
/beegfs/home/m.romanov/thesis/benchmarking/datasets/USPTO/US07317033-20080108-C00030.png,Cc1csc(Cl)c1Nc1nc2c(Cl)cccc2[nH]1
/beegfs/home/m.romanov/thesis/benchmarking/datasets/USPTO/US07317033-20080108-C00031.png,Cc1csc(Br)c1Nc1nc2c(Cl)cccc2[nH]1
/beegfs/home/m.romanov/thesis/benchmarking/datasets/USPTO/US07317033-20080108-C00032.png,Cc1csc(Br)c1Nc1nc2cc(F)ccc2[nH]1
/beegfs/home/m.romanov/thesis/benchmarking/datasets/USPTO/US07317033-20080108-C00036.png,COc1ccc2[nH]c(Nc3c(C)csc3Cl)nc2c1
/beegfs/home/m.romanov/thesis/benchmarking/datasets/USPTO/US07317033-20080108-C00037.png,COc1ccc2[nH]c(Nc3c(Cl)sc(Cl)c3C)nc2c1
/beegfs/home/m.romanov/thesis/benchmarking/datasets/USPTO/US07317033-20080108-C00038.png,COc1cccc2[nH]c(Nc3cscc3C)nc12
/beegfs/home/m.romanov/thesis/benchmarking/datasets/USPTO/US07317033-20080108-C00039.png,COc1cccc2[nH]c(Nc3c(C)csc3Cl)nc12
/beegfs/home/m.romanov/thesis/benchmarking/datasets/USPTO/US07317033-20080108-C00040.png,Cc1cscc1Nc1nc2c(Cl)cc(C(F)(F)F)cc2[nH]1
/beegfs/home/m.romanov/thesis/benchmarking/datasets/USPTO/US07317033-20080108-C00041.png,Cc1csc(Cl)c1Nc1nc2c(Cl)cc(C(F)(F)F)cc2[nH]1
/beegfs/home/m.romanov/thesis/benchmarking/datasets/USPTO/US07317033-20080108-C00042.png,Cc1cscc1Nc1nc2c(C(=O)O)cccc2[nH]1
/beegfs/home/m.romanov/thesis/benchmarking/datasets/USPTO/US07317033-20080108-C00043.png,Cc1csc(Cl)c1Nc1nc2c(C(=O)O)cccc2[nH]1
/beegfs/home/m.romanov/thesis/benchmarking/datasets/USPTO/US07317033-20080108-C00044.png,Cc1cscc1Nc1nc2c(C(=O)N3CCCCC3)cccc2[nH]1
/beegfs/home/m.romanov/thesis/benchmarking/datasets/USPTO/US07317033-20080108-C00045.png,Cc1csc(Cl)c1Nc1nc2c(C(=O)N3CCCCC3)cccc2[nH]1
/beegfs/home/m.romanov/thesis/benchmarking/datasets/USPTO/US07317033-20080108-C00046.png,Cc1csc(Cl)c1Nc1nc2c(F)cccc2[nH]1
/beegfs/home/m.romanov/thesis/benchmarking/datasets/USPTO/US07317033-20080108-C00047.png,Cc1csc(Cl)c1Nc1nc2c(O)cccc2[nH]1
/beegfs/home/m.romanov/thesis/benchmarking/datasets/USPTO/US07317033-20080108-C00053.png,Cc1csc(Cl)c1N(C)c1nc2ccccc2[nH]1
/beegfs/home/m.romanov/thesis/benchmarking/datasets/USPTO/US07317033-20080108-C00055.png,Cc1csc(Cl)c1Nc1nc2cc(F)c(F)cc2[nH]1
/beegfs/home/m.romanov/thesis/benchmarking/datasets/USPTO/US07317033-20080108-C00056.png,Cc1csc(Br)c1Nc1nc2cc(F)c(F)cc2[nH]1
/beegfs/home/m.romanov/thesis/benchmarking/datasets/USPTO/US07317033-20080108-C00057.png,NC1CCCCC12OCCO2
/beegfs/home/m.romanov/thesis/benchmarking/datasets/USPTO/US07317033-20080108-C00058.png,Cc1cscc1NC(=S)NC1CCCCC12OCCO2
/beegfs/home/m.romanov/thesis/benchmarking/datasets/USPTO/US07317033-20080108-C00060.png,Cc1cscc1/N=C(\N)NC1CCCCC12OCCO2
/beegfs/home/m.romanov/thesis/benchmarking/datasets/USPTO/US07317033-20080108-C00061.png,Cc1csc(Cl)c1/N=C(\N)NC1CCCCC12OCCO2
/beegfs/home/m.romanov/thesis/benchmarking/datasets/USPTO/US07317033-20080108-C00066.png,Clc1csc(Cl)c1Nc1nc2ccccc2[nH]1
/beegfs/home/m.romanov/thesis/benchmarking/datasets/USPTO/US07317033-20080108-C00067.png,Clc1csc(Br)c1Nc1nc2ccccc2[nH]1
/beegfs/home/m.romanov/thesis/benchmarking/datasets/USPTO/US07317033-20080108-C00068.png,Nc1cc(F)ccc1NC(=S)Nc1cscc1Cl
/beegfs/home/m.romanov/thesis/benchmarking/datasets/USPTO/US07317033-20080108-C00069.png,Fc1ccc2[nH]c(Nc3cscc3Cl)nc2c1
/beegfs/home/m.romanov/thesis/benchmarking/datasets/USPTO/US07317033-20080108-C00070.png,Cl.Fc1ccc2[nH]c(Nc3c(Cl)csc3Cl)nc2c1
/beegfs/home/m.romanov/thesis/benchmarking/datasets/USPTO/US07317033-20080108-C00071.png,Cl.Fc1ccc2[nH]c(Nc3c(Cl)csc3Br)nc2c1
/beegfs/home/m.romanov/thesis/benchmarking/datasets/USPTO/US07317033-20080108-C00072.png,Nc1cc(F)c(F)cc1NC(=S)Nc1cscc1Cl
/beegfs/home/m.romanov/thesis/benchmarking/datasets/USPTO/US07317033-20080108-C00073.png,Fc1cc2nc(Nc3cscc3Cl)[nH]c2cc1F
/beegfs/home/m.romanov/thesis/benchmarking/datasets/USPTO/US07317033-20080108-C00075.png,Fc1cc2nc(Nc3c(Cl)csc3Br)[nH]c2cc1F
/beegfs/home/m.romanov/thesis/benchmarking/datasets/USPTO/US07317033-20080108-C00076.png,Cc1cccc2[nH]c(Nc3cscc3Cl)nc12
/beegfs/home/m.romanov/thesis/benchmarking/datasets/USPTO/US07317033-20080108-C00077.png,Cc1cccc2[nH]c(Nc3c(Cl)csc3Cl)nc12
/beegfs/home/m.romanov/thesis/benchmarking/datasets/USPTO/US07317033-20080108-C00078.png,Clc1cscc1NC1=NC2CCCC[C@@H]2N1
/beegfs/home/m.romanov/thesis/benchmarking/datasets/USPTO/US07317033-20080108-C00079.png,Clc1cscc1NC1=N[C@@H]2CCCCC2N1
/beegfs/home/m.romanov/thesis/benchmarking/datasets/USPTO/US07317033-20080108-C00080.png,Clc1cscc1NC1=N[C@@H]2CCCC[C@@H]2N1
/beegfs/home/m.romanov/thesis/benchmarking/datasets/USPTO/US07317033-20080108-C00081.png,Clc1csc(Cl)c1NC1=N[C@@H]2CCCCC2N1
/beegfs/home/m.romanov/thesis/benchmarking/datasets/USPTO/US07317033-20080108-C00082.png,Clc1csc(Cl)c1NC1=N[C@@H]2CCCC[C@@H]2N1
/beegfs/home/m.romanov/thesis/benchmarking/datasets/USPTO/US07317033-20080108-C00083.png,Clc1cscc1Nc1nc2c(Cl)cccc2[nH]1
/beegfs/home/m.romanov/thesis/benchmarking/datasets/USPTO/US07317033-20080108-C00084.png,Clc1csc(Cl)c1Nc1nc2c(Cl)cccc2[nH]1
/beegfs/home/m.romanov/thesis/benchmarking/datasets/USPTO/US07317036-20080108-C00001.png,C.CS(=O)c1cccc2c3c(n(Cc4ccc(Cl)cc4)c12)[C@@H](CC(=O)O)CCC3
/beegfs/home/m.romanov/thesis/benchmarking/datasets/USPTO/US07317036-20080108-C00005.png,c1ccc2c3c([nH]c2c1)CCC3
/beegfs/home/m.romanov/thesis/benchmarking/datasets/USPTO/US07317036-20080108-C00006.png,c1ccc2c3c([nH]c2c1)CCCC3
/beegfs/home/m.romanov/thesis/benchmarking/datasets/USPTO/US07317036-20080108-C00015.png,CCOC(=O)CC1CCc2c1[nH]c1ccc(F)cc21
/beegfs/home/m.romanov/thesis/benchmarking/datasets/USPTO/US07317036-20080108-C00016.png,O=C(O)CC1CCc2c1[nH]c1ccc(F)cc21
/beegfs/home/m.romanov/thesis/benchmarking/datasets/USPTO/US07317036-20080108-C00017.png,O=C(O)CC1CCc2c1[nH]c1c(Br)cc(F)cc21
/beegfs/home/m.romanov/thesis/benchmarking/datasets/USPTO/US07317036-20080108-C00018.png,O=C(O)CC1CCc2c1n(Cc1ccc(Cl)cc1)c1c(Br)cc(F)cc21
/beegfs/home/m.romanov/thesis/benchmarking/datasets/USPTO/US07317036-20080108-C00019.png,O=C(O)C[C@H]1CCc2c1n(Cc1ccc(Cl)cc1)c1c(Br)cc(F)cc21
/beegfs/home/m.romanov/thesis/benchmarking/datasets/USPTO/US07317036-20080108-C00020.png,CC(c1ccc(Cl)cc1)n1c2c(c3cc(F)cc(S(C)(=O)=O)c31)CCC2CC(=O)O
/beegfs/home/m.romanov/thesis/benchmarking/datasets/USPTO/US07317036-20080108-C00021.png,CS(=O)(=O)c1cc(F)cc2c3c(n(Cc4ccc(Cl)cc4)c12)C(CC(=O)O)CCC3
/beegfs/home/m.romanov/thesis/benchmarking/datasets/USPTO/US07317036-20080108-C00022.png,CCOC(=O)CC1CCCc2c1[nH]c1c(Br)cc(F)cc21
/beegfs/home/m.romanov/thesis/benchmarking/datasets/USPTO/US07317036-20080108-C00023.png,CCOC(=O)CC1CCCc2c1n(Cc1ccc(Cl)cc1)c1c(Br)cc(F)cc21
/beegfs/home/m.romanov/thesis/benchmarking/datasets/USPTO/US07317036-20080108-C00024.png,CS(=O)(=O)c1cc(F)cc2c3c(n(Cc4ccc(Cl)cc4)c12)[C@@H](CC(=O)O)CC3=O
/beegfs/home/m.romanov/thesis/benchmarking/datasets/USPTO/US07317036-20080108-C00025.png,COC(=O)C[C@H]1CC(=O)c2c1n(Cc1ccc(Cl)cc1)c1c(Br)cc(F)cc21
/beegfs/home/m.romanov/thesis/benchmarking/datasets/USPTO/US07317038-20080108-C00025.png,CC(=O)c1cc2c(=O)c3cc(O)c(O)cc3oc2c(C(C)=O)c1-c1coc2cc(O)c(O)c(C(=O)O)c2c1=O
/beegfs/home/m.romanov/thesis/benchmarking/datasets/USPTO/US07317038-20080108-C00026.png,CC(=O)c1cc2c(=O)c3c(C(=O)O)c(O)c(O)cc3oc2c(C(C)=O)c1-c1coc2cc(O)c(O)c(C(=O)O)c2c1=O
/beegfs/home/m.romanov/thesis/benchmarking/datasets/USPTO/US07317038-20080108-C00028.png,CC(=O)c1cc2c(=O)c3c(C(=O)O)cc(O)cc3oc2c(C(C)=O)c1-c1coc2cc(O)c(O)c(C(=O)O)c2c1=O
/beegfs/home/m.romanov/thesis/benchmarking/datasets/USPTO/US07317038-20080108-C00029.png,COCc1c(-c2cc3c(=O)c4c(C(=O)O)c(O)c(O)cc4oc3c(C(C)=O)c2C)oc2cc(O)c(O)c(C(=O)O)c2c1=O
/beegfs/home/m.romanov/thesis/benchmarking/datasets/USPTO/US07317038-20080108-C00032.png,CC(=O)c1cc2c(=O)c3c(C(=O)O)c(O)c(O)cc3oc2c(C(C)=O)c1-c1coc2cc(O)cc(C(=O)O)c2c1=O
/beegfs/home/m.romanov/thesis/benchmarking/datasets/USPTO/US07317038-20080108-C00033.png,CC(=O)c1cc2c(=O)c3c(C(=O)O)c(O)c(O)cc3oc2c(C(C)=O)c1-c1coc2cc(O)c(O)cc2c1=O
/beegfs/home/m.romanov/thesis/benchmarking/datasets/USPTO/US07317038-20080108-C00034.png,CC(=O)c1cc2c(=O)c3c(C(=O)O)cc(O)cc3oc2c(C(C)=O)c1-c1coc2cc(O)c(O)cc2c1=O
/beegfs/home/m.romanov/thesis/benchmarking/datasets/USPTO/US07317038-20080108-C00035.png,CC(=O)c1cc2c(=O)c3cc(O)c(O)cc3oc2c(C(C)=O)c1-c1coc2cc(O)c(O)cc2c1=O
/beegfs/home/m.romanov/thesis/benchmarking/datasets/USPTO/US07317038-20080108-C00036.png,CC(=O)c1cc(-c2c(C(C)=O)cc3c(=O)c4c(C(=O)O)c(O)c(O)cc4oc3c2C(C)=O)cc(C(=O)c2cc(O)c(O)cc2O)c1O
/beegfs/home/m.romanov/thesis/benchmarking/datasets/USPTO/US07317038-20080108-C00037.png,CC(=O)c1c(C)c(-c2cc(=O)c3c(C(=O)O)cc(O)cc3o2)cc2c(=O)c3c(C(=O)O)c(O)c(O)cc3oc12
/beegfs/home/m.romanov/thesis/benchmarking/datasets/USPTO/US07317038-20080108-C00038.png,COCc1c(-c2cc3c(=O)c4cc(O)c(O)cc4oc3c(C(C)=O)c2C)oc2cc(O)c(O)c(C(=O)O)c2c1=O
/beegfs/home/m.romanov/thesis/benchmarking/datasets/USPTO/US07317038-20080108-C00040.png,CC(=O)c1c(C)c(C(=O)C2(O)COc3cc(O)c(O)cc3C2=O)cc2c(=O)c3c(C(=O)O)c(O)c(O)cc3oc12
/beegfs/home/m.romanov/thesis/benchmarking/datasets/USPTO/US07317038-20080108-C00041.png,COC(=O)c1cc(O)cc2oc(-c3cc4c(=O)c5c(C(=O)O)c(O)c(O)cc5oc4c(C(C)=O)c3C)cc(=O)c12
/beegfs/home/m.romanov/thesis/benchmarking/datasets/USPTO/US07317038-20080108-C00042.png,CC(=O)c1cc(-c2c(C(C)=O)cc3c(=O)c4cc(O)c(O)cc4oc3c2C(C)=O)cc(C(=O)c2cc(O)c(O)cc2O)c1O
/beegfs/home/m.romanov/thesis/benchmarking/datasets/USPTO/US07317038-20080108-C00043.png,CC(=O)c1c(C)c(-c2oc3cc(O)c(O)c(C(=O)O)c3c(=O)c2Cc2c(C)oc3c(c2=O)COc2cc(O)c(O)cc2-3)cc2c(=O)c3c(C(=O)O)c(O)c(O)cc3oc12
/beegfs/home/m.romanov/thesis/benchmarking/datasets/USPTO/US07317038-20080108-C00044.png,CC(=O)c1c(C)c(-c2cc(=O)c3c(C(=O)O)c(O)c(O)cc3o2)cc2c(=O)c3c(C(=O)O)c(O)c(O)cc3oc12
/beegfs/home/m.romanov/thesis/benchmarking/datasets/USPTO/US07317050-20080108-C00002.png,CC(C(=O)c1ccccc1)N1C(=O)c2ccccc2C1=O
/beegfs/home/m.romanov/thesis/benchmarking/datasets/USPTO/US07317058-20080108-C00007.png,Cc1cc(N2C(=O)c3ccccc3C2=O)ccc1Oc1ccccc1
/beegfs/home/m.romanov/thesis/benchmarking/datasets/USPTO/US07317058-20080108-C00030.png,CCCCCN(CCCCC)c1ccc(/C=C/C2=C/C(=C/C=C/C3=C(C#N)C(=C(C#N)C#N)OC3(C)C)CC(C)(C)C2)cc1
/beegfs/home/m.romanov/thesis/benchmarking/datasets/USPTO/US07317063-20080108-C00009.png,CC(C)N1CN(C(C)C)CC(CO)([N+](=O)[O-])C1
/beegfs/home/m.romanov/thesis/benchmarking/datasets/USPTO/US07317066-20080108-C00005.png,COc1ccc(OOCc2ccc(C(C)=O)cc2)cc1C
/beegfs/home/m.romanov/thesis/benchmarking/datasets/USPTO/US07317066-20080108-C00008.png,Cc1ccc(-c2ccc3cc(C)ccc3c2)cc1
/beegfs/home/m.romanov/thesis/benchmarking/datasets/USPTO/US07317066-20080108-C00036.png,COc1ccc2cc(C(=O)O)ccc2c1
/beegfs/home/m.romanov/thesis/benchmarking/datasets/USPTO/US07317066-20080108-C00037.png,COc1ccc(-c2ccc(C(=O)O)cc2)cc1
/beegfs/home/m.romanov/thesis/benchmarking/datasets/USPTO/US07317066-20080108-C00040.png,CC(=O)Oc1ccc2cc(OC(C)=O)ccc2c1
/beegfs/home/m.romanov/thesis/benchmarking/datasets/USPTO/US07317066-20080108-C00041.png,CC(=O)Oc1ccc(-c2ccc(OC(C)=O)cc2)cc1
/beegfs/home/m.romanov/thesis/benchmarking/datasets/USPTO/US07317066-20080108-C00043.png,CC(=O)Oc1ccc2cc(-c3ccc4cc(OC(C)=O)ccc4c3)ccc2c1
/beegfs/home/m.romanov/thesis/benchmarking/datasets/USPTO/US07317067-20080108-C00036.png,COc1ccc(C2(c3ccc(OC(C)=O)c(C)c3)c3ccccc3-c3ccccc32)cc1
/beegfs/home/m.romanov/thesis/benchmarking/datasets/USPTO/US07317070-20080108-C00006.png,CCOC(=O)CCC1NC(=O)OC1=O
/beegfs/home/m.romanov/thesis/benchmarking/datasets/USPTO/US07317070-20080108-C00008.png,CCOC(=O)CCC(NC)C(C)=O
/beegfs/home/m.romanov/thesis/benchmarking/datasets/USPTO/US07317101-20080108-C00005.png,CC(=O)Cc1csc(N)n1
/beegfs/home/m.romanov/thesis/benchmarking/datasets/USPTO/US07317101-20080108-C00033.png,N[C@@H]1C(=O)N2C(C(=O)O)=C(C=O)CS[C@H]12
/beegfs/home/m.romanov/thesis/benchmarking/datasets/USPTO/US07317101-20080108-C00064.png,CNC(=O)Nc1ccccc1
/beegfs/home/m.romanov/thesis/benchmarking/datasets/USPTO/US07317101-20080108-C00071.png,C/N=C(/NC)N1CCOCC1
/beegfs/home/m.romanov/thesis/benchmarking/datasets/USPTO/US07317101-20080108-C00084.png,C/N=C(/NC)N1CCNCC1
/beegfs/home/m.romanov/thesis/benchmarking/datasets/USPTO/US07317101-20080108-C00092.png,C/N=C(/NC)N1CCN(C=O)CC1
/beegfs/home/m.romanov/thesis/benchmarking/datasets/USPTO/US07317101-20080108-C00093.png,CNC(=O)C[n+]1ccccc1
/beegfs/home/m.romanov/thesis/benchmarking/datasets/USPTO/US07317101-20080108-C00094.png,CNC(=O)c1nn(C)c(=S)[nH]1
/beegfs/home/m.romanov/thesis/benchmarking/datasets/USPTO/US07317101-20080108-C00098.png,CNc1nc2ccccc2s1
/beegfs/home/m.romanov/thesis/benchmarking/datasets/USPTO/US07317101-20080108-C00103.png,CNC(=O)c1cccnc1
/beegfs/home/m.romanov/thesis/benchmarking/datasets/USPTO/US07317101-20080108-C00106.png,CNc1nccc(C(F)(F)F)n1
/beegfs/home/m.romanov/thesis/benchmarking/datasets/USPTO/US07317101-20080108-C00107.png,CNc1cc(=O)[nH]c(=O)[nH]1
/beegfs/home/m.romanov/thesis/benchmarking/datasets/USPTO/US07317101-20080108-C00109.png,CN(C)C(=N)N1CCN(C=O)CC1
/beegfs/home/m.romanov/thesis/benchmarking/datasets/USPTO/US07317101-20080108-C00161.png,CNC(=N)N1CCN(C=O)CC1
/beegfs/home/m.romanov/thesis/benchmarking/datasets/USPTO/US07317101-20080108-C00162.png,C/N=C(/NC)NCCN(C)C
/beegfs/home/m.romanov/thesis/benchmarking/datasets/USPTO/US07317101-20080108-C00164.png,CNC(=N)c1ccc(O)c(O)c1
/beegfs/home/m.romanov/thesis/benchmarking/datasets/USPTO/US07317101-20080108-C00167.png,CNC(=N)N1CC[N+](C)(C)CC1
/beegfs/home/m.romanov/thesis/benchmarking/datasets/USPTO/US07317101-20080108-C00168.png,CNC(=N)N1CCN(C)CC1
/beegfs/home/m.romanov/thesis/benchmarking/datasets/USPTO/US07317101-20080108-C00170.png,CNC(=N)NCCN(C)C
/beegfs/home/m.romanov/thesis/benchmarking/datasets/USPTO/US07317101-20080108-C00171.png,CN(C)CCNC(=N)N(C)C
/beegfs/home/m.romanov/thesis/benchmarking/datasets/USPTO/US07317101-20080108-C00172.png,CNC(=N)NN=Cc1ccc(O)c(O)c1
/beegfs/home/m.romanov/thesis/benchmarking/datasets/USPTO/US07317101-20080108-C00178.png,CCCC/N=C(\NC)SC
/beegfs/home/m.romanov/thesis/benchmarking/datasets/USPTO/US07317101-20080108-C00179.png,CNC(=S)NCCS(=O)(=O)O
/beegfs/home/m.romanov/thesis/benchmarking/datasets/USPTO/US07317101-20080108-C00182.png,CNC(=S)N1CCN(C)CC1
/beegfs/home/m.romanov/thesis/benchmarking/datasets/USPTO/US07317101-20080108-C00185.png,CC/N=C(\NN)N1CCCC1
/beegfs/home/m.romanov/thesis/benchmarking/datasets/USPTO/US07317101-20080108-C00186.png,C/N=C(\NN)N1CCOCC1
/beegfs/home/m.romanov/thesis/benchmarking/datasets/USPTO/US07317101-20080108-C00188.png,CN1CCN(C(=N)NN)CC1
/beegfs/home/m.romanov/thesis/benchmarking/datasets/USPTO/US07317101-20080108-C00190.png,C/N=C(\NN)N1CCN(C=O)CC1
/beegfs/home/m.romanov/thesis/benchmarking/datasets/USPTO/US07317101-20080108-C00191.png,C/N=C(\NN)N1CCNCC1
/beegfs/home/m.romanov/thesis/benchmarking/datasets/USPTO/US07317101-20080108-C00192.png,N=C(NN)NCC(F)(F)F
/beegfs/home/m.romanov/thesis/benchmarking/datasets/USPTO/US07317101-20080108-C00195.png,CN(C)CCNC(=N)N(C)N
/beegfs/home/m.romanov/thesis/benchmarking/datasets/USPTO/US07317101-20080108-C00199.png,CN(N)C(=N)N1CCNCC1
/beegfs/home/m.romanov/thesis/benchmarking/datasets/USPTO/US07317106-20080108-C00009.png,O=S(=O)([N-]S(=O)(=O)C(F)(F)F)C(F)(F)F
/beegfs/home/m.romanov/thesis/benchmarking/datasets/USPTO/US07317110-20080108-C00002.png,CC(C)(C)c1cc(-c2ccc(N)cc2)cc(C(C)(C)C)c1Oc1ccc(N)cc1
/beegfs/home/m.romanov/thesis/benchmarking/datasets/USPTO/US07317110-20080108-C00012.png,O=C1OC(=O)c2cc(-c3ccc4c(c3)C(=O)OC4=O)ccc21
/beegfs/home/m.romanov/thesis/benchmarking/datasets/USPTO/US07317110-20080108-C00013.png,O=c1oc(=O)c2cc3c(=O)oc(=O)c3cc12
/beegfs/home/m.romanov/thesis/benchmarking/datasets/USPTO/US07317110-20080108-C00014.png,O=C(c1ccc2c(c1)C(=O)OC2=O)c1ccc2c(c1)C(=O)OC2=O
/beegfs/home/m.romanov/thesis/benchmarking/datasets/USPTO/US07317110-20080108-C00015.png,O=C1OC(=O)c2cc(Oc3ccc4c(c3)C(=O)OC4=O)ccc21
/beegfs/home/m.romanov/thesis/benchmarking/datasets/USPTO/US07317110-20080108-C00016.png,O=C1OC(=O)c2cc(C(c3ccc4c(c3)C(=O)OC4=O)(C(F)(F)F)C(F)(F)F)ccc21
/beegfs/home/m.romanov/thesis/benchmarking/datasets/USPTO/US07317110-20080108-C00017.png,O=C1OC(=O)c2cc(S(=O)(=O)c3ccc4c(c3)C(=O)OC4=O)ccc21
/beegfs/home/m.romanov/thesis/benchmarking/datasets/USPTO/US07317113-20080108-C00011.png,CC(=O)O[C@H]1C(=O)[C@@]2(C)C([C@H](OC(=O)c3ccccc3)[C@]34OC(=O)O[C@H]3C(O)C(C)=C1C4(C)C)[C@]1(OC(C)=O)CO[C@@H]1C[C@@H]2OC(=O)OC(C)(C)C
/beegfs/home/m.romanov/thesis/benchmarking/datasets/USPTO/US07317114-20080108-C00002.png,COc1ccc(C[C@H]2C(=O)OC[C@@H]2Cc2ccc3c(c2)OCO3)cc1OC
/beegfs/home/m.romanov/thesis/benchmarking/datasets/USPTO/US07317116-20080108-C00004.png,CCOCc1ccc(C=O)o1
/beegfs/home/m.romanov/thesis/benchmarking/datasets/USPTO/US07317123-20080108-C00016.png,CC(C)(C)OC(=O)C[C@H]1C[C@@H](CCN(Cc2ccccc2)Cc2ccccc2)OC(C)(C)O1
/beegfs/home/m.romanov/thesis/benchmarking/datasets/USPTO/US07317123-20080108-C00017.png,CC(C)C(=O)C(C(=O)Nc1ccccc1)C(C(=O)c1ccc(F)cc1)c1ccccc1
/beegfs/home/m.romanov/thesis/benchmarking/datasets/USPTO/US07317124-20080108-C00012.png,C1CCC2=NCCCN2CC1
/beegfs/home/m.romanov/thesis/benchmarking/datasets/USPTO/US07317124-20080108-C00013.png,Cc1cc(S(F)(F)(F)(F)F)c([N+](=O)[O-])cc1C(=O)O
/beegfs/home/m.romanov/thesis/benchmarking/datasets/USPTO/US07317124-20080108-C00014.png,Nc1ccc(S(F)(F)(F)(F)F)cc1
/beegfs/home/m.romanov/thesis/benchmarking/datasets/USPTO/US07317124-20080108-C00015.png,Nc1ccc(S(F)(F)(F)(F)F)cc1Br
/beegfs/home/m.romanov/thesis/benchmarking/datasets/USPTO/US07317124-20080108-C00016.png,Cc1cc(S(F)(F)(F)(F)F)ccc1N
/beegfs/home/m.romanov/thesis/benchmarking/datasets/USPTO/US07317124-20080108-C00017.png,Cc1cc(S(F)(F)(F)(F)F)ccc1Br
/beegfs/home/m.romanov/thesis/benchmarking/datasets/USPTO/US07317124-20080108-C00018.png,Cc1cc(S(F)(F)(F)(F)F)ccc1C#N
/beegfs/home/m.romanov/thesis/benchmarking/datasets/USPTO/US07317124-20080108-C00019.png,Cc1cc(S(F)(F)(F)(F)F)ccc1C(=O)O
/beegfs/home/m.romanov/thesis/benchmarking/datasets/USPTO/US07317124-20080108-C00020.png,COC(=O)c1cc(N)c(Cl)c(S(F)(F)(F)(F)F)c1
/beegfs/home/m.romanov/thesis/benchmarking/datasets/USPTO/US07317124-20080108-C00021.png,COC(=O)c1cc(N)cc(S(F)(F)(F)(F)F)c1Cl
/beegfs/home/m.romanov/thesis/benchmarking/datasets/USPTO/US07317124-20080108-C00022.png,O=C(O)c1cccc(S(F)(F)(F)(F)F)c1
/beegfs/home/m.romanov/thesis/benchmarking/datasets/USPTO/US07317124-20080108-C00023.png,O=C(O)c1cc([N+](=O)[O-])cc(S(F)(F)(F)(F)F)c1
/beegfs/home/m.romanov/thesis/benchmarking/datasets/USPTO/US07317124-20080108-C00024.png,COC(=O)c1cc([N+](=O)[O-])cc(S(F)(F)(F)(F)F)c1
/beegfs/home/m.romanov/thesis/benchmarking/datasets/USPTO/US07317124-20080108-C00025.png,COC(=O)c1cc(N)cc(S(F)(F)(F)(F)F)c1
/beegfs/home/m.romanov/thesis/benchmarking/datasets/USPTO/US07317124-20080108-C00028.png,O=C1c2ccccc2C(=O)N1c1cccc(S(F)(F)(F)(F)F)c1
/beegfs/home/m.romanov/thesis/benchmarking/datasets/USPTO/US07317124-20080108-C00029.png,Nc1ccc(N2C(=O)c3ccccc3C2=O)cc1S(F)(F)(F)(F)F
/beegfs/home/m.romanov/thesis/benchmarking/datasets/USPTO/US07317124-20080108-C00030.png,O=C1c2ccccc2C(=O)N1c1ccc(NO)c(S(F)(F)(F)(F)F)c1
/beegfs/home/m.romanov/thesis/benchmarking/datasets/USPTO/US07317124-20080108-C00031.png,N#Cc1ccc(N2C(=O)c3ccccc3C2=O)cc1S(F)(F)(F)(F)F
/beegfs/home/m.romanov/thesis/benchmarking/datasets/USPTO/US07317124-20080108-C00035.png,COc1c(Br)cc(S(F)(F)(F)(F)F)c([N+](=O)[O-])c1Br
/beegfs/home/m.romanov/thesis/benchmarking/datasets/USPTO/US07317124-20080108-C00036.png,Oc1ccc(S(F)(F)(F)(F)F)cc1
/beegfs/home/m.romanov/thesis/benchmarking/datasets/USPTO/US07317124-20080108-C00037.png,COc1ccc(S(F)(F)(F)(F)F)cc1
/beegfs/home/m.romanov/thesis/benchmarking/datasets/USPTO/US07317124-20080108-C00038.png,Oc1c(Br)cc(S(F)(F)(F)(F)F)cc1Br
/beegfs/home/m.romanov/thesis/benchmarking/datasets/USPTO/US07317124-20080108-C00039.png,COc1c(Br)cc(S(F)(F)(F)(F)F)cc1Br
/beegfs/home/m.romanov/thesis/benchmarking/datasets/USPTO/US07317124-20080108-C00041.png,COc1ccc(S(F)(F)(F)(F)F)cc1Cl
/beegfs/home/m.romanov/thesis/benchmarking/datasets/USPTO/US07317124-20080108-C00042.png,Oc1c(Cl)cc(S(F)(F)(F)(F)F)cc1Br
/beegfs/home/m.romanov/thesis/benchmarking/datasets/USPTO/US07317124-20080108-C00043.png,COc1c(Cl)cc(S(F)(F)(F)(F)F)cc1Br
/beegfs/home/m.romanov/thesis/benchmarking/datasets/USPTO/US07317124-20080108-C00044.png,Nc1cc(S(F)(F)(F)(F)F)c([N+](=O)[O-])cc1Cl
/beegfs/home/m.romanov/thesis/benchmarking/datasets/USPTO/US07317125-20080108-C00035.png,CC(C)N(NC(=O)c1ccccc1)C(=O)CSc1ccccc1Br
/beegfs/home/m.romanov/thesis/benchmarking/datasets/USPTO/US07317125-20080108-C00037.png,COCCOc1ccc(C(=O)NN(C(=O)COc2ccc(F)cc2Br)C(C)C)cc1
/beegfs/home/m.romanov/thesis/benchmarking/datasets/USPTO/US07317125-20080108-C00038.png,CC(C)N(NC(=O)c1cccs1)C(=O)COc1ccc(F)cc1Br
/beegfs/home/m.romanov/thesis/benchmarking/datasets/USPTO/US07317125-20080108-C00039.png,CC(C)N(NC(=O)c1ccsc1)C(=O)COc1ccc(F)cc1Br
/beegfs/home/m.romanov/thesis/benchmarking/datasets/USPTO/US07317125-20080108-C00040.png,CC(C)N(NC(=O)C1CCSCC1)C(=O)COc1ccc(F)cc1Br
/beegfs/home/m.romanov/thesis/benchmarking/datasets/USPTO/US07317125-20080108-C00042.png,Cc1ccc(OCC(=O)N(NC(=O)c2ccccc2)C(C)C)c(Br)c1
/beegfs/home/m.romanov/thesis/benchmarking/datasets/USPTO/US07317125-20080108-C00044.png,CC(C)N(NC(=O)c1ccccc1)C(=O)COc1cc(F)c(F)cc1Br
/beegfs/home/m.romanov/thesis/benchmarking/datasets/USPTO/US07317125-20080108-C00046.png,CC(C)N(NC(=O)c1ccccc1)C(=O)COc1c(F)cc(F)cc1Br
/beegfs/home/m.romanov/thesis/benchmarking/datasets/USPTO/US07317125-20080108-C00048.png,CC(C)N(NC(=O)c1ccccc1)C(=O)COc1ccc(C#N)cc1Br
/beegfs/home/m.romanov/thesis/benchmarking/datasets/USPTO/US07317125-20080108-C00049.png,CC(C)N(NC(=O)c1ccccc1)C(=O)COc1ccc(F)cc1-c1ccc(F)cc1
/beegfs/home/m.romanov/thesis/benchmarking/datasets/USPTO/US07317125-20080108-C00050.png,CC(C)N(NC(=O)c1ccccc1)C(=O)COc1ccc(F)cc1-c1ccccc1Cl
/beegfs/home/m.romanov/thesis/benchmarking/datasets/USPTO/US07317125-20080108-C00051.png,Cc1ccccc1-c1cc(F)ccc1OCC(=O)N(NC(=O)c1ccccc1)C(C)C
/beegfs/home/m.romanov/thesis/benchmarking/datasets/USPTO/US07317125-20080108-C00052.png,COc1ccccc1-c1cc(F)ccc1OCC(=O)N(NC(=O)c1ccccc1)C(C)C
/beegfs/home/m.romanov/thesis/benchmarking/datasets/USPTO/US07317125-20080108-C00053.png,CC(C)N(NC(=O)c1ccccc1)C(=O)COc1ccc(F)cc1-c1ccccc1F
/beegfs/home/m.romanov/thesis/benchmarking/datasets/USPTO/US07317125-20080108-C00054.png,COc1ccc(-c2cc(F)ccc2OCC(=O)N(NC(=O)c2ccccc2)C(C)C)cc1
/beegfs/home/m.romanov/thesis/benchmarking/datasets/USPTO/US07317125-20080108-C00055.png,CC(C)N(NC(=O)c1ccccc1)C(=O)COc1ccc(F)cc1-c1ccc(Cl)cc1
/beegfs/home/m.romanov/thesis/benchmarking/datasets/USPTO/US07317125-20080108-C00056.png,COc1cccc(-c2cc(F)ccc2OCC(=O)N(NC(=O)c2ccccc2)C(C)C)c1
/beegfs/home/m.romanov/thesis/benchmarking/datasets/USPTO/US07317125-20080108-C00057.png,CC(C)N(NC(=O)c1ccccc1)C(=O)COc1ccc(F)cc1-c1cccc(F)c1
/beegfs/home/m.romanov/thesis/benchmarking/datasets/USPTO/US07317125-20080108-C00058.png,CC(C)N(NC(=O)c1ccccc1)C(=O)COc1ccc(F)cc1-c1cccc(Cl)c1
/beegfs/home/m.romanov/thesis/benchmarking/datasets/USPTO/US07317125-20080108-C00059.png,CC(C)N(NC(=O)c1ccccc1)C(=O)COc1ccc(F)cc1-c1ccccc1
/beegfs/home/m.romanov/thesis/benchmarking/datasets/USPTO/US07317125-20080108-C00060.png,CC(C)c1cccc(-c2cc(F)ccc2OCC(=O)N(NC(=O)c2ccccc2)C(C)C)c1
/beegfs/home/m.romanov/thesis/benchmarking/datasets/USPTO/US07317125-20080108-C00061.png,CSc1ccccc1-c1cc(F)ccc1OCC(=O)N(NC(=O)c1ccccc1)C(C)C
/beegfs/home/m.romanov/thesis/benchmarking/datasets/USPTO/US07317125-20080108-C00062.png,CC(C)N(NC(=O)c1ccccc1)C(=O)COc1ccc(F)cc1-c1ccccc1[N+](=O)[O-]
/beegfs/home/m.romanov/thesis/benchmarking/datasets/USPTO/US07317125-20080108-C00063.png,CC(C)Oc1ccccc1-c1cc(F)ccc1OCC(=O)N(NC(=O)c1ccccc1)C(C)C
/beegfs/home/m.romanov/thesis/benchmarking/datasets/USPTO/US07317125-20080108-C00064.png,CCc1ccccc1-c1cc(F)ccc1OCC(=O)N(NC(=O)c1ccccc1)C(C)C
/beegfs/home/m.romanov/thesis/benchmarking/datasets/USPTO/US07317125-20080108-C00065.png,CCCOc1ccccc1-c1cc(F)ccc1OCC(=O)N(NC(=O)c1ccccc1)C(C)C
/beegfs/home/m.romanov/thesis/benchmarking/datasets/USPTO/US07317125-20080108-C00066.png,COC(=O)c1ccccc1-c1cc(F)ccc1OCC(=O)N(NC(=O)c1ccccc1)C(C)C
/beegfs/home/m.romanov/thesis/benchmarking/datasets/USPTO/US07317125-20080108-C00067.png,Cc1cccc(-c2cc(F)ccc2OCC(=O)N(NC(=O)c2ccccc2)C(C)C)c1C
/beegfs/home/m.romanov/thesis/benchmarking/datasets/USPTO/US07317125-20080108-C00069.png,CCOc1ccccc1-c1cc(F)ccc1OCC(=O)N(NC(=O)c1ccccc1)C(C)C
/beegfs/home/m.romanov/thesis/benchmarking/datasets/USPTO/US07317125-20080108-C00070.png,CC(C)c1ccccc1-c1cc(F)ccc1OCC(=O)N(NC(=O)c1ccccc1)C(C)C
/beegfs/home/m.romanov/thesis/benchmarking/datasets/USPTO/US07317125-20080108-C00071.png,CC(C)N(NC(=O)c1ccccc1)C(=O)COc1ccc(F)cc1-c1ccccc1S(C)(=O)=O
/beegfs/home/m.romanov/thesis/benchmarking/datasets/USPTO/US07317125-20080108-C00072.png,CC(C)N(NC(=O)c1ccccc1)C(=O)COc1ccc(F)cc1-c1ccc(F)cc1F
/beegfs/home/m.romanov/thesis/benchmarking/datasets/USPTO/US07317125-20080108-C00073.png,Cc1cc(F)ccc1-c1cc(F)ccc1OCC(=O)N(NC(=O)c1ccccc1)C(C)C
/beegfs/home/m.romanov/thesis/benchmarking/datasets/USPTO/US07317125-20080108-C00074.png,CCc1ccccc1-c1cc(C)ccc1OCC(=O)N(NC(=O)c1ccccc1)C(C)C
/beegfs/home/m.romanov/thesis/benchmarking/datasets/USPTO/US07317125-20080108-C00075.png,CCc1ccccc1-c1cc(F)c(F)cc1OCC(=O)N(NC(=O)c1ccccc1)C(C)C
/beegfs/home/m.romanov/thesis/benchmarking/datasets/USPTO/US07317125-20080108-C00076.png,CCc1ccccc1-c1cc(F)cc(F)c1OCC(=O)N(NC(=O)c1ccccc1)C(C)C
/beegfs/home/m.romanov/thesis/benchmarking/datasets/USPTO/US07317125-20080108-C00077.png,CCc1ccccc1-c1cc(C#N)ccc1OCC(=O)N(NC(=O)c1ccccc1)C(C)C
/beegfs/home/m.romanov/thesis/benchmarking/datasets/USPTO/US07317125-20080108-C00078.png,CCc1ccccc1-c1cc(F)ccc1OCC(=O)N(NC(=O)c1ccc(OCCOC)cc1)C(C)C
/beegfs/home/m.romanov/thesis/benchmarking/datasets/USPTO/US07317125-20080108-C00079.png,Cc1ccc(OCC(=O)N(NC(=O)c2ccccc2)C(C)C)c(-c2ccccc2OC(F)(F)F)c1
/beegfs/home/m.romanov/thesis/benchmarking/datasets/USPTO/US07317125-20080108-C00080.png,CC(C)N(NC(=O)c1ccccc1)C(=O)COc1cc(F)c(F)cc1-c1ccccc1OC(F)(F)F
/beegfs/home/m.romanov/thesis/benchmarking/datasets/USPTO/US07317125-20080108-C00081.png,CC(C)N(NC(=O)c1ccccc1)C(=O)COc1c(F)cc(F)cc1-c1ccccc1OC(F)(F)F
/beegfs/home/m.romanov/thesis/benchmarking/datasets/USPTO/US07317125-20080108-C00082.png,CC(C)N(NC(=O)C1CCOCC1)C(=O)COc1ccc(F)cc1-c1ccccc1OC(F)(F)F
/beegfs/home/m.romanov/thesis/benchmarking/datasets/USPTO/US07317125-20080108-C00083.png,Cc1ccoc1C(=O)NN(C(=O)COc1ccc(F)cc1-c1ccccc1OC(F)(F)F)C(C)C
/beegfs/home/m.romanov/thesis/benchmarking/datasets/USPTO/US07317125-20080108-C00084.png,CC(C)N(NC(=O)c1ccco1)C(=O)COc1ccc(F)cc1-c1ccccc1OC(F)(F)F
/beegfs/home/m.romanov/thesis/benchmarking/datasets/USPTO/US07317125-20080108-C00085.png,CC(C)N(NC(=O)c1ccoc1)C(=O)COc1ccc(F)cc1-c1ccccc1OC(F)(F)F
/beegfs/home/m.romanov/thesis/benchmarking/datasets/USPTO/US07317125-20080108-C00087.png,COCCOc1ccc(C(=O)NN(C(=O)COc2ccc(F)cc2-c2ccccc2OC(F)(F)F)C(C)C)cc1
/beegfs/home/m.romanov/thesis/benchmarking/datasets/USPTO/US07317125-20080108-C00088.png,CC(C)N(NC(=O)c1cccs1)C(=O)COc1ccc(F)cc1-c1ccccc1OC(F)(F)F
/beegfs/home/m.romanov/thesis/benchmarking/datasets/USPTO/US07317125-20080108-C00089.png,CC(C)N(NC(=O)C1CCSCC1)C(=O)COc1ccc(F)cc1-c1ccccc1OC(F)(F)F
/beegfs/home/m.romanov/thesis/benchmarking/datasets/USPTO/US07317125-20080108-C00090.png,CC(C)N(NC(=O)c1ccsc1)C(=O)COc1ccc(F)cc1-c1ccccc1OC(F)(F)F
/beegfs/home/m.romanov/thesis/benchmarking/datasets/USPTO/US07317125-20080108-C00091.png,CCc1ccccc1-c1cc(F)ccc1OCC(=O)N(NC(=O)c1ccsc1)C(C)C
/beegfs/home/m.romanov/thesis/benchmarking/datasets/USPTO/US07317125-20080108-C00092.png,CC(C)N(NC(=O)c1ccccc1)C(=O)COc1ccccc1C1CCCC1
/beegfs/home/m.romanov/thesis/benchmarking/datasets/USPTO/US07317125-20080108-C00093.png,CCC(C)c1ccccc1OCC(=O)N(NC(=O)c1ccccc1)C(C)C
/beegfs/home/m.romanov/thesis/benchmarking/datasets/USPTO/US07317125-20080108-C00094.png,CCCc1ccccc1OCC(=O)N(NC(=O)c1ccccc1)C(C)C
/beegfs/home/m.romanov/thesis/benchmarking/datasets/USPTO/US07317125-20080108-C00095.png,CC(C)N(NC(=O)c1ccccc1)C(=O)COc1ccccc1Cc1ccccc1
/beegfs/home/m.romanov/thesis/benchmarking/datasets/USPTO/US07317125-20080108-C00096.png,CC(C)N(NC(=O)c1ccccc1)C(=O)CSc1ccccc1-c1cccc(F)c1
/beegfs/home/m.romanov/thesis/benchmarking/datasets/USPTO/US07317125-20080108-C00097.png,Cc1cccc(-c2ccccc2SCC(=O)N(NC(=O)c2ccccc2)C(C)C)c1C
/beegfs/home/m.romanov/thesis/benchmarking/datasets/USPTO/US07317125-20080108-C00098.png,COc1cccc(-c2ccccc2SCC(=O)N(NC(=O)c2ccccc2)C(C)C)c1
/beegfs/home/m.romanov/thesis/benchmarking/datasets/USPTO/US07317125-20080108-C00099.png,CC(C)N(NC(=O)c1ccccc1)C(=O)CSc1ccccc1-c1ccc(F)cc1
/beegfs/home/m.romanov/thesis/benchmarking/datasets/USPTO/US07317125-20080108-C00100.png,CC(C)N(NC(=O)c1ccccc1)C(=O)CSc1ccccc1-c1cccc(C(F)(F)F)c1
/beegfs/home/m.romanov/thesis/benchmarking/datasets/USPTO/US07317125-20080108-C00101.png,COc1ccccc1-c1ccccc1SCC(=O)N(NC(=O)c1ccccc1)C(C)C
/beegfs/home/m.romanov/thesis/benchmarking/datasets/USPTO/US07317125-20080108-C00102.png,CC(C)N(NC(=O)c1ccccc1)C(=O)CSc1ccccc1-c1ccccc1F
/beegfs/home/m.romanov/thesis/benchmarking/datasets/USPTO/US07317125-20080108-C00103.png,COc1ccc(-c2ccccc2SCC(=O)N(NC(=O)c2ccccc2)C(C)C)cc1
/beegfs/home/m.romanov/thesis/benchmarking/datasets/USPTO/US07317125-20080108-C00104.png,CC(C)N(NC(=O)c1ccccc1)C(=O)CSc1ccccc1-c1ccccc1
/beegfs/home/m.romanov/thesis/benchmarking/datasets/USPTO/US07317125-20080108-C00105.png,CC(C)CNc1ccc(C(=O)NN(C(=O)COc2ccc(F)cc2-c2ccccc2OC(F)(F)F)C(C)C)cc1
/beegfs/home/m.romanov/thesis/benchmarking/datasets/USPTO/US07317126-20080108-C00003.png,COc1ccc2[nH]c(S(=O)Cc3ncc(C)c(OC)c3C)nc2c1
/beegfs/home/m.romanov/thesis/benchmarking/datasets/USPTO/US07317131-20080108-C00009.png,NCCP(c1ccccc1)c1ccccc1
/beegfs/home/m.romanov/thesis/benchmarking/datasets/USPTO/US07317131-20080108-C00010.png,C[C@@H](N)CP(c1ccccc1)c1ccccc1
/beegfs/home/m.romanov/thesis/benchmarking/datasets/USPTO/US07317131-20080108-C00011.png,C#CC#CC#C[C@@H](N)CP(c1ccccc1)c1ccccc1.[HH].[HH].[HH].[HH].[HH]
/beegfs/home/m.romanov/thesis/benchmarking/datasets/USPTO/US07317131-20080108-C00013.png,c1ccc(P(c2ccccc2)c2ccc3ccccc3c2-c2c(P(c3ccccc3)c3ccccc3)ccc3ccccc23)cc1
/beegfs/home/m.romanov/thesis/benchmarking/datasets/USPTO/US07317131-20080108-C00014.png,CC1(C)O[C@@H](CP(c2ccccc2)c2ccccc2)[C@H](CP(c2ccccc2)c2ccccc2)O1
/beegfs/home/m.romanov/thesis/benchmarking/datasets/USPTO/US07317131-20080108-C00015.png,c1ccc(P(CCCCP(c2ccccc2)c2ccccc2)c2ccccc2)cc1
/beegfs/home/m.romanov/thesis/benchmarking/datasets/USPTO/US07317131-20080108-C00016.png,NCCCP(c1ccccc1)c1ccccc1
/beegfs/home/m.romanov/thesis/benchmarking/datasets/USPTO/US07317131-20080108-C00017.png,CC(C)[C@@H]1COC(c2ccccc2P(c2ccccc2)c2ccccc2)=N1
/beegfs/home/m.romanov/thesis/benchmarking/datasets/USPTO/US07317131-20080108-C00019.png,CC(C)CC/N=C/c1ccccc1P(c1ccccc1)c1ccccc1
/beegfs/home/m.romanov/thesis/benchmarking/datasets/USPTO/US07317131-20080108-C00020.png,CC1(C)[C@@H]2CCC(C/N=C/c3ccccc3P(c3ccccc3)c3ccccc3)[C@H]1C2
/beegfs/home/m.romanov/thesis/benchmarking/datasets/USPTO/US07317432-20080108-C00001.png,O=C(c1cc2ccccc2oc1=O)c1cc2ccccc2oc1=O
/beegfs/home/m.romanov/thesis/benchmarking/datasets/USPTO/US07317498-20080108-C00003.png,C=CC(=O)OCCOc1ccc(C(=O)Oc2ccc(C(=O)N[C@@H](C)c3cccc4ccccc34)cc2)cc1
/beegfs/home/m.romanov/thesis/benchmarking/datasets/USPTO/US07318843-20080115-C00021.png,C.C.CCCC(O)CN(CCO)CCO
/beegfs/home/m.romanov/thesis/benchmarking/datasets/USPTO/US07318899-20080115-C00004.png,O=C(O)CN(CCN(CC(=O)O)CC(=O)N(CCO)CCO)CCN(CC(=O)O)CC(=O)N(CCO)CCO
/beegfs/home/m.romanov/thesis/benchmarking/datasets/USPTO/US07318899-20080115-C00005.png,O=C(O)CN(CCN(CC(=O)O)CC(=O)O)CCN(CC(=O)O)CC(=O)Nc1ccc(Cc2ccc(NC(=O)CN(CCN(CCN(CC(=O)O)CC(=O)O)CC(=O)O)CC(=O)O)cc2)cc1
/beegfs/home/m.romanov/thesis/benchmarking/datasets/USPTO/US07318899-20080115-C00006.png,COCCN(CCOC)C(=O)CN(CCN(CCN(CC(=O)O)CC(=O)N(CCOC)CCOC)CC(=O)O)CC(=O)O
/beegfs/home/m.romanov/thesis/benchmarking/datasets/USPTO/US07318899-20080115-C00007.png,O=C(O)CN(CCN(CC(=O)O)CC(=O)NCC(O)C(O)C(O)C(O)CO)CCN(CC(=O)O)CC(=O)NCC(O)C(O)C(O)C(O)CO
/beegfs/home/m.romanov/thesis/benchmarking/datasets/USPTO/US07318899-20080115-C00008.png,C=Cc1ccc(NC(=O)CN(CCN(CC(=O)O)CC(=O)O)CC(=O)O)cc1
/beegfs/home/m.romanov/thesis/benchmarking/datasets/USPTO/US07318899-20080115-C00009.png,CCC(C)C(C)C(C)C(C)C(C)(c1ccc(NC(=O)CN(CCN(CC(=O)O)CC(=O)O)CC(=O)O)cc1)C(C)C(C)C(C)C(C)CC
/beegfs/home/m.romanov/thesis/benchmarking/datasets/USPTO/US07318926-20080115-C00001.png,OCC1O[C@H](O[C@@H]2C(O)[C@H](O)CC(CO)[C@@H]2O)C(O)[C@@H](O)[C@H]1O
/beegfs/home/m.romanov/thesis/benchmarking/datasets/USPTO/US07318932-20080115-C00025.png,O=C(ON1C(=O)CCC1=O)ON1C(=O)CCC1=O
/beegfs/home/m.romanov/thesis/benchmarking/datasets/USPTO/US07318946-20080115-C00005.png,C.C.[H]OCCOc1ccc(CCCCCCCCC)cc1
/beegfs/home/m.romanov/thesis/benchmarking/datasets/USPTO/US07318965-20080115-C00139.png,Cc1ccc(-c2c3c(c(-c4cccc(-c5ccccc5)c4)c4ccccc24)-c2ccc4c5ccc6c7c(ccc(c8ccc-3c2c48)c75)-c2c-6c(-c3ccc4ccccc4c3)c3ccccc3c2-c2ccccc2-c2ccccc2)cc1
/beegfs/home/m.romanov/thesis/benchmarking/datasets/USPTO/US07318966-20080115-C00013.png,CC(=O)c1ccc(-c2ccccc2-c2ccccc2-c2ccc(C(C)=O)cc2)cc1
/beegfs/home/m.romanov/thesis/benchmarking/datasets/USPTO/US07318966-20080115-C00031.png,c1ccc2c(c1)Oc1ccccc1C21c2ccccc2-c2ccccc21
/beegfs/home/m.romanov/thesis/benchmarking/datasets/USPTO/US07318966-20080115-C00032.png,CCc1cc(CC)c2c(c1)C1(c3ccccc3S2)c2ccccc2-c2ccccc21
/beegfs/home/m.romanov/thesis/benchmarking/datasets/USPTO/US07318966-20080115-C00033.png,CC(=O)c1ccc2c(c1)C1(c3ccccc3O2)c2ccccc2-c2ccc(C(C)=O)cc21
/beegfs/home/m.romanov/thesis/benchmarking/datasets/USPTO/US07318966-20080115-C00034.png,c1ccc2c(c1)-c1ccc(-c3ccc4ccc5ccccc5c4n3)cc1C21c2ccccc2-c2ccc(-c3ccc4ccc5ccccc5c4n3)cc21
/beegfs/home/m.romanov/thesis/benchmarking/datasets/USPTO/US07318966-20080115-C00036.png,CC(=O)c1ccc2c(c1)C1(c3cc(-c4ccc5ccc6ccccc6c5n4)ccc3-2)c2cc(-c3ccc4ccc5ccccc5c4n3)ccc2-c2ccc(-c3ccc4ccc5ccccc5c4n3)cc21
/beegfs/home/m.romanov/thesis/benchmarking/datasets/USPTO/US07318966-20080115-C00039.png,c1cc(-c2ccc3ccc4cccnc4c3n2)cc(-c2ccccc2-c2ccccc2-c2cccc(-c3ccc4ccc5cccnc5c4n3)c2)c1
/beegfs/home/m.romanov/thesis/benchmarking/datasets/USPTO/US07318966-20080115-C00040.png,CC1(C)CC2(CC(C)(C)c3ccc(-c4ccc(-c5ccc6ccc7cccnc7c6n5)cc4)cc32)c2cc(-c3ccc(-c4ccc5ccc6cccnc6c5n4)cc3)ccc21
/beegfs/home/m.romanov/thesis/benchmarking/datasets/USPTO/US07318966-20080115-C00044.png,c1ccc2c(c1)-c1ccc(-c3ccc4ccc5cccnc5c4n3)cc1C21c2ccccc2-c2ccc(-c3ccc4ccc5cccnc5c4n3)cc21
/beegfs/home/m.romanov/thesis/benchmarking/datasets/USPTO/US07318966-20080115-C00045.png,C(=C(c1ccccc1)c1ccccc1)c1ccc(-c2ccc(C=C(c3ccccc3)c3ccccc3)cc2)cc1
/beegfs/home/m.romanov/thesis/benchmarking/datasets/USPTO/US07318966-20080115-C00048.png,c1ccc2c(c1)ccc1ccc(-c3cc(-c4ccc5ccc6ccccc6c5n4)cc(-c4ccc5ccc6ccccc6c5n4)c3)nc12
/beegfs/home/m.romanov/thesis/benchmarking/datasets/USPTO/US07318966-20080115-C00049.png,c1ccc(-n2c(-c3cccc(-c4nc5c6ccccc6c6ccccc6c5n4-c4ccccc4)c3)nc3c4ccccc4c4ccccc4c32)cc1
/beegfs/home/m.romanov/thesis/benchmarking/datasets/USPTO/US07318966-20080115-C00050.png,Cc1ccccc1-c1oc(-c2ccccc2C)c2ccccc12
/beegfs/home/m.romanov/thesis/benchmarking/datasets/USPTO/US07319022-20080115-C00005.png,C=CCN(C)c1ccc(N=Nc2ccc(C=Cc3ccc([N+](=O)[O-])cc3)cc2)cc1
/beegfs/home/m.romanov/thesis/benchmarking/datasets/USPTO/US07319022-20080115-C00007.png,O=[N+]([O-])c1ccc(-c2ccc(N=Nc3ccccc3)cc2)cc1
/beegfs/home/m.romanov/thesis/benchmarking/datasets/USPTO/US07319022-20080115-C00008.png,O=[N+]([O-])c1ccc(-c2ccc(N=Nc3ccc(N(CCO)CCO)cc3)cc2)cc1
/beegfs/home/m.romanov/thesis/benchmarking/datasets/USPTO/US07319022-20080115-C00009.png,CCN(CC)c1ccc(N=Nc2ccc([N+](=O)[O-])cc2[N+](=O)[O-])cc1
/beegfs/home/m.romanov/thesis/benchmarking/datasets/USPTO/US07319022-20080115-C00011.png,CCN(CC)c1ccc(N=Nc2c(Br)cc([N+](=O)[O-])cc2[N+](=O)[O-])cc1
/beegfs/home/m.romanov/thesis/benchmarking/datasets/USPTO/US07319022-20080115-C00013.png,CCN(CC)c1ccc(N=Nc2c(C#N)cc([N+](=O)[O-])cc2[N+](=O)[O-])cc1
/beegfs/home/m.romanov/thesis/benchmarking/datasets/USPTO/US07319022-20080115-C00019.png,CCN(CC)c1cc(NC(C)=O)c(N=Nc2c(C#N)cc([N+](=O)[O-])cc2C#N)cc1OC
/beegfs/home/m.romanov/thesis/benchmarking/datasets/USPTO/US07319022-20080115-C00020.png,COc1cc(N=Nc2c(C#N)cc([N+](=O)[O-])cc2C#N)c(NC(C)=O)cc1N(CCO)CCC(=O)O
/beegfs/home/m.romanov/thesis/benchmarking/datasets/USPTO/US07319022-20080115-C00021.png,COCCCNc1ccc(N=Nc2c(C#N)cc([N+](=O)[O-])cc2C#N)c2ccccc12
/beegfs/home/m.romanov/thesis/benchmarking/datasets/USPTO/US07319022-20080115-C00023.png,CN(C)c1ccc(N=Nc2snc3ccc([N+](=O)[O-])cc23)cc1
/beegfs/home/m.romanov/thesis/benchmarking/datasets/USPTO/US07319022-20080115-C00025.png,CC(=O)c1cc([N+](=O)[O-])c(N=Nc2ccc(N(C)C)cc2)s1
/beegfs/home/m.romanov/thesis/benchmarking/datasets/USPTO/US07319022-20080115-C00027.png,COc1cc(N=Nc2sc(C(C)=O)cc2[N+](=O)[O-])c(NC(C)=O)cc1N(CCO)CCO
/beegfs/home/m.romanov/thesis/benchmarking/datasets/USPTO/US07319022-20080115-C00029.png,CN(C)c1ccc(N=Nc2ccc([N+](=O)[O-])cc2)s1
/beegfs/home/m.romanov/thesis/benchmarking/datasets/USPTO/US07319022-20080115-C00030.png,O=[N+]([O-])c1ccc(N=Nc2ccc(N(CCO)CCO)s2)cc1
/beegfs/home/m.romanov/thesis/benchmarking/datasets/USPTO/US07319022-20080115-C00031.png,CCN(CC)c1ccc(N=Nc2sc([N+](=O)[O-])cc2[N+](=O)[O-])c(C)c1
/beegfs/home/m.romanov/thesis/benchmarking/datasets/USPTO/US07319022-20080115-C00032.png,Cc1cc(N(CCO)CCO)ccc1N=Nc1sc([N+](=O)[O-])cc1[N+](=O)[O-]
/beegfs/home/m.romanov/thesis/benchmarking/datasets/USPTO/US07319022-20080115-C00037.png,CCN(CC)c1ccc(N=Nc2c(C#N)cc([N+](=O)[O-])cc2C#N)c(OC)c1
/beegfs/home/m.romanov/thesis/benchmarking/datasets/USPTO/US07319022-20080115-C00038.png,COc1cc(N(CCO)CCO)ccc1N=Nc1c(C#N)cc([N+](=O)[O-])cc1C#N
/beegfs/home/m.romanov/thesis/benchmarking/datasets/USPTO/US07319022-20080115-C00041.png,CCN(CC)c1cc(OC)c(N=Nc2c(C#N)cc([N+](=O)[O-])cc2C#N)cc1OC
/beegfs/home/m.romanov/thesis/benchmarking/datasets/USPTO/US07319022-20080115-C00042.png,COc1cc(N(CCO)CCO)c(OC)cc1N=Nc1c(C#N)cc([N+](=O)[O-])cc1C#N
/beegfs/home/m.romanov/thesis/benchmarking/datasets/USPTO/US07319084-20080115-C00064.png,CC(=N\C1C(=O)c2ccccc2C1=O)/C(C)=N/N1C(=O)c2ccccc2C1=O
/beegfs/home/m.romanov/thesis/benchmarking/datasets/USPTO/US07319084-20080115-C00065.png,Cc1cccc(C)c1/N=C(/NNc1ccccc1)C(F)(F)F
/beegfs/home/m.romanov/thesis/benchmarking/datasets/USPTO/US07319084-20080115-C00079.png,CC(=O)/C(C)=N/n1c(-c2ccccc2)ccc1-c1ccccc1
/beegfs/home/m.romanov/thesis/benchmarking/datasets/USPTO/US07319084-20080115-C00086.png,CCOC(=O)C(CC(=O)c1ccccc1)C(=O)c1cccc2ccccc12
/beegfs/home/m.romanov/thesis/benchmarking/datasets/USPTO/US07319084-20080115-C00088.png,CCOC(=O)c1cc(-c2ccccc2)n(N)c1-c1cccc2ccccc12
/beegfs/home/m.romanov/thesis/benchmarking/datasets/USPTO/US07319084-20080115-C00089.png,CCOC(=O)c1cc(-c2ccccc2)n(/N=C(C)/C(C)=N/n2c(-c3ccccc3)ccc2-c2ccccc2)c1-c1cccc2ccccc12
/beegfs/home/m.romanov/thesis/benchmarking/datasets/USPTO/US07319084-20080115-C00090.png,Nc1c(-c2ccc(C(F)(F)F)cc2)cccc1-c1ccc(C(F)(F)F)cc1
/beegfs/home/m.romanov/thesis/benchmarking/datasets/USPTO/US07319084-20080115-C00091.png,CC(=O)Nc1c(-c2ccc(C(F)(F)F)cc2)cccc1-c1ccc(C(F)(F)F)cc1
/beegfs/home/m.romanov/thesis/benchmarking/datasets/USPTO/US07319084-20080115-C00092.png,C/C(Cl)=N\c1c(-c2ccc(C(F)(F)F)cc2)cccc1-c1ccc(C(F)(F)F)cc1
/beegfs/home/m.romanov/thesis/benchmarking/datasets/USPTO/US07319084-20080115-C00094.png,c1ccc(-c2cccc(-c3ccccc3)c2/N=C2\SCCS\C2=N/c2c(-c3ccccc3)cccc2-c2ccccc2)cc1
/beegfs/home/m.romanov/thesis/benchmarking/datasets/USPTO/US07319084-20080115-C00096.png,Cc1cc(-c2ccccc2)c(/N=C2\SCCS\C2=N/c2c(-c3ccccc3)cc(C)cc2-c2ccccc2)c(-c2ccccc2)c1
/beegfs/home/m.romanov/thesis/benchmarking/datasets/USPTO/US07319090-20080115-C00001.png,[NH3+]NNC(Cc1cccc2[nH]ccc12)C(=O)[O-]
/beegfs/home/m.romanov/thesis/benchmarking/datasets/USPTO/US07319097-20080115-C00097.png,Cc1ccc(-c2ccccc2)cc1
/beegfs/home/m.romanov/thesis/benchmarking/datasets/USPTO/US07319097-20080115-C00100.png,Cc1cccc2nonc12
/beegfs/home/m.romanov/thesis/benchmarking/datasets/USPTO/US07319097-20080115-C00121.png,Cc1ccc([N+](=O)[O-])cc1
/beegfs/home/m.romanov/thesis/benchmarking/datasets/USPTO/US07319097-20080115-C00180.png,Cc1ccc(S(C)(=O)=O)cc1
/beegfs/home/m.romanov/thesis/benchmarking/datasets/USPTO/US07319097-20080115-C00229.png,CNS(=O)(=O)c1ccccc1
/beegfs/home/m.romanov/thesis/benchmarking/datasets/USPTO/US07319097-20080115-C00255.png,CCc1ccccc1C(N)=O
/beegfs/home/m.romanov/thesis/benchmarking/datasets/USPTO/US07319097-20080115-C00257.png,CCc1cccc(F)c1OC
/beegfs/home/m.romanov/thesis/benchmarking/datasets/USPTO/US07319097-20080115-C00259.png,CC(C)(C)N1CCc2ccccc2C1
/beegfs/home/m.romanov/thesis/benchmarking/datasets/USPTO/US07319097-20080115-C00261.png,CC(C)(C)N1CCCc2ccccc21
/beegfs/home/m.romanov/thesis/benchmarking/datasets/USPTO/US07319100-20080115-C00040.png,CCC(CC)n1cc(Cl)nc(N2CCc3cc(Cl)cc(Cl)c32)c1=O
/beegfs/home/m.romanov/thesis/benchmarking/datasets/USPTO/US07319100-20080115-C00041.png,CCC(CCOC)n1cc(Cl)nc(N2CCc3cc(Cl)cc(Cl)c32)c1=O
/beegfs/home/m.romanov/thesis/benchmarking/datasets/USPTO/US07319100-20080115-C00042.png,CCC(CC)n1cc(Cl)nc(N2CCc3cc(OC)cc(C)c32)c1=O
/beegfs/home/m.romanov/thesis/benchmarking/datasets/USPTO/US07319100-20080115-C00043.png,CCC(CC)n1cc(Cl)nc(N2CCc3cc(OC)cc(Br)c32)c1=O
/beegfs/home/m.romanov/thesis/benchmarking/datasets/USPTO/US07319100-20080115-C00046.png,CCC(C)n1cc(Cl)nc(N2CCc3cc(OC)cc(Cl)c32)c1=O
/beegfs/home/m.romanov/thesis/benchmarking/datasets/USPTO/US07319100-20080115-C00047.png,CCC(C)n1cc(Cl)nc(N2CCc3cc(OC)cc(Br)c32)c1=O
/beegfs/home/m.romanov/thesis/benchmarking/datasets/USPTO/US07319100-20080115-C00048.png,CCC(C)n1cc(Cl)nc(N2CCc3cc(OC)cc(C)c32)c1=O
/beegfs/home/m.romanov/thesis/benchmarking/datasets/USPTO/US07319100-20080115-C00049.png,CCC(C)n1cc(Cl)nc(N2CCc3cc(Cl)cc(Cl)c32)c1=O
/beegfs/home/m.romanov/thesis/benchmarking/datasets/USPTO/US07319100-20080115-C00050.png,CCC(CC)n1cc(Br)nc(N2CCc3cc(OC)cc(Br)c32)c1=O
/beegfs/home/m.romanov/thesis/benchmarking/datasets/USPTO/US07319100-20080115-C00051.png,CCC(CC)n1cc(Br)nc(N2CCc3cc(OC)cc(C)c32)c1=O
/beegfs/home/m.romanov/thesis/benchmarking/datasets/USPTO/US07319100-20080115-C00053.png,CC[C@H](C1CC1)n1cc(Cl)nc(N2CCc3cc(OC)cc(Cl)c32)c1=O
/beegfs/home/m.romanov/thesis/benchmarking/datasets/USPTO/US07319100-20080115-C00054.png,CC[C@H](C1CC1)n1cc(Cl)nc(N2CCc3cc(OC)cc(Br)c32)c1=O
/beegfs/home/m.romanov/thesis/benchmarking/datasets/USPTO/US07319100-20080115-C00055.png,CC[C@H](C1CC1)n1cc(Cl)nc(N2CCc3cc(OC)cc(C)c32)c1=O
/beegfs/home/m.romanov/thesis/benchmarking/datasets/USPTO/US07319100-20080115-C00056.png,CC[C@H](C1CC1)n1cc(Cl)nc(N2CCc3cc(Cl)cc(Cl)c32)c1=O
/beegfs/home/m.romanov/thesis/benchmarking/datasets/USPTO/US07319100-20080115-C00057.png,CC[C@H](C1CC1)n1cc(Cl)nc(N2CCc3cc(Br)cc(Br)c32)c1=O
/beegfs/home/m.romanov/thesis/benchmarking/datasets/USPTO/US07319100-20080115-C00058.png,CC[C@H](C1CC1)n1cc(Cl)nc(N2CCc3cc(OC)c(F)c(Cl)c32)c1=O
/beegfs/home/m.romanov/thesis/benchmarking/datasets/USPTO/US07319100-20080115-C00059.png,CC[C@@H](C1CC1)n1cc(Cl)nc(N2CCc3cc(OC)cc(Cl)c32)c1=O
/beegfs/home/m.romanov/thesis/benchmarking/datasets/USPTO/US07319100-20080115-C00060.png,CC[C@@H](C1CC1)n1cc(Cl)nc(N2CCc3cc(OC)cc(Br)c32)c1=O
/beegfs/home/m.romanov/thesis/benchmarking/datasets/USPTO/US07319100-20080115-C00061.png,CC[C@@H](C1CC1)n1cc(Cl)nc(N2CCc3cc(OC)cc(C)c32)c1=O
/beegfs/home/m.romanov/thesis/benchmarking/datasets/USPTO/US07319100-20080115-C00062.png,CC[C@@H](C1CC1)n1cc(Cl)nc(N2CCc3cc(Cl)cc(Cl)c32)c1=O
/beegfs/home/m.romanov/thesis/benchmarking/datasets/USPTO/US07319100-20080115-C00063.png,CC[C@@H](C1CC1)n1cc(Cl)nc(N2CCc3cc(Br)cc(Br)c32)c1=O
/beegfs/home/m.romanov/thesis/benchmarking/datasets/USPTO/US07319100-20080115-C00064.png,CC[C@@H](C1CC1)n1cc(Cl)nc(N2CCc3cc(OC)c(F)c(Cl)c32)c1=O
/beegfs/home/m.romanov/thesis/benchmarking/datasets/USPTO/US07319100-20080115-C00065.png,COC[C@@H](C)n1cc(Cl)nc(N2CCc3cc(Cl)cc(Cl)c32)c1=O
/beegfs/home/m.romanov/thesis/benchmarking/datasets/USPTO/US07319100-20080115-C00066.png,COC[C@@H](C)n1cc(Cl)nc(N2CCc3cc(Br)cc(Br)c32)c1=O
/beegfs/home/m.romanov/thesis/benchmarking/datasets/USPTO/US07319100-20080115-C00067.png,CCC(COC)n1cc(Cl)nc(N2CCc3cc(OC)c(F)c(Cl)c32)c1=O
/beegfs/home/m.romanov/thesis/benchmarking/datasets/USPTO/US07319100-20080115-C00069.png,CC[C@H](COC)n1cc(Cl)nc(N2CCc3cc(Cl)cc(Cl)c32)c1=O
/beegfs/home/m.romanov/thesis/benchmarking/datasets/USPTO/US07319100-20080115-C00070.png,CC[C@H](COC)n1cc(Br)nc(N2CCc3cc(OC)cc(Br)c32)c1=O
/beegfs/home/m.romanov/thesis/benchmarking/datasets/USPTO/US07319100-20080115-C00071.png,CC[C@H](COC)n1cc(Br)nc(N2CCc3cc(OC)cc(C)c32)c1=O
/beegfs/home/m.romanov/thesis/benchmarking/datasets/USPTO/US07319100-20080115-C00072.png,CC[C@H](COC)n1cc(Br)nc(N2CCc3cc(Cl)cc(Cl)c32)c1=O
/beegfs/home/m.romanov/thesis/benchmarking/datasets/USPTO/US07319100-20080115-C00073.png,CC[C@H](COC)n1cc(Br)nc(N2CCc3cc(OC)c(F)c(Cl)c32)c1=O
/beegfs/home/m.romanov/thesis/benchmarking/datasets/USPTO/US07319100-20080115-C00074.png,CC[C@@H](COC)n1cc(Cl)nc(N2CCc3cc(OC)cc(Br)c32)c1=O
/beegfs/home/m.romanov/thesis/benchmarking/datasets/USPTO/US07319100-20080115-C00075.png,CC[C@@H](COC)n1cc(Cl)nc(N2CCc3cc(Cl)cc(Cl)c32)c1=O
/beegfs/home/m.romanov/thesis/benchmarking/datasets/USPTO/US07319100-20080115-C00076.png,CC[C@@H](COC)n1cc(Br)nc(N2CCc3cc(Cl)cc(Cl)c32)c1=O
/beegfs/home/m.romanov/thesis/benchmarking/datasets/USPTO/US07319100-20080115-C00077.png,COc1cc(C)c2c(c1)CCN2c1nc(Cl)cn(C(C(C)C)C(C)C)c1=O
/beegfs/home/m.romanov/thesis/benchmarking/datasets/USPTO/US07319100-20080115-C00078.png,COc1cc(Br)c2c(c1)CCN2c1nc(Cl)cn(CCSC)c1=O
/beegfs/home/m.romanov/thesis/benchmarking/datasets/USPTO/US07319100-20080115-C00079.png,COc1cc(C)c2c(c1)CCN2c1nc(Cl)cn(CCSC)c1=O
/beegfs/home/m.romanov/thesis/benchmarking/datasets/USPTO/US07319100-20080115-C00080.png,CSCCn1cc(Cl)nc(N2CCc3cc(Cl)cc(Cl)c32)c1=O
/beegfs/home/m.romanov/thesis/benchmarking/datasets/USPTO/US07319100-20080115-C00081.png,CCC(CC)n1cc(Cl)nc(N2CCc3cc(OC)cc(Cl)c32)c1=O
/beegfs/home/m.romanov/thesis/benchmarking/datasets/USPTO/US07319100-20080115-C00082.png,CCC(C1CCC1)n1c(C)c(Cl)nc(N2CCc3cc(OC)cc(Cl)c32)c1=O
/beegfs/home/m.romanov/thesis/benchmarking/datasets/USPTO/US07319100-20080115-C00087.png,CC[C@H](C1CC1)n1cc(Cl)nc(N2CCc3cc(Br)cc(Cl)c32)c1=O
/beegfs/home/m.romanov/thesis/benchmarking/datasets/USPTO/US07319100-20080115-C00088.png,CC[C@@H](C1CC1)n1cc(Cl)nc(N2CCc3cc(Br)cc(Cl)c32)c1=O
/beegfs/home/m.romanov/thesis/benchmarking/datasets/USPTO/US07319100-20080115-C00089.png,CC[C@H](COC)n1cc(Cl)nc(N2CCc3cc(OC)cc(Cl)c32)c1=O
/beegfs/home/m.romanov/thesis/benchmarking/datasets/USPTO/US07319100-20080115-C00090.png,CC[C@H](COC)n1cc(Cl)nc(N2CCc3cc(OC)cc(C)c32)c1=O
/beegfs/home/m.romanov/thesis/benchmarking/datasets/USPTO/US07319100-20080115-C00092.png,CC[C@H](COC)n1cc(Br)nc(N2CCc3cc(Br)cc(Cl)c32)c1=O
/beegfs/home/m.romanov/thesis/benchmarking/datasets/USPTO/US07319100-20080115-C00093.png,CC[C@@H](COC)n1cc(Cl)nc(N2CCc3cc(Br)cc(Cl)c32)c1=O
/beegfs/home/m.romanov/thesis/benchmarking/datasets/USPTO/US07319100-20080115-C00094.png,CC[C@@H](COC)n1cc(Br)nc(N2CCc3cc(OC)cc(C)c32)c1=O
/beegfs/home/m.romanov/thesis/benchmarking/datasets/USPTO/US07319100-20080115-C00095.png,CCC(CC)n1cc(Cl)nc(N2CCCc3cc(OC)cc(Br)c32)c1=O
/beegfs/home/m.romanov/thesis/benchmarking/datasets/USPTO/US07319100-20080115-C00096.png,CC[C@](C)(C1CC1)n1cc(Cl)nc(N2CCCc3cc(OC)cc(Br)c32)c1=O
/beegfs/home/m.romanov/thesis/benchmarking/datasets/USPTO/US07319100-20080115-C00097.png,CC[C@@H](C1CC1)n1cc(Cl)nc(N2CCCc3cc(OC)cc(Br)c32)c1=O
/beegfs/home/m.romanov/thesis/benchmarking/datasets/USPTO/US07319100-20080115-C00098.png,COC[C@@H](C)n1cc(Cl)nc(N2CCCc3cc(OC)cc(Br)c32)c1=O
/beegfs/home/m.romanov/thesis/benchmarking/datasets/USPTO/US07319100-20080115-C00099.png,CC[C@H](COC)n1cc(Br)nc(N2CCCc3cc(OC)cc(Br)c32)c1=O
/beegfs/home/m.romanov/thesis/benchmarking/datasets/USPTO/US07319100-20080115-C00100.png,CC[C@@H](COC)n1cc(Cl)nc(N2CCCc3cc(OC)cc(Br)c32)c1=O
/beegfs/home/m.romanov/thesis/benchmarking/datasets/USPTO/US07319100-20080115-C00101.png,CC[C@H](C1CC1)n1cc(Cl)nc(N2CCOc3cc(OC)cc(Br)c32)c1=O
/beegfs/home/m.romanov/thesis/benchmarking/datasets/USPTO/US07319100-20080115-C00102.png,COc1cc(Br)c2c(c1)OCCN2
/beegfs/home/m.romanov/thesis/benchmarking/datasets/USPTO/US07319100-20080115-C00103.png,CCC(C1CCC1)n1cc(Cl)nc(N2CCc3cc(OC)cc(Cl)c32)c1=O
/beegfs/home/m.romanov/thesis/benchmarking/datasets/USPTO/US07319100-20080115-C00104.png,CCC(C1CCC1)n1cc(Cl)nc(N2CCOc3cc(OC)cc(Br)c32)c1=O
/beegfs/home/m.romanov/thesis/benchmarking/datasets/USPTO/US07319100-20080115-C00105.png,CCC(C1CCC1)n1cc(Cl)nc(N2CCOc3cc(OC)cc(Cl)c32)c1=O
/beegfs/home/m.romanov/thesis/benchmarking/datasets/USPTO/US07319100-20080115-C00106.png,CC[C@@H](C1CC1)n1cc(Cl)nc(N2CCOc3cc(OC)cc(Br)c32)c1=O
/beegfs/home/m.romanov/thesis/benchmarking/datasets/USPTO/US07319100-20080115-C00107.png,CC[C@H](COC)n1cc(Cl)nc(N2CCOc3cc(OC)cc(Br)c32)c1=O
/beegfs/home/m.romanov/thesis/benchmarking/datasets/USPTO/US07319100-20080115-C00108.png,CC[C@@H](COC)n1cc(Cl)nc(N2CCOc3cc(OC)cc(Br)c32)c1=O
/beegfs/home/m.romanov/thesis/benchmarking/datasets/USPTO/US07319100-20080115-C00109.png,COC[C@H](C)n1cc(Cl)nc(N2CCOc3cc(OC)cc(Br)c32)c1=O
/beegfs/home/m.romanov/thesis/benchmarking/datasets/USPTO/US07319100-20080115-C00110.png,CCC(C1CCC1)n1cc(Cl)nc(N2CCOc3cc(OC)ccc32)c1=O
/beegfs/home/m.romanov/thesis/benchmarking/datasets/USPTO/US07319100-20080115-C00111.png,CC[C@H](C1CC1)n1cc(Cl)nc(N2CCOc3cc(OC)ccc32)c1=O
/beegfs/home/m.romanov/thesis/benchmarking/datasets/USPTO/US07319100-20080115-C00112.png,CC[C@H](COC)n1cc(Br)nc(N2CCOc3cc(OC)cc(Br)c32)c1=O
/beegfs/home/m.romanov/thesis/benchmarking/datasets/USPTO/US07319101-20080115-C00012.png,CC1(C)OC2[C@@H](/C=C/CNC(=O)c3cccc4c3OC(c3ccccc3)(c3ccccc3)O4)O[C@@H](n3cnc4c(N)ncnc43)[C@H]2O1
/beegfs/home/m.romanov/thesis/benchmarking/datasets/USPTO/US07319101-20080115-C00013.png,Nc1ncnc2c1ncn2[C@@H]1O[C@H](/C=C/CNC(=O)c2cccc(O)c2O)[C@H](O)C1O
/beegfs/home/m.romanov/thesis/benchmarking/datasets/USPTO/US07319101-20080115-C00016.png,CC1(C)OC2[C@@H](/C=C/CNC(=O)c3cc(Br)cc4c3OC(c3ccccc3)(c3ccccc3)O4)O[C@@H](n3cnc4c(N)ncnc43)[C@H]2O1
/beegfs/home/m.romanov/thesis/benchmarking/datasets/USPTO/US07319101-20080115-C00017.png,Nc1ncnc2c1ncn2[C@@H]1O[C@H](/C=C/CNC(=O)c2cc(Br)cc(O)c2O)[C@H](O)C1O
/beegfs/home/m.romanov/thesis/benchmarking/datasets/USPTO/US07319101-20080115-C00018.png,COC(=O)c1cc(C#N)cc2c1OC(c1ccccc1)(c1ccccc1)O2
/beegfs/home/m.romanov/thesis/benchmarking/datasets/USPTO/US07319101-20080115-C00019.png,N#Cc1cc2c(c(C(=O)O)c1)OC(c1ccccc1)(c1ccccc1)O2
/beegfs/home/m.romanov/thesis/benchmarking/datasets/USPTO/US07319101-20080115-C00020.png,CC1(C)OC2[C@@H](/C=C/CNC(=O)c3cc(C#N)cc4c3OC(c3ccccc3)(c3ccccc3)O4)O[C@@H](n3cnc4c(N)ncnc43)[C@H]2O1
/beegfs/home/m.romanov/thesis/benchmarking/datasets/USPTO/US07319101-20080115-C00021.png,[C-]#[N+]c1cc(O)c(O)c(C(=O)NC/C=C/[C@H]2O[C@@H](n3cnc4c(N)ncnc43)C(O)[C@H]2O)c1
/beegfs/home/m.romanov/thesis/benchmarking/datasets/USPTO/US07319101-20080115-C00022.png,O=C(O)c1cc(C(=O)C(F)(F)F)cc2c1OC(c1ccccc1)(c1ccccc1)O2
/beegfs/home/m.romanov/thesis/benchmarking/datasets/USPTO/US07319101-20080115-C00023.png,CC1(C)OC2[C@@H](/C=C/CNC(=O)c3cc(C(=O)C(F)(F)F)cc4c3OC(c3ccccc3)(c3ccccc3)O4)O[C@@H](n3cnc4c(N)ncnc43)[C@H]2O1
/beegfs/home/m.romanov/thesis/benchmarking/datasets/USPTO/US07319101-20080115-C00024.png,Nc1ncnc2c1ncn2[C@@H]1O[C@H](/C=C/CNC(=O)c2cc(C(=O)C(F)(F)F)cc(O)c2O)[C@H](O)C1O
/beegfs/home/m.romanov/thesis/benchmarking/datasets/USPTO/US07319101-20080115-C00025.png,O=C(O)c1cc(C(O)c2ccncc2)cc2c1OC(c1ccccc1)(c1ccccc1)O2
/beegfs/home/m.romanov/thesis/benchmarking/datasets/USPTO/US07319101-20080115-C00026.png,O=C(c1ccncc1)c1cc2c(c(C(=O)O)c1)OC(c1ccccc1)(c1ccccc1)O2
/beegfs/home/m.romanov/thesis/benchmarking/datasets/USPTO/US07319101-20080115-C00027.png,CC1(C)OC2[C@@H](/C=C/CNC(=O)c3cc(C(=O)c4ccncc4)cc4c3OC(c3ccccc3)(c3ccccc3)O4)O[C@@H](n3cnc4c(N)ncnc43)[C@H]2O1
/beegfs/home/m.romanov/thesis/benchmarking/datasets/USPTO/US07319101-20080115-C00028.png,Nc1ncnc2c1ncn2[C@@H]1O[C@H](/C=C/CNC(=O)c2cc(C(=O)c3ccncc3)cc(O)c2O)[C@H](O)C1O
/beegfs/home/m.romanov/thesis/benchmarking/datasets/USPTO/US07319101-20080115-C00029.png,O=C(O)c1cc(C(=O)C2CCCCC2)cc2c1OC(c1ccccc1)(c1ccccc1)O2
/beegfs/home/m.romanov/thesis/benchmarking/datasets/USPTO/US07319101-20080115-C00030.png,CC1(C)OC2[C@@H](/C=C/CNC(=O)c3cc(C(=O)C4CCCCC4)cc4c3OC(c3ccccc3)(c3ccccc3)O4)O[C@@H](n3cnc4c(N)ncnc43)[C@H]2O1
/beegfs/home/m.romanov/thesis/benchmarking/datasets/USPTO/US07319101-20080115-C00031.png,Nc1ncnc2c1ncn2[C@@H]1O[C@H](/C=C/CNC(=O)c2cc(C(=O)C3CCCCC3)cc(O)c2O)[C@H](O)C1O
/beegfs/home/m.romanov/thesis/benchmarking/datasets/USPTO/US07319101-20080115-C00035.png,CC1(C)OC2[C@@H](/C=C/CNC(=O)c3cc(Cl)cc4c3OC(c3ccccc3)(c3ccccc3)O4)O[C@@H](n3cnc4c(N)ncnc43)[C@H]2O1
/beegfs/home/m.romanov/thesis/benchmarking/datasets/USPTO/US07319101-20080115-C00036.png,Nc1ncnc2c1ncn2[C@@H]1O[C@H](/C=C/CNC(=O)c2cc(Cl)cc(O)c2O)[C@H](O)C1O
/beegfs/home/m.romanov/thesis/benchmarking/datasets/USPTO/US07319101-20080115-C00037.png,COC(=O)c1cc(-c2ccc(F)cc2)cc2c1OC(c1ccccc1)(c1ccccc1)O2
/beegfs/home/m.romanov/thesis/benchmarking/datasets/USPTO/US07319101-20080115-C00038.png,O=C(O)c1cc(-c2ccc(F)cc2)cc2c1OC(c1ccccc1)(c1ccccc1)O2
/beegfs/home/m.romanov/thesis/benchmarking/datasets/USPTO/US07319101-20080115-C00039.png,CC1(C)OC2[C@@H](/C=C/CNC(=O)c3cc(-c4ccc(F)cc4)cc4c3OC(c3ccccc3)(c3ccccc3)O4)O[C@@H](n3cnc4c(N)ncnc43)[C@H]2O1
/beegfs/home/m.romanov/thesis/benchmarking/datasets/USPTO/US07319101-20080115-C00040.png,Nc1ncnc2c1ncn2[C@@H]1O[C@H](/C=C/CNC(=O)c2cc(-c3ccc(F)cc3)cc(O)c2O)[C@H](O)C1O
/beegfs/home/m.romanov/thesis/benchmarking/datasets/USPTO/US07319101-20080115-C00041.png,COC(=O)c1cc(-c2ccc(C)cc2)cc2c1OC(c1ccccc1)(c1ccccc1)O2
/beegfs/home/m.romanov/thesis/benchmarking/datasets/USPTO/US07319101-20080115-C00042.png,Cc1ccc(-c2cc3c(c(C(=O)O)c2)OC(c2ccccc2)(c2ccccc2)O3)cc1
/beegfs/home/m.romanov/thesis/benchmarking/datasets/USPTO/US07319101-20080115-C00043.png,Cc1ccc(-c2cc3c(c(C(=O)NC/C=C/[C@H]4O[C@@H](n5cnc6c(N)ncnc65)[C@H]5OC(C)(C)OC45)c2)OC(c2ccccc2)(c2ccccc2)O3)cc1
/beegfs/home/m.romanov/thesis/benchmarking/datasets/USPTO/US07319101-20080115-C00044.png,Cc1ccc(-c2cc(O)c(O)c(C(=O)NC/C=C/[C@H]3O[C@@H](n4cnc5c(N)ncnc54)C(O)[C@H]3O)c2)cc1
/beegfs/home/m.romanov/thesis/benchmarking/datasets/USPTO/US07319101-20080115-C00045.png,COC(=O)c1cc(-c2nccs2)cc2c1OC(c1ccccc1)(c1ccccc1)O2
/beegfs/home/m.romanov/thesis/benchmarking/datasets/USPTO/US07319101-20080115-C00046.png,O=C(O)c1cc(-c2nccs2)cc2c1OC(c1ccccc1)(c1ccccc1)O2
/beegfs/home/m.romanov/thesis/benchmarking/datasets/USPTO/US07319101-20080115-C00047.png,CC1(C)OC2[C@@H](/C=C/CNC(=O)c3cc(-c4nccs4)cc4c3OC(c3ccccc3)(c3ccccc3)O4)O[C@@H](n3cnc4c(N)ncnc43)[C@H]2O1
/beegfs/home/m.romanov/thesis/benchmarking/datasets/USPTO/US07319101-20080115-C00048.png,Nc1ncnc2c1ncn2[C@@H]1O[C@H](/C=C/CNC(=O)c2cc(-c3nccs3)cc(O)c2O)[C@H](O)C1O
/beegfs/home/m.romanov/thesis/benchmarking/datasets/USPTO/US07319101-20080115-C00049.png,COC(=O)c1cc(-c2nc3ccccc3s2)cc2c1OC(c1ccccc1)(c1ccccc1)O2
/beegfs/home/m.romanov/thesis/benchmarking/datasets/USPTO/US07319101-20080115-C00050.png,O=C(O)c1cc(-c2nc3ccccc3s2)cc2c1OC(c1ccccc1)(c1ccccc1)O2
/beegfs/home/m.romanov/thesis/benchmarking/datasets/USPTO/US07319101-20080115-C00051.png,CC1(C)OC2[C@@H](/C=C/CNC(=O)c3cc(-c4nc5ccccc5s4)cc4c3OC(c3ccccc3)(c3ccccc3)O4)O[C@@H](n3cnc4c(N)ncnc43)[C@H]2O1
/beegfs/home/m.romanov/thesis/benchmarking/datasets/USPTO/US07319101-20080115-C00052.png,Nc1ncnc2c1ncn2[C@@H]1O[C@H](/C=C/CNC(=O)c2cc(-c3nc4ccccc4s3)cc(O)c2O)[C@H](O)C1O
/beegfs/home/m.romanov/thesis/benchmarking/datasets/USPTO/US07319101-20080115-C00053.png,COC(=O)c1cc(-c2ccncc2)cc2c1OC(c1ccccc1)(c1ccccc1)O2
/beegfs/home/m.romanov/thesis/benchmarking/datasets/USPTO/US07319101-20080115-C00054.png,O=C(O)c1cc(-c2ccncc2)cc2c1OC(c1ccccc1)(c1ccccc1)O2
/beegfs/home/m.romanov/thesis/benchmarking/datasets/USPTO/US07319101-20080115-C00055.png,CC1(C)OC2[C@@H](/C=C/CNC(=O)c3cc(-c4ccncc4)cc4c3OC(c3ccccc3)(c3ccccc3)O4)O[C@@H](n3cnc4c(N)ncnc43)[C@H]2O1
/beegfs/home/m.romanov/thesis/benchmarking/datasets/USPTO/US07319101-20080115-C00056.png,Nc1ncnc2c1ncn2[C@@H]1O[C@H](/C=C/CNC(=O)c2cc(-c3ccncc3)cc(O)c2O)[C@H](O)C1O
/beegfs/home/m.romanov/thesis/benchmarking/datasets/USPTO/US07319101-20080115-C00057.png,COC(=O)c1cc(Cc2ccc(C)cc2)cc2c1OC(c1ccccc1)(c1ccccc1)O2
/beegfs/home/m.romanov/thesis/benchmarking/datasets/USPTO/US07319101-20080115-C00058.png,Cc1ccc(Cc2cc3c(c(C(=O)O)c2)OC(c2ccccc2)(c2ccccc2)O3)cc1
/beegfs/home/m.romanov/thesis/benchmarking/datasets/USPTO/US07319101-20080115-C00059.png,Cc1ccc(Cc2cc3c(c(C(=O)NC/C=C/[C@H]4O[C@@H](n5cnc6c(N)ncnc65)[C@H]5OC(C)(C)OC45)c2)OC(c2ccccc2)(c2ccccc2)O3)cc1
/beegfs/home/m.romanov/thesis/benchmarking/datasets/USPTO/US07319101-20080115-C00060.png,Cc1ccc(Cc2cc(O)c(O)c(C(=O)NC/C=C/[C@H]3O[C@@H](n4cnc5c(N)ncnc54)C(O)[C@H]3O)c2)cc1
/beegfs/home/m.romanov/thesis/benchmarking/datasets/USPTO/US07319101-20080115-C00061.png,CN(C)C(=O)c1cc2c(c(C(=O)O)c1)OC(c1ccccc1)(c1ccccc1)O2
/beegfs/home/m.romanov/thesis/benchmarking/datasets/USPTO/US07319101-20080115-C00062.png,CN(C)C(=O)c1cc2c(c(C(=O)NC/C=C/[C@H]3O[C@@H](n4cnc5c(N)ncnc54)[C@H]4OC(C)(C)OC34)c1)OC(c1ccccc1)(c1ccccc1)O2
/beegfs/home/m.romanov/thesis/benchmarking/datasets/USPTO/US07319101-20080115-C00063.png,CN(C)C(=O)c1cc(O)c(O)c(C(=O)NC/C=C/[C@H]2O[C@@H](n3cnc4c(N)ncnc43)C(O)[C@H]2O)c1
/beegfs/home/m.romanov/thesis/benchmarking/datasets/USPTO/US07319101-20080115-C00064.png,COC(=O)c1cc(/C=C/C(=O)N(C)C)cc2c1OC(c1ccccc1)(c1ccccc1)O2
/beegfs/home/m.romanov/thesis/benchmarking/datasets/USPTO/US07319101-20080115-C00065.png,CN(C)C(=O)/C=C/c1cc2c(c(C(=O)O)c1)OC(c1ccccc1)(c1ccccc1)O2
/beegfs/home/m.romanov/thesis/benchmarking/datasets/USPTO/US07319101-20080115-C00066.png,CN(C)C(=O)/C=C/c1cc2c(c(C(=O)NC/C=C/[C@H]3O[C@@H](n4cnc5c(N)ncnc54)[C@H]4OC(C)(C)OC34)c1)OC(c1ccccc1)(c1ccccc1)O2
/beegfs/home/m.romanov/thesis/benchmarking/datasets/USPTO/US07319101-20080115-C00067.png,CN(C)C(=O)/C=C/c1cc(O)c(O)c(C(=O)NC/C=C/[C@H]2O[C@@H](n3cnc4c(N)ncnc43)C(O)[C@H]2O)c1
/beegfs/home/m.romanov/thesis/benchmarking/datasets/USPTO/US07319101-20080115-C00068.png,COCOc1ccc(C(F)(F)F)cc1O
/beegfs/home/m.romanov/thesis/benchmarking/datasets/USPTO/US07319101-20080115-C00069.png,Oc1cc(C(F)(F)F)cc(Br)c1O
/beegfs/home/m.romanov/thesis/benchmarking/datasets/USPTO/US07319101-20080115-C00070.png,FC(F)(F)c1cc(Br)c(OCc2ccccc2)c(OCc2ccccc2)c1
/beegfs/home/m.romanov/thesis/benchmarking/datasets/USPTO/US07319101-20080115-C00071.png,COC(=O)c1cc(C(F)(F)F)cc(OCc2ccccc2)c1OCc1ccccc1
/beegfs/home/m.romanov/thesis/benchmarking/datasets/USPTO/US07319101-20080115-C00072.png,COC(=O)c1cc(C(F)(F)F)cc(O)c1O
/beegfs/home/m.romanov/thesis/benchmarking/datasets/USPTO/US07319101-20080115-C00073.png,COC(=O)c1cc(C(F)(F)F)cc2c1OC(c1ccc(OC)cc1)(c1ccc(OC)cc1)O2
/beegfs/home/m.romanov/thesis/benchmarking/datasets/USPTO/US07319101-20080115-C00074.png,COc1ccc(C2(c3ccc(OC)cc3)Oc3cc(C(F)(F)F)cc(C(=O)O)c3O2)cc1
/beegfs/home/m.romanov/thesis/benchmarking/datasets/USPTO/US07319101-20080115-C00075.png,COc1ccc(C2(c3ccc(OC)cc3)Oc3cc(C(F)(F)F)cc(C(=O)NC/C=C/[C@H]4O[C@@H](n5cnc6c(N)ncnc65)[C@H]5OC(C)(C)OC45)c3O2)cc1
/beegfs/home/m.romanov/thesis/benchmarking/datasets/USPTO/US07319101-20080115-C00076.png,Nc1ncnc2c1ncn2[C@@H]1O[C@H](/C=C/CNC(=O)c2cc(C(F)(F)F)cc(O)c2O)[C@H](O)C1O
/beegfs/home/m.romanov/thesis/benchmarking/datasets/USPTO/US07319101-20080115-C00077.png,C=C(C)c1ccc(OCOC)c(OC)c1
/beegfs/home/m.romanov/thesis/benchmarking/datasets/USPTO/US07319101-20080115-C00078.png,COCOc1ccc(C(C)C)cc1OC
/beegfs/home/m.romanov/thesis/benchmarking/datasets/USPTO/US07319101-20080115-C00079.png,COCOc1c(OC)cc(C(C)C)cc1C(=O)OC
/beegfs/home/m.romanov/thesis/benchmarking/datasets/USPTO/US07319101-20080115-C00080.png,CC(C)c1cc(O)c(O)c(C(=O)O)c1
/beegfs/home/m.romanov/thesis/benchmarking/datasets/USPTO/US07319101-20080115-C00081.png,COC(=O)c1cc(C(C)C)cc(O)c1O
/beegfs/home/m.romanov/thesis/benchmarking/datasets/USPTO/US07319101-20080115-C00082.png,COC(=O)c1cc(C(C)C)cc2c1OC(c1ccccc1)(c1ccccc1)O2
/beegfs/home/m.romanov/thesis/benchmarking/datasets/USPTO/US07319101-20080115-C00083.png,CC(C)c1cc2c(c(C(=O)O)c1)OC(c1ccccc1)(c1ccccc1)O2
/beegfs/home/m.romanov/thesis/benchmarking/datasets/USPTO/US07319101-20080115-C00084.png,CC(C)c1cc2c(c(C(=O)NC/C=C/[C@H]3O[C@@H](n4cnc5c(N)ncnc54)[C@H]4OC(C)(C)OC34)c1)OC(c1ccccc1)(c1ccccc1)O2
/beegfs/home/m.romanov/thesis/benchmarking/datasets/USPTO/US07319101-20080115-C00085.png,CC(C)c1cc(O)c(O)c(C(=O)NC/C=C/[C@H]2O[C@@H](n3cnc4c(N)ncnc43)C(O)[C@H]2O)c1
/beegfs/home/m.romanov/thesis/benchmarking/datasets/USPTO/US07319101-20080115-C00086.png,COC(=O)c1cc(S(=O)(=O)c2ccc(C)cc2)cc(OC)c1OC
/beegfs/home/m.romanov/thesis/benchmarking/datasets/USPTO/US07319101-20080115-C00087.png,Cc1ccc(S(=O)(=O)c2cc(O)c(O)c(C(=O)O)c2)cc1
/beegfs/home/m.romanov/thesis/benchmarking/datasets/USPTO/US07319101-20080115-C00088.png,COC(=O)c1cc(S(=O)(=O)c2ccc(C)cc2)cc(O)c1O
/beegfs/home/m.romanov/thesis/benchmarking/datasets/USPTO/US07319101-20080115-C00089.png,COC(=O)c1cc(S(=O)(=O)c2ccc(C)cc2)cc2c1OC(c1ccc(OC)cc1)(c1ccc(OC)cc1)O2
/beegfs/home/m.romanov/thesis/benchmarking/datasets/USPTO/US07319101-20080115-C00090.png,COc1ccc(C2(c3ccc(OC)cc3)Oc3cc(S(=O)(=O)c4ccc(C)cc4)cc(C(=O)O)c3O2)cc1
/beegfs/home/m.romanov/thesis/benchmarking/datasets/USPTO/US07319101-20080115-C00091.png,COc1ccc(C2(c3ccc(OC)cc3)Oc3cc(S(=O)(=O)c4ccc(C)cc4)cc(C(=O)NC/C=C/[C@H]4O[C@@H](n5cnc6c(N)ncnc65)[C@H]5OC(C)(C)OC45)c3O2)cc1
/beegfs/home/m.romanov/thesis/benchmarking/datasets/USPTO/US07319101-20080115-C00092.png,Cc1ccc(S(=O)(=O)c2cc(O)c(O)c(C(=O)NC/C=C/[C@H]3O[C@@H](n4cnc5c(N)ncnc54)C(O)[C@H]3O)c2)cc1
/beegfs/home/m.romanov/thesis/benchmarking/datasets/USPTO/US07319101-20080115-C00093.png,COc1cc(C(O)c2ccc(C)cc2)cc(C2OCCCO2)c1OC
/beegfs/home/m.romanov/thesis/benchmarking/datasets/USPTO/US07319101-20080115-C00094.png,COc1cc(C(=O)c2ccc(C)cc2)cc(C(=O)O)c1OC
/beegfs/home/m.romanov/thesis/benchmarking/datasets/USPTO/US07319101-20080115-C00095.png,Cc1ccc(C(=O)c2cc(O)c(O)c(C(=O)O)c2)cc1
/beegfs/home/m.romanov/thesis/benchmarking/datasets/USPTO/US07319101-20080115-C00096.png,Cc1ccc(C(=O)c2cc(O)c(O)c(C(=O)ON3C(=O)CCC3=O)c2)cc1
/beegfs/home/m.romanov/thesis/benchmarking/datasets/USPTO/US07319101-20080115-C00097.png,Cc1ccc(C(=O)c2cc(O)c(O)c(C(=O)NC/C=C/[C@H]3O[C@@H](n4cnc5c(N)ncnc54)C(O)[C@H]3O)c2)cc1
/beegfs/home/m.romanov/thesis/benchmarking/datasets/USPTO/US07319102-20080115-C00019.png,O=C(c1ccc(F)cc1)c1cc2cnc(NC3CCOCC3)nc2n1-c1c(F)cccc1F
/beegfs/home/m.romanov/thesis/benchmarking/datasets/USPTO/US07319103-20080115-C00066.png,C[C@@H]1CC[C@@H](C)N1CCCOc1ccc(-c2c3c(nc4ccnn24)CCCCC3)cc1
/beegfs/home/m.romanov/thesis/benchmarking/datasets/USPTO/US07319103-20080115-C00071.png,c1ccc2c(-c3ccc(OCCCN4CCCC4)cc3)c3c(nc2c1)CCCCC3
/beegfs/home/m.romanov/thesis/benchmarking/datasets/USPTO/US07319104-20080115-C00017.png,CC(C)(C)OC(=O)C(C)(C)Oc1cccc(CCN)c1
/beegfs/home/m.romanov/thesis/benchmarking/datasets/USPTO/US07319104-20080115-C00018.png,CC(C)(C)OC(=O)C(C)(C)Oc1ccc(CCN)cc1
/beegfs/home/m.romanov/thesis/benchmarking/datasets/USPTO/US07319104-20080115-C00019.png,CC(C)(C)OC(=O)C(C)(C)Oc1cccc(CCCN)c1
/beegfs/home/m.romanov/thesis/benchmarking/datasets/USPTO/US07319104-20080115-C00020.png,CC(C)(C)OC(=O)C(C)(C)Oc1ccc(CCCN)cc1
/beegfs/home/m.romanov/thesis/benchmarking/datasets/USPTO/US07319104-20080115-C00021.png,CC(C)c1nc(-c2ccc(C=O)cc2)no1
/beegfs/home/m.romanov/thesis/benchmarking/datasets/USPTO/US07319104-20080115-C00022.png,O=Cc1ccc(-c2noc(C3CC3)n2)cc1
/beegfs/home/m.romanov/thesis/benchmarking/datasets/USPTO/US07319104-20080115-C00023.png,CC(C)(C)OC(=O)C(C)(C)Oc1cccc(CCCNCc2ccc(-c3noc(C4CC4)n3)cc2)c1
/beegfs/home/m.romanov/thesis/benchmarking/datasets/USPTO/US07319104-20080115-C00024.png,CC(C)(C)OC(=O)C(C)(C)Oc1ccc(CCNCc2ccc(-c3noc(C4CC4)n3)cc2)cc1
/beegfs/home/m.romanov/thesis/benchmarking/datasets/USPTO/US07319104-20080115-C00025.png,CCOC(=O)C(C)(C)Oc1ccc(CCNCc2ccc(-c3noc(C4CC4)n3)cc2)cc1
/beegfs/home/m.romanov/thesis/benchmarking/datasets/USPTO/US07319104-20080115-C00026.png,COC(=O)C(C)(C)Oc1ccc(CCNCc2ccc(-c3noc(C(C)C)n3)cc2)cc1
/beegfs/home/m.romanov/thesis/benchmarking/datasets/USPTO/US07319104-20080115-C00027.png,CC(C)(C)OC(=O)C(C)(C)Oc1cccc(CCCNCc2ccc(C(F)(F)F)cc2)c1
/beegfs/home/m.romanov/thesis/benchmarking/datasets/USPTO/US07319104-20080115-C00028.png,CC(C)(C)OC(=O)C(C)(C)Oc1ccc(CCNCc2ccc(C(F)(F)F)cc2)cc1
/beegfs/home/m.romanov/thesis/benchmarking/datasets/USPTO/US07319104-20080115-C00029.png,Oc1ccc(CCNCc2ccc(C(F)(F)F)cc2)cc1
/beegfs/home/m.romanov/thesis/benchmarking/datasets/USPTO/US07319104-20080115-C00030.png,CCOC(=O)C(C)(C)Oc1ccc(CCNCc2ccc(C(F)(F)F)cc2)cc1
/beegfs/home/m.romanov/thesis/benchmarking/datasets/USPTO/US07319104-20080115-C00031.png,COC(=O)C(C)(C)Oc1ccc(CCNCc2ccc(C(F)(F)F)cc2C(F)(F)F)cc1
/beegfs/home/m.romanov/thesis/benchmarking/datasets/USPTO/US07319104-20080115-C00032.png,COC(=O)C(C)(C)Oc1ccc(CCNCc2ccc(C(F)(F)F)cc2)cc1
/beegfs/home/m.romanov/thesis/benchmarking/datasets/USPTO/US07319104-20080115-C00033.png,CC(C)(C)OC(=O)C(C)(C)Oc1cccc(CCCNCc2ccc(C(F)(F)F)cc2C(F)(F)F)c1
/beegfs/home/m.romanov/thesis/benchmarking/datasets/USPTO/US07319104-20080115-C00034.png,CCOC(=O)C(C)(C)Oc1ccc(CCNCc2ccc(OC(F)(F)F)cc2)cc1
/beegfs/home/m.romanov/thesis/benchmarking/datasets/USPTO/US07319104-20080115-C00035.png,CCOC(=O)C(C)(C)Oc1ccc(CCNCc2cccnc2)cc1
/beegfs/home/m.romanov/thesis/benchmarking/datasets/USPTO/US07319104-20080115-C00036.png,CCOC(=O)C(C)(C)Oc1ccc(CCNCc2ccncc2)cc1
/beegfs/home/m.romanov/thesis/benchmarking/datasets/USPTO/US07319104-20080115-C00037.png,CCOC(=O)C(C)(C)Oc1ccc(CCNCc2ccc(C(F)(F)F)cc2)cc1OC
/beegfs/home/m.romanov/thesis/benchmarking/datasets/USPTO/US07319104-20080115-C00038.png,CCOC(=O)C(C)(C)Oc1ccc(CCNCc2ccc(C(F)(F)F)cc2)cc1Br
/beegfs/home/m.romanov/thesis/benchmarking/datasets/USPTO/US07319104-20080115-C00039.png,CCc1cnc(N(CCc2ccc(OC(C)(C)C(=O)O)cc2)Cc2ccc(C(F)(F)F)cc2C(F)(F)F)nc1
/beegfs/home/m.romanov/thesis/benchmarking/datasets/USPTO/US07319104-20080115-C00040.png,CC(C)(Oc1ccc(CCN(Cc2ccc(C(F)(F)F)cc2C(F)(F)F)c2ncccn2)cc1)C(=O)O
/beegfs/home/m.romanov/thesis/benchmarking/datasets/USPTO/US07319104-20080115-C00041.png,CCCc1cnc(N(CCc2ccc(OC(C)(C)C(=O)O)cc2)Cc2ccc(C(F)(F)F)cc2C(F)(F)F)nc1
/beegfs/home/m.romanov/thesis/benchmarking/datasets/USPTO/US07319104-20080115-C00042.png,CC(C)(Oc1cccc(CCCN(Cc2ccc(C(F)(F)F)cc2C(F)(F)F)c2ncccn2)c1)C(=O)O
/beegfs/home/m.romanov/thesis/benchmarking/datasets/USPTO/US07319104-20080115-C00043.png,CC(C)(Oc1ccc(CCN(Cc2ccc(C(F)(F)F)cc2C(F)(F)F)c2nccc(C(F)(F)F)n2)cc1)C(=O)O
/beegfs/home/m.romanov/thesis/benchmarking/datasets/USPTO/US07319104-20080115-C00044.png,CC(C)(Oc1cccc(CCCC(Cc2ccc(-c3noc(C4CC4)n3)cc2)c2ncccn2)c1)C(=O)O
/beegfs/home/m.romanov/thesis/benchmarking/datasets/USPTO/US07319104-20080115-C00045.png,CCc1cnc(N(CCc2ccc(OC(C)(C)C(=O)O)cc2)Cc2ccc(OC(F)(F)F)cc2)nc1
/beegfs/home/m.romanov/thesis/benchmarking/datasets/USPTO/US07319104-20080115-C00046.png,CCc1cnc(N(CCc2ccc(OC(C)(C)C(=O)O)cc2)Cc2ccc(C(F)(F)F)cc2)nc1
/beegfs/home/m.romanov/thesis/benchmarking/datasets/USPTO/US07319104-20080115-C00047.png,CC(C)(Oc1ccc(CCN(Cc2ccc(C(F)(F)F)cc2)c2ncccn2)cc1)C(=O)O
/beegfs/home/m.romanov/thesis/benchmarking/datasets/USPTO/US07319104-20080115-C00048.png,CC(C)(Oc1ccc(CCN(Cc2ccc(C(F)(F)F)cc2)c2ncc(Cl)cn2)cc1)C(=O)O
/beegfs/home/m.romanov/thesis/benchmarking/datasets/USPTO/US07319104-20080115-C00049.png,CC(C)(Oc1ccc(CCN(Cc2ccc(C(F)(F)F)cc2)c2ncc(Br)cn2)cc1)C(=O)O
/beegfs/home/m.romanov/thesis/benchmarking/datasets/USPTO/US07319104-20080115-C00051.png,CCc1cnc(N(CCc2ccc(OC(C)(C)C(=O)O)cc2)Cc2cccnc2)nc1
/beegfs/home/m.romanov/thesis/benchmarking/datasets/USPTO/US07319104-20080115-C00052.png,CC(C)c1cnc(N(CCc2ccc(OC(C)(C)C(=O)O)cc2)Cc2cccnc2)nc1
/beegfs/home/m.romanov/thesis/benchmarking/datasets/USPTO/US07319104-20080115-C00053.png,CCc1cnc(N(CCc2ccc(OC(C)(C)C(=O)O)cc2)Cc2ccncc2)nc1
/beegfs/home/m.romanov/thesis/benchmarking/datasets/USPTO/US07319104-20080115-C00054.png,CCc1cnc(N(CCc2ccc(OC(C)(C)C(=O)O)c(OC)c2)Cc2ccc(C(F)(F)F)cc2)nc1
/beegfs/home/m.romanov/thesis/benchmarking/datasets/USPTO/US07319104-20080115-C00055.png,CCc1cnc(N(CCc2ccc(OC(C)(C)C(=O)O)c(Br)c2)Cc2ccc(C(F)(F)F)cc2)nc1
/beegfs/home/m.romanov/thesis/benchmarking/datasets/USPTO/US07319104-20080115-C00056.png,CCc1cnc(N(CCc2ccc(OC(C)(C)C(=O)O)c(C#N)c2)Cc2ccc(C(F)(F)F)cc2)nc1
/beegfs/home/m.romanov/thesis/benchmarking/datasets/USPTO/US07319104-20080115-C00057.png,CCc1cnc(NCCc2ccc(O)cc2)nc1
/beegfs/home/m.romanov/thesis/benchmarking/datasets/USPTO/US07319104-20080115-C00058.png,CCOC(=O)C(C)(C)Oc1ccc(CCNc2ncc(CC)cn2)cc1
/beegfs/home/m.romanov/thesis/benchmarking/datasets/USPTO/US07319104-20080115-C00060.png,CCc1cnc(N(CCc2ccc(OC(C)(C)C(=O)O)cc2)Cc2ccc(C(C)(C)C)cc2)nc1
/beegfs/home/m.romanov/thesis/benchmarking/datasets/USPTO/US07319104-20080115-C00061.png,CCc1cnc(N(CCc2ccc(OC(C)(C)C(=O)O)cc2)Cc2cccc(OC(F)(F)F)c2)nc1
/beegfs/home/m.romanov/thesis/benchmarking/datasets/USPTO/US07319104-20080115-C00062.png,CCc1cnc(N(CCc2ccc(OC(C)(C)C(=O)O)cc2)Cc2ccc(SC(F)(F)F)cc2)nc1
/beegfs/home/m.romanov/thesis/benchmarking/datasets/USPTO/US07319104-20080115-C00063.png,CCc1cnc(N(CCc2ccc(OC(C)(C)C(=O)O)cc2)Cc2ccc(S(C)(=O)=O)cc2)nc1
/beegfs/home/m.romanov/thesis/benchmarking/datasets/USPTO/US07319104-20080115-C00064.png,CCc1cnc(N(CCc2ccc(OC(C)(C)C(=O)O)cc2)Cc2ccc(SC)cc2)nc1
/beegfs/home/m.romanov/thesis/benchmarking/datasets/USPTO/US07319104-20080115-C00065.png,CCc1cnc(N(CCc2ccc(OC(C)(C)C(=O)O)cc2)Cc2ccc(OC)cc2)nc1
/beegfs/home/m.romanov/thesis/benchmarking/datasets/USPTO/US07319104-20080115-C00066.png,CCc1cnc(N(CCc2ccc(OC(C)(C)C(=O)O)cc2)Cc2ccoc2)nc1
/beegfs/home/m.romanov/thesis/benchmarking/datasets/USPTO/US07319104-20080115-C00067.png,CCc1cnc(N(CCc2ccc(OC(C)(C)C(=O)O)cc2)Cc2cccc(SC(F)(F)F)c2)nc1
/beegfs/home/m.romanov/thesis/benchmarking/datasets/USPTO/US07319104-20080115-C00068.png,CCc1cnc(N(CCc2ccc(OC(C)(C)C(=O)O)cc2)Cc2cc(F)cc(F)c2)nc1
/beegfs/home/m.romanov/thesis/benchmarking/datasets/USPTO/US07319104-20080115-C00069.png,CCc1cnc(N(CCc2ccc(OC(C)(C)C(=O)O)cc2)Cc2ccc(F)cc2C(F)(F)F)nc1
/beegfs/home/m.romanov/thesis/benchmarking/datasets/USPTO/US07319104-20080115-C00070.png,CCc1cnc(N(CCc2ccc(OC(C)(C)C(=O)O)cc2)Cc2cc(C(F)(F)F)cc(C(F)(F)F)c2)nc1
/beegfs/home/m.romanov/thesis/benchmarking/datasets/USPTO/US07319104-20080115-C00071.png,CCc1ccc(CN(CCc2ccc(OC(C)(C)C(=O)O)cc2)c2ncc(CC)cn2)cc1
/beegfs/home/m.romanov/thesis/benchmarking/datasets/USPTO/US07319104-20080115-C00072.png,CCc1cnc(N(CCc2ccc(OC(C)(C)C(=O)O)cc2)Cc2ccc(C#N)cc2)nc1
/beegfs/home/m.romanov/thesis/benchmarking/datasets/USPTO/US07319104-20080115-C00073.png,CCc1cnc(N(CCc2ccc(OC(C)(C)C(=O)O)cc2)Cc2cccc(C)c2)nc1
/beegfs/home/m.romanov/thesis/benchmarking/datasets/USPTO/US07319104-20080115-C00074.png,CCc1cnc(N(CCc2ccc(OC(C)(C)C(=O)O)cc2)Cc2ccc(F)cc2Cl)nc1
/beegfs/home/m.romanov/thesis/benchmarking/datasets/USPTO/US07319104-20080115-C00075.png,CCc1cnc(N(CCc2ccc(OC(C)(C)C(=O)O)cc2)Cc2ccc(Br)cc2)nc1
/beegfs/home/m.romanov/thesis/benchmarking/datasets/USPTO/US07319104-20080115-C00076.png,CCc1cnc(N(CCc2ccc(OC(C)(C)C(=O)O)cc2)Cc2ccccc2C#N)nc1
/beegfs/home/m.romanov/thesis/benchmarking/datasets/USPTO/US07319104-20080115-C00077.png,CCc1cnc(N(CCc2ccc(OC(C)(C)C(=O)O)cc2)Cc2ccccc2C)nc1
/beegfs/home/m.romanov/thesis/benchmarking/datasets/USPTO/US07319104-20080115-C00078.png,CCc1cnc(N(CCc2ccc(OC(C)(C)C(=O)O)cc2)Cc2ccc(Cl)c(Cl)c2)nc1
/beegfs/home/m.romanov/thesis/benchmarking/datasets/USPTO/US07319104-20080115-C00079.png,CCc1cnc(N(CCc2ccc(OC(C)(C)C(=O)O)cc2)Cc2ccccc2-c2ccccc2)nc1
/beegfs/home/m.romanov/thesis/benchmarking/datasets/USPTO/US07319104-20080115-C00080.png,CCc1cnc(N(CCc2ccc(OC(C)(C)C(=O)O)cc2)Cc2ccc(Cl)cc2)nc1
/beegfs/home/m.romanov/thesis/benchmarking/datasets/USPTO/US07319104-20080115-C00081.png,CCc1cnc(N(CCc2ccc(OC(C)(C)C(=O)O)cc2)Cc2ccccc2)nc1
/beegfs/home/m.romanov/thesis/benchmarking/datasets/USPTO/US07319104-20080115-C00082.png,CCc1cnc(N(CCc2ccc(OC(C)(C)C(=O)O)cc2)Cc2ccccc2OC(F)(F)F)nc1
/beegfs/home/m.romanov/thesis/benchmarking/datasets/USPTO/US07319104-20080115-C00083.png,CCc1cnc(N(CCc2ccc(OC(C)(C)C(=O)O)cc2)Cc2cccc(C(F)(F)F)c2)nc1
/beegfs/home/m.romanov/thesis/benchmarking/datasets/USPTO/US07319104-20080115-C00084.png,CCc1cnc(N(CCc2ccc(OC(C)(C)C(=O)O)cc2)Cc2ccccc2C(F)(F)F)nc1
/beegfs/home/m.romanov/thesis/benchmarking/datasets/USPTO/US07319104-20080115-C00085.png,CCc1cnc(N(CCc2ccc(OC(C)(C)C(=O)O)cc2)Cc2ccc(F)cc2)nc1
/beegfs/home/m.romanov/thesis/benchmarking/datasets/USPTO/US07319104-20080115-C00086.png,CCc1cnc(N(CCc2ccc(OC(C)(C)C(=O)O)cc2)Cc2cccc(Cl)c2)nc1
/beegfs/home/m.romanov/thesis/benchmarking/datasets/USPTO/US07319104-20080115-C00087.png,CCc1cnc(N(CCc2ccc(OC(C)(C)C(=O)O)cc2)Cc2cc(Cl)ccc2Cl)nc1
/beegfs/home/m.romanov/thesis/benchmarking/datasets/USPTO/US07319104-20080115-C00088.png,CCc1cnc(N(CCc2ccc(OC(C)(C)C(=O)O)cc2)Cc2ccc(C(C)C)cc2)nc1
/beegfs/home/m.romanov/thesis/benchmarking/datasets/USPTO/US07319104-20080115-C00089.png,CCc1cnc(N(CCc2ccc(OC(C)(C)C(=O)O)cc2)Cc2ccccc2Cl)nc1
/beegfs/home/m.romanov/thesis/benchmarking/datasets/USPTO/US07319104-20080115-C00090.png,CCc1cnc(N(CCc2ccc(OC(C)(C)C(=O)O)cc2)Cc2cc(C)cc(C)c2)nc1
/beegfs/home/m.romanov/thesis/benchmarking/datasets/USPTO/US07319104-20080115-C00091.png,CCc1cnc(N(CCc2ccc(OC(C)(C)C(=O)O)cc2)Cc2ccc(OC)c(C)c2)nc1
/beegfs/home/m.romanov/thesis/benchmarking/datasets/USPTO/US07319104-20080115-C00092.png,CCc1cnc(N(CCc2ccc(OC(C)(C)C(=O)O)cc2)Cc2ccc(C)cc2)nc1
/beegfs/home/m.romanov/thesis/benchmarking/datasets/USPTO/US07319104-20080115-C00096.png,CCc1cnc(N(CCc2ccc(OC(C)C(=O)O)cc2)Cc2ccc(OC(F)(F)F)cc2)nc1
/beegfs/home/m.romanov/thesis/benchmarking/datasets/USPTO/US07319104-20080115-C00097.png,CCc1cnc(N(CCc2ccc(O)cc2)Cc2ccc(C(F)(F)F)cc2)nc1
/beegfs/home/m.romanov/thesis/benchmarking/datasets/USPTO/US07319104-20080115-C00098.png,CCc1cnc(N(CCc2ccc(OCC(=O)O)cc2)Cc2ccc(C(F)(F)F)cc2)nc1
/beegfs/home/m.romanov/thesis/benchmarking/datasets/USPTO/US07319104-20080115-C00099.png,CCc1cnc(N(CCc2ccc(OC(C)C(=O)O)cc2)Cc2ccc(C(F)(F)F)cc2)nc1
/beegfs/home/m.romanov/thesis/benchmarking/datasets/USPTO/US07319104-20080115-C00100.png,CCc1cnc(N(CCc2ccc(OC(CC)C(=O)O)cc2)Cc2ccc(C(F)(F)F)cc2)nc1
/beegfs/home/m.romanov/thesis/benchmarking/datasets/USPTO/US07319104-20080115-C00101.png,CCc1cnc(N(CCc2ccc(OC(C)(C)C(=O)O)cc2)Cc2ccc(-c3noc(C(C)C)n3)cc2)nc1
/beegfs/home/m.romanov/thesis/benchmarking/datasets/USPTO/US07319104-20080115-C00102.png,CCc1cnc(N(CCc2ccc(O)cc2)Cc2ccc(OC(F)(F)F)cc2)nc1
/beegfs/home/m.romanov/thesis/benchmarking/datasets/USPTO/US07319104-20080115-C00103.png,CCc1cnc(N(CCc2ccc(OCC(=O)O)cc2)Cc2ccc(OC(F)(F)F)cc2)nc1
/beegfs/home/m.romanov/thesis/benchmarking/datasets/USPTO/US07319104-20080115-C00104.png,CCCc1cc(CCN(Cc2ccc(OC(F)(F)F)cc2)c2ncc(CC)cn2)ccc1O
/beegfs/home/m.romanov/thesis/benchmarking/datasets/USPTO/US07319104-20080115-C00105.png,CCCc1cc(CCN(Cc2ccc(OC(F)(F)F)cc2)c2ncc(CC)cn2)ccc1OCC(=O)O
/beegfs/home/m.romanov/thesis/benchmarking/datasets/USPTO/US07319104-20080115-C00106.png,CCCc1cc(CCN(Cc2ccc(OC(F)(F)F)cc2)c2ncc(CC)cn2)ccc1OCc1nn[nH]n1
/beegfs/home/m.romanov/thesis/benchmarking/datasets/USPTO/US07319104-20080115-C00107.png,COc1ccc(C(C)(C)CN)cc1
/beegfs/home/m.romanov/thesis/benchmarking/datasets/USPTO/US07319104-20080115-C00108.png,CCc1cnc(N(Cc2ccc(C(F)(F)F)cc2)CC(C)(C)c2ccc(OC(C)(C)C(=O)O)cc2)nc1
/beegfs/home/m.romanov/thesis/benchmarking/datasets/USPTO/US07319104-20080115-C00109.png,COc1ccc(C(C)(C)CNCc2ccc(OC(F)(F)F)cc2)cc1
/beegfs/home/m.romanov/thesis/benchmarking/datasets/USPTO/US07319104-20080115-C00110.png,CC(C)(Oc1ccc(C(C)(C)CN(Cc2ccc(OC(F)(F)F)cc2)c2ncccn2)cc1)C(=O)O
/beegfs/home/m.romanov/thesis/benchmarking/datasets/USPTO/US07319104-20080115-C00111.png,CCc1cnc(N(Cc2ccc(OC(F)(F)F)cc2)CC(C)(C)c2ccc(O)cc2)nc1
/beegfs/home/m.romanov/thesis/benchmarking/datasets/USPTO/US07319104-20080115-C00112.png,CCc1cnc(N(Cc2ccc(OC(F)(F)F)cc2)CC(C)(C)c2ccc(OC(C)(C)C(=O)O)cc2)nc1
/beegfs/home/m.romanov/thesis/benchmarking/datasets/USPTO/US07319104-20080115-C00113.png,CCc1cnc(N(Cc2ccc(OC(F)(F)F)cc2)CC(C)(C)c2ccc(OCC(=O)O)cc2)nc1
/beegfs/home/m.romanov/thesis/benchmarking/datasets/USPTO/US07319104-20080115-C00114.png,CCc1cnc(N(Cc2ccc(OC(F)(F)F)cc2)CC(C)(C)c2ccc(OCC3=NNNN3)cc2)nc1
/beegfs/home/m.romanov/thesis/benchmarking/datasets/USPTO/US07319104-20080115-C00115.png,CCc1cnc(N(Cc2ccc(OC(F)(F)F)cc2)CC(C)(C)c2ccc(O)c(Cl)c2)nc1
/beegfs/home/m.romanov/thesis/benchmarking/datasets/USPTO/US07319104-20080115-C00116.png,CCc1cnc(N(Cc2ccc(OC(F)(F)F)cc2)CC(C)(C)c2ccc(OCC(=O)O)c(Cl)c2)nc1
/beegfs/home/m.romanov/thesis/benchmarking/datasets/USPTO/US07319104-20080115-C00117.png,CCc1cnc(N(Cc2ccc(OC(F)(F)F)cc2)CC(C)(C)c2ccc(OC(C)(C)C(=O)O)c(Cl)c2)nc1
/beegfs/home/m.romanov/thesis/benchmarking/datasets/USPTO/US07319104-20080115-C00118.png,CCCc1cc(C(C)(C)CN(Cc2ccc(OC(F)(F)F)cc2)c2ncc(CC)cn2)ccc1O
/beegfs/home/m.romanov/thesis/benchmarking/datasets/USPTO/US07319104-20080115-C00119.png,CCCc1cc(C(C)(C)CN(Cc2ccc(OC(F)(F)F)cc2)c2ncc(CC)cn2)ccc1OC(C)(C)C(=O)O
/beegfs/home/m.romanov/thesis/benchmarking/datasets/USPTO/US07319104-20080115-C00120.png,CCCc1cc(C(C)(C)CN(Cc2ccc(OC(F)(F)F)cc2)c2ncc(CC)cn2)ccc1OCC(=O)O
/beegfs/home/m.romanov/thesis/benchmarking/datasets/USPTO/US07319104-20080115-C00121.png,CCCc1cc(C(C)(C)CN(Cc2ccc(OC(F)(F)F)cc2)c2ncc(CC)cn2)ccc1OCC1=NNNN1
/beegfs/home/m.romanov/thesis/benchmarking/datasets/USPTO/US07319104-20080115-C00122.png,CCc1cnc(N(Cc2ccc(OC(F)(F)F)cc2)CC(C)c2ccc(O)cc2)nc1
/beegfs/home/m.romanov/thesis/benchmarking/datasets/USPTO/US07319104-20080115-C00123.png,CCc1cnc(N(Cc2ccc(OC(F)(F)F)cc2)CC(C)c2ccc(OC(C)(C)C(=O)O)cc2)nc1
/beegfs/home/m.romanov/thesis/benchmarking/datasets/USPTO/US07319104-20080115-C00124.png,CCc1cnc(N(Cc2ccc(OC(F)(F)F)cc2)CC(C)c2ccc(OCC(=O)O)cc2)nc1
/beegfs/home/m.romanov/thesis/benchmarking/datasets/USPTO/US07319104-20080115-C00125.png,CCc1cnc(NCCc2ccc(OC)c(C)c2)nc1
/beegfs/home/m.romanov/thesis/benchmarking/datasets/USPTO/US07319104-20080115-C00126.png,CCc1cnc(NCCc2ccc(OC)c(F)c2)nc1
/beegfs/home/m.romanov/thesis/benchmarking/datasets/USPTO/US07319104-20080115-C00127.png,CCc1cnc(NCCc2cc(C)c(OC)cc2C)nc1
/beegfs/home/m.romanov/thesis/benchmarking/datasets/USPTO/US07319104-20080115-C00128.png,CCc1cnc(NCCc2ccc(OC)c(C)c2C)nc1
/beegfs/home/m.romanov/thesis/benchmarking/datasets/USPTO/US07319104-20080115-C00129.png,CCc1cnc(NCCc2ccc(OC)c(C(F)(F)F)c2)nc1
/beegfs/home/m.romanov/thesis/benchmarking/datasets/USPTO/US07319104-20080115-C00130.png,CCc1cnc(NCCc2ccc(OC)c(Cl)c2)nc1
/beegfs/home/m.romanov/thesis/benchmarking/datasets/USPTO/US07319104-20080115-C00131.png,CCc1cnc(NCCc2ccc(OC)c3ccccc23)nc1
/beegfs/home/m.romanov/thesis/benchmarking/datasets/USPTO/US07319104-20080115-C00132.png,CCc1cnc(NCCc2ccc(OC)c(Br)c2)nc1
/beegfs/home/m.romanov/thesis/benchmarking/datasets/USPTO/US07319104-20080115-C00133.png,COc1ccc(CCNc2ncc(C(C)C)cn2)cc1Br
/beegfs/home/m.romanov/thesis/benchmarking/datasets/USPTO/US07319104-20080115-C00134.png,CC(C)c1cnc(Cl)nc1
/beegfs/home/m.romanov/thesis/benchmarking/datasets/USPTO/US07319104-20080115-C00135.png,CCc1cnc(NCCCc2ccc(OC)cc2)nc1
/beegfs/home/m.romanov/thesis/benchmarking/datasets/USPTO/US07319104-20080115-C00136.png,CCc1cnc(N(CCc2ccc(O)c(C)c2)Cc2ccc(OC(F)(F)F)cc2)nc1
/beegfs/home/m.romanov/thesis/benchmarking/datasets/USPTO/US07319104-20080115-C00137.png,CCc1cnc(N(CCc2ccc(O)c(C)c2)Cc2ccc(C(F)(F)F)cc2)nc1
/beegfs/home/m.romanov/thesis/benchmarking/datasets/USPTO/US07319104-20080115-C00138.png,CCc1ccc(CN(CCc2ccc(O)c(C)c2)c2ncc(CC)cn2)cc1
/beegfs/home/m.romanov/thesis/benchmarking/datasets/USPTO/US07319104-20080115-C00139.png,CCc1cnc(N(CCc2ccc(O)c(F)c2)Cc2ccc(C(F)(F)F)cc2)nc1
/beegfs/home/m.romanov/thesis/benchmarking/datasets/USPTO/US07319104-20080115-C00140.png,CCc1cnc(N(CCc2ccc(O)c(Cl)c2)Cc2ccc(OC(F)(F)F)cc2)nc1
/beegfs/home/m.romanov/thesis/benchmarking/datasets/USPTO/US07319104-20080115-C00141.png,CCc1cnc(N(CCc2ccc(O)c(Cl)c2)Cc2cccc(OC(F)(F)F)c2)nc1
/beegfs/home/m.romanov/thesis/benchmarking/datasets/USPTO/US07319104-20080115-C00142.png,CCc1cnc(N(CCc2ccc(O)c(Br)c2)Cc2ccc(OC(F)(F)F)cc2)nc1
/beegfs/home/m.romanov/thesis/benchmarking/datasets/USPTO/US07319104-20080115-C00143.png,CCc1cnc(N(CCc2ccc(O)c(Br)c2)Cc2ccc(C(F)(F)F)cc2)nc1
/beegfs/home/m.romanov/thesis/benchmarking/datasets/USPTO/US07319104-20080115-C00144.png,CCc1ccc(CN(CCc2ccc(O)c(Br)c2)c2ncc(CC)cn2)cc1
/beegfs/home/m.romanov/thesis/benchmarking/datasets/USPTO/US07319104-20080115-C00145.png,CCc1cnc(N(CCc2ccc(O)c(C(F)(F)F)c2)Cc2ccc(OC(F)(F)F)cc2)nc1
/beegfs/home/m.romanov/thesis/benchmarking/datasets/USPTO/US07319104-20080115-C00146.png,CCc1cnc(N(CCc2ccc(O)c(C(F)(F)F)c2)Cc2cccc(OC(F)(F)F)c2)nc1
/beegfs/home/m.romanov/thesis/benchmarking/datasets/USPTO/US07319104-20080115-C00147.png,CCc1cnc(N(CCc2cc(C)c(O)cc2C)Cc2cccc(OC(F)(F)F)c2)nc1
/beegfs/home/m.romanov/thesis/benchmarking/datasets/USPTO/US07319104-20080115-C00148.png,CCc1cnc(N(CCc2cc(C)c(O)cc2C)Cc2ccc(OC(F)(F)F)cc2)nc1
/beegfs/home/m.romanov/thesis/benchmarking/datasets/USPTO/US07319104-20080115-C00149.png,CCc1cnc(N(CCc2ccc(O)c(C)c2C)Cc2ccc(OC(F)(F)F)cc2)nc1
/beegfs/home/m.romanov/thesis/benchmarking/datasets/USPTO/US07319104-20080115-C00150.png,CCc1cnc(N(CCc2ccc(O)c(C)c2C)Cc2cccc(OC(F)(F)F)c2)nc1
/beegfs/home/m.romanov/thesis/benchmarking/datasets/USPTO/US07319104-20080115-C00151.png,CCc1cnc(N(CCc2ccc(O)c3ccccc23)Cc2cccc(OC(F)(F)F)c2)nc1
/beegfs/home/m.romanov/thesis/benchmarking/datasets/USPTO/US07319104-20080115-C00152.png,CCc1cnc(N(CCCc2ccc(O)cc2)Cc2cccc(OC(F)(F)F)c2)nc1
/beegfs/home/m.romanov/thesis/benchmarking/datasets/USPTO/US07319104-20080115-C00153.png,CCc1cnc(N(CCc2ccc(OC(C)(C)C(=O)O)c(C)c2)Cc2ccc(OC(F)(F)F)cc2)nc1
/beegfs/home/m.romanov/thesis/benchmarking/datasets/USPTO/US07319104-20080115-C00154.png,CCc1cnc(N(CCc2ccc(OC(C)(C)C(=O)O)c(C)c2)Cc2ccc(C(F)(F)F)cc2)nc1
/beegfs/home/m.romanov/thesis/benchmarking/datasets/USPTO/US07319104-20080115-C00155.png,CCc1ccc(CN(CCc2ccc(OC(C)(C)C(=O)O)c(C)c2)c2ncc(CC)cn2)cc1
/beegfs/home/m.romanov/thesis/benchmarking/datasets/USPTO/US07319104-20080115-C00156.png,CCc1cnc(N(CCc2ccc(OC(C)(C)C(=O)O)c(F)c2)Cc2ccc(C(F)(F)F)cc2)nc1
/beegfs/home/m.romanov/thesis/benchmarking/datasets/USPTO/US07319104-20080115-C00157.png,CCc1cnc(N(CCc2ccc(OC(C)(C)C(=O)O)c(Cl)c2)Cc2ccc(OC(F)(F)F)cc2)nc1
/beegfs/home/m.romanov/thesis/benchmarking/datasets/USPTO/US07319104-20080115-C00158.png,CCc1cnc(N(CCc2ccc(OC(C)(C)C(=O)O)c(Cl)c2)Cc2cccc(OC(F)(F)F)c2)nc1
/beegfs/home/m.romanov/thesis/benchmarking/datasets/USPTO/US07319104-20080115-C00159.png,CCc1ccc(CN(CCc2ccc(OC(C)(C)C(=O)O)c(Br)c2)c2ncc(CC)cn2)cc1
/beegfs/home/m.romanov/thesis/benchmarking/datasets/USPTO/US07319104-20080115-C00160.png,CCc1cnc(N(CCc2ccc(OC(C)(C)C(=O)O)c(C(F)(F)F)c2)Cc2ccc(OC(F)(F)F)cc2)nc1
/beegfs/home/m.romanov/thesis/benchmarking/datasets/USPTO/US07319104-20080115-C00161.png,CCc1cnc(N(CCc2ccc(OC(C)(C)C(=O)O)c(C(F)(F)F)c2)Cc2cccc(OC(F)(F)F)c2)nc1
/beegfs/home/m.romanov/thesis/benchmarking/datasets/USPTO/US07319104-20080115-C00162.png,CCc1cnc(N(CCc2cc(C)c(OC(C)(C)C(=O)O)cc2C)Cc2cccc(OC(F)(F)F)c2)nc1
/beegfs/home/m.romanov/thesis/benchmarking/datasets/USPTO/US07319104-20080115-C00163.png,CCc1cnc(N(CCc2cc(C)c(OC(C)(C)C(=O)O)cc2C)Cc2ccc(OC(F)(F)F)cc2)nc1
/beegfs/home/m.romanov/thesis/benchmarking/datasets/USPTO/US07319104-20080115-C00164.png,CCc1cnc(N(CCc2ccc(OC(C)(C)C(=O)O)c(C)c2C)Cc2ccc(OC(F)(F)F)cc2)nc1
/beegfs/home/m.romanov/thesis/benchmarking/datasets/USPTO/US07319104-20080115-C00165.png,CCc1cnc(N(CCc2ccc(OC(C)(C)C(=O)O)c(C)c2C)Cc2cccc(OC(F)(F)F)c2)nc1
/beegfs/home/m.romanov/thesis/benchmarking/datasets/USPTO/US07319104-20080115-C00166.png,CCc1cnc(N(CCc2ccc(OC(C)(C)C(=O)O)c(Br)c2)Cc2ccc(OC(F)(F)F)cc2)nc1
/beegfs/home/m.romanov/thesis/benchmarking/datasets/USPTO/US07319104-20080115-C00167.png,CCc1cnc(N(CCc2ccc(OC(C)C(=O)O)c(C)c2)Cc2ccc(OC(F)(F)F)cc2)nc1
/beegfs/home/m.romanov/thesis/benchmarking/datasets/USPTO/US07319104-20080115-C00168.png,CCc1cnc(N(CCc2ccc(OC(C)C(=O)O)c(C)c2)Cc2ccc(C(F)(F)F)cc2)nc1
/beegfs/home/m.romanov/thesis/benchmarking/datasets/USPTO/US07319104-20080115-C00169.png,CCc1ccc(CN(CCc2ccc(OC(C)C(=O)O)c(C)c2)c2ncc(CC)cn2)cc1
/beegfs/home/m.romanov/thesis/benchmarking/datasets/USPTO/US07319104-20080115-C00170.png,CCc1cnc(N(CCc2ccc(OC(C)C(=O)O)c(F)c2)Cc2ccc(C(F)(F)F)cc2)nc1
/beegfs/home/m.romanov/thesis/benchmarking/datasets/USPTO/US07319104-20080115-C00171.png,CCc1cnc(N(CCc2ccc(OC(C)C(=O)O)c(Cl)c2)Cc2ccc(OC(F)(F)F)cc2)nc1
/beegfs/home/m.romanov/thesis/benchmarking/datasets/USPTO/US07319104-20080115-C00172.png,CCc1cnc(N(CCc2ccc(OC(C)C(=O)O)c(Br)c2)Cc2ccc(OC(F)(F)F)cc2)nc1
/beegfs/home/m.romanov/thesis/benchmarking/datasets/USPTO/US07319104-20080115-C00173.png,CCc1ccc(CN(CCc2ccc(OC(C)C(=O)O)c(Br)c2)c2ncc(CC)cn2)cc1
/beegfs/home/m.romanov/thesis/benchmarking/datasets/USPTO/US07319104-20080115-C00174.png,CCc1cnc(N(CCc2ccc(OC(C)C(=O)O)c(Br)c2)Cc2ccc(C(F)(F)F)cc2)nc1
/beegfs/home/m.romanov/thesis/benchmarking/datasets/USPTO/US07319104-20080115-C00175.png,CCc1cnc(N(CCc2ccc(OCC(=O)O)c(C)c2)Cc2ccc(OC(F)(F)F)cc2)nc1
/beegfs/home/m.romanov/thesis/benchmarking/datasets/USPTO/US07319104-20080115-C00176.png,CCc1cnc(N(CCc2ccc(OCC(=O)O)c(F)c2)Cc2ccc(C(F)(F)F)cc2)nc1
/beegfs/home/m.romanov/thesis/benchmarking/datasets/USPTO/US07319104-20080115-C00177.png,CCc1cnc(N(CCc2ccc(OCC(=O)O)c(Cl)c2)Cc2ccc(OC(F)(F)F)cc2)nc1
/beegfs/home/m.romanov/thesis/benchmarking/datasets/USPTO/US07319104-20080115-C00178.png,CCc1ccc(CN(CCc2ccc(OCC(=O)O)c(C)c2)c2ncc(CC)cn2)cc1
/beegfs/home/m.romanov/thesis/benchmarking/datasets/USPTO/US07319104-20080115-C00179.png,CCc1cnc(N(CCc2ccc(OCC(=O)O)c(C)c2)Cc2ccc(C(F)(F)F)cc2)nc1
/beegfs/home/m.romanov/thesis/benchmarking/datasets/USPTO/US07319104-20080115-C00180.png,CCc1cnc(N(CCc2ccc(OCC(=O)O)c(Br)c2)Cc2ccc(C(F)(F)F)cc2)nc1
/beegfs/home/m.romanov/thesis/benchmarking/datasets/USPTO/US07319104-20080115-C00181.png,CCc1cnc(N(CCc2ccc(OCC(=O)O)c(Br)c2)Cc2ccc(OC(F)(F)F)cc2)nc1
/beegfs/home/m.romanov/thesis/benchmarking/datasets/USPTO/US07319104-20080115-C00182.png,CCc1ccc(CN(CCc2ccc(OCC(=O)O)c(Br)c2)c2ncc(CC)cn2)cc1
/beegfs/home/m.romanov/thesis/benchmarking/datasets/USPTO/US07319104-20080115-C00183.png,CCc1cnc(N(CCCc2ccc(OCC(=O)O)cc2)Cc2cccc(OC(C)(F)F)c2)nc1
/beegfs/home/m.romanov/thesis/benchmarking/datasets/USPTO/US07319104-20080115-C00184.png,CC(C)c1cnc(N(CCc2ccc(OC(C)(C)C(=O)O)c(Br)c2)Cc2ccc(OC(F)(F)F)cc2)nc1
/beegfs/home/m.romanov/thesis/benchmarking/datasets/USPTO/US07319104-20080115-C00185.png,CC(C)c1cnc(N(CCc2ccc(OC(C)(C)C(=O)O)c(Br)c2)Cc2cccc(OC(F)(F)F)c2)nc1
/beegfs/home/m.romanov/thesis/benchmarking/datasets/USPTO/US07319104-20080115-C00186.png,CC(C)c1cnc(N(CCc2ccc(OC(C)(C)C(=O)O)c(Br)c2)Cc2ccc(SC(F)(F)F)cc2)nc1
/beegfs/home/m.romanov/thesis/benchmarking/datasets/USPTO/US07319104-20080115-C00187.png,CC(C)(Oc1ccc(CCN(Cc2ccc(C(F)(F)F)cc2)c2ncc(-c3cccc(C(F)(F)F)c3)cn2)cc1)C(=O)O
/beegfs/home/m.romanov/thesis/benchmarking/datasets/USPTO/US07319104-20080115-C00192.png,CCc1cnc(N(CCCc2ccc(OCC(=O)O)cc2)Cc2cccc(OC(F)(F)F)c2)nc1
/beegfs/home/m.romanov/thesis/benchmarking/datasets/USPTO/US07319104-20080115-C00193.png,COc1ccc(CCNc2ccccn2)cc1
/beegfs/home/m.romanov/thesis/benchmarking/datasets/USPTO/US07319104-20080115-C00194.png,COc1ccc(CCNc2ccc(C)cn2)cc1
/beegfs/home/m.romanov/thesis/benchmarking/datasets/USPTO/US07319104-20080115-C00195.png,COc1ccc(CCNc2cc(C)ccn2)cc1
/beegfs/home/m.romanov/thesis/benchmarking/datasets/USPTO/US07319104-20080115-C00196.png,COc1ccc(CCNc2cccc(C)n2)cc1
/beegfs/home/m.romanov/thesis/benchmarking/datasets/USPTO/US07319104-20080115-C00197.png,CC(C)(Oc1ccc(CCN(Cc2ccc(C(F)(F)F)cc2C(F)(F)F)c2ccccn2)cc1)C(=O)O
/beegfs/home/m.romanov/thesis/benchmarking/datasets/USPTO/US07319104-20080115-C00198.png,CC(C)(Oc1ccc(CCN(Cc2ccc(C(F)(F)F)cc2)c2ccccn2)cc1)C(=O)O
/beegfs/home/m.romanov/thesis/benchmarking/datasets/USPTO/US07319104-20080115-C00199.png,Cc1ccnc(N(CCc2ccc(OC(C)(C)C(=O)O)cc2)Cc2ccc(C(F)(F)F)cc2C(F)(F)F)c1
/beegfs/home/m.romanov/thesis/benchmarking/datasets/USPTO/US07319104-20080115-C00200.png,Cc1ccc(N(CCc2ccc(OC(C)(C)C(=O)O)cc2)Cc2ccc(C(F)(F)F)cc2C(F)(F)F)nc1
/beegfs/home/m.romanov/thesis/benchmarking/datasets/USPTO/US07319104-20080115-C00201.png,Cc1cccc(N(CCc2ccc(OC(C)(C)C(=O)O)cc2)Cc2ccc(C(F)(F)F)cc2C(F)(F)F)n1
/beegfs/home/m.romanov/thesis/benchmarking/datasets/USPTO/US07319104-20080115-C00202.png,Cc1ccc(N(CCc2ccc(OC(C)(C)C(=O)O)cc2)Cc2ccc(C(F)(F)F)cc2)nc1
/beegfs/home/m.romanov/thesis/benchmarking/datasets/USPTO/US07319104-20080115-C00203.png,Cc1ccc(N(CCc2ccc(O)cc2)Cc2cccc(OC(F)(F)F)c2)nc1
/beegfs/home/m.romanov/thesis/benchmarking/datasets/USPTO/US07319104-20080115-C00204.png,Cc1ccc(N(CCc2ccc(OC(C)(C)C(=O)O)cc2)Cc2cccc(OC(F)(F)F)c2)nc1
/beegfs/home/m.romanov/thesis/benchmarking/datasets/USPTO/US07319104-20080115-C00205.png,Cc1ccc(N(CCc2ccc(OCC(=O)O)cc2)Cc2cccc(OC(F)(F)F)c2)nc1
/beegfs/home/m.romanov/thesis/benchmarking/datasets/USPTO/US07319104-20080115-C00206.png,CCCc1cc(CCN(Cc2ccc(C(F)(F)F)cc2)c2ccc(C)cn2)ccc1O
/beegfs/home/m.romanov/thesis/benchmarking/datasets/USPTO/US07319104-20080115-C00207.png,CCCc1cc(CCN(Cc2ccc(C(F)(F)F)cc2)c2ccc(C)cn2)ccc1OCC(=O)O
/beegfs/home/m.romanov/thesis/benchmarking/datasets/USPTO/US07319104-20080115-C00208.png,CCCc1cc(CCN(Cc2ccc(C(F)(F)F)cc2)c2ccc(C)cn2)ccc1OCC1=NNNN1
/beegfs/home/m.romanov/thesis/benchmarking/datasets/USPTO/US07319104-20080115-C00209.png,CC(C)(Oc1ccc(CCN(Cc2ccc(C(F)(F)F)cc2)c2ccc(C(F)(F)F)cn2)cc1)C(=O)O
/beegfs/home/m.romanov/thesis/benchmarking/datasets/USPTO/US07319104-20080115-C00211.png,CC(C)(Oc1ccc(CCN(Cc2ccc(C(F)(F)F)cc2)c2ccc(Br)cn2)cc1)C(=O)O
/beegfs/home/m.romanov/thesis/benchmarking/datasets/USPTO/US07319104-20080115-C00213.png,CC(C)(Oc1ccc(CCN(Cc2ccc(C(F)(F)F)cc2)c2ccc(-c3cccnc3)cn2)cc1)C(=O)O
/beegfs/home/m.romanov/thesis/benchmarking/datasets/USPTO/US07319104-20080115-C00214.png,CC(C)(Oc1ccc(CCN(Cc2ccc(C(F)(F)F)cc2)c2ccc(-c3ccco3)cn2)cc1)C(=O)O
/beegfs/home/m.romanov/thesis/benchmarking/datasets/USPTO/US07319104-20080115-C00215.png,CC(C)(Oc1ccc(CCN(Cc2ccc(C(F)(F)F)cc2)c2ccc(-c3cccs3)cn2)cc1)C(=O)O
/beegfs/home/m.romanov/thesis/benchmarking/datasets/USPTO/US07319104-20080115-C00216.png,COc1ccc(-c2ccc(N(CCc3ccc(OC(C)(C)C(=O)O)cc3)Cc3ccc(C(F)(F)F)cc3)nc2)cc1
/beegfs/home/m.romanov/thesis/benchmarking/datasets/USPTO/US07319104-20080115-C00217.png,COc1cccc(-c2ccc(N(CCc3ccc(OC(C)(C)C(=O)O)cc3)Cc3ccc(C(F)(F)F)cc3)nc2)c1
/beegfs/home/m.romanov/thesis/benchmarking/datasets/USPTO/US07319104-20080115-C00218.png,CC(C)(Oc1ccc(CCN(Cc2ccc(C(F)(F)F)cc2)c2ccc(-c3ccoc3)cn2)cc1)C(=O)O
/beegfs/home/m.romanov/thesis/benchmarking/datasets/USPTO/US07319104-20080115-C00219.png,CC(=O)c1ccc(-c2ccc(N(CCc3ccc(OC(C)(C)C(=O)O)cc3)Cc3ccc(C(F)(F)F)cc3)nc2)cc1
/beegfs/home/m.romanov/thesis/benchmarking/datasets/USPTO/US07319104-20080115-C00220.png,CC(C)(Oc1ccc(CCN(Cc2ccc(C(F)(F)F)cc2)c2ccc(-c3ccncc3)cn2)cc1)C(=O)O
/beegfs/home/m.romanov/thesis/benchmarking/datasets/USPTO/US07319104-20080115-C00221.png,CC(=O)c1cccc(-c2ccc(N(CCc3ccc(OC(C)(C)C(=O)O)cc3)Cc3ccc(C(F)(F)F)cc3)nc2)c1
/beegfs/home/m.romanov/thesis/benchmarking/datasets/USPTO/US07319104-20080115-C00222.png,Cc1ccc(-c2ccc(N(CCc3ccc(OC(C)(C)C(=O)O)cc3)Cc3ccc(C(F)(F)F)cc3)nc2)cc1
/beegfs/home/m.romanov/thesis/benchmarking/datasets/USPTO/US07319104-20080115-C00223.png,CC(C)(Oc1ccc(CCN(Cc2ccc(C(F)(F)F)cc2)c2ccc(-c3ccccc3C(F)(F)F)cn2)cc1)C(=O)O
/beegfs/home/m.romanov/thesis/benchmarking/datasets/USPTO/US07319104-20080115-C00224.png,CC(C)(Oc1ccc(CCN(Cc2ccc(C(F)(F)F)cc2)c2ccc(-c3ccccc3Cl)cn2)cc1)C(=O)O
/beegfs/home/m.romanov/thesis/benchmarking/datasets/USPTO/US07319104-20080115-C00225.png,COc1ccccc1-c1ccc(N(CCc2ccc(OC(C)(C)C(=O)O)cc2)Cc2ccc(C(F)(F)F)cc2)nc1
/beegfs/home/m.romanov/thesis/benchmarking/datasets/USPTO/US07319104-20080115-C00226.png,CC(C)(Oc1ccc(CCN(Cc2ccc(C(F)(F)F)cc2)c2ccc(-c3ccsc3)cn2)cc1)C(=O)O
/beegfs/home/m.romanov/thesis/benchmarking/datasets/USPTO/US07319104-20080115-C00227.png,Cc1cccc(-c2ccc(N(CCc3ccc(OC(C)(C)C(=O)O)cc3)Cc3ccc(C(F)(F)F)cc3)nc2)c1
/beegfs/home/m.romanov/thesis/benchmarking/datasets/USPTO/US07319104-20080115-C00228.png,CC(C)(Oc1ccc(CCN(Cc2ccc(C(F)(F)F)cc2)c2ccc(-c3ccc(Cl)cc3)cn2)cc1)C(=O)O
/beegfs/home/m.romanov/thesis/benchmarking/datasets/USPTO/US07319104-20080115-C00229.png,CC(C)(Oc1ccc(CCN(Cc2ccc(C(F)(F)F)cc2)c2ccc(-c3cccc(Cl)c3)cn2)cc1)C(=O)O
/beegfs/home/m.romanov/thesis/benchmarking/datasets/USPTO/US07319104-20080115-C00230.png,Cc1ccccc1-c1ccc(N(CCc2ccc(OC(C)(C)C(=O)O)cc2)Cc2ccc(C(F)(F)F)cc2)nc1
/beegfs/home/m.romanov/thesis/benchmarking/datasets/USPTO/US07319104-20080115-C00231.png,CC(C)(Oc1ccc(CCN(Cc2ccc(C(F)(F)F)cc2)c2ccc(-c3ccc(C(F)(F)F)cc3)cn2)cc1)C(=O)O
/beegfs/home/m.romanov/thesis/benchmarking/datasets/USPTO/US07319104-20080115-C00232.png,CC(C)(Oc1ccc(CCN(Cc2ccc(C(F)(F)F)cc2)c2ccc(-c3cccc(C(F)(F)F)c3)cn2)cc1)C(=O)O
/beegfs/home/m.romanov/thesis/benchmarking/datasets/USPTO/US07319104-20080115-C00233.png,CCOC(=O)C(C)(C)Oc1ccc(CCN(Cc2ccc(OC(F)(F)F)cc2)c2ccc(Br)cn2)cc1
/beegfs/home/m.romanov/thesis/benchmarking/datasets/USPTO/US07319104-20080115-C00234.png,CCc1ccc(N(CCc2ccc(OC(C)(C)C(=O)O)cc2)Cc2ccc(C(F)(F)F)cc2)nc1
/beegfs/home/m.romanov/thesis/benchmarking/datasets/USPTO/US07319104-20080115-C00235.png,CCc1ccc(N(CCc2ccc(OC(C)(C)C(=O)O)cc2)Cc2ccc(OC(F)(F)F)cc2)nc1
/beegfs/home/m.romanov/thesis/benchmarking/datasets/USPTO/US07319104-20080115-C00236.png,CCCc1ccc(N(CCc2ccc(OC(C)(C)C(=O)O)cc2)Cc2ccc(OC(F)(F)F)cc2)nc1
/beegfs/home/m.romanov/thesis/benchmarking/datasets/USPTO/US07319104-20080115-C00237.png,CC(C)(Oc1ccc(CCN(Cc2ccc(OC(F)(F)F)cc2)c2ccc(CCCO)cn2)cc1)C(=O)O
/beegfs/home/m.romanov/thesis/benchmarking/datasets/USPTO/US07319104-20080115-C00238.png,CCOC(=O)C(C)(C)Oc1ccc(CCN(Cc2ccc(C(F)(F)F)cc2)c2ccc(C(C)=O)cn2)cc1
/beegfs/home/m.romanov/thesis/benchmarking/datasets/USPTO/US07319104-20080115-C00239.png,CCOC(=O)C(C)(C)Oc1ccc(CCN(Cc2ccc(OC(F)(F)F)cc2)c2ccc(C(C)=O)cn2)cc1
/beegfs/home/m.romanov/thesis/benchmarking/datasets/USPTO/US07319104-20080115-C00240.png,CC(=O)c1ccc(N(CCc2ccc(OC(C)(C)C(=O)O)cc2)Cc2ccc(C(F)(F)F)cc2)nc1
/beegfs/home/m.romanov/thesis/benchmarking/datasets/USPTO/US07319104-20080115-C00241.png,CC(C)c1ccc(N(CCc2ccc(OC(C)(C)C(=O)O)cc2)Cc2ccc(C(F)(F)F)cc2)nc1
/beegfs/home/m.romanov/thesis/benchmarking/datasets/USPTO/US07319104-20080115-C00243.png,CC(C)c1ccc(N(CCc2cccc(OC(C)(C)C(=O)O)c2)Cc2ccc(OC(F)(F)F)cc2)nc1
/beegfs/home/m.romanov/thesis/benchmarking/datasets/USPTO/US07319104-20080115-C00244.png,CC(C)c1ccc(N(CCc2cccc(OCC(=O)O)c2)Cc2ccc(OC(F)(F)F)cc2)nc1
/beegfs/home/m.romanov/thesis/benchmarking/datasets/USPTO/US07319104-20080115-C00246.png,CC(C)Cc1ccc(N(CCc2ccc(OC(C)(C)C(=O)O)cc2)Cc2ccc(OC(F)(F)F)cc2)nc1
/beegfs/home/m.romanov/thesis/benchmarking/datasets/USPTO/US07319104-20080115-C00247.png,CCCCc1ccc(N(CCc2ccc(OC(C)(C)C(=O)O)cc2)Cc2ccc(OC(F)(F)F)cc2)nc1
/beegfs/home/m.romanov/thesis/benchmarking/datasets/USPTO/US07319104-20080115-C00248.png,CC(C)(Oc1ccc(CCN(Cc2ccc(OC(F)(F)F)cc2)c2ccc(CCC#N)cn2)cc1)C(=O)O
/beegfs/home/m.romanov/thesis/benchmarking/datasets/USPTO/US07319104-20080115-C00249.png,CC(C)(Oc1ccc(CCN(Cc2ccc(OC(F)(F)F)cc2)c2ccc(CC(F)(F)F)cn2)cc1)C(=O)O
/beegfs/home/m.romanov/thesis/benchmarking/datasets/USPTO/US07319104-20080115-C00250.png,CC(C)(Oc1ccc(CCN(Cc2ccc(OC(F)(F)F)cc2)c2ccc(CO)cn2)cc1)C(=O)O
/beegfs/home/m.romanov/thesis/benchmarking/datasets/USPTO/US07319104-20080115-C00251.png,CCOC(=O)C(C)(C)Oc1ccc(CCN(Cc2ccc(C(F)(F)F)cc2)c2ccc([N+](=O)[O-])cn2)cc1
/beegfs/home/m.romanov/thesis/benchmarking/datasets/USPTO/US07319104-20080115-C00252.png,CC(C)(Oc1ccc(CCN(Cc2ccc(C(F)(F)F)cc2)c2ccc([N+](=O)[O-])cn2)cc1)C(=O)O
/beegfs/home/m.romanov/thesis/benchmarking/datasets/USPTO/US07319104-20080115-C00253.png,CCOC(=O)C(C)(C)Oc1ccc(CCN(Cc2ccc(C(F)(F)F)cc2)c2ccc(N)cn2)cc1
/beegfs/home/m.romanov/thesis/benchmarking/datasets/USPTO/US07319104-20080115-C00254.png,CC(C)(Oc1ccc(CCN(Cc2ccc(C(F)(F)F)cc2)c2ccc(NS(C)(=O)=O)cn2)cc1)C(=O)O
/beegfs/home/m.romanov/thesis/benchmarking/datasets/USPTO/US07319104-20080115-C00255.png,COC(=O)Nc1ccc(N(CCc2ccc(OC(C)(C)C(=O)O)cc2)Cc2ccc(C(F)(F)F)cc2)nc1
/beegfs/home/m.romanov/thesis/benchmarking/datasets/USPTO/US07319104-20080115-C00256.png,CC(C)Nc1ccc(N(CCc2ccc(OC(C)(C)C(=O)O)cc2)Cc2ccc(C(F)(F)F)cc2)nc1
/beegfs/home/m.romanov/thesis/benchmarking/datasets/USPTO/US07319104-20080115-C00257.png,C=CCN(Cc1ccc(OC(F)(F)F)cc1)c1ccc(C(C)=O)cn1
/beegfs/home/m.romanov/thesis/benchmarking/datasets/USPTO/US07319104-20080115-C00258.png,CC(C)c1ccc(N(CCCc2ccc(O)cc2)Cc2ccc(OC(F)(F)F)cc2)nc1
/beegfs/home/m.romanov/thesis/benchmarking/datasets/USPTO/US07319104-20080115-C00259.png,CC(C)c1ccc(N(CCCc2cccc(O)c2)Cc2ccc(OC(F)(F)F)cc2)nc1
/beegfs/home/m.romanov/thesis/benchmarking/datasets/USPTO/US07319104-20080115-C00260.png,CC(C)c1ccc(N(CCCc2ccc(OC(C)(C)C(=O)O)cc2)Cc2ccc(OC(F)(F)F)cc2)nc1
/beegfs/home/m.romanov/thesis/benchmarking/datasets/USPTO/US07319104-20080115-C00261.png,CC(C)c1ccc(N(CCCc2cccc(OC(C)(C)C(=O)O)c2)Cc2ccc(OC(F)(F)F)cc2)nc1
/beegfs/home/m.romanov/thesis/benchmarking/datasets/USPTO/US07319104-20080115-C00262.png,CC(C)c1ccc(N(CCCc2ccc(OCC(=O)O)cc2)Cc2ccc(OC(F)(F)F)cc2)nc1
/beegfs/home/m.romanov/thesis/benchmarking/datasets/USPTO/US07319104-20080115-C00263.png,CC(C)c1ccc(N(CCCc2cccc(OCC(=O)O)c2)Cc2ccc(OC(F)(F)F)cc2)nc1
/beegfs/home/m.romanov/thesis/benchmarking/datasets/USPTO/US07319104-20080115-C00264.png,C=C(C)c1ccc(N(CCc2ccc(OC(C)(C)C(=O)O)cc2)Cc2ccc(OC(F)(F)F)cc2)nc1
/beegfs/home/m.romanov/thesis/benchmarking/datasets/USPTO/US07319104-20080115-C00265.png,CC(C)c1ccc(N(CCc2ccc(OC(C)(C)C(=O)O)c(Br)c2)Cc2ccc(OC(F)(F)F)cc2)nc1
/beegfs/home/m.romanov/thesis/benchmarking/datasets/USPTO/US07319104-20080115-C00266.png,Cc1cc(CCN(Cc2ccc(OC(F)(F)F)cc2)c2ccc(C(C)C)cn2)ccc1OCC(=O)O
/beegfs/home/m.romanov/thesis/benchmarking/datasets/USPTO/US07319104-20080115-C00267.png,COc1cccnc1N(CCc1ccc(OC(C)(C)C(=O)O)cc1)Cc1ccc(OC(F)(F)F)cc1
/beegfs/home/m.romanov/thesis/benchmarking/datasets/USPTO/US07319104-20080115-C00268.png,CC(C)Oc1cccnc1N(CCc1ccc(OC(C)(C)C(=O)O)cc1)Cc1ccc(OC(F)(F)F)cc1
/beegfs/home/m.romanov/thesis/benchmarking/datasets/USPTO/US07319104-20080115-C00269.png,CC(C)Nc1ccc(N(CCc2ccc(OC(C)(C)C(=O)O)cc2)Cc2ccc(OC(F)(F)F)cc2)nc1
/beegfs/home/m.romanov/thesis/benchmarking/datasets/USPTO/US07319104-20080115-C00270.png,CN(C)c1ccc(N(CCc2ccc(OC(C)(C)C(=O)O)cc2)Cc2ccc(OC(F)(F)F)cc2)nc1
/beegfs/home/m.romanov/thesis/benchmarking/datasets/USPTO/US07319104-20080115-C00271.png,COCc1ccc(N(CCc2ccc(OC(C)(C)C(=O)O)cc2)Cc2ccc(OC(F)(F)F)cc2)nc1
/beegfs/home/m.romanov/thesis/benchmarking/datasets/USPTO/US07319104-20080115-C00272.png,Cc1ccc(N(Cc2ccc(OC(F)(F)F)cc2)CC(C)(C)c2ccc(OC(C)(C)C(=O)O)cc2)nc1
/beegfs/home/m.romanov/thesis/benchmarking/datasets/USPTO/US07319104-20080115-C00273.png,CCCc1cc(C(C)(C)CN(Cc2ccc(OC(F)(F)F)cc2)c2ccccn2)ccc1OC(C)(C)C(=O)O
/beegfs/home/m.romanov/thesis/benchmarking/datasets/USPTO/US07319104-20080115-C00274.png,CCCc1cc(C(C)(C)CN(Cc2ccc(OC(F)(F)F)cc2)c2ccccn2)ccc1OCC(=O)O
/beegfs/home/m.romanov/thesis/benchmarking/datasets/USPTO/US07319104-20080115-C00275.png,CC(C)(Oc1ccc(CCCN(Cc2ccc(OC(F)(F)F)cc2)c2ccc(C(F)(F)F)cn2)cc1)C(=O)O
/beegfs/home/m.romanov/thesis/benchmarking/datasets/USPTO/US07319104-20080115-C00276.png,CC(C)c1ccc(N(CCCc2ccc(OC(C)(C)C(=O)O)cc2)Cc2ccc(C(F)(F)F)cc2)nc1
/beegfs/home/m.romanov/thesis/benchmarking/datasets/USPTO/US07319104-20080115-C00277.png,CC(C)c1ccc(N(CCCc2ccc(OC(C)(C)C(=O)O)cc2)Cc2cccc(OC(F)(F)F)c2)nc1
/beegfs/home/m.romanov/thesis/benchmarking/datasets/USPTO/US07319104-20080115-C00278.png,CC(C)(Oc1ccc(CCN(Cc2ccc(C(F)(F)F)cc2)c2ccc(Cl)nn2)cc1)C(=O)O
/beegfs/home/m.romanov/thesis/benchmarking/datasets/USPTO/US07319104-20080115-C00279.png,CC(C)(Oc1ccc(CCN(Cc2ccc(C(F)(F)F)cc2C(F)(F)F)c2ccc(Cl)nn2)cc1)C(=O)O
/beegfs/home/m.romanov/thesis/benchmarking/datasets/USPTO/US07319104-20080115-C00280.png,CC(C)(Oc1ccc(CCN(Cc2ccc(C(F)(F)F)cc2)c2cnccn2)cc1)C(=O)O
/beegfs/home/m.romanov/thesis/benchmarking/datasets/USPTO/US07319104-20080115-C00281.png,CC(C)(Oc1ccc(CCN(Cc2ccc(C(F)(F)F)cc2)c2nc3ccccc3o2)cc1)C(=O)O
/beegfs/home/m.romanov/thesis/benchmarking/datasets/USPTO/US07319104-20080115-C00282.png,CC(C)(Oc1ccc(CCN(Cc2ccc(C(F)(F)F)cc2C(F)(F)F)c2nc3ccccc3o2)cc1)C(=O)O
/beegfs/home/m.romanov/thesis/benchmarking/datasets/USPTO/US07319104-20080115-C00285.png,CC(C)(Oc1cccc(CCCN(Cc2ccc(C(F)(F)F)cc2C(F)(F)F)c2nc3ccccc3o2)c1)C(=O)O
/beegfs/home/m.romanov/thesis/benchmarking/datasets/USPTO/US07319104-20080115-C00286.png,CC(C)(Oc1ccc(CCN(Cc2ccc(C#N)cc2)c2nc3ccccc3o2)cc1)C(=O)O
/beegfs/home/m.romanov/thesis/benchmarking/datasets/USPTO/US07319104-20080115-C00287.png,CC(C)(Oc1ccc(CCN(Cc2ccc(-c3ncon3)cc2)c2nc3ccccc3o2)cc1)C(=O)O
/beegfs/home/m.romanov/thesis/benchmarking/datasets/USPTO/US07319104-20080115-C00288.png,Cc1nc(-c2ccc(CN(CCc3ccc(OC(C)(C)C(=O)O)cc3)c3nc4ccccc4o3)cc2)no1
/beegfs/home/m.romanov/thesis/benchmarking/datasets/USPTO/US07319104-20080115-C00289.png,CC(C)(Oc1ccc(CCN(Cc2ccc(-c3noc(C(F)(F)F)n3)cc2)c2nc3ccccc3o2)cc1)C(=O)O
/beegfs/home/m.romanov/thesis/benchmarking/datasets/USPTO/US07319104-20080115-C00290.png,CNc1nc(-c2ccc(CN(CCc3ccc(OC(C)(C)C(=O)O)cc3)c3nc4ccccc4o3)cc2)no1
/beegfs/home/m.romanov/thesis/benchmarking/datasets/USPTO/US07319104-20080115-C00291.png,CN(C)c1nc(-c2ccc(CN(CCc3ccc(OC(C)(C)C(=O)O)cc3)c3nc4ccccc4o3)cc2)no1
/beegfs/home/m.romanov/thesis/benchmarking/datasets/USPTO/US07319104-20080115-C00292.png,CC(C)(Oc1ccc(C(C)(C)CN(Cc2ccc(OC(F)(F)F)cc2)c2nc3ccccc3o2)cc1)C(=O)O
/beegfs/home/m.romanov/thesis/benchmarking/datasets/USPTO/US07319104-20080115-C00293.png,CC(C)(Oc1ccc(CCN(Cc2ccc(C(F)(F)F)cc2)c2nc3ccccc3s2)cc1)C(=O)O
/beegfs/home/m.romanov/thesis/benchmarking/datasets/USPTO/US07319104-20080115-C00294.png,COc1ccc2nc(N(CCc3ccc(OC(C)(C)C(=O)O)cc3)Cc3ccc(C(F)(F)F)cc3)sc2c1
/beegfs/home/m.romanov/thesis/benchmarking/datasets/USPTO/US07319104-20080115-C00295.png,CC(C)(Oc1ccc(CCN(Cc2ccc(C(F)(F)F)cc2)c2nc3ccc(Cl)cc3s2)cc1)C(=O)O
/beegfs/home/m.romanov/thesis/benchmarking/datasets/USPTO/US07319104-20080115-C00296.png,CC(C)(Oc1ccc(CCN(Cc2ccc(C(F)(F)F)cc2C(F)(F)F)c2nc3ccc(Cl)cc3s2)cc1)C(=O)O
/beegfs/home/m.romanov/thesis/benchmarking/datasets/USPTO/US07319104-20080115-C00298.png,Brc1ccc(-c2coc(C3CC3)n2)cc1
/beegfs/home/m.romanov/thesis/benchmarking/datasets/USPTO/US07319104-20080115-C00299.png,Brc1ccc(-c2cc(C3CC3)on2)cc1
/beegfs/home/m.romanov/thesis/benchmarking/datasets/USPTO/US07319104-20080115-C00300.png,Brc1ccc(-c2nc(C3CC3)co2)cc1
/beegfs/home/m.romanov/thesis/benchmarking/datasets/USPTO/US07319104-20080115-C00301.png,O=Cc1ccc(-c2coc(C3CC3)n2)cc1
/beegfs/home/m.romanov/thesis/benchmarking/datasets/USPTO/US07319104-20080115-C00302.png,O=Cc1ccc(-c2cc(C3CC3)on2)cc1
/beegfs/home/m.romanov/thesis/benchmarking/datasets/USPTO/US07319104-20080115-C00303.png,O=Cc1ccc(-c2nc(C3CC3)co2)cc1
/beegfs/home/m.romanov/thesis/benchmarking/datasets/USPTO/US07319104-20080115-C00304.png,CC(C)(Oc1ccc(CCN(Cc2ccc(-c3coc(C4CC4)n3)cc2)c2noc(-c3cccc(C(F)(F)F)c3)n2)cc1)C(=O)O
/beegfs/home/m.romanov/thesis/benchmarking/datasets/USPTO/US07319104-20080115-C00305.png,CC(C)(Oc1ccc(CCN(Cc2ccc(-c3cc(C4CC4)on3)cc2)c2noc(-c3cccc(C(F)(F)F)c3)n2)cc1)C(=O)O
/beegfs/home/m.romanov/thesis/benchmarking/datasets/USPTO/US07319104-20080115-C00306.png,CC(C)(Oc1ccc(CCN(Cc2ccc(-c3nc(C4CC4)co3)cc2)c2noc(-c3cccc(C(F)(F)F)c3)n2)cc1)C(=O)O
/beegfs/home/m.romanov/thesis/benchmarking/datasets/USPTO/US07319104-20080115-C00307.png,CCOC(=O)C(C)(C)Oc1ccc(CCN(Cc2ccc(C(F)(F)F)cc2)/C(N)=N/O)cc1
/beegfs/home/m.romanov/thesis/benchmarking/datasets/USPTO/US07319104-20080115-C00308.png,CC(C)(C)OC(=O)C(C)(C)Oc1ccc(CCN(Cc2ccc(C(F)(F)F)cc2)/C(N)=N/O)cc1
/beegfs/home/m.romanov/thesis/benchmarking/datasets/USPTO/US07319104-20080115-C00309.png,CC(C)c1nc(N(CCc2ccc(OC(C)(C)C(=O)O)cc2)Cc2ccc(C(F)(F)F)cc2)no1
/beegfs/home/m.romanov/thesis/benchmarking/datasets/USPTO/US07319104-20080115-C00310.png,CC(C)(Oc1ccc(CCN(Cc2ccc(C(F)(F)F)cc2)c2noc(-c3cccc(Cl)c3)n2)cc1)C(=O)O
/beegfs/home/m.romanov/thesis/benchmarking/datasets/USPTO/US07319104-20080115-C00311.png,CC(C)(Oc1ccc(CCN(Cc2ccc(C(F)(F)F)cc2)c2noc(-c3ccc(C(F)(F)F)cc3)n2)cc1)C(=O)O
/beegfs/home/m.romanov/thesis/benchmarking/datasets/USPTO/US07319104-20080115-C00313.png,CC(C)(Oc1ccc(CCN(Cc2ccc(C(F)(F)F)cc2)c2noc(-c3ccncc3)n2)cc1)C(=O)O
/beegfs/home/m.romanov/thesis/benchmarking/datasets/USPTO/US07319104-20080115-C00314.png,CC(C)(Oc1ccc(CCN(Cc2ccc(C(F)(F)F)cc2)c2noc(-c3ccc(C#N)cc3)n2)cc1)C(=O)O
/beegfs/home/m.romanov/thesis/benchmarking/datasets/USPTO/US07319104-20080115-C00315.png,CC(C)(Oc1ccc(CCN(Cc2ccc(C(F)(F)F)cc2)c2noc(C3CC3)n2)cc1)C(=O)O
/beegfs/home/m.romanov/thesis/benchmarking/datasets/USPTO/US07319104-20080115-C00316.png,CC(C)(Oc1ccc(CCN(Cc2ccc(C(F)(F)F)cc2)c2noc(C(C)(C)C)n2)cc1)C(=O)O
/beegfs/home/m.romanov/thesis/benchmarking/datasets/USPTO/US07319104-20080115-C00317.png,CC(C)(Oc1ccc(CCN(Cc2ccc(C(F)(F)F)cc2)c2noc(C3CCC3)n2)cc1)C(=O)O
/beegfs/home/m.romanov/thesis/benchmarking/datasets/USPTO/US07319104-20080115-C00318.png,CC(C)(Oc1ccc(CCN(Cc2ccc(C(F)(F)F)cc2)c2noc(C3CCCC3)n2)cc1)C(=O)O
/beegfs/home/m.romanov/thesis/benchmarking/datasets/USPTO/US07319104-20080115-C00319.png,CC(C)Cc1nc(N(CCc2ccc(OC(C)(C)C(=O)O)cc2)Cc2ccc(C(F)(F)F)cc2)no1
/beegfs/home/m.romanov/thesis/benchmarking/datasets/USPTO/US07319104-20080115-C00320.png,CC(C)(Oc1ccc(CCN(Cc2ccc(C(F)(F)F)cc2)c2noc(-c3cccs3)n2)cc1)C(=O)O
/beegfs/home/m.romanov/thesis/benchmarking/datasets/USPTO/US07319104-20080115-C00322.png,CC(C)(Oc1ccc(CCN(Cc2ccc(C(F)(F)F)cc2)c2noc(-c3ccc(Cl)c(Cl)c3)n2)cc1)C(=O)O
/beegfs/home/m.romanov/thesis/benchmarking/datasets/USPTO/US07319104-20080115-C00323.png,CC(C)(Oc1ccc(CCN(Cc2ccc(C(F)(F)F)cc2)c2noc(C3CCCCCC3)n2)cc1)C(=O)O
/beegfs/home/m.romanov/thesis/benchmarking/datasets/USPTO/US07319104-20080115-C00324.png,CC(C)(Oc1ccc(CCN(Cc2ccc(C(F)(F)F)cc2)c2noc(-c3ccsc3)n2)cc1)C(=O)O
/beegfs/home/m.romanov/thesis/benchmarking/datasets/USPTO/US07319104-20080115-C00325.png,CC(C)(Oc1ccc(CCN(Cc2ccc(C(F)(F)F)cc2)c2noc(COc3ccccc3)n2)cc1)C(=O)O
/beegfs/home/m.romanov/thesis/benchmarking/datasets/USPTO/US07319104-20080115-C00326.png,Cc1ccc(-c2nc(N(CCc3ccc(OC(C)(C)C(=O)O)cc3)Cc3ccc(C(F)(F)F)cc3)no2)cc1
/beegfs/home/m.romanov/thesis/benchmarking/datasets/USPTO/US07319104-20080115-C00327.png,Cc1cccc(-c2nc(N(CCc3ccc(OC(C)(C)C(=O)O)cc3)Cc3ccc(C(F)(F)F)cc3)no2)c1
/beegfs/home/m.romanov/thesis/benchmarking/datasets/USPTO/US07319104-20080115-C00328.png,CC(C)CCc1nc(N(CCc2ccc(OC(C)(C)C(=O)O)cc2)Cc2ccc(C(F)(F)F)cc2)no1
/beegfs/home/m.romanov/thesis/benchmarking/datasets/USPTO/US07319104-20080115-C00329.png,CC(C)(Oc1ccc(CCN(Cc2ccc(C(F)(F)F)cc2)c2noc(CC3CCCC3)n2)cc1)C(=O)O
/beegfs/home/m.romanov/thesis/benchmarking/datasets/USPTO/US07319104-20080115-C00330.png,CCCc1nc(N(CCc2ccc(OC(C)(C)C(=O)O)cc2)Cc2ccc(C(F)(F)F)cc2)no1
/beegfs/home/m.romanov/thesis/benchmarking/datasets/USPTO/US07319104-20080115-C00331.png,Cc1ccccc1-c1nc(N(CCc2ccc(OC(C)(C)C(=O)O)cc2)Cc2ccc(C(F)(F)F)cc2)no1
/beegfs/home/m.romanov/thesis/benchmarking/datasets/USPTO/US07319104-20080115-C00332.png,CC(C)(Oc1ccc(CCN(Cc2ccc(C(F)(F)F)cc2)c2noc(C(F)(F)F)n2)cc1)C(=O)O
/beegfs/home/m.romanov/thesis/benchmarking/datasets/USPTO/US07319104-20080115-C00333.png,CC(C)(Oc1ccc(CCN(Cc2ccc(C(F)(F)F)cc2)c2noc(CCC(F)(F)F)n2)cc1)C(=O)O
/beegfs/home/m.romanov/thesis/benchmarking/datasets/USPTO/US07319104-20080115-C00334.png,CC(C)(Oc1ccc(CCN(Cc2ccc(C(F)(F)F)cc2)c2noc(C3CCOC3)n2)cc1)C(=O)O
/beegfs/home/m.romanov/thesis/benchmarking/datasets/USPTO/US07319104-20080115-C00335.png,CC(C)c1nc(N(CCc2ccc(OC(C)(C)C(=O)O)cc2)Cc2ccc(C(F)(F)F)cc2C(F)(F)F)no1
/beegfs/home/m.romanov/thesis/benchmarking/datasets/USPTO/US07319104-20080115-C00336.png,CC(C)(Oc1ccc(CCN(Cc2ccc(C(F)(F)F)cc2C(F)(F)F)c2noc(-c3ccc(C(F)(F)F)cc3)n2)cc1)C(=O)O
/beegfs/home/m.romanov/thesis/benchmarking/datasets/USPTO/US07319104-20080115-C00337.png,CC(C)(Oc1ccc(CCN(Cc2ccc(OC(F)(F)F)cc2)c2noc(-c3ccc(OC(F)(F)F)cc3)n2)cc1)C(=O)O
/beegfs/home/m.romanov/thesis/benchmarking/datasets/USPTO/US07319104-20080115-C00338.png,CC(C)(Oc1ccc(CCN(Cc2ccc(OC(F)(F)F)cc2)c2noc(-c3ccc(C(F)(F)F)cc3)n2)cc1)C(=O)O
/beegfs/home/m.romanov/thesis/benchmarking/datasets/USPTO/US07319104-20080115-C00339.png,CC(C)(Oc1ccc(CCN(Cc2ccc(OC(F)(F)F)cc2)c2noc(-c3cccc(C(F)(F)F)c3)n2)cc1)C(=O)O
/beegfs/home/m.romanov/thesis/benchmarking/datasets/USPTO/US07319104-20080115-C00340.png,CC(C)c1nc(N(CCc2ccc(OC(C)(C)C(=O)O)cc2)Cc2ccc(OC(F)(F)F)cc2)no1
/beegfs/home/m.romanov/thesis/benchmarking/datasets/USPTO/US07319104-20080115-C00341.png,CC(C)c1nc(N(CCc2ccc(OC(C)(C)C(=O)O)cc2)Cc2ccc(SC(F)(F)F)cc2)no1
/beegfs/home/m.romanov/thesis/benchmarking/datasets/USPTO/US07319104-20080115-C00342.png,CSc1ccc(CN(CCc2ccc(OC(C)(C)C(=O)O)cc2)c2noc(C(C)C)n2)cc1
/beegfs/home/m.romanov/thesis/benchmarking/datasets/USPTO/US07319104-20080115-C00343.png,CC(C)(C)OC(=O)N1CCC(c2nc(N(CCc3ccc(OC(C)(C)C(=O)O)cc3)Cc3ccc(C(F)(F)F)cc3)no2)CC1
/beegfs/home/m.romanov/thesis/benchmarking/datasets/USPTO/US07319104-20080115-C00344.png,CC(=O)N1CCC(c2nc(N(CCc3ccc(OC(C)(C)C(=O)O)cc3)Cc3ccc(C(F)(F)F)cc3)no2)CC1
/beegfs/home/m.romanov/thesis/benchmarking/datasets/USPTO/US07319104-20080115-C00345.png,CNC(=O)N1CCC(c2nc(N(CCc3ccc(OC(C)(C)C(=O)O)cc3)Cc3ccc(C(F)(F)F)cc3)no2)CC1
/beegfs/home/m.romanov/thesis/benchmarking/datasets/USPTO/US07319104-20080115-C00346.png,CC(C)(Oc1ccc(CCN(Cc2ccc(C(F)(F)F)cc2)c2noc(C3CCN(Cc4ccccc4)CC3)n2)cc1)C(=O)O
/beegfs/home/m.romanov/thesis/benchmarking/datasets/USPTO/US07319104-20080115-C00347.png,COC(=O)N1CCC(c2nc(N(CCc3ccc(OC(C)(C)C(=O)O)cc3)Cc3ccc(C(F)(F)F)cc3)no2)CC1
/beegfs/home/m.romanov/thesis/benchmarking/datasets/USPTO/US07319104-20080115-C00348.png,CCN1CCC(c2nc(N(CCc3ccc(OC(C)(C)C(=O)O)cc3)Cc3ccc(C(F)(F)F)cc3)no2)CC1
/beegfs/home/m.romanov/thesis/benchmarking/datasets/USPTO/US07319104-20080115-C00349.png,CC(C)(Oc1ccc(CCN(Cc2ccc(C(F)(F)F)cc2)c2noc(C3CCN(C(N)=O)CC3)n2)cc1)C(=O)O
/beegfs/home/m.romanov/thesis/benchmarking/datasets/USPTO/US07319104-20080115-C00350.png,CC(C)COC(=O)N1CCC(c2nc(N(CCc3ccc(OC(C)(C)C(=O)O)cc3)Cc3ccc(C(F)(F)F)cc3)no2)CC1
/beegfs/home/m.romanov/thesis/benchmarking/datasets/USPTO/US07319104-20080115-C00351.png,CCOC(=O)N1CCC(c2nc(N(CCc3ccc(OC(C)(C)C(=O)O)cc3)Cc3ccc(C(F)(F)F)cc3)no2)CC1
/beegfs/home/m.romanov/thesis/benchmarking/datasets/USPTO/US07319104-20080115-C00352.png,CC(C)(Oc1ccc(CCN(Cc2ccc(C(F)(F)F)cc2)c2noc(C3CCN(S(C)(=O)=O)CC3)n2)cc1)C(=O)O
/beegfs/home/m.romanov/thesis/benchmarking/datasets/USPTO/US07319104-20080115-C00353.png,CC(C)(Oc1ccc(CCN(Cc2ccc(C(F)(F)F)cc2)c2noc(C3CCN(C(=O)OCc4ccccc4)CC3)n2)cc1)C(=O)O
/beegfs/home/m.romanov/thesis/benchmarking/datasets/USPTO/US07319104-20080115-C00354.png,CC(C)(Oc1ccc(CCN(Cc2ccc(C(F)(F)F)cc2)c2noc(CN3CCN(c4ccc(F)cc4)CC3)n2)cc1)C(=O)O
/beegfs/home/m.romanov/thesis/benchmarking/datasets/USPTO/US07319104-20080115-C00355.png,CC(C)(Oc1ccc(CCN(Cc2ccc(C(F)(F)F)cc2)c2noc(CN3CCOCC3)n2)cc1)C(=O)O
/beegfs/home/m.romanov/thesis/benchmarking/datasets/USPTO/US07319104-20080115-C00356.png,CC(C)c1nc(N(Cc2ccc(C(F)(F)F)cc2)CC(C)(C)c2ccc(OC(C)(C)C(=O)O)cc2)no1
/beegfs/home/m.romanov/thesis/benchmarking/datasets/USPTO/US07319104-20080115-C00357.png,Cc1cc(CCN(Cc2ccc(OC(F)(F)F)cc2)c2noc(-c3ccc(C(F)(F)F)cc3)n2)ccc1OC(C)(C)C(=O)O
/beegfs/home/m.romanov/thesis/benchmarking/datasets/USPTO/US07319104-20080115-C00358.png,CN(CCc1ccc(OC(C)(C)C(=O)O)cc1)c1noc(-c2cccc(C(F)(F)F)c2)n1
/beegfs/home/m.romanov/thesis/benchmarking/datasets/USPTO/US07319104-20080115-C00359.png,Cc1ccccc1-c1nc(N(CCCc2cccc(OC(C)(C)C(=O)O)c2)Cc2ccc(C(F)(F)F)cc2)no1
/beegfs/home/m.romanov/thesis/benchmarking/datasets/USPTO/US07319104-20080115-C00360.png,Cc1cccc(-c2nc(N(CCCc3cccc(OC(C)(C)C(=O)O)c3)Cc3ccc(C(F)(F)F)cc3)no2)c1
/beegfs/home/m.romanov/thesis/benchmarking/datasets/USPTO/US07319104-20080115-C00361.png,Cc1ccc(-c2nc(N(CCCc3cccc(OC(C)(C)C(=O)O)c3)Cc3ccc(C(F)(F)F)cc3)no2)cc1
/beegfs/home/m.romanov/thesis/benchmarking/datasets/USPTO/US07319104-20080115-C00362.png,CC(C)(Oc1cccc(CCCN(Cc2ccc(C(F)(F)F)cc2)c2noc(-c3ccc(C#N)cc3)n2)c1)C(=O)O
/beegfs/home/m.romanov/thesis/benchmarking/datasets/USPTO/US07319104-20080115-C00363.png,CC(C)(Oc1cccc(CCCN(Cc2ccc(C(F)(F)F)cc2)c2noc(-c3cccc(C#N)c3)n2)c1)C(=O)O
/beegfs/home/m.romanov/thesis/benchmarking/datasets/USPTO/US07319104-20080115-C00364.png,CC(C)(Oc1cccc(CCCN(Cc2ccc(C(F)(F)F)cc2)c2noc(C3CC3)n2)c1)C(=O)O
/beegfs/home/m.romanov/thesis/benchmarking/datasets/USPTO/US07319104-20080115-C00365.png,CC(C)(Oc1cccc(CCCN(Cc2ccc(C(F)(F)F)cc2)c2noc(C3CCC3)n2)c1)C(=O)O
/beegfs/home/m.romanov/thesis/benchmarking/datasets/USPTO/US07319104-20080115-C00366.png,CC(C)(Oc1cccc(CCCN(Cc2ccc(C(F)(F)F)cc2)c2noc(C3CCCC3)n2)c1)C(=O)O
/beegfs/home/m.romanov/thesis/benchmarking/datasets/USPTO/US07319104-20080115-C00367.png,CC(C)(Oc1cccc(CCCN(Cc2ccc(C(F)(F)F)cc2)c2noc(CC3CCCC3)n2)c1)C(=O)O
/beegfs/home/m.romanov/thesis/benchmarking/datasets/USPTO/US07319104-20080115-C00368.png,Cc1nc(N(CCCc2cccc(OC(C)(C)C(=O)O)c2)Cc2ccc(C(F)(F)F)cc2)no1
/beegfs/home/m.romanov/thesis/benchmarking/datasets/USPTO/US07319104-20080115-C00369.png,CCCc1nc(N(CCCc2cccc(OC(C)(C)C(=O)O)c2)Cc2ccc(C(F)(F)F)cc2)no1
/beegfs/home/m.romanov/thesis/benchmarking/datasets/USPTO/US07319104-20080115-C00370.png,CCCCc1nc(N(CCCc2cccc(OC(C)(C)C(=O)O)c2)Cc2ccc(C(F)(F)F)cc2)no1
/beegfs/home/m.romanov/thesis/benchmarking/datasets/USPTO/US07319104-20080115-C00371.png,CC(C)c1nc(N(CCCc2cccc(OC(C)(C)C(=O)O)c2)Cc2ccc(C(F)(F)F)cc2)no1
/beegfs/home/m.romanov/thesis/benchmarking/datasets/USPTO/US07319104-20080115-C00372.png,CC(C)Cc1nc(N(CCCc2cccc(OC(C)(C)C(=O)O)c2)Cc2ccc(C(F)(F)F)cc2)no1
/beegfs/home/m.romanov/thesis/benchmarking/datasets/USPTO/US07319104-20080115-C00373.png,CC(C)(Oc1cccc(CCCN(Cc2ccc(C(F)(F)F)cc2)c2noc(C(C)(C)C)n2)c1)C(=O)O
/beegfs/home/m.romanov/thesis/benchmarking/datasets/USPTO/US07319104-20080115-C00374.png,CC(C)(Oc1cccc(CCCN(Cc2ccc(C(F)(F)F)cc2)c2noc(-c3ccco3)n2)c1)C(=O)O
/beegfs/home/m.romanov/thesis/benchmarking/datasets/USPTO/US07319104-20080115-C00378.png,Cc1nc(N(CCc2ccc(OC(C)(C)C(=O)O)cc2)Cc2ccc(-c3noc(C4CC4)n3)cc2)no1
/beegfs/home/m.romanov/thesis/benchmarking/datasets/USPTO/US07319104-20080115-C00379.png,CC(C)(Oc1ccc(CCN(Cc2ccc(-c3noc(C4CC4)n3)cc2)c2noc(C3CC3)n2)cc1)C(=O)O
/beegfs/home/m.romanov/thesis/benchmarking/datasets/USPTO/US07319104-20080115-C00380.png,CC(C)(Oc1ccc(CCN(Cc2ccc(-c3noc(C4CC4)n3)cc2)c2noc(-c3cccs3)n2)cc1)C(=O)O
/beegfs/home/m.romanov/thesis/benchmarking/datasets/USPTO/US07319104-20080115-C00381.png,CC(C)(Oc1ccc(CCN(Cc2ccc(-c3noc(C4CC4)n3)cc2)c2ncon2)cc1)C(=O)O
/beegfs/home/m.romanov/thesis/benchmarking/datasets/USPTO/US07319104-20080115-C00382.png,CCCCc1nc(N(CCc2ccc(OC(C)(C)C(=O)O)cc2)Cc2ccc(-c3noc(C4CC4)n3)cc2)no1
/beegfs/home/m.romanov/thesis/benchmarking/datasets/USPTO/US07319104-20080115-C00383.png,CC(C)Cc1nc(N(CCc2ccc(OC(C)(C)C(=O)O)cc2)Cc2ccc(-c3noc(C4CC4)n3)cc2)no1
/beegfs/home/m.romanov/thesis/benchmarking/datasets/USPTO/US07319104-20080115-C00384.png,CC(C)CCc1nc(N(CCc2ccc(OC(C)(C)C(=O)O)cc2)Cc2ccc(-c3noc(C4CC4)n3)cc2)no1
/beegfs/home/m.romanov/thesis/benchmarking/datasets/USPTO/US07319104-20080115-C00385.png,CC(C)(Oc1ccc(CCN(Cc2ccc(-c3noc(C4CC4)n3)cc2)c2noc(CC3CCCC3)n2)cc1)C(=O)O
/beegfs/home/m.romanov/thesis/benchmarking/datasets/USPTO/US07319104-20080115-C00387.png,CC(C)(Oc1ccc(CCN(Cc2ccc(-c3noc(C4CC4)n3)cc2)c2noc(-c3ccc(Cl)cc3)n2)cc1)C(=O)O
/beegfs/home/m.romanov/thesis/benchmarking/datasets/USPTO/US07319104-20080115-C00388.png,CC(C)(Oc1ccc(CCN(Cc2ccc(-c3noc(C4CC4)n3)cc2)c2noc(-c3cccc(Cl)c3)n2)cc1)C(=O)O
/beegfs/home/m.romanov/thesis/benchmarking/datasets/USPTO/US07319104-20080115-C00389.png,CC(C)(Oc1ccc(CCN(Cc2ccc(-c3noc(C4CC4)n3)cc2)c2noc(-c3ccccc3F)n2)cc1)C(=O)O
/beegfs/home/m.romanov/thesis/benchmarking/datasets/USPTO/US07319104-20080115-C00390.png,Cc1ccccc1-c1nc(N(CCc2ccc(OC(C)(C)C(=O)O)cc2)Cc2ccc(-c3noc(C4CC4)n3)cc2)no1
/beegfs/home/m.romanov/thesis/benchmarking/datasets/USPTO/US07319104-20080115-C00391.png,CC(C)(Oc1ccc(CCN(Cc2ccc(-c3noc(C4CC4)n3)cc2)c2noc(-c3cccc(C(F)(F)F)c3)n2)cc1)C(=O)O
/beegfs/home/m.romanov/thesis/benchmarking/datasets/USPTO/US07319104-20080115-C00392.png,Cc1ccc(-c2nc(N(CCc3ccc(OC(C)(C)C(=O)O)cc3)Cc3ccc(-c4noc(C5CC5)n4)cc3)no2)cc1
/beegfs/home/m.romanov/thesis/benchmarking/datasets/USPTO/US07319104-20080115-C00393.png,CC(C)(Oc1ccc(CCN(Cc2ccc(-c3noc(C4CC4)n3)cc2)c2noc(-c3ccc(Cl)c(Cl)c3)n2)cc1)C(=O)O
/beegfs/home/m.romanov/thesis/benchmarking/datasets/USPTO/US07319104-20080115-C00394.png,CC(C)(Oc1ccc(CCN(Cc2ccc(-c3noc(C4CC4)n3)cc2)c2noc(-c3ccccn3)n2)cc1)C(=O)O
/beegfs/home/m.romanov/thesis/benchmarking/datasets/USPTO/US07319104-20080115-C00395.png,CC(C)(Oc1ccc(CCN(Cc2ccc(-c3noc(C4CC4)n3)cc2)c2noc(-c3ccc(C(F)(F)F)c(F)c3)n2)cc1)C(=O)O
/beegfs/home/m.romanov/thesis/benchmarking/datasets/USPTO/US07319104-20080115-C00396.png,Cc1cccc(-c2nc(N(CCc3ccc(OC(C)(C)C(=O)O)cc3)Cc3ccc(-c4noc(C5CC5)n4)cc3)no2)c1
/beegfs/home/m.romanov/thesis/benchmarking/datasets/USPTO/US07319104-20080115-C00397.png,CC(C)(Oc1ccc(CCN(Cc2ccc(-c3noc(C4CC4)n3)cc2)c2noc(C3CCCC3)n2)cc1)C(=O)O
/beegfs/home/m.romanov/thesis/benchmarking/datasets/USPTO/US07319104-20080115-C00398.png,CC(C)c1nc(-c2ccc(CN(CCc3ccc(OC(C)(C)C(=O)O)cc3)c3noc(-c4ccc(Cl)cc4)n3)cc2)no1
/beegfs/home/m.romanov/thesis/benchmarking/datasets/USPTO/US07319104-20080115-C00399.png,CC(C)c1nc(-c2ccc(CN(CCc3ccc(OC(C)(C)C(=O)O)cc3)c3noc(-c4ccc(C(F)(F)F)cc4)n3)cc2)no1
/beegfs/home/m.romanov/thesis/benchmarking/datasets/USPTO/US07319104-20080115-C00400.png,CCOC(=O)C(C)(C)Oc1ccc(CCN(Cc2ccc(C(F)(F)F)cc2)C(N)=S)cc1
/beegfs/home/m.romanov/thesis/benchmarking/datasets/USPTO/US07319104-20080115-C00401.png,CCOC(=O)C(C)(C)Oc1ccc(CCN(Cc2ccc(C(F)(F)F)cc2C(F)(F)F)C(N)=S)cc1
/beegfs/home/m.romanov/thesis/benchmarking/datasets/USPTO/US07319104-20080115-C00402.png,CC(C)(Oc1ccc(CCN(Cc2ccc(C(F)(F)F)cc2)c2nc(-c3cccc(Cl)c3)cs2)cc1)C(=O)O
/beegfs/home/m.romanov/thesis/benchmarking/datasets/USPTO/US07319104-20080115-C00403.png,CC(C)(Oc1ccc(CCN(Cc2ccc(C(F)(F)F)cc2)c2nc(C(F)(F)F)cs2)cc1)C(=O)O
/beegfs/home/m.romanov/thesis/benchmarking/datasets/USPTO/US07319104-20080115-C00404.png,CC(C)(Oc1ccc(CCN(Cc2ccc(C(F)(F)F)cc2)c2nc(-c3ccccc3Cl)cs2)cc1)C(=O)O
/beegfs/home/m.romanov/thesis/benchmarking/datasets/USPTO/US07319104-20080115-C00405.png,CC(C)(Oc1ccc(CCN(Cc2ccc(C(F)(F)F)cc2)c2nc(-c3ccc(F)c(F)c3)cs2)cc1)C(=O)O
/beegfs/home/m.romanov/thesis/benchmarking/datasets/USPTO/US07319104-20080115-C00406.png,COc1ccccc1-c1csc(N(CCc2ccc(OC(C)(C)C(=O)O)cc2)Cc2ccc(C(F)(F)F)cc2)n1
/beegfs/home/m.romanov/thesis/benchmarking/datasets/USPTO/US07319104-20080115-C00407.png,COc1cccc(-c2csc(N(CCc3ccc(OC(C)(C)C(=O)O)cc3)Cc3ccc(C(F)(F)F)cc3)n2)c1
/beegfs/home/m.romanov/thesis/benchmarking/datasets/USPTO/US07319104-20080115-C00408.png,CC(C)(Oc1ccc(CCN(Cc2ccc(C(F)(F)F)cc2)c2nc(-c3ccc(Cl)cc3)cs2)cc1)C(=O)O
/beegfs/home/m.romanov/thesis/benchmarking/datasets/USPTO/US07319104-20080115-C00409.png,CC(C)(Oc1ccc(CCN(Cc2ccc(C(F)(F)F)cc2C(F)(F)F)c2nc(C(C)(C)C)cs2)cc1)C(=O)O
/beegfs/home/m.romanov/thesis/benchmarking/datasets/USPTO/US07319104-20080115-C00410.png,CC(C)(Oc1ccc(CCN(Cc2ccc(C(F)(F)F)cc2C(F)(F)F)c2nc(C(F)(F)F)cs2)cc1)C(=O)O
/beegfs/home/m.romanov/thesis/benchmarking/datasets/USPTO/US07319104-20080115-C00411.png,CC(C)(Oc1ccc(CCN(Cc2ccc(C(F)(F)F)cc2C(F)(F)F)c2nc(-c3ccccc3Cl)cs2)cc1)C(=O)O
/beegfs/home/m.romanov/thesis/benchmarking/datasets/USPTO/US07319104-20080115-C00412.png,CC(C)(Oc1ccc(CCN(Cc2ccc(C(F)(F)F)cc2C(F)(F)F)c2nc(-c3ccc(F)c(F)c3)cs2)cc1)C(=O)O
/beegfs/home/m.romanov/thesis/benchmarking/datasets/USPTO/US07319104-20080115-C00413.png,CC(C)(Oc1ccc(CCN(Cc2ccc(C(F)(F)F)cc2C(F)(F)F)c2nc(-c3ccc(F)cc3)cs2)cc1)C(=O)O
/beegfs/home/m.romanov/thesis/benchmarking/datasets/USPTO/US07319104-20080115-C00414.png,CCN(CC)c1ccc(-c2csc(N(CCc3ccc(OC(C)(C)C(=O)O)cc3)Cc3ccc(C(F)(F)F)cc3)n2)cc1
/beegfs/home/m.romanov/thesis/benchmarking/datasets/USPTO/US07319104-20080115-C00415.png,Cc1ccc(-c2csc(N(CCc3ccc(OC(C)(C)C(=O)O)cc3)Cc3ccc(C(F)(F)F)cc3)n2)cc1
/beegfs/home/m.romanov/thesis/benchmarking/datasets/USPTO/US07319104-20080115-C00416.png,CC(C)(Oc1ccc(CCN(Cc2ccc(C(F)(F)F)cc2C(F)(F)F)c2nc(-c3cccc(Cl)c3)cs2)cc1)C(=O)O
/beegfs/home/m.romanov/thesis/benchmarking/datasets/USPTO/US07319104-20080115-C00417.png,COc1ccccc1-c1csc(N(CCc2ccc(OC(C)(C)C(=O)O)cc2)Cc2ccc(C(F)(F)F)cc2C(F)(F)F)n1
/beegfs/home/m.romanov/thesis/benchmarking/datasets/USPTO/US07319104-20080115-C00418.png,Cc1ccc(-c2csc(N(CCc3ccc(OC(C)(C)C(=O)O)cc3)Cc3ccc(C(F)(F)F)cc3C(F)(F)F)n2)cc1
/beegfs/home/m.romanov/thesis/benchmarking/datasets/USPTO/US07319104-20080115-C00419.png,COc1cccc(-c2csc(N(CCc3ccc(OC(C)(C)C(=O)O)cc3)Cc3ccc(C(F)(F)F)cc3C(F)(F)F)n2)c1
/beegfs/home/m.romanov/thesis/benchmarking/datasets/USPTO/US07319104-20080115-C00420.png,CC(C)(Oc1ccc(CCN(Cc2ccc(C(F)(F)F)cc2C(F)(F)F)c2nc(-c3ccc(Cl)cc3)cs2)cc1)C(=O)O
/beegfs/home/m.romanov/thesis/benchmarking/datasets/USPTO/US07319104-20080115-C00421.png,CCCc1ccc(-c2csc(N(CCc3ccc(OC(C)(C)C(=O)O)cc3)Cc3ccc(C(F)(F)F)cc3C(F)(F)F)n2)cc1
/beegfs/home/m.romanov/thesis/benchmarking/datasets/USPTO/US07319104-20080115-C00422.png,CC(C)(Oc1ccc(CCN(Cc2ccc(OC(F)(F)F)cc2)c2nc(-c3ccccc3Cl)cs2)cc1)C(=O)O
/beegfs/home/m.romanov/thesis/benchmarking/datasets/USPTO/US07319107-20080115-C00013.png,COc1ccccc1-c1n/c(=N\c2ccccc2)sn1-c1ccccc1OC
/beegfs/home/m.romanov/thesis/benchmarking/datasets/USPTO/US07319108-20080115-C00010.png,CCCCOc1ccc(-c2nnc(-c3ccc(N4CCC(N(C)C)C4)cc3)o2)cc1
/beegfs/home/m.romanov/thesis/benchmarking/datasets/USPTO/US07319108-20080115-C00011.png,CN(C)C1CCN(c2ccc(-c3nnc(CSCCOc4ccccc4)o3)cc2)C1
/beegfs/home/m.romanov/thesis/benchmarking/datasets/USPTO/US07319108-20080115-C00012.png,CN(C)C1CCN(c2ccc(-c3nnc(-c4ccc(Oc5ccccc5)cc4)o3)cc2)C1
/beegfs/home/m.romanov/thesis/benchmarking/datasets/USPTO/US07319108-20080115-C00014.png,CCCCCCOc1ccc(-c2nnc(-c3ccc(N4CCC(N(C)C)C4)cc3)o2)cc1
/beegfs/home/m.romanov/thesis/benchmarking/datasets/USPTO/US07319108-20080115-C00016.png,CN(C)C1CCN(c2ccc(-c3nnc(-c4ccc(OC5C=CCCC5)cc4)o3)cc2)C1
/beegfs/home/m.romanov/thesis/benchmarking/datasets/USPTO/US07319108-20080115-C00018.png,CN(C)C1CCN(c2ccc(-c3nnc(Cc4ccc(OC5C=CCCC5)cc4)o3)cc2)C1
/beegfs/home/m.romanov/thesis/benchmarking/datasets/USPTO/US07319108-20080115-C00019.png,CN(C)C1CCN(c2ccc(-c3nnc(CCc4ccccc4)o3)cc2)C1
/beegfs/home/m.romanov/thesis/benchmarking/datasets/USPTO/US07319108-20080115-C00020.png,CN(C)C1CCN(c2ccc(-c3nnc(CCc4ccc5c(c4)OCO5)o3)cc2)C1
/beegfs/home/m.romanov/thesis/benchmarking/datasets/USPTO/US07319108-20080115-C00021.png,CN(C)C1CCN(c2ccc(-c3nnc(Cc4noc5ccccc45)o3)cc2)C1
/beegfs/home/m.romanov/thesis/benchmarking/datasets/USPTO/US07319108-20080115-C00023.png,COc1ccc(-c2nnc(-c3ccc(N4CCC(N(C)C)C4)cc3)o2)cc1OCc1ccccc1
/beegfs/home/m.romanov/thesis/benchmarking/datasets/USPTO/US07319108-20080115-C00025.png,CN(C)C1CCN(c2ccc(-c3nnc(-c4cccc(Oc5ccccc5)c4)o3)cc2)C1
/beegfs/home/m.romanov/thesis/benchmarking/datasets/USPTO/US07319108-20080115-C00026.png,CN(C)C1CCN(c2ccc(-c3nnc(Cc4cccc(Oc5ccccc5)c4)o3)cc2)C1
/beegfs/home/m.romanov/thesis/benchmarking/datasets/USPTO/US07319108-20080115-C00027.png,CN(C)C1CCN(c2ccc(-c3nnc(-c4ccc(Cc5ccccc5)cc4)o3)cc2)C1
/beegfs/home/m.romanov/thesis/benchmarking/datasets/USPTO/US07319108-20080115-C00028.png,CN(C)C1CCN(c2ccc(-c3nnc(-c4ccc(C(=O)c5ccccc5)cc4)o3)cc2)C1
/beegfs/home/m.romanov/thesis/benchmarking/datasets/USPTO/US07319108-20080115-C00029.png,CN(C)C1CCN(c2ccc(-c3nnc(-c4ccc(-c5ccc(Cl)cc5)o4)o3)cc2)C1
/beegfs/home/m.romanov/thesis/benchmarking/datasets/USPTO/US07319108-20080115-C00031.png,COc1ccc(CCc2nnc(-c3ccc(N4CCC(N(C)C)C4)cc3)o2)cc1OC
/beegfs/home/m.romanov/thesis/benchmarking/datasets/USPTO/US07319108-20080115-C00032.png,COc1ccc(-c2ccc(-c3nnc(-c4ccc(N5CCC(N(C)C)C5)cc4)o3)cc2)cc1
/beegfs/home/m.romanov/thesis/benchmarking/datasets/USPTO/US07319108-20080115-C00033.png,COc1cccc(OCc2nnc(-c3ccc(N4CCC(N(C)C)C4)cc3)o2)c1
/beegfs/home/m.romanov/thesis/benchmarking/datasets/USPTO/US07319108-20080115-C00034.png,CN(C)C1CCN(c2ccc(-c3nnc(COc4ccc(OCc5ccccc5)cc4)o3)cc2)C1
/beegfs/home/m.romanov/thesis/benchmarking/datasets/USPTO/US07319108-20080115-C00035.png,CN(C)C1CCN(c2ccc(-c3nnc(-c4cc5cc(OCc6ccccc6)ccc5[nH]4)o3)cc2)C1
/beegfs/home/m.romanov/thesis/benchmarking/datasets/USPTO/US07319108-20080115-C00036.png,CN(C)C1CCN(c2ccc(-c3nnc(COc4ccc(OC(F)(F)F)cc4)o3)cc2)C1
/beegfs/home/m.romanov/thesis/benchmarking/datasets/USPTO/US07319108-20080115-C00037.png,CN(C)C1CCN(c2ccc(-c3nnc(CCCCc4cccs4)o3)cc2)C1
/beegfs/home/m.romanov/thesis/benchmarking/datasets/USPTO/US07319108-20080115-C00038.png,Cc1c(S(=O)(=O)c2ccc(Cl)cc2)csc1-c1nnc(-c2ccc(N3CCC(N(C)C)C3)cc2)o1
/beegfs/home/m.romanov/thesis/benchmarking/datasets/USPTO/US07319108-20080115-C00039.png,Cc1oc(-c2ccc(Cl)cc2)cc1-c1nnc(-c2ccc(N3CCC(N(C)C)C3)cc2)o1
/beegfs/home/m.romanov/thesis/benchmarking/datasets/USPTO/US07319108-20080115-C00040.png,CCCCCC1CCC(c2nnc(-c3ccc(N4CCC(N(C)C)C4)cc3)o2)CC1
/beegfs/home/m.romanov/thesis/benchmarking/datasets/USPTO/US07319108-20080115-C00041.png,COc1cccc(CCc2nnc(-c3ccc(N4CCC(N(C)C)C4)cc3)o2)c1
/beegfs/home/m.romanov/thesis/benchmarking/datasets/USPTO/US07319108-20080115-C00042.png,CC(C)c1ccc(OCc2nnc(-c3ccc(N4CCC(N(C)C)C4)cc3)o2)cc1
/beegfs/home/m.romanov/thesis/benchmarking/datasets/USPTO/US07319108-20080115-C00043.png,COc1ccc(SCc2nnc(-c3ccc(N4CCC(N(C)C)C4)cc3)o2)cc1OC
/beegfs/home/m.romanov/thesis/benchmarking/datasets/USPTO/US07319108-20080115-C00044.png,Cc1nn(Cc2cccc(-c3nnc(-c4ccc(N5CCC(N(C)C)C5)cc4)o3)c2)c(C)c1Br
/beegfs/home/m.romanov/thesis/benchmarking/datasets/USPTO/US07319108-20080115-C00045.png,Cc1oc(-c2ccccc2)nc1Cc1nnc(-c2ccc(N3CCC(N(C)C)C3)cc2)o1
/beegfs/home/m.romanov/thesis/benchmarking/datasets/USPTO/US07319108-20080115-C00046.png,Cc1nn(Cc2ccc(-c3nnc(-c4ccc(N5CCC(N(C)C)C5)cc4)o3)o2)c(C)c1Br
/beegfs/home/m.romanov/thesis/benchmarking/datasets/USPTO/US07319108-20080115-C00047.png,COc1ccc(-c2nnc(-c3ccc(N4CCC(N(C)C)C4)cc3)o2)cc1OC1CCCC1
/beegfs/home/m.romanov/thesis/benchmarking/datasets/USPTO/US07319108-20080115-C00048.png,CN(C)C1CCN(c2ccc(-c3nnc(-c4ccc(-c5cccc(C(F)(F)F)c5)o4)o3)cc2)C1
/beegfs/home/m.romanov/thesis/benchmarking/datasets/USPTO/US07319108-20080115-C00049.png,Cc1ccc(-c2ccc(-c3nnc(-c4ccc(N5CCC(N(C)C)C5)cc4)o3)o2)c([N+](=O)[O-])c1
/beegfs/home/m.romanov/thesis/benchmarking/datasets/USPTO/US07319108-20080115-C00050.png,CN(C)C1CCN(c2ccc(-c3nnc(-c4ccc(-c5cc(C(F)(F)F)ccc5Cl)o4)o3)cc2)C1
/beegfs/home/m.romanov/thesis/benchmarking/datasets/USPTO/US07319108-20080115-C00051.png,CN(C)C1CCN(c2ccc(-c3nnc(CCCc4ccc5c(c4)OCCO5)o3)cc2)C1
/beegfs/home/m.romanov/thesis/benchmarking/datasets/USPTO/US07319108-20080115-C00052.png,Cc1cc(-c2nnc(-c3ccc(N4CCC(N(C)C)C4)cc3)o2)c(C)n1Cc1cccs1
/beegfs/home/m.romanov/thesis/benchmarking/datasets/USPTO/US07319108-20080115-C00053.png,CN(C)C1CCN(c2ccc(-c3nnc(-c4ccc(Cn5cnc6ccccc65)cc4)o3)cc2)C1
/beegfs/home/m.romanov/thesis/benchmarking/datasets/USPTO/US07319108-20080115-C00054.png,CSc1ccc(-n2c(-c3ccccc3)cc(-c3nnc(-c4ccc(N5CCC(N(C)C)C5)cc4)o3)c2C)cc1
/beegfs/home/m.romanov/thesis/benchmarking/datasets/USPTO/US07319108-20080115-C00056.png,CCc1ccc(-c2ccc(-c3nnc(-c4ccc(N5CCC(N(C)C)C5)cc4)o3)cc2)cc1
/beegfs/home/m.romanov/thesis/benchmarking/datasets/USPTO/US07319108-20080115-C00057.png,CN(C)C1CCN(c2ccc(-c3nnc(-c4cn(Cc5ccccc5)c5ccccc45)o3)cc2)C1
/beegfs/home/m.romanov/thesis/benchmarking/datasets/USPTO/US07319108-20080115-C00058.png,CC(C)Oc1ccc(/C=C/c2nnc(-c3ccc(N4CCC(N(C)C)C4)cc3)o2)cc1
/beegfs/home/m.romanov/thesis/benchmarking/datasets/USPTO/US07319108-20080115-C00059.png,Cc1ccc(N2CC(c3nnc(-c4ccc(N5CCC(N(C)C)C5)cc4)o3)CC2=O)cc1
/beegfs/home/m.romanov/thesis/benchmarking/datasets/USPTO/US07319108-20080115-C00060.png,Cc1ccc(CSCCc2nnc(-c3ccc(N4CCC(N(C)C)C4)cc3)o2)cc1
/beegfs/home/m.romanov/thesis/benchmarking/datasets/USPTO/US07319108-20080115-C00061.png,CN(C)C1CCN(c2ccc(-c3nnc(CCCCc4ccc(F)cc4)o3)cc2)C1
/beegfs/home/m.romanov/thesis/benchmarking/datasets/USPTO/US07319108-20080115-C00062.png,CSc1ccc(OCc2nnc(-c3ccc(N4CCC(N(C)C)C4)cc3)o2)cc1
/beegfs/home/m.romanov/thesis/benchmarking/datasets/USPTO/US07319108-20080115-C00063.png,CC(C)c1ccc(/C=C/c2nnc(-c3ccc(N4CCC(N(C)C)C4)cc3)o2)cc1
/beegfs/home/m.romanov/thesis/benchmarking/datasets/USPTO/US07319108-20080115-C00064.png,CC(Oc1ccc(-c2ccccc2)cc1)c1nnc(-c2ccc(N3CCC(N(C)C)C3)cc2)o1
/beegfs/home/m.romanov/thesis/benchmarking/datasets/USPTO/US07319108-20080115-C00065.png,Cc1cccc(C(=O)Nc2cccc(-c3nnc(-c4ccc(N5CCC(N(C)C)C5)cc4)o3)c2)c1
/beegfs/home/m.romanov/thesis/benchmarking/datasets/USPTO/US07319108-20080115-C00066.png,CC(Cc1nnc(-c2ccc(N3CCC(N(C)C)C3)cc2)o1)Sc1ccc(Cl)cc1
/beegfs/home/m.romanov/thesis/benchmarking/datasets/USPTO/US07319108-20080115-C00067.png,CN(C)C1CCN(c2ccc(-c3nnc(-c4ccc(S(=O)(=O)c5ccccc5)cc4)o3)cc2)C1
/beegfs/home/m.romanov/thesis/benchmarking/datasets/USPTO/US07319108-20080115-C00068.png,CN(C)C1CCN(c2ccc(-c3nnc(-c4cccc(NC(=O)Cc5ccccc5)c4)o3)cc2)C1
/beegfs/home/m.romanov/thesis/benchmarking/datasets/USPTO/US07319108-20080115-C00069.png,CN(C)C1CCN(c2ccc(-c3nnc(Cn4ccc(-c5ccccc5)n4)o3)cc2)C1
/beegfs/home/m.romanov/thesis/benchmarking/datasets/USPTO/US07319108-20080115-C00070.png,Cc1ccc(-c2nc(-c3nnc(-c4ccc(N5CCC(N(C)C)C5)cc4)o3)cs2)cc1
/beegfs/home/m.romanov/thesis/benchmarking/datasets/USPTO/US07319108-20080115-C00071.png,CN(C)C1CCN(c2ccc(-c3nnc(-c4ccc(-c5ccc(C#N)cc5)cc4)o3)cc2)C1
/beegfs/home/m.romanov/thesis/benchmarking/datasets/USPTO/US07319108-20080115-C00072.png,CN(C)C1CCN(c2ccc(-c3nnc(-c4ccc(C#Cc5ccccc5)o4)o3)cc2)C1
/beegfs/home/m.romanov/thesis/benchmarking/datasets/USPTO/US07319108-20080115-C00073.png,CN(C)C1CCN(c2ccc(-c3nnc(-c4ccc(-c5ccc(F)cc5)s4)o3)cc2)C1
/beegfs/home/m.romanov/thesis/benchmarking/datasets/USPTO/US07319108-20080115-C00074.png,CN(C)C1CCN(c2ccc(-c3nnc(/C=C/c4ccc(OCCCF)cc4)o3)cc2)C1
/beegfs/home/m.romanov/thesis/benchmarking/datasets/USPTO/US07319108-20080115-C00075.png,CN(C)C1CCN(c2ccc(-c3nnc(Cc4ccc(-c5ccc(F)cc5)cc4)o3)cc2)C1
/beegfs/home/m.romanov/thesis/benchmarking/datasets/USPTO/US07319108-20080115-C00076.png,CN(C)C1CCN(c2ccc(-c3nnc([C@H]4CC[C@@H](C(=O)c5ccc(F)cc5)CC4)o3)cc2)C1
/beegfs/home/m.romanov/thesis/benchmarking/datasets/USPTO/US07319108-20080115-C00077.png,CN(C)C1CCN(c2ccc(-c3nnc(-c4ccc(COc5ccccc5Cl)o4)o3)cc2)C1
/beegfs/home/m.romanov/thesis/benchmarking/datasets/USPTO/US07319108-20080115-C00079.png,CN(C)C1CCN(c2ccc(-c3nnc(/C=C/c4cccc(OC(F)(F)F)c4)o3)cc2)C1
/beegfs/home/m.romanov/thesis/benchmarking/datasets/USPTO/US07319108-20080115-C00080.png,CN(C)C1CCN(c2ccc(-c3nnc(/C=C/c4ccc(C#N)cc4)o3)cc2)C1
/beegfs/home/m.romanov/thesis/benchmarking/datasets/USPTO/US07319108-20080115-C00081.png,C.C[C@@H](c1ccc(-c2ccccc2)c(F)c1)c1nnc(-c2ccc(N3CCC(N(C)C)C3)cc2)o1
/beegfs/home/m.romanov/thesis/benchmarking/datasets/USPTO/US07319108-20080115-C00082.png,CN(C)C1CCN(c2ccc(-c3nnc([C@@H]4CC[C@H](C(=O)c5ccc(F)cc5)C4)o3)cc2)C1
/beegfs/home/m.romanov/thesis/benchmarking/datasets/USPTO/US07319108-20080115-C00083.png,CN(C)C1CCN(c2ccc(-c3nnc(CSc4ccc(C(F)(F)F)cc4)o3)cc2)C1
/beegfs/home/m.romanov/thesis/benchmarking/datasets/USPTO/US07319108-20080115-C00084.png,CN(C)C1CCN(c2ccc(-c3nnc(Cc4csc(-c5ccc(Cl)cc5)n4)o3)cc2)C1
/beegfs/home/m.romanov/thesis/benchmarking/datasets/USPTO/US07319108-20080115-C00085.png,CN(C)C1CCN(c2ccc(-c3nnc(-c4ccc(Cc5ccc(Cl)cc5)o4)o3)cc2)C1
/beegfs/home/m.romanov/thesis/benchmarking/datasets/USPTO/US07319108-20080115-C00086.png,CN(C)C1CCN(c2ccc(-c3nnc(CCCCC4CCCCC4)o3)cc2)C1
/beegfs/home/m.romanov/thesis/benchmarking/datasets/USPTO/US07319108-20080115-C00087.png,CN(C)C1CCN(c2ccc(-c3nnc(/C=C/c4ccc(OCc5ccccc5)cc4)o3)cc2)C1
/beegfs/home/m.romanov/thesis/benchmarking/datasets/USPTO/US07319108-20080115-C00088.png,CCCCOc1ccc(OCc2nnc(-c3ccc(N4CCC(N(C)C)C4)cc3)o2)cc1
/beegfs/home/m.romanov/thesis/benchmarking/datasets/USPTO/US07319108-20080115-C00089.png,CN(C)C1CCN(c2ccc(-c3nnc(Cn4ccc(-c5ccc(Cl)cc5)n4)o3)cc2)C1
/beegfs/home/m.romanov/thesis/benchmarking/datasets/USPTO/US07319108-20080115-C00090.png,CN(C)C1CCN(c2ccc(-c3nnc(-c4ccc(Oc5ccccc5)c(C(F)(F)F)c4)o3)cc2)C1
/beegfs/home/m.romanov/thesis/benchmarking/datasets/USPTO/US07319108-20080115-C00091.png,CN(C)C1CCN(c2ccc(-c3nnc(-c4ccc(-c5ccc(F)cc5)cc4)o3)cc2)C1
/beegfs/home/m.romanov/thesis/benchmarking/datasets/USPTO/US07319108-20080115-C00092.png,CN(C)C1CCN(c2ccc(-c3nnc(CCc4ccc(C(F)(F)F)cc4)o3)cc2)C1
/beegfs/home/m.romanov/thesis/benchmarking/datasets/USPTO/US07319108-20080115-C00093.png,CN(C)C1CCN(c2ccc(-c3nnc(-c4ccc(CSc5ccc(Cl)cc5)o4)o3)cc2)C1
/beegfs/home/m.romanov/thesis/benchmarking/datasets/USPTO/US07319108-20080115-C00094.png,CN(C)C1CCN(c2ccc(-c3nnc(-c4cc(-c5ccc(Br)cc5)oc4C(F)(F)F)o3)cc2)C1
/beegfs/home/m.romanov/thesis/benchmarking/datasets/USPTO/US07319108-20080115-C00095.png,CN(C)C1CCN(c2ccc(-c3nnc(-c4ccc(-c5ccc(Cl)cc5[N+](=O)[O-])o4)o3)cc2)C1
/beegfs/home/m.romanov/thesis/benchmarking/datasets/USPTO/US07319108-20080115-C00096.png,Cc1ccc(-c2ccc(-c3nnc(-c4ccc(N5CCC(N(C)C)C5)cc4)o3)cc2)cc1
/beegfs/home/m.romanov/thesis/benchmarking/datasets/USPTO/US07319108-20080115-C00097.png,CC(C)CCOc1ccc(-c2nnc(-c3ccc(N4CCC(N(C)C)C4)cc3)o2)cc1
/beegfs/home/m.romanov/thesis/benchmarking/datasets/USPTO/US07319108-20080115-C00098.png,CN(C)C1CCN(c2ccc(-c3nnc(Cc4ccc(-c5ccccc5)cc4)o3)cc2)C1
/beegfs/home/m.romanov/thesis/benchmarking/datasets/USPTO/US07319108-20080115-C00099.png,CN(C)C1CCN(c2ccc(-c3nnc(CCc4cccc(OC(F)(F)F)c4)o3)cc2)C1
/beegfs/home/m.romanov/thesis/benchmarking/datasets/USPTO/US07319108-20080115-C00100.png,CN(C)C1CCN(c2ccc(-c3nnc(CCc4nc5ccccc5s4)o3)cc2)C1
/beegfs/home/m.romanov/thesis/benchmarking/datasets/USPTO/US07319108-20080115-C00101.png,CN(C)C1CCN(c2ccc(-c3nnc(CCc4ccc(-c5ccccc5)o4)o3)cc2)C1
/beegfs/home/m.romanov/thesis/benchmarking/datasets/USPTO/US07319108-20080115-C00102.png,CN(C)C1CCN(c2ccc(-c3nnc(CCCCOc4ccccc4)o3)cc2)C1
/beegfs/home/m.romanov/thesis/benchmarking/datasets/USPTO/US07319108-20080115-C00103.png,CCCCOc1ccc(-c2nnc(-c3ccc(N4CCC(N(C)C)C4)cc3)s2)cc1
/beegfs/home/m.romanov/thesis/benchmarking/datasets/USPTO/US07319108-20080115-C00104.png,CN[C@@H]1CCN(c2ccc(-c3noc(COc4ccc(Cl)cc4)n3)cc2)C1
/beegfs/home/m.romanov/thesis/benchmarking/datasets/USPTO/US07319108-20080115-C00105.png,CN[C@@H]1CCC(c2ccc(-c3noc(COCc4ccc(Cl)cc4)n3)cc2)C1
/beegfs/home/m.romanov/thesis/benchmarking/datasets/USPTO/US07319108-20080115-C00106.png,CN(C)C1CCN(c2ccc(-c3noc(CNC(=O)c4ccc(Cl)cc4)n3)cc2)C1
/beegfs/home/m.romanov/thesis/benchmarking/datasets/USPTO/US07319108-20080115-C00107.png,CN(C)C1CCN(c2ccc(-c3noc(CNC(=O)Cc4ccc(Cl)cc4)n3)cc2)C1
/beegfs/home/m.romanov/thesis/benchmarking/datasets/USPTO/US07319108-20080115-C00108.png,CN(C)C1CCN(c2ccc(-c3noc(CNC(=O)COc4ccc(Cl)cc4)n3)cc2)C1
/beegfs/home/m.romanov/thesis/benchmarking/datasets/USPTO/US07319108-20080115-C00109.png,CN(C)C1CCN(c2ccc(-c3noc(CNC(=O)c4ccc(Cl)c(F)c4)n3)cc2)C1
/beegfs/home/m.romanov/thesis/benchmarking/datasets/USPTO/US07319108-20080115-C00110.png,CN(C)C1CCN(c2ccc(-c3noc(CNC(=O)c4ccccc4)n3)cc2)C1
/beegfs/home/m.romanov/thesis/benchmarking/datasets/USPTO/US07319108-20080115-C00111.png,CN(C)C1CCN(c2ccc(-c3noc(CNC(=O)c4ccc(F)cc4Cl)n3)cc2)C1
/beegfs/home/m.romanov/thesis/benchmarking/datasets/USPTO/US07319108-20080115-C00112.png,CN(C)C1CCN(c2ccc(-c3noc(CNC(=O)c4ccc(F)cc4)n3)cc2)C1
/beegfs/home/m.romanov/thesis/benchmarking/datasets/USPTO/US07319108-20080115-C00113.png,CN(C)C1CCN(c2ccc(-c3noc(CNC(=O)c4ccccn4)n3)cc2)C1
/beegfs/home/m.romanov/thesis/benchmarking/datasets/USPTO/US07319108-20080115-C00114.png,CN(C)C1CCN(c2ccc(-c3noc(CNC(=O)c4ccc(Cl)cn4)n3)cc2)C1
/beegfs/home/m.romanov/thesis/benchmarking/datasets/USPTO/US07319108-20080115-C00115.png,CN(C)C1CCN(c2ccc(-c3noc(CNC(=O)c4cccnc4)n3)cc2)C1
/beegfs/home/m.romanov/thesis/benchmarking/datasets/USPTO/US07319108-20080115-C00116.png,CN(C)C1CCN(c2ccc(-c3noc(CNC(=O)c4ccc(Cl)nc4)n3)cc2)C1
/beegfs/home/m.romanov/thesis/benchmarking/datasets/USPTO/US07319108-20080115-C00117.png,CN(C)C1CCN(c2ccc(-c3noc(CNC(=O)c4ccncc4)n3)cc2)C1
/beegfs/home/m.romanov/thesis/benchmarking/datasets/USPTO/US07319108-20080115-C00118.png,CC(C)CCC(=O)NCc1nc(-c2ccc(N3CCC(N(C)C)C3)cc2)no1
/beegfs/home/m.romanov/thesis/benchmarking/datasets/USPTO/US07319108-20080115-C00119.png,CN(C)C1CCN(c2ccc(-c3noc(CNC(=O)CC4CCCCC4)n3)cc2)C1
/beegfs/home/m.romanov/thesis/benchmarking/datasets/USPTO/US07319108-20080115-C00120.png,CN(C)C1CCN(c2ccc(-c3noc(CNCc4ccc(Cl)cc4)n3)cc2)C1
/beegfs/home/m.romanov/thesis/benchmarking/datasets/USPTO/US07319108-20080115-C00121.png,COc1ccc(CNCc2nc(-c3ccc(N4CCC(N(C)C)C4)cc3)no2)cc1
/beegfs/home/m.romanov/thesis/benchmarking/datasets/USPTO/US07319108-20080115-C00122.png,CN(C)C1CCN(c2ccc(-c3noc(COCc4ccc(F)cc4)n3)cc2)C1
/beegfs/home/m.romanov/thesis/benchmarking/datasets/USPTO/US07319108-20080115-C00123.png,COCC1CCCN1C1CCN(c2ccc(-c3nnc(CSCCOc4ccccc4)o3)cc2)C1
/beegfs/home/m.romanov/thesis/benchmarking/datasets/USPTO/US07319108-20080115-C00124.png,c1ccc(OCCSCc2nnc(-c3ccc(N4CCC(N5CCOCC5)C4)cc3)o2)cc1
/beegfs/home/m.romanov/thesis/benchmarking/datasets/USPTO/US07319108-20080115-C00125.png,CC1CCCN1C1CCN(c2ccc(-c3nnc(CSCCOc4ccccc4)o3)cc2)C1
/beegfs/home/m.romanov/thesis/benchmarking/datasets/USPTO/US07319108-20080115-C00126.png,c1ccc(OCCSCc2nnc(-c3ccc(N4CCC(N5CCCCC5)C4)cc3)o2)cc1
/beegfs/home/m.romanov/thesis/benchmarking/datasets/USPTO/US07319108-20080115-C00127.png,COC1CCN(C2CCN(c3ccc(-c4nnc(CSCCOc5ccccc5)o4)cc3)C2)CC1
/beegfs/home/m.romanov/thesis/benchmarking/datasets/USPTO/US07319108-20080115-C00128.png,CN1CCN(C2CCN(c3ccc(-c4nnc(CSCCOc5ccccc5)o4)cc3)C2)CC1
/beegfs/home/m.romanov/thesis/benchmarking/datasets/USPTO/US07319108-20080115-C00129.png,CC(=O)N1CCN(C2CCN(c3ccc(-c4nnc(CSCCOc5ccccc5)o4)cc3)C2)CC1
/beegfs/home/m.romanov/thesis/benchmarking/datasets/USPTO/US07319108-20080115-C00130.png,O=C1CCCN1CCCNC1CCN(c2ccc(-c3nnc(CSCCOc4ccccc4)o3)cc2)C1
/beegfs/home/m.romanov/thesis/benchmarking/datasets/USPTO/US07319108-20080115-C00131.png,O=C1NN=CC1CCCNC1CCN(c2ccc(-c3nnc(CSCCOc4ccccc4)o3)cc2)C1
/beegfs/home/m.romanov/thesis/benchmarking/datasets/USPTO/US07319108-20080115-C00132.png,CC(C)(CO)CNC1CCN(c2ccc(-c3nnc(CSCCOc4ccccc4)o3)cc2)C1
/beegfs/home/m.romanov/thesis/benchmarking/datasets/USPTO/US07319108-20080115-C00133.png,c1ccc(OCCSCc2nnc(-c3ccc(N4CCC(NCCCn5ccnc5)C4)cc3)o2)cc1
/beegfs/home/m.romanov/thesis/benchmarking/datasets/USPTO/US07319108-20080115-C00134.png,CN(CCO)C1CCN(c2ccc(-c3nnc(CSCCOc4ccccc4)o3)cc2)C1
/beegfs/home/m.romanov/thesis/benchmarking/datasets/USPTO/US07319108-20080115-C00135.png,CN(CCC(C)(C)O)C1CCN(c2ccc(-c3nnc(CSCCOc4ccccc4)o3)cc2)C1
/beegfs/home/m.romanov/thesis/benchmarking/datasets/USPTO/US07319108-20080115-C00136.png,c1ccc(OCCSCc2nnc(-c3ccc(N4CCC(N5CCC6(CC5)OCCO6)C4)cc3)o2)cc1
/beegfs/home/m.romanov/thesis/benchmarking/datasets/USPTO/US07319108-20080115-C00137.png,c1ccc(OCCSCc2nnc(-c3ccc(N4CCC(NC5CCOCC5)C4)cc3)o2)cc1
/beegfs/home/m.romanov/thesis/benchmarking/datasets/USPTO/US07319108-20080115-C00138.png,CC(=O)N1CCC(N(C)C2CCN(c3ccc(-c4nnc(CSCCOc5ccccc5)o4)cc3)C2)CC1
/beegfs/home/m.romanov/thesis/benchmarking/datasets/USPTO/US07319108-20080115-C00139.png,CC(=O)N(C1CCN(c2ccc(-c3nnc(CSCCOc4ccccc4)o3)cc2)C1)C1CC(F)(F)C1
/beegfs/home/m.romanov/thesis/benchmarking/datasets/USPTO/US07319108-20080115-C00140.png,CC(O)CNC1CCN(c2ccc(-c3nnc(CSCCOc4ccccc4)o3)cc2)C1
/beegfs/home/m.romanov/thesis/benchmarking/datasets/USPTO/US07319108-20080115-C00141.png,OC1CCC(NC2CCN(c3ccc(-c4nnc(CSCCOc5ccccc5)o4)cc3)C2)CC1
/beegfs/home/m.romanov/thesis/benchmarking/datasets/USPTO/US07319108-20080115-C00142.png,c1ccc(OCCSCc2nnc(-c3ccc(N4CCC(N5CCCOCC5)C4)cc3)o2)cc1
/beegfs/home/m.romanov/thesis/benchmarking/datasets/USPTO/US07319108-20080115-C00143.png,NC(=O)C1CCN(C2CCN(c3ccc(-c4nnc(CSCCOc5ccccc5)o4)cc3)C2)CC1
/beegfs/home/m.romanov/thesis/benchmarking/datasets/USPTO/US07319108-20080115-C00144.png,CC(=O)NC1CCN(C2CCN(c3ccc(-c4nnc(CSCCOc5ccccc5)o4)cc3)C2)C1
/beegfs/home/m.romanov/thesis/benchmarking/datasets/USPTO/US07319108-20080115-C00145.png,CN1CCCC(C(=O)N(C)C2CCN(c3ccc(-c4nnc(CSCCOc5ccccc5)o4)cc3)C2)C1
/beegfs/home/m.romanov/thesis/benchmarking/datasets/USPTO/US07319108-20080115-C00146.png,CN(C)CC(=O)N(C)C1CCN(c2ccc(-c3nnc(CSCCOc4ccccc4)o3)cc2)C1
/beegfs/home/m.romanov/thesis/benchmarking/datasets/USPTO/US07319108-20080115-C00147.png,OCC(O)CNC1CCN(c2ccc(-c3nnc(CSCCOc4ccccc4)o3)cc2)C1
/beegfs/home/m.romanov/thesis/benchmarking/datasets/USPTO/US07319108-20080115-C00148.png,c1ccc(OCCSCc2nnc(-c3ccc(N4CCC(NCC5CC5)C4)cc3)o2)cc1
/beegfs/home/m.romanov/thesis/benchmarking/datasets/USPTO/US07319108-20080115-C00149.png,COC(=O)C1(CCN(C)C2CCN(c3ccc(-c4nnc(CSCCOc5ccccc5)o4)cc3)C2)CCOCC1
/beegfs/home/m.romanov/thesis/benchmarking/datasets/USPTO/US07319108-20080115-C00150.png,c1ccc(OCCSCc2nnc(-c3ccc(N4CCC(NCCCn5cnnc5)C4)cc3)o2)cc1
/beegfs/home/m.romanov/thesis/benchmarking/datasets/USPTO/US07319108-20080115-C00151.png,COCCNC1CCN(c2ccc(-c3nnc(CSCCOc4ccccc4)o3)cc2)C1
/beegfs/home/m.romanov/thesis/benchmarking/datasets/USPTO/US07319108-20080115-C00152.png,COCCN(C)C1CCN(c2ccc(-c3nnc(CSCCOc4ccccc4)o3)cc2)C1
/beegfs/home/m.romanov/thesis/benchmarking/datasets/USPTO/US07319108-20080115-C00153.png,c1ccc(OCCSCc2nnc(-c3ccc(N4CCC(NCC5CCCO5)C4)cc3)o2)cc1
/beegfs/home/m.romanov/thesis/benchmarking/datasets/USPTO/US07319108-20080115-C00154.png,OC1CCN(C2CCN(c3ccc(-c4nnc(CSCCOc5ccccc5)o4)cc3)C2)CC1
/beegfs/home/m.romanov/thesis/benchmarking/datasets/USPTO/US07319108-20080115-C00155.png,CN(C1CCN(c2ccc(-c3nnc(CSCCOc4ccccc4)o3)cc2)C1)C1CCS(=O)(=O)C1
/beegfs/home/m.romanov/thesis/benchmarking/datasets/USPTO/US07319108-20080115-C00156.png,CC(C)C(CO)NC1CCN(c2ccc(-c3nnc(CSCCOc4ccccc4)o3)cc2)C1
/beegfs/home/m.romanov/thesis/benchmarking/datasets/USPTO/US07319109-20080115-C00027.png,Cc1cc(OCc2c(-c3c(Cl)cccc3Cl)noc2C(C)C)ccc1N(C)Cc1cccc(C(=O)O)c1
/beegfs/home/m.romanov/thesis/benchmarking/datasets/USPTO/US07319109-20080115-C00028.png,COC(=O)c1ccc(CN(C)c2ccc(OCc3c(-c4c(Cl)cccc4Cl)noc3C(C)C)cc2C)cc1
/beegfs/home/m.romanov/thesis/benchmarking/datasets/USPTO/US07319109-20080115-C00029.png,CC(C)c1onc(-c2c(Cl)cccc2Cl)c1COc1ccc(NCc2cccc(C(=O)O)c2)c(Cl)c1
/beegfs/home/m.romanov/thesis/benchmarking/datasets/USPTO/US07319109-20080115-C00030.png,Cc1cc(OCc2c(-c3c(Cl)cccc3Cl)noc2C(C)C)ccc1N(C)Cc1ccc(C(=O)O)o1
/beegfs/home/m.romanov/thesis/benchmarking/datasets/USPTO/US07319109-20080115-C00031.png,Cc1cc(OCc2c(-c3c(Cl)cccc3Cl)noc2C(C)C)ccc1N(C)Cc1ccc(C(=O)O)cc1
/beegfs/home/m.romanov/thesis/benchmarking/datasets/USPTO/US07319109-20080115-C00032.png,COC(=O)c1ccoc1CN(C)c1ccc(OCc2c(-c3c(Cl)cccc3Cl)noc2C(C)C)cc1C
/beegfs/home/m.romanov/thesis/benchmarking/datasets/USPTO/US07319109-20080115-C00033.png,Cc1cc(OCc2c(-c3c(Cl)cccc3Cl)noc2C(C)C)ccc1N(C)Cc1ccc2nonc2c1
/beegfs/home/m.romanov/thesis/benchmarking/datasets/USPTO/US07319109-20080115-C00034.png,Cc1cc(OCc2c(-c3c(Cl)cccc3Cl)noc2C(C)C)ccc1N(C)Cc1ccc(-c2csnn2)cc1
/beegfs/home/m.romanov/thesis/benchmarking/datasets/USPTO/US07319109-20080115-C00035.png,Cc1cc(OCc2c(-c3c(Cl)cccc3Cl)noc2C(C)C)ccc1N(C)Cc1ccc(C#N)cc1
/beegfs/home/m.romanov/thesis/benchmarking/datasets/USPTO/US07319109-20080115-C00036.png,Cc1cc(OCc2c(-c3c(Cl)cccc3Cl)noc2C(C)C)ccc1N(C)Cc1occc1C(=O)O
/beegfs/home/m.romanov/thesis/benchmarking/datasets/USPTO/US07319109-20080115-C00037.png,Cc1cc(OCc2c(-c3c(Cl)cccc3Cl)noc2C(C)C)ccc1N(C)Cc1cccc(CO)c1
/beegfs/home/m.romanov/thesis/benchmarking/datasets/USPTO/US07319109-20080115-C00038.png,Cc1cc(OCc2c(-c3c(Cl)cccc3Cl)noc2C(C)C)ccc1N(C)Cc1ccc(CO)cc1
/beegfs/home/m.romanov/thesis/benchmarking/datasets/USPTO/US07319109-20080115-C00039.png,CCc1onc(Cc2c(Cl)cccc2Cl)c1COc1ccc(N(C)Cc2cccc(C(=O)O)c2)c(C)c1
/beegfs/home/m.romanov/thesis/benchmarking/datasets/USPTO/US07319109-20080115-C00040.png,Cc1cc(OCc2c(-c3c(Cl)cc(Cl)cc3Cl)noc2C(C)C)ccc1N(C)Cc1cccc(C(=O)O)c1
/beegfs/home/m.romanov/thesis/benchmarking/datasets/USPTO/US07319109-20080115-C00041.png,Cc1cc(OCc2c(Cc3c(Cl)cccc3Cl)noc2C(C)C)ccc1N(C)Cc1cccc(C(=O)O)c1
/beegfs/home/m.romanov/thesis/benchmarking/datasets/USPTO/US07319109-20080115-C00042.png,Cc1cc(OCc2c(Cc3ccccc3Cl)noc2C(C)C)ccc1N(C)Cc1cccc(C(=O)O)c1
/beegfs/home/m.romanov/thesis/benchmarking/datasets/USPTO/US07319109-20080115-C00043.png,Cc1cc(OCc2c(Cc3c(Cl)cccc3Cl)noc2C2CC2)ccc1N(C)Cc1cccc(C(=O)O)c1
/beegfs/home/m.romanov/thesis/benchmarking/datasets/USPTO/US07319109-20080115-C00044.png,Cc1cc(OCc2c(-c3ccccc3OC(F)(F)F)noc2C(C)C)ccc1N(C)Cc1ccc(C(=O)O)o1
/beegfs/home/m.romanov/thesis/benchmarking/datasets/USPTO/US07319109-20080115-C00045.png,Cc1cc(OCc2c(-c3ccccc3OC(F)(F)F)noc2C(C)C)ccc1N(C)Cc1ccc(C(=O)O)cc1
/beegfs/home/m.romanov/thesis/benchmarking/datasets/USPTO/US07319109-20080115-C00046.png,Cc1cc(OCc2c(-c3ccccc3OC(F)(F)F)noc2C(C)C)ccc1N(C)Cc1cccc(C(=O)O)c1
/beegfs/home/m.romanov/thesis/benchmarking/datasets/USPTO/US07319109-20080115-C00047.png,COC(=O)c1ccc(CN(C)c2ccc(OCc3c(-c4ccccc4OC(F)(F)F)noc3C(C)C)cc2C)o1
/beegfs/home/m.romanov/thesis/benchmarking/datasets/USPTO/US07319109-20080115-C00048.png,COC(=O)c1ccc(CN(C)c2ccc(OCc3c(-c4ccccc4OC(F)(F)F)noc3C(C)C)cc2C)cc1
/beegfs/home/m.romanov/thesis/benchmarking/datasets/USPTO/US07319109-20080115-C00049.png,CC(C)c1onc(-c2c(Cl)cccc2Cl)c1COc1ccc(NC(=O)c2ccc(C(=O)O)cc2)c(Cl)c1
/beegfs/home/m.romanov/thesis/benchmarking/datasets/USPTO/US07319109-20080115-C00050.png,COC(=O)c1cccc(C(=O)Nc2ccc(OCc3c(-c4c(Cl)cccc4Cl)noc3C(C)C)cc2Cl)c1
/beegfs/home/m.romanov/thesis/benchmarking/datasets/USPTO/US07319109-20080115-C00051.png,COC(=O)c1ccc(C(=O)Nc2ccc(OCc3c(-c4c(Cl)cccc4Cl)noc3C(C)C)cc2Cl)cc1
/beegfs/home/m.romanov/thesis/benchmarking/datasets/USPTO/US07319109-20080115-C00052.png,Cc1cc(OCc2c(-c3c(Cl)cccc3Cl)noc2C(C)C)ccc1NC(=O)c1cccc(C(=O)O)c1
/beegfs/home/m.romanov/thesis/benchmarking/datasets/USPTO/US07319109-20080115-C00053.png,Cc1cc(OCc2c(-c3c(Cl)cccc3Cl)noc2C(C)C)ccc1NC(=O)c1ccc(C(=O)O)cc1
/beegfs/home/m.romanov/thesis/benchmarking/datasets/USPTO/US07319109-20080115-C00054.png,CC(C)c1onc(-c2c(Cl)cccc2Cl)c1COc1ccc(NC(=O)c2cccc(C(=O)O)c2)c(Cl)c1
/beegfs/home/m.romanov/thesis/benchmarking/datasets/USPTO/US07319109-20080115-C00055.png,Cc1cc(OCc2c(-c3c(Cl)cccc3Cl)noc2C(C)C)ccc1N(C)C(=O)c1cccc(C(=O)O)c1
/beegfs/home/m.romanov/thesis/benchmarking/datasets/USPTO/US07319109-20080115-C00056.png,CC(C)c1onc(-c2c(Cl)cccc2Cl)c1COc1ccc(N(C)C(=O)c2cccc(C(=O)O)c2)c(Cl)c1
/beegfs/home/m.romanov/thesis/benchmarking/datasets/USPTO/US07319109-20080115-C00057.png,CC(C)c1onc(-c2c(Cl)cccc2Cl)c1COc1ccc(N(C)C(=O)c2ccc(C(=O)O)cc2)c(Cl)c1
/beegfs/home/m.romanov/thesis/benchmarking/datasets/USPTO/US07319109-20080115-C00058.png,Cc1cc(OCc2c(-c3ccccc3OC(F)(F)F)noc2C(C)C)ccc1N(C)C(=O)c1cccc(C(=O)O)c1
/beegfs/home/m.romanov/thesis/benchmarking/datasets/USPTO/US07319109-20080115-C00059.png,Cc1cc(OCc2c(-c3ccccc3OC(F)(F)F)noc2C(C)C)ccc1NC(=O)c1cccc(C(=O)O)c1
/beegfs/home/m.romanov/thesis/benchmarking/datasets/USPTO/US07319109-20080115-C00060.png,CC(C)c1onc(-c2ccccc2OC(F)(F)F)c1COc1ccc(N(C)C(=O)c2cccc(C(=O)O)c2)c(Cl)c1
/beegfs/home/m.romanov/thesis/benchmarking/datasets/USPTO/US07319109-20080115-C00061.png,COC(=O)c1cccc(S(=O)(=O)N(C)c2ccc(OCc3c(-c4c(Cl)cccc4Cl)noc3C(C)C)cc2C)c1
/beegfs/home/m.romanov/thesis/benchmarking/datasets/USPTO/US07319109-20080115-C00062.png,COC(=O)c1cccc(S(=O)(=O)Nc2ccc(OCc3c(-c4c(Cl)cccc4Cl)noc3C(C)C)cc2Cl)c1
/beegfs/home/m.romanov/thesis/benchmarking/datasets/USPTO/US07319109-20080115-C00063.png,COC(=O)c1cccc(S(=O)(=O)Nc2ccc(OCc3c(-c4c(Cl)cccc4Cl)noc3C(C)C)cc2C)c1
/beegfs/home/m.romanov/thesis/benchmarking/datasets/USPTO/US07319109-20080115-C00064.png,COC(=O)c1cccc(S(=O)(=O)Nc2ccc(OCc3c(-c4c(Cl)cccc4Cl)noc3C(C)C)cc2)c1
/beegfs/home/m.romanov/thesis/benchmarking/datasets/USPTO/US07319109-20080115-C00065.png,Cc1cc(OCc2c(-c3c(Cl)cccc3Cl)noc2C(C)C)ccc1NS(=O)(=O)c1cccc(C(=O)O)c1
/beegfs/home/m.romanov/thesis/benchmarking/datasets/USPTO/US07319109-20080115-C00066.png,CC(C)c1onc(-c2c(Cl)cccc2Cl)c1COc1ccc(NS(=O)(=O)c2cccc(C(=O)O)c2)cc1
/beegfs/home/m.romanov/thesis/benchmarking/datasets/USPTO/US07319109-20080115-C00067.png,COC(=O)c1cccc(S(=O)(=O)N(C)c2ccc(OCc3c(-c4c(Cl)cccc4Cl)noc3C(C)C)cc2Cl)c1
/beegfs/home/m.romanov/thesis/benchmarking/datasets/USPTO/US07319109-20080115-C00068.png,COC(=O)c1cccc(S(=O)(=O)N(C)c2ccc(OCc3c(-c4c(Cl)cccc4Cl)noc3C(C)C)cc2)c1
/beegfs/home/m.romanov/thesis/benchmarking/datasets/USPTO/US07319109-20080115-C00069.png,CCN(c1ccc(OCc2c(-c3c(Cl)cccc3Cl)noc2C(C)C)cc1Cl)S(=O)(=O)c1cccc(C(=O)OC)c1
/beegfs/home/m.romanov/thesis/benchmarking/datasets/USPTO/US07319109-20080115-C00070.png,CCN(c1ccc(OCc2c(-c3c(Cl)cccc3Cl)noc2C(C)C)cc1C)S(=O)(=O)c1cccc(C(=O)OC)c1
/beegfs/home/m.romanov/thesis/benchmarking/datasets/USPTO/US07319109-20080115-C00071.png,CCN(c1ccc(OCc2c(-c3c(Cl)cccc3Cl)noc2C(C)C)cc1)S(=O)(=O)c1cccc(C(=O)OC)c1
/beegfs/home/m.romanov/thesis/benchmarking/datasets/USPTO/US07319109-20080115-C00072.png,CC(C)c1onc(-c2c(Cl)cccc2Cl)c1COc1ccc(NS(=O)(=O)c2cccc(C(=O)O)c2)c(Cl)c1
/beegfs/home/m.romanov/thesis/benchmarking/datasets/USPTO/US07319109-20080115-C00073.png,CC(C)c1onc(-c2c(Cl)cccc2Cl)c1COc1ccc(N(C)S(=O)(=O)c2cccc(C(=O)O)c2)c(Cl)c1
/beegfs/home/m.romanov/thesis/benchmarking/datasets/USPTO/US07319109-20080115-C00074.png,Cc1cc(OCc2c(-c3c(Cl)cccc3Cl)noc2C(C)C)ccc1N(C)S(=O)(=O)c1cccc(C(=O)O)c1
/beegfs/home/m.romanov/thesis/benchmarking/datasets/USPTO/US07319109-20080115-C00075.png,CC(C)c1onc(-c2c(Cl)cccc2Cl)c1COc1ccc(N(C)S(=O)(=O)c2cccc(C(=O)O)c2)cc1
/beegfs/home/m.romanov/thesis/benchmarking/datasets/USPTO/US07319109-20080115-C00076.png,CCN(c1ccc(OCc2c(-c3c(Cl)cccc3Cl)noc2C(C)C)cc1Cl)S(=O)(=O)c1cccc(C(=O)O)c1
/beegfs/home/m.romanov/thesis/benchmarking/datasets/USPTO/US07319109-20080115-C00077.png,CCN(c1ccc(OCc2c(-c3c(Cl)cccc3Cl)noc2C(C)C)cc1C)S(=O)(=O)c1cccc(C(=O)O)c1
/beegfs/home/m.romanov/thesis/benchmarking/datasets/USPTO/US07319109-20080115-C00078.png,CCN(c1ccc(OCc2c(-c3c(Cl)cccc3Cl)noc2C(C)C)cc1)S(=O)(=O)c1cccc(C(=O)O)c1
/beegfs/home/m.romanov/thesis/benchmarking/datasets/USPTO/US07319109-20080115-C00079.png,COC(=O)c1ccc(S(=O)(=O)Nc2ccc(OCc3c(-c4c(Cl)cccc4Cl)noc3C(C)C)cc2Cl)cc1
/beegfs/home/m.romanov/thesis/benchmarking/datasets/USPTO/US07319109-20080115-C00080.png,COC(=O)c1ccc(S(=O)(=O)Nc2ccc(OCc3c(-c4c(Cl)cccc4Cl)noc3C(C)C)cc2C)cc1
/beegfs/home/m.romanov/thesis/benchmarking/datasets/USPTO/US07319109-20080115-C00081.png,COC(=O)c1ccc(S(=O)(=O)Nc2ccc(OCc3c(-c4c(Cl)cccc4Cl)noc3C(C)C)cc2)cc1
/beegfs/home/m.romanov/thesis/benchmarking/datasets/USPTO/US07319109-20080115-C00082.png,CC(C)c1onc(-c2c(Cl)cccc2Cl)c1COc1ccc(NS(=O)(=O)c2ccc(C(=O)O)cc2)c(Cl)c1
/beegfs/home/m.romanov/thesis/benchmarking/datasets/USPTO/US07319109-20080115-C00083.png,Cc1cc(OCc2c(-c3c(Cl)cccc3Cl)noc2C(C)C)ccc1NS(=O)(=O)c1ccc(C(=O)O)cc1
/beegfs/home/m.romanov/thesis/benchmarking/datasets/USPTO/US07319109-20080115-C00084.png,CC(C)c1onc(-c2c(Cl)cccc2Cl)c1COc1ccc(NS(=O)(=O)c2ccc(C(=O)O)cc2)cc1
/beegfs/home/m.romanov/thesis/benchmarking/datasets/USPTO/US07319109-20080115-C00085.png,COC(=O)c1ccc(S(=O)(=O)N(C)c2ccc(OCc3c(-c4c(Cl)cccc4Cl)noc3C(C)C)cc2C)cc1
/beegfs/home/m.romanov/thesis/benchmarking/datasets/USPTO/US07319109-20080115-C00086.png,COC(=O)c1ccc(S(=O)(=O)N(C)c2ccc(OCc3c(-c4c(Cl)cccc4Cl)noc3C(C)C)cc2)cc1
/beegfs/home/m.romanov/thesis/benchmarking/datasets/USPTO/US07319109-20080115-C00087.png,CCN(c1ccc(OCc2c(-c3c(Cl)cccc3Cl)noc2C(C)C)cc1)S(=O)(=O)c1ccc(C(=O)OC)cc1
/beegfs/home/m.romanov/thesis/benchmarking/datasets/USPTO/US07319109-20080115-C00088.png,CC(C)c1onc(-c2c(Cl)cccc2Cl)c1COc1ccc(N(C)S(=O)(=O)c2ccc(C(=O)O)cc2)c(Cl)c1
/beegfs/home/m.romanov/thesis/benchmarking/datasets/USPTO/US07319109-20080115-C00089.png,Cc1cc(OCc2c(-c3c(Cl)cccc3Cl)noc2C(C)C)ccc1N(C)S(=O)(=O)c1ccc(C(=O)O)cc1
/beegfs/home/m.romanov/thesis/benchmarking/datasets/USPTO/US07319109-20080115-C00090.png,CC(C)c1onc(-c2c(Cl)cccc2Cl)c1COc1ccc(N(C)S(=O)(=O)c2ccc(C(=O)O)cc2)cc1
/beegfs/home/m.romanov/thesis/benchmarking/datasets/USPTO/US07319109-20080115-C00091.png,CCN(c1ccc(OCc2c(-c3c(Cl)cccc3Cl)noc2C(C)C)cc1Cl)S(=O)(=O)c1ccc(C(=O)O)cc1
/beegfs/home/m.romanov/thesis/benchmarking/datasets/USPTO/US07319109-20080115-C00092.png,CCN(c1ccc(OCc2c(-c3c(Cl)cccc3Cl)noc2C(C)C)cc1C)S(=O)(=O)c1ccc(C(=O)O)cc1
/beegfs/home/m.romanov/thesis/benchmarking/datasets/USPTO/US07319109-20080115-C00093.png,CCN(c1ccc(OCc2c(-c3c(Cl)cccc3Cl)noc2C(C)C)cc1)S(=O)(=O)c1ccc(C(=O)O)cc1
/beegfs/home/m.romanov/thesis/benchmarking/datasets/USPTO/US07319109-20080115-C00094.png,CC(C)c1onc(-c2ccccc2OC(F)(F)F)c1COc1ccc(NS(=O)(=O)c2cccc(C(=O)O)c2)c(Cl)c1
/beegfs/home/m.romanov/thesis/benchmarking/datasets/USPTO/US07319109-20080115-C00095.png,Cc1cc(OCc2c(-c3ccccc3OC(F)(F)F)noc2C(C)C)ccc1NS(=O)(=O)c1cccc(C(=O)O)c1
/beegfs/home/m.romanov/thesis/benchmarking/datasets/USPTO/US07319109-20080115-C00096.png,COC(=O)c1cccc(S(=O)(=O)N(C)c2ccc(OCc3c(-c4ccccc4OC(F)(F)F)noc3C(C)C)cc2Cl)c1
/beegfs/home/m.romanov/thesis/benchmarking/datasets/USPTO/US07319109-20080115-C00097.png,COC(=O)c1cccc(S(=O)(=O)N(C)c2ccc(OCc3c(-c4ccccc4OC(F)(F)F)noc3C(C)C)cc2C)c1
/beegfs/home/m.romanov/thesis/benchmarking/datasets/USPTO/US07319109-20080115-C00099.png,Cc1cc(OCc2c(-c3ccccc3OC(F)(F)F)noc2C(C)C)ccc1N(C)S(=O)(=O)c1cccc(C(=O)O)c1
/beegfs/home/m.romanov/thesis/benchmarking/datasets/USPTO/US07319109-20080115-C00100.png,CCc1onc(Cc2c(Cl)cccc2Cl)c1COc1ccc(N(C)S(=O)(=O)c2cccc(C(=O)O)c2)c(C)c1
/beegfs/home/m.romanov/thesis/benchmarking/datasets/USPTO/US07319109-20080115-C00101.png,COC(=O)c1ccc(OCc2ccc(OCc3c(-c4c(Cl)cccc4Cl)noc3C(C)C)cc2Cl)cc1
/beegfs/home/m.romanov/thesis/benchmarking/datasets/USPTO/US07319109-20080115-C00102.png,COC(=O)c1cccc(OCc2ccc(OCc3c(-c4c(Cl)cccc4Cl)noc3C(C)C)cc2Cl)c1
/beegfs/home/m.romanov/thesis/benchmarking/datasets/USPTO/US07319109-20080115-C00103.png,CC(C)c1onc(-c2c(Cl)cccc2Cl)c1COc1ccc(COc2cccc(C(=O)O)c2)c(Cl)c1
/beegfs/home/m.romanov/thesis/benchmarking/datasets/USPTO/US07319109-20080115-C00104.png,CC(C)c1onc(-c2c(Cl)cccc2Cl)c1COc1ccc(CSc2cccc(C(=O)O)c2)c(Cl)c1
/beegfs/home/m.romanov/thesis/benchmarking/datasets/USPTO/US07319109-20080115-C00105.png,Cc1cc(OCc2c(-c3c(Cl)cccc3Cl)noc2C(C)C)ccc1COc1cccc(C(=O)O)c1
/beegfs/home/m.romanov/thesis/benchmarking/datasets/USPTO/US07319109-20080115-C00106.png,Cc1cc(OCc2c(-c3c(Cl)cccc3Cl)noc2C(C)C)ccc1CSc1cccc(C(=O)O)c1
/beegfs/home/m.romanov/thesis/benchmarking/datasets/USPTO/US07319109-20080115-C00107.png,CC(C)c1onc(-c2c(Cl)cccc2Cl)c1COc1ccc(COc2ccc(C(=O)O)cc2)c(Cl)c1
/beegfs/home/m.romanov/thesis/benchmarking/datasets/USPTO/US07319109-20080115-C00108.png,CC(C)c1onc(-c2c(Cl)cccc2Cl)c1COc1ccc(CSc2ccc(C(=O)O)cc2)c(Cl)c1
/beegfs/home/m.romanov/thesis/benchmarking/datasets/USPTO/US07319109-20080115-C00109.png,COC(=O)c1cccc(OCc2ccc(OCc3c(-c4ccccc4OC(F)(F)F)noc3C(C)C)cc2Cl)c1
/beegfs/home/m.romanov/thesis/benchmarking/datasets/USPTO/US07319109-20080115-C00110.png,COC(=O)c1cccc(OCc2ccc(OCc3c(-c4ccccc4OC(F)(F)F)noc3C(C)C)cc2C)c1
/beegfs/home/m.romanov/thesis/benchmarking/datasets/USPTO/US07319109-20080115-C00111.png,CC(C)c1onc(-c2ccccc2OC(F)(F)F)c1COc1ccc(COc2cccc(C(=O)O)c2)c(Cl)c1
/beegfs/home/m.romanov/thesis/benchmarking/datasets/USPTO/US07319109-20080115-C00112.png,Cc1cc(OCc2c(-c3ccccc3OC(F)(F)F)noc2C(C)C)ccc1COc1cccc(C(=O)O)c1
/beegfs/home/m.romanov/thesis/benchmarking/datasets/USPTO/US07319109-20080115-C00113.png,CCc1onc(Cc2c(Cl)cccc2Cl)c1COc1ccc(COc2cccc(C(=O)O)c2)c(Cl)c1
/beegfs/home/m.romanov/thesis/benchmarking/datasets/USPTO/US07319109-20080115-C00114.png,COC(=O)c1cccc(SCc2ccc(OCc3c(-c4ccccc4OC(F)(F)F)noc3C(C)C)cc2Cl)c1
/beegfs/home/m.romanov/thesis/benchmarking/datasets/USPTO/US07319109-20080115-C00115.png,COC(=O)c1cccc(SCc2ccc(OCc3c(-c4ccccc4OC(F)(F)F)noc3C(C)C)cc2C)c1
/beegfs/home/m.romanov/thesis/benchmarking/datasets/USPTO/US07319109-20080115-C00116.png,CC(C)c1onc(-c2ccccc2OC(F)(F)F)c1COc1ccc(CSc2cccc(C(=O)O)c2)c(Cl)c1
/beegfs/home/m.romanov/thesis/benchmarking/datasets/USPTO/US07319109-20080115-C00117.png,Cc1cc(OCc2c(-c3ccccc3OC(F)(F)F)noc2C(C)C)ccc1CSc1cccc(C(=O)O)c1
/beegfs/home/m.romanov/thesis/benchmarking/datasets/USPTO/US07319109-20080115-C00118.png,COC(=O)c1cccc(N(C)Cc2ccc(OCc3c(-c4c(Cl)cccc4Cl)noc3C(C)C)cc2Cl)c1
/beegfs/home/m.romanov/thesis/benchmarking/datasets/USPTO/US07319109-20080115-C00119.png,CC(C)c1onc(-c2c(Cl)cccc2Cl)c1COc1ccc(CN(C)c2cccc(C(=O)O)c2)c(Cl)c1
/beegfs/home/m.romanov/thesis/benchmarking/datasets/USPTO/US07319109-20080115-C00120.png,CC(C)c1onc(-c2c(Cl)cccc2Cl)c1COc1ccc(CNc2cccc(C(=O)O)c2)c(Cl)c1
/beegfs/home/m.romanov/thesis/benchmarking/datasets/USPTO/US07319109-20080115-C00121.png,CCOC(=O)c1cccc(NCc2ccc(OCc3c(-c4ccccc4OC(F)(F)F)noc3C(C)C)cc2Cl)c1
/beegfs/home/m.romanov/thesis/benchmarking/datasets/USPTO/US07319109-20080115-C00122.png,CC(C)c1onc(-c2ccccc2OC(F)(F)F)c1COc1ccc(CNc2cccc(C(=O)O)c2)c(Cl)c1
/beegfs/home/m.romanov/thesis/benchmarking/datasets/USPTO/US07319109-20080115-C00123.png,CC(C)c1onc(-c2ccccc2OC(F)(F)F)c1COc1ccc(CN(C)c2cccc(C(=O)O)c2)c(Cl)c1
/beegfs/home/m.romanov/thesis/benchmarking/datasets/USPTO/US07319109-20080115-C00124.png,COC(=O)c1ccc(COc2ccc(OCc3c(-c4c(Cl)cccc4Cl)noc3C(C)C)cc2C)cc1
/beegfs/home/m.romanov/thesis/benchmarking/datasets/USPTO/US07319109-20080115-C00125.png,COC(=O)c1cccc(COc2ccc(OCc3c(-c4c(Cl)cccc4Cl)noc3C(C)C)cc2Cl)c1
/beegfs/home/m.romanov/thesis/benchmarking/datasets/USPTO/US07319109-20080115-C00126.png,COC(=O)c1cccc(COc2ccc(OCc3c(-c4c(Cl)cccc4Cl)noc3C(C)C)cc2C)c1
/beegfs/home/m.romanov/thesis/benchmarking/datasets/USPTO/US07319109-20080115-C00127.png,CC(C)c1onc(-c2c(Cl)cccc2Cl)c1COc1ccc(OCc2cccc(C(=O)O)c2)c(Cl)c1
/beegfs/home/m.romanov/thesis/benchmarking/datasets/USPTO/US07319109-20080115-C00128.png,Cc1cc(OCc2c(-c3c(Cl)cccc3Cl)noc2C(C)C)ccc1OCc1cccc(C(=O)O)c1
/beegfs/home/m.romanov/thesis/benchmarking/datasets/USPTO/US07319109-20080115-C00129.png,Cc1cc(OCc2c(-c3c(Cl)cccc3Cl)noc2C(C)C)ccc1OCc1ccc(C(=O)O)cc1
/beegfs/home/m.romanov/thesis/benchmarking/datasets/USPTO/US07319111-20080115-C00011.png,Cc1cc(C)c(N2CCCC2)c(C)c1NC(=O)c1cccs1
/beegfs/home/m.romanov/thesis/benchmarking/datasets/USPTO/US07319111-20080115-C00012.png,Cc1cccc(C(=O)Nc2c(C)cc(C)c(N3CCCC3)c2C)c1
/beegfs/home/m.romanov/thesis/benchmarking/datasets/USPTO/US07319111-20080115-C00013.png,Cc1cc(C)c(N2CCCC2)c(C)c1NC(=O)Cc1ccccc1
/beegfs/home/m.romanov/thesis/benchmarking/datasets/USPTO/US07319111-20080115-C00014.png,Cc1cc(C)c(N2CCCC2)c(C)c1NC(=O)c1ccccc1Cl
/beegfs/home/m.romanov/thesis/benchmarking/datasets/USPTO/US07319111-20080115-C00015.png,Cc1cc(C)c(N2CCCC2)c(C)c1NC(=O)c1ccccc1OCc1ccccc1
/beegfs/home/m.romanov/thesis/benchmarking/datasets/USPTO/US07319111-20080115-C00016.png,Cc1cc(C)c(N2CCCC2)c(C)c1NC(=O)c1ccccc1-c1ccccc1
/beegfs/home/m.romanov/thesis/benchmarking/datasets/USPTO/US07319111-20080115-C00017.png,Cc1ccc(C(=O)Nc2c(C)cc(C)c(N3CCCC3)c2C)cc1
/beegfs/home/m.romanov/thesis/benchmarking/datasets/USPTO/US07319111-20080115-C00018.png,Cc1cc(C)c(N2CCCC2)c(C)c1NC(=O)C1CCCC1
/beegfs/home/m.romanov/thesis/benchmarking/datasets/USPTO/US07319111-20080115-C00019.png,Cc1cc(C)c(N2CCCC2)c(C)c1NS(=O)(=O)c1ccc(Cl)cc1
/beegfs/home/m.romanov/thesis/benchmarking/datasets/USPTO/US07319111-20080115-C00020.png,CC(=O)Nc1c(C)cc(C)c(N2CCCC2)c1C
/beegfs/home/m.romanov/thesis/benchmarking/datasets/USPTO/US07319111-20080115-C00021.png,Cc1ccccc1C(=O)Nc1c(C)cc(C)c(N2CCCC2)c1C
/beegfs/home/m.romanov/thesis/benchmarking/datasets/USPTO/US07319111-20080115-C00022.png,Cc1ccc(NC(=O)c2ccccc2-c2ccccc2)cc1N1CCCC1
/beegfs/home/m.romanov/thesis/benchmarking/datasets/USPTO/US07319111-20080115-C00023.png,Cc1ccc(N2CCCC2)cc1NC(=O)c1ccccc1-c1ccccc1
/beegfs/home/m.romanov/thesis/benchmarking/datasets/USPTO/US07319111-20080115-C00024.png,O=C(Nc1cccc(N2CCCC2)c1)c1ccccc1-c1ccccc1
/beegfs/home/m.romanov/thesis/benchmarking/datasets/USPTO/US07319111-20080115-C00025.png,Cc1cc(C)c(N2CCCC2)c(C)c1NC(=O)c1ccccc1
/beegfs/home/m.romanov/thesis/benchmarking/datasets/USPTO/US07319111-20080115-C00026.png,Cc1cc(C)c(N2CCCC2)c(C)c1NC(=O)C(c1ccccc1)c1ccccc1
/beegfs/home/m.romanov/thesis/benchmarking/datasets/USPTO/US07319111-20080115-C00027.png,Cc1cc(C)c(N2CCCCC2)c(C)c1NC(=O)c1ccccc1-c1ccccc1
/beegfs/home/m.romanov/thesis/benchmarking/datasets/USPTO/US07319111-20080115-C00029.png,Cc1c(NC(=O)c2ccccc2-c2ccccc2)cccc1N1CCCC1
/beegfs/home/m.romanov/thesis/benchmarking/datasets/USPTO/US07319111-20080115-C00030.png,Cc1cc(C)c(N2CCCC2)c(C)c1NC(=O)c1ccccc1Br
/beegfs/home/m.romanov/thesis/benchmarking/datasets/USPTO/US07319111-20080115-C00031.png,Cc1cc(C)c(N2CCCC2)c(C)c1NC(=O)c1cccc(Cl)c1Cl
/beegfs/home/m.romanov/thesis/benchmarking/datasets/USPTO/US07319111-20080115-C00032.png,COc1ccc(Br)c(C(=O)Nc2c(C)cc(C)c(N3CCCC3)c2C)c1
/beegfs/home/m.romanov/thesis/benchmarking/datasets/USPTO/US07319111-20080115-C00033.png,Cc1ccc(Br)c(C(=O)Nc2c(C)cc(C)c(N3CCCC3)c2C)c1
/beegfs/home/m.romanov/thesis/benchmarking/datasets/USPTO/US07319111-20080115-C00035.png,COC(=O)c1sccc1S(=O)(=O)Nc1c(C)cc(C)c(N2CCCC2)c1C
/beegfs/home/m.romanov/thesis/benchmarking/datasets/USPTO/US07319111-20080115-C00036.png,Cc1cc(C)c(N2CCCC2)c(C)c1NS(=O)(=O)c1ccccc1
/beegfs/home/m.romanov/thesis/benchmarking/datasets/USPTO/US07319111-20080115-C00037.png,Cc1cc(C)c(N2CCCC2)c(C)c1NS(=O)(=O)c1cc(Cl)ccc1Cl
/beegfs/home/m.romanov/thesis/benchmarking/datasets/USPTO/US07319111-20080115-C00038.png,Cc1cc(C)c(N2CCCC2)c(C)c1NS(=O)(=O)c1ccsc1C(=O)O
/beegfs/home/m.romanov/thesis/benchmarking/datasets/USPTO/US07319111-20080115-C00039.png,Cc1cc(C)c(N2CCCC2)c(C)c1NS(=O)(=O)c1ccccc1Cl
/beegfs/home/m.romanov/thesis/benchmarking/datasets/USPTO/US07319111-20080115-C00041.png,O=C(Nc1ccccc1-c1ccccc1)c1ccc2nccnc2c1
/beegfs/home/m.romanov/thesis/benchmarking/datasets/USPTO/US07319111-20080115-C00042.png,Cc1cc(C)c(N2CCCC2)c(C)c1NS(=O)(=O)c1ccccc1Br
/beegfs/home/m.romanov/thesis/benchmarking/datasets/USPTO/US07319111-20080115-C00043.png,Cc1ccccc1S(=O)(=O)Nc1c(C)cc(C)c(N2CCCC2)c1C
/beegfs/home/m.romanov/thesis/benchmarking/datasets/USPTO/US07319111-20080115-C00044.png,Cc1cccc(S(=O)(=O)Nc2c(C)cc(C)c(N3CCCC3)c2C)c1
/beegfs/home/m.romanov/thesis/benchmarking/datasets/USPTO/US07319111-20080115-C00046.png,Cc1cc(C)c(N2CCCC2)c(C)c1NS(=O)(=O)c1ccccc1OC(F)(F)F
/beegfs/home/m.romanov/thesis/benchmarking/datasets/USPTO/US07319111-20080115-C00048.png,Cc1cccc(C(=O)Nc2c(C)cc(C)c(N3CCCC3)c2C)c1Br
/beegfs/home/m.romanov/thesis/benchmarking/datasets/USPTO/US07319111-20080115-C00049.png,Cc1cc(C)c(N2CCCC2)c(C)c1NC(=O)c1cc(Cl)ccc1Br
/beegfs/home/m.romanov/thesis/benchmarking/datasets/USPTO/US07319111-20080115-C00050.png,Cc1cc(C)c(N2CCCC2)c(C)c1NS(=O)(=O)c1ccccc1F
/beegfs/home/m.romanov/thesis/benchmarking/datasets/USPTO/US07319111-20080115-C00051.png,COc1ccc(S(=O)(=O)Nc2c(C)cc(C)c(N3CCCC3)c2C)cc1OC
/beegfs/home/m.romanov/thesis/benchmarking/datasets/USPTO/US07319111-20080115-C00052.png,Cc1cc(C)c(N2CCCC2)c(C)c1NS(=O)(=O)c1ccccc1C(F)(F)F
/beegfs/home/m.romanov/thesis/benchmarking/datasets/USPTO/US07319111-20080115-C00053.png,COC(=O)c1ccccc1C(=O)Nc1c(C)cc(C)c(N2CCCC2)c1C
/beegfs/home/m.romanov/thesis/benchmarking/datasets/USPTO/US07319111-20080115-C00054.png,COc1ccccc1C(=O)Nc1c(C)cc(C)c(N2CCCC2)c1C
/beegfs/home/m.romanov/thesis/benchmarking/datasets/USPTO/US07319111-20080115-C00055.png,Cc1cc(C)c(N2CCCC2)c(C)c1NC(=O)c1ccc(-c2ccccc2)cc1
/beegfs/home/m.romanov/thesis/benchmarking/datasets/USPTO/US07319111-20080115-C00056.png,Cc1cc(C)c(N2CCCC2)c(C)c1NS(=O)(=O)Cc1ccccc1
/beegfs/home/m.romanov/thesis/benchmarking/datasets/USPTO/US07319111-20080115-C00057.png,Cc1cc(C)c(N2CCCC2)c(C)c1NS(=O)(=O)c1cc(C(F)(F)F)ccc1Cl
/beegfs/home/m.romanov/thesis/benchmarking/datasets/USPTO/US07319111-20080115-C00058.png,COc1ccc(Cl)cc1S(=O)(=O)Nc1c(C)cc(C)c(N2CCCC2)c1C
/beegfs/home/m.romanov/thesis/benchmarking/datasets/USPTO/US07319111-20080115-C00059.png,COc1ccc(OC)c(S(=O)(=O)Nc2c(C)cc(C)c(N3CCCC3)c2C)c1
/beegfs/home/m.romanov/thesis/benchmarking/datasets/USPTO/US07319111-20080115-C00060.png,COc1cc(C)ccc1S(=O)(=O)Nc1c(C)cc(C)c(N2CCCC2)c1C
/beegfs/home/m.romanov/thesis/benchmarking/datasets/USPTO/US07319111-20080115-C00061.png,COc1cccc(C(=O)Nc2c(C)cc(C)c(N3CCCC3)c2C)c1OC
/beegfs/home/m.romanov/thesis/benchmarking/datasets/USPTO/US07319111-20080115-C00062.png,COc1cccc(OC)c1C(=O)Nc1c(C)cc(C)c(N2CCCC2)c1C
/beegfs/home/m.romanov/thesis/benchmarking/datasets/USPTO/US07319111-20080115-C00063.png,COc1ccc(C)cc1S(=O)(=O)Nc1c(C)cc(C)c(N2CCCC2)c1C
/beegfs/home/m.romanov/thesis/benchmarking/datasets/USPTO/US07319111-20080115-C00064.png,Cc1cc(C)c(N2CCCC2)c(C)c1NS(=O)(=O)c1ccc2c(Cl)cccc2c1
/beegfs/home/m.romanov/thesis/benchmarking/datasets/USPTO/US07319111-20080115-C00065.png,COc1ccc(S(=O)(=O)Nc2c(C)cc(C)c(N3CCCC3)c2C)cc1
/beegfs/home/m.romanov/thesis/benchmarking/datasets/USPTO/US07319111-20080115-C00066.png,Cc1cc(C)c(N2CCCC2)c(C)c1NS(=O)(=O)c1ccc(F)cc1
/beegfs/home/m.romanov/thesis/benchmarking/datasets/USPTO/US07319111-20080115-C00067.png,Cc1cc(C)c(N2CCCC2)c(C)c1NS(=O)(=O)c1ccc(Cl)c(Cl)c1
/beegfs/home/m.romanov/thesis/benchmarking/datasets/USPTO/US07319111-20080115-C00068.png,Cc1cc(C)c(N2CCCC2)c(C)c1NS(=O)(=O)c1ccc(-c2ccccc2)cc1
/beegfs/home/m.romanov/thesis/benchmarking/datasets/USPTO/US07319111-20080115-C00069.png,Cc1cc(C)c(N2CCCC2)c(C)c1NS(=O)(=O)Cc1cccc(Cl)c1
/beegfs/home/m.romanov/thesis/benchmarking/datasets/USPTO/US07319111-20080115-C00070.png,Cc1cc(C)c(N2CCCC2)c(C)c1NC(=O)c1cccc(Cl)c1
/beegfs/home/m.romanov/thesis/benchmarking/datasets/USPTO/US07319111-20080115-C00071.png,Cc1cc(C)c(N2CCCC2)c(C)c1NC(=O)c1c(Cl)cccc1Cl
/beegfs/home/m.romanov/thesis/benchmarking/datasets/USPTO/US07319111-20080115-C00072.png,Cc1cc(C)c(N2CCCC2)c(C)c1NC(=O)c1ccc2ccccc2c1
/beegfs/home/m.romanov/thesis/benchmarking/datasets/USPTO/US07319111-20080115-C00073.png,Cc1cc(C)c(N2CCCC2)c(C)c1NC(=O)c1ccccc1C(F)(F)F
/beegfs/home/m.romanov/thesis/benchmarking/datasets/USPTO/US07319111-20080115-C00074.png,Cc1cc(C)c(N2CCCC2)c(C)c1NS(=O)(=O)c1cccc(F)c1
/beegfs/home/m.romanov/thesis/benchmarking/datasets/USPTO/US07319111-20080115-C00075.png,Cc1cc(C)c(N2CCCC2)c(C)c1NS(=O)(=O)c1ccc(C(C)(C)C)cc1
/beegfs/home/m.romanov/thesis/benchmarking/datasets/USPTO/US07319111-20080115-C00076.png,Cc1cc(C)c(N2CCCC2)c(C)c1NC(=O)c1sccc1-c1ccccc1
/beegfs/home/m.romanov/thesis/benchmarking/datasets/USPTO/US07319111-20080115-C00077.png,Cc1cc(C)c(N2CCCC2)c(C)c1NC(=O)c1cccc2ccccc12
/beegfs/home/m.romanov/thesis/benchmarking/datasets/USPTO/US07319111-20080115-C00078.png,Cc1cc(C)c(N2CCCC2)c(C)c1NS(=O)(=O)/C=C/c1ccccc1
/beegfs/home/m.romanov/thesis/benchmarking/datasets/USPTO/US07319111-20080115-C00079.png,Cc1cc(C)c(N2CCCC2)c(C)c1NS(=O)(=O)c1cc(Cl)cc(Cl)c1O
/beegfs/home/m.romanov/thesis/benchmarking/datasets/USPTO/US07319111-20080115-C00080.png,Cc1ccc(S(=O)(=O)Nc2c(C)cc(C)c(N3CCCC3)c2C)cc1
/beegfs/home/m.romanov/thesis/benchmarking/datasets/USPTO/US07319111-20080115-C00081.png,Cc1cc(C)c(N2CCCC2)c(C)c1NS(=O)(=O)c1ccc(/N=N/c2ccc(N(C)C)cc2)cc1
/beegfs/home/m.romanov/thesis/benchmarking/datasets/USPTO/US07319111-20080115-C00082.png,CC(=O)Nc1ccc(S(=O)(=O)Nc2c(C)cc(C)c(N3CCCC3)c2C)cc1
/beegfs/home/m.romanov/thesis/benchmarking/datasets/USPTO/US07319111-20080115-C00083.png,Cc1cc(C)c(N2CCCC2)c(C)c1NC(=O)c1sccc1Br
/beegfs/home/m.romanov/thesis/benchmarking/datasets/USPTO/US07319111-20080115-C00084.png,Cc1cc(C)c(N2CCCC2)c(C)c1NC(=O)c1ccccc1C(=O)O
/beegfs/home/m.romanov/thesis/benchmarking/datasets/USPTO/US07319111-20080115-C00085.png,Cc1cc(C)c(N2CCCC2)c(C)c1NC(=O)c1cccc(Br)c1
/beegfs/home/m.romanov/thesis/benchmarking/datasets/USPTO/US07319111-20080115-C00086.png,Cc1nccc(-c2ccc(NC(=O)c3ccccc3-c3ccccc3)cc2)n1
/beegfs/home/m.romanov/thesis/benchmarking/datasets/USPTO/US07319111-20080115-C00087.png,Cc1cc2c(NC(=O)c3ccccc3-c3ccccc3)cccc2nn1
/beegfs/home/m.romanov/thesis/benchmarking/datasets/USPTO/US07319111-20080115-C00088.png,CSc1nc(C)nc(NC(=O)c2ccccc2-c2ccccc2)n1
/beegfs/home/m.romanov/thesis/benchmarking/datasets/USPTO/US07319111-20080115-C00089.png,Cc1cc(C)c(N2CCCCC2)c(C)c1NS(=O)(=O)c1cc(Cl)cc(Cl)c1O
/beegfs/home/m.romanov/thesis/benchmarking/datasets/USPTO/US07319111-20080115-C00090.png,Cc1cc(C)c(N2CCCC2)c(C)c1NS(=O)(=O)c1ccc(C(=O)O)cc1
/beegfs/home/m.romanov/thesis/benchmarking/datasets/USPTO/US07319111-20080115-C00091.png,Cc1cc(C)c(S(=O)(=O)Nc2c(C)cc(C)c(N3CCCC3)c2C)c(C)c1
/beegfs/home/m.romanov/thesis/benchmarking/datasets/USPTO/US07319111-20080115-C00092.png,Cc1cc(C)cc(S(=O)(=O)Nc2c(C)cc(C)c(N3CCCC3)c2C)c1
/beegfs/home/m.romanov/thesis/benchmarking/datasets/USPTO/US07319111-20080115-C00093.png,CCCCc1ccc(S(=O)(=O)Nc2c(C)cc(C)c(N3CCCC3)c2C)cc1
/beegfs/home/m.romanov/thesis/benchmarking/datasets/USPTO/US07319111-20080115-C00094.png,CCCc1ccc(S(=O)(=O)Nc2c(C)cc(C)c(N3CCCC3)c2C)cc1
/beegfs/home/m.romanov/thesis/benchmarking/datasets/USPTO/US07319111-20080115-C00095.png,Cc1ccc(N2CCCC2)cc1NS(=O)(=O)c1cc(Cl)cc(Cl)c1O
/beegfs/home/m.romanov/thesis/benchmarking/datasets/USPTO/US07319111-20080115-C00096.png,Cc1c(NS(=O)(=O)c2cc(Cl)cc(Cl)c2O)cccc1N1CCCC1
/beegfs/home/m.romanov/thesis/benchmarking/datasets/USPTO/US07319111-20080115-C00097.png,CCc1ccc(S(=O)(=O)Nc2c(C)cc(C)c(N3CCCC3)c2C)cc1
/beegfs/home/m.romanov/thesis/benchmarking/datasets/USPTO/US07319111-20080115-C00098.png,Cc1cc(C)c(N2CCCC2)c(C)c1NS(=O)(=O)c1ccc(C(C)C)cc1
/beegfs/home/m.romanov/thesis/benchmarking/datasets/USPTO/US07319111-20080115-C00100.png,Cc1ccc(-c2ccccc2C(=O)Nc2c(C)cc(C)c(N3CCCC3)c2C)cc1
/beegfs/home/m.romanov/thesis/benchmarking/datasets/USPTO/US07319111-20080115-C00101.png,Cc1cc(C)c(N2CCCC2)c(C)c1NC(=O)c1cccc(-c2ccccc2)c1
/beegfs/home/m.romanov/thesis/benchmarking/datasets/USPTO/US07319111-20080115-C00102.png,COc1ccc(Br)cc1S(=O)(=O)Nc1c(C)cc(C)c(N2CCCC2)c1C
/beegfs/home/m.romanov/thesis/benchmarking/datasets/USPTO/US07319111-20080115-C00104.png,Cc1cc(C)c(NS(=O)(=O)c2cc(Cl)cc(Cl)c2O)c(C)c1N
/beegfs/home/m.romanov/thesis/benchmarking/datasets/USPTO/US07319111-20080115-C00105.png,Cc1cccc(C(=O)Nc2c(C)cc(C)c(N3CCCC3)c2C)c1C
/beegfs/home/m.romanov/thesis/benchmarking/datasets/USPTO/US07319111-20080115-C00107.png,CCN(CC)c1c(C)cc(C)c(NS(=O)(=O)c2cc(Cl)cc(Cl)c2O)c1C
/beegfs/home/m.romanov/thesis/benchmarking/datasets/USPTO/US07319111-20080115-C00109.png,O=S(=O)(Nc1ccccc1N1CCCC1)c1cc(Cl)cc(Cl)c1O
/beegfs/home/m.romanov/thesis/benchmarking/datasets/USPTO/US07319111-20080115-C00110.png,Cc1cc(C)c(N2CCCCC2)c(C)c1NS(=O)(=O)c1ccc(Br)cc1OC(F)(F)F
/beegfs/home/m.romanov/thesis/benchmarking/datasets/USPTO/US07319111-20080115-C00111.png,Cc1ccc(NS(=O)(=O)c2cc(Cl)cc(Cl)c2O)cc1N1CCCC1
/beegfs/home/m.romanov/thesis/benchmarking/datasets/USPTO/US07319111-20080115-C00112.png,Cc1cc(C)c(N2CCCC2)c(C)c1NC(=O)c1cc(Cl)cc(Cl)c1O
/beegfs/home/m.romanov/thesis/benchmarking/datasets/USPTO/US07319111-20080115-C00113.png,Cc1cc(C)c(N2CCCC2)c(C)c1NS(=O)(=O)c1ccccc1C#N
/beegfs/home/m.romanov/thesis/benchmarking/datasets/USPTO/US07319111-20080115-C00114.png,Cc1cc(C)c(N2CCCC2)c(C)c1NS(=O)(=O)c1cccc(C#N)c1
/beegfs/home/m.romanov/thesis/benchmarking/datasets/USPTO/US07319111-20080115-C00115.png,Cc1cc(C)c(N2CCCC2)c(C)c1NS(=O)(=O)c1ccc(C#N)cc1
/beegfs/home/m.romanov/thesis/benchmarking/datasets/USPTO/US07319111-20080115-C00116.png,Cc1ccc(NS(=O)(=O)c2cc(Cl)cc(Cl)c2O)c(N2CCCC2)c1C
/beegfs/home/m.romanov/thesis/benchmarking/datasets/USPTO/US07319111-20080115-C00117.png,Cc1cc(NS(=O)(=O)c2cc(Cl)cc(Cl)c2O)c(N2CCCC2)cc1C
/beegfs/home/m.romanov/thesis/benchmarking/datasets/USPTO/US07319111-20080115-C00118.png,Cc1cc(C)c(N2CCCC2)c(NS(=O)(=O)c2cc(Cl)cc(Cl)c2O)c1
/beegfs/home/m.romanov/thesis/benchmarking/datasets/USPTO/US07319111-20080115-C00119.png,CN(C)CCN(Cc1ccccc1)S(=O)(=O)c1cc(Cl)cc(Cl)c1O
/beegfs/home/m.romanov/thesis/benchmarking/datasets/USPTO/US07319111-20080115-C00120.png,N#Cc1c(NS(=O)(=O)c2cc(Cl)cc(Cl)c2O)cccc1N1CCCCC1
/beegfs/home/m.romanov/thesis/benchmarking/datasets/USPTO/US07319111-20080115-C00121.png,Cc1cc(C)c(N2Cc3ccccc3C2)c(C)c1NS(=O)(=O)c1cc(Cl)cc(Cl)c1O
/beegfs/home/m.romanov/thesis/benchmarking/datasets/USPTO/US07319111-20080115-C00122.png,Cc1cc(C)c(N2CCCC2)c(C)c1NC(=O)c1ccc(OCc2ccccc2)cc1
/beegfs/home/m.romanov/thesis/benchmarking/datasets/USPTO/US07319111-20080115-C00123.png,Cc1cc(C)c(N2CCCC2)c(C)c1NC(=O)c1cccc(O)c1
/beegfs/home/m.romanov/thesis/benchmarking/datasets/USPTO/US07319111-20080115-C00124.png,Cc1cc(C)c(N2CCCC2)c(C)c1NC(=O)c1ccc(O)cc1
/beegfs/home/m.romanov/thesis/benchmarking/datasets/USPTO/US07319111-20080115-C00126.png,Cc1cc(C)c(NS(=O)(=O)c2cc(Cl)cc(Cl)c2O)c(C)c1
/beegfs/home/m.romanov/thesis/benchmarking/datasets/USPTO/US07319111-20080115-C00127.png,Cc1cc(C)c(N2CCOCC2)c(C)c1NC(=O)c1ccccc1-c1ccccc1
/beegfs/home/m.romanov/thesis/benchmarking/datasets/USPTO/US07319111-20080115-C00128.png,Cc1cc(C)c(N2CCOCC2)c(C)c1NS(=O)(=O)c1ccc(Cl)cc1
/beegfs/home/m.romanov/thesis/benchmarking/datasets/USPTO/US07319111-20080115-C00129.png,Cc1cc(C)c(N2CCN(C)CC2)c(C)c1NS(=O)(=O)c1ccc(Cl)cc1
/beegfs/home/m.romanov/thesis/benchmarking/datasets/USPTO/US07319111-20080115-C00130.png,Cc1cc(C)c(N2CCN(C)CC2)c(C)c1NC(=O)c1ccccc1-c1ccccc1
/beegfs/home/m.romanov/thesis/benchmarking/datasets/USPTO/US07319111-20080115-C00131.png,Cc1cccc(S(=O)(=O)Nc2c(C)cc(C)c(N3CCN(c4ccccc4)CC3)c2C)c1
/beegfs/home/m.romanov/thesis/benchmarking/datasets/USPTO/US07319111-20080115-C00132.png,Cc1cc(C)c(N2CCC(C)CC2)c(C)c1NS(=O)(=O)c1ccc(C(C)(C)C)cc1
/beegfs/home/m.romanov/thesis/benchmarking/datasets/USPTO/US07319111-20080115-C00133.png,Cc1cc(C)c(N2CCC(C)CC2)c(C)c1NC(=O)c1cccc(Cl)c1
/beegfs/home/m.romanov/thesis/benchmarking/datasets/USPTO/US07319111-20080115-C00134.png,Cc1cc(C)c(N2CCN(c3ccccc3)CC2)c(C)c1NS(=O)(=O)c1ccc(C(C)(C)C)cc1
/beegfs/home/m.romanov/thesis/benchmarking/datasets/USPTO/US07319111-20080115-C00135.png,Cc1cc(C)c(N2CCN(c3ccccc3)CC2)c(C)c1NS(=O)(=O)c1cc(Cl)cc(Cl)c1O
/beegfs/home/m.romanov/thesis/benchmarking/datasets/USPTO/US07319111-20080115-C00136.png,Cc1cc(C)c(N2CCOCC2)c(C)c1NS(=O)(=O)c1cc(Cl)cc(Cl)c1O
/beegfs/home/m.romanov/thesis/benchmarking/datasets/USPTO/US07319111-20080115-C00138.png,Cc1cc(C)c(N2CCN(C)CC2)c(C)c1NS(=O)(=O)c1cc(Cl)cc(Cl)c1O
/beegfs/home/m.romanov/thesis/benchmarking/datasets/USPTO/US07319111-20080115-C00139.png,Cc1cc(C)c(NS(=O)(=O)c2cc(Cl)cc(Cl)c2O)c(C)c1NCC(C)(C)CN(C)C
/beegfs/home/m.romanov/thesis/benchmarking/datasets/USPTO/US07319111-20080115-C00140.png,Cc1cc(C)c(NS(=O)(=O)c2cc(Cl)cc(Cl)c2O)c(C)c1Nc1cccnc1
/beegfs/home/m.romanov/thesis/benchmarking/datasets/USPTO/US07319111-20080115-C00141.png,Cc1cc(C)c(NS(=O)(=O)c2cc(Cl)cc(Cl)c2O)c(C)c1Nc1ccccn1
/beegfs/home/m.romanov/thesis/benchmarking/datasets/USPTO/US07319111-20080115-C00142.png,COc1ccc(-c2ccccc2)c(C(=O)Nc2c(C)cc(C)c(N3CCCC3)c2C)c1
/beegfs/home/m.romanov/thesis/benchmarking/datasets/USPTO/US07319111-20080115-C00143.png,Cc1ccc(-c2ccccc2)c(C(=O)Nc2c(C)cc(C)c(N3CCCC3)c2C)c1
/beegfs/home/m.romanov/thesis/benchmarking/datasets/USPTO/US07319111-20080115-C00144.png,Cc1ccccc1-c1ccccc1C(=O)Nc1c(C)cc(C)c(N2CCCC2)c1C
/beegfs/home/m.romanov/thesis/benchmarking/datasets/USPTO/US07319111-20080115-C00145.png,Cc1cc(C)c(N2CCCC2)c(C)c1NC(=O)c1cccc(C)c1-c1ccccc1
/beegfs/home/m.romanov/thesis/benchmarking/datasets/USPTO/US07319111-20080115-C00146.png,Cc1cccc(-c2ccc(C)cc2C(=O)Nc2c(C)cc(C)c(N3CCCC3)c2C)c1
/beegfs/home/m.romanov/thesis/benchmarking/datasets/USPTO/US07319111-20080115-C00147.png,Cc1cc(C)c(N2CCCC2)c(C)c1NC(=O)c1ccccc1-c1ccc(Cl)cc1
/beegfs/home/m.romanov/thesis/benchmarking/datasets/USPTO/US07319111-20080115-C00148.png,Cc1cc(C)c(N2Cc3ccccc3C2)c(C)c1NC(=O)c1ccccc1-c1ccc(C(F)(F)F)cc1
/beegfs/home/m.romanov/thesis/benchmarking/datasets/USPTO/US07319111-20080115-C00149.png,Cc1cc(C)c(N2CCCC2)c(C)c1NC(=O)c1ccccc1-c1ccc(C(F)(F)F)cc1
/beegfs/home/m.romanov/thesis/benchmarking/datasets/USPTO/US07319111-20080115-C00150.png,COc1ccc(-c2cccc(C)c2)c(C(=O)Nc2c(C)cc(C)c(N3CCCC3)c2C)c1
/beegfs/home/m.romanov/thesis/benchmarking/datasets/USPTO/US07319111-20080115-C00152.png,COc1ccc(-c2ccccc2)cc1S(=O)(=O)Nc1c(C)cc(C)c(N2CCCC2)c1C
/beegfs/home/m.romanov/thesis/benchmarking/datasets/USPTO/US07319111-20080115-C00153.png,COc1ccc(-c2ccccc2C)cc1S(=O)(=O)Nc1c(C)cc(C)c(N2CCCC2)c1C
/beegfs/home/m.romanov/thesis/benchmarking/datasets/USPTO/US07319111-20080115-C00155.png,Cc1cc(C)c(N(CCN(C)C)S(=O)(=O)c2cc(Cl)cc(Cl)c2O)c(C)c1N1CCCCC1
/beegfs/home/m.romanov/thesis/benchmarking/datasets/USPTO/US07319111-20080115-C00156.png,Cc1cc(C)c(O)c(S(=O)(=O)N(CCN(C)C)c2c(C)cc(C)c(N3CCCCC3)c2C)c1
/beegfs/home/m.romanov/thesis/benchmarking/datasets/USPTO/US07319111-20080115-C00157.png,Cc1cc(C)c(N2CCCC2)c(C)c1NS(=O)(=O)c1cc(-c2ccccc2)ccc1O
/beegfs/home/m.romanov/thesis/benchmarking/datasets/USPTO/US07319111-20080115-C00158.png,Cc1ccccc1-c1ccc(O)c(S(=O)(=O)Nc2c(C)cc(C)c(N3CCCC3)c2C)c1
/beegfs/home/m.romanov/thesis/benchmarking/datasets/USPTO/US07319111-20080115-C00159.png,Cc1ccc(S(=O)(=O)Nc2c(C)cc(C)c(N3CCCC3)c2C)c(O)c1
/beegfs/home/m.romanov/thesis/benchmarking/datasets/USPTO/US07319111-20080115-C00160.png,Cc1cc(C)c(N2CCCC2)c(C)c1NS(=O)(=O)c1ccc(O)cc1
/beegfs/home/m.romanov/thesis/benchmarking/datasets/USPTO/US07319111-20080115-C00162.png,Cc1cc(C)c(N2CCCC2)c(C)c1NS(=O)(=O)c1ccc(N)cc1
/beegfs/home/m.romanov/thesis/benchmarking/datasets/USPTO/US07319111-20080115-C00163.png,Cc1cc(C)c(N2CCCC2)c(C)c1NC(=O)c1ccc(N)cc1
/beegfs/home/m.romanov/thesis/benchmarking/datasets/USPTO/US07319111-20080115-C00165.png,Cc1cc(C)c(N2CCCC2)c(C)c1NC(=O)c1cccc(N)c1
/beegfs/home/m.romanov/thesis/benchmarking/datasets/USPTO/US07319111-20080115-C00166.png,Cc1cc(C)c(N2CCCC2)c(C)c1NS(=O)(=O)c1ccccc1CN
/beegfs/home/m.romanov/thesis/benchmarking/datasets/USPTO/US07319111-20080115-C00167.png,Cc1cc(C)c(N2CCCC2)c(C)c1NS(=O)(=O)c1cccc(CN)c1
/beegfs/home/m.romanov/thesis/benchmarking/datasets/USPTO/US07319111-20080115-C00168.png,Cc1cc(C)c(N2CCCC2)c(C)c1NS(=O)(=O)c1ccc(CN)cc1
/beegfs/home/m.romanov/thesis/benchmarking/datasets/USPTO/US07319111-20080115-C00170.png,Cc1cc(C)c(N2CCCC2)c(C)c1NC(=O)Nc1ccc(Cl)cc1
/beegfs/home/m.romanov/thesis/benchmarking/datasets/USPTO/US07319111-20080115-C00171.png,Cc1cc(C)c(N2CCCC2)c(C)c1NC(=O)NS(=O)(=O)c1ccc(Cl)cc1
/beegfs/home/m.romanov/thesis/benchmarking/datasets/USPTO/US07319111-20080115-C00172.png,Cc1cc(C)c(N2CCCC2)c(C)c1NC(=O)Nc1ccccc1-c1ccccc1
/beegfs/home/m.romanov/thesis/benchmarking/datasets/USPTO/US07319111-20080115-C00173.png,Cc1cc(C)c(N2CCCCC2)c(C)c1NC(=O)NCCN1CCN(Cc2ccccc2)CC1
/beegfs/home/m.romanov/thesis/benchmarking/datasets/USPTO/US07319111-20080115-C00174.png,COc1ccc(CCC2c3cc(OC)c(OC)cc3CCN2CCNC(=O)Nc2c(C)cc(C)c(N3CCCCC3)c2C)cc1OC
/beegfs/home/m.romanov/thesis/benchmarking/datasets/USPTO/US07319111-20080115-C00175.png,Cc1cc(C)c(N2CCCCC2)c(C)c1NC(=O)Nc1c(C)cc(C)c(N2CCN(C)CC2)c1C
/beegfs/home/m.romanov/thesis/benchmarking/datasets/USPTO/US07319111-20080115-C00176.png,CN(C)CCN(Cc1ccccc1)C(=O)[C@@H]1CCCN1S(=O)(=O)c1cc(Cl)cc(Cl)c1O
/beegfs/home/m.romanov/thesis/benchmarking/datasets/USPTO/US07319111-20080115-C00177.png,CCOC(=O)C[C@H](NS(=O)(=O)c1ccccc1)c1ccc2c(c1)CC(C)N2CC
/beegfs/home/m.romanov/thesis/benchmarking/datasets/USPTO/US07319111-20080115-C00178.png,COc1ccc(S(=O)(=O)n2ccc3ccc(C(=O)Nc4c(C)cc(C)c(N5CCCC5)c4C)cc32)cc1OC
/beegfs/home/m.romanov/thesis/benchmarking/datasets/USPTO/US07319111-20080115-C00179.png,COc1ccc(C(=O)N[C@@H](C)C(=O)N(Cc2ccccc2)Cc2cccs2)cc1N1CCCC1
/beegfs/home/m.romanov/thesis/benchmarking/datasets/USPTO/US07319131-20080115-C00025.png,CC(C)NCC1([N+](=O)[O-])COCN(C(C)C)C1
/beegfs/home/m.romanov/thesis/benchmarking/datasets/USPTO/US07319131-20080115-C00030.png,CC(C)(CNc1ccccc1)[N+](=O)[O-]
/beegfs/home/m.romanov/thesis/benchmarking/datasets/USPTO/US07319131-20080115-C00038.png,OCCN1CN(CCO)CN(CCO)C1
/beegfs/home/m.romanov/thesis/benchmarking/datasets/USPTO/US07319132-20080115-C00012.png,O=C(Cl)CCCCCN1C(=O)C=CC1=O
/beegfs/home/m.romanov/thesis/benchmarking/datasets/USPTO/US07319147-20080115-C00001.png,C1=Cc2nc1c(-c1ccccc1)c1ccc([nH]1)c(-c1ccccc1)c1cc(c(-c3ccccc3)c3ccc([nH]3)c2-c2ccccc2)N=C1
/beegfs/home/m.romanov/thesis/benchmarking/datasets/USPTO/US07319147-20080115-C00008.png,Cc1c2cc(c(C)c3ccc([nH]3)c(C)c3nc(c(C)c4[nH]c1CC4)CC3)C=N2
/beegfs/home/m.romanov/thesis/benchmarking/datasets/USPTO/US07319152-20080115-C00035.png,Cn1c(C#N)ccc1-c1ccc2c(c1)C(C)(C)CC2=O
/beegfs/home/m.romanov/thesis/benchmarking/datasets/USPTO/US07319152-20080115-C00036.png,Cn1c(C#N)ccc1-c1ccc2c(c1)CCCC2=O
/beegfs/home/m.romanov/thesis/benchmarking/datasets/USPTO/US07319155-20080115-C00026.png,O=[N+]([O-])c1ccc(C2OCc3ccc(CO)cc3CO2)cc1
/beegfs/home/m.romanov/thesis/benchmarking/datasets/USPTO/US07319155-20080115-C00027.png,OCc1ccc2c(c1)COC1(CCCCC1)OC2
/beegfs/home/m.romanov/thesis/benchmarking/datasets/USPTO/US07319155-20080115-C00028.png,COC1OCc2ccc(CO)cc2CO1
/beegfs/home/m.romanov/thesis/benchmarking/datasets/USPTO/US07319155-20080115-C00029.png,OCc1ccc2c(c1)COC(c1ccccc1)OC2
/beegfs/home/m.romanov/thesis/benchmarking/datasets/USPTO/US07319155-20080115-C00030.png,CC1(C)OCc2ccc(CO)cc2CO1
/beegfs/home/m.romanov/thesis/benchmarking/datasets/USPTO/US07319155-20080115-C00031.png,O=[N+]([O-])c1ccc(C2OCc3ccc(CCl)cc3CO2)cc1
/beegfs/home/m.romanov/thesis/benchmarking/datasets/USPTO/US07319155-20080115-C00032.png,CS(=O)(=O)OCc1ccc2c(c1)COC(c1ccc([N+](=O)[O-])cc1)OC2
/beegfs/home/m.romanov/thesis/benchmarking/datasets/USPTO/US07319170-20080115-C00004.png,CCCc1cc(Oc2ccccc2)ccc1OCCCOc1ccc(S(N)(=O)=O)cc1
/beegfs/home/m.romanov/thesis/benchmarking/datasets/USPTO/US07319170-20080115-C00006.png,NS(=O)(=O)c1cccc(O)c1
/beegfs/home/m.romanov/thesis/benchmarking/datasets/USPTO/US07319170-20080115-C00008.png,CCCc1cc(Oc2ccccc2)ccc1OCCCOc1cccc(S(N)(=O)=O)c1
/beegfs/home/m.romanov/thesis/benchmarking/datasets/USPTO/US07319170-20080115-C00009.png,CCCc1cc(Oc2ccc(F)cc2)ccc1OCCCOc1ccc(S(=O)(=O)NC(=O)NC2CCCCC2)cc1
/beegfs/home/m.romanov/thesis/benchmarking/datasets/USPTO/US07319170-20080115-C00010.png,O=C(NC1CCCCC1)NS(=O)(=O)c1ccc(OCCCOc2ccc(Oc3ccc(F)cc3)cc2Cl)cc1
/beegfs/home/m.romanov/thesis/benchmarking/datasets/USPTO/US07319170-20080115-C00013.png,O=C(NC1CCCCC1)NS(=O)(=O)c1cccc(OCCCOc2ccc(Oc3ccc(F)cc3)cc2Cl)c1
/beegfs/home/m.romanov/thesis/benchmarking/datasets/USPTO/US07319170-20080115-C00014.png,CCCc1cc(Oc2ccc(F)cc2)ccc1OCCCOc1cccc(S(=O)(=O)NC(=O)NC2CCCCC2)c1
/beegfs/home/m.romanov/thesis/benchmarking/datasets/USPTO/US07319171-20080115-C00001.png,CN[C@H]1CC[C@@H](c2ccc(Cl)c(Cl)c2)c2ccccc21.Cl
/beegfs/home/m.romanov/thesis/benchmarking/datasets/USPTO/US07320754-20080122-C00004.png,COCCCSCCC(N)C(=O)NCc1ccccc1
/beegfs/home/m.romanov/thesis/benchmarking/datasets/USPTO/US07320754-20080122-C00005.png,CCCCNC(=O)C(N)CCSCC(O)COC
/beegfs/home/m.romanov/thesis/benchmarking/datasets/USPTO/US07320754-20080122-C00006.png,COCCCSCCC(N)C(=O)NCc1ccccc1C(F)(F)F
/beegfs/home/m.romanov/thesis/benchmarking/datasets/USPTO/US07320754-20080122-C00007.png,COCCCSCCC(N)C(=O)NCc1cccs1
/beegfs/home/m.romanov/thesis/benchmarking/datasets/USPTO/US07320754-20080122-C00008.png,COCC(O)CSCCC(N)C(=O)NCCN(C)C
/beegfs/home/m.romanov/thesis/benchmarking/datasets/USPTO/US07320755-20080122-C00004.png,O=C(NC(CCS)C(=O)NCc1ccccc1)c1ccccc1
/beegfs/home/m.romanov/thesis/benchmarking/datasets/USPTO/US07320755-20080122-C00007.png,CCCCCCNC(=O)C(CCS)NC(=O)c1ccccc1
/beegfs/home/m.romanov/thesis/benchmarking/datasets/USPTO/US07320755-20080122-C00010.png,O=C(NC(CCS)C(=O)NCc1cccnc1)c1ccccc1
/beegfs/home/m.romanov/thesis/benchmarking/datasets/USPTO/US07320755-20080122-C00011.png,CN1CCN(C(=O)C(CCS)NC(=O)c2ccccc2)CC1
/beegfs/home/m.romanov/thesis/benchmarking/datasets/USPTO/US07320755-20080122-C00012.png,O=C(NC(CCS)C(=O)NC(CO)(CO)CO)c1ccccc1
/beegfs/home/m.romanov/thesis/benchmarking/datasets/USPTO/US07320755-20080122-C00013.png,O=C(NC(CCS)C(=O)NCc1ccco1)c1ccccc1
/beegfs/home/m.romanov/thesis/benchmarking/datasets/USPTO/US07320755-20080122-C00014.png,NC(=O)CNC(=O)CNC(=O)C(CCS)NC(=O)c1ccccc1
/beegfs/home/m.romanov/thesis/benchmarking/datasets/USPTO/US07320755-20080122-C00015.png,O=C(NC(CCS)C(=O)NCCOCCO)c1ccccc1
/beegfs/home/m.romanov/thesis/benchmarking/datasets/USPTO/US07320755-20080122-C00016.png,CCCCC(=O)NC(CCS)C(=O)NC(CO)(CO)CO
/beegfs/home/m.romanov/thesis/benchmarking/datasets/USPTO/US07320764-20080122-C00016.png,CCCCCCCCCCOP1OCC2(CO1)COP(OCCCCCCCCCC)OC2
/beegfs/home/m.romanov/thesis/benchmarking/datasets/USPTO/US07320805-20080122-C00001.png,CCCCCCCCCCCCCCCC(=O)NCCO
/beegfs/home/m.romanov/thesis/benchmarking/datasets/USPTO/US07320805-20080122-C00002.png,CCCC(C)(C)c1ccc2c(c1)OC(C)(C)[C@@H]1CC=C(C)C[C@@H]21
/beegfs/home/m.romanov/thesis/benchmarking/datasets/USPTO/US07320805-20080122-C00004.png,CCCCCCC(C)(C)c1ccc([C@@H]2C[C@H](O)CC[C@H]2CCCO)c(O)c1
/beegfs/home/m.romanov/thesis/benchmarking/datasets/USPTO/US07320805-20080122-C00005.png,CCCCCCC(C)(C)c1cc(O)c2c(c1)OC(C)(C)[C@@H]1CC=C(CO)C[C@@H]21
/beegfs/home/m.romanov/thesis/benchmarking/datasets/USPTO/US07320805-20080122-C00007.png,CCCCC/C=C\C/C=C\C/C=C\C/C=C\CCCC(=O)NCCO
/beegfs/home/m.romanov/thesis/benchmarking/datasets/USPTO/US07320805-20080122-C00008.png,Cc1c(C(=O)NN2CCCCC2)nn(-c2ccc(Cl)cc2Cl)c1-c1ccc(Cl)cc1
/beegfs/home/m.romanov/thesis/benchmarking/datasets/USPTO/US07320805-20080122-C00009.png,Cc1c(C(=O)NN2CCCCC2)nn(-c2ccc(Cl)cc2Cl)c1-c1ccc(I)cc1
/beegfs/home/m.romanov/thesis/benchmarking/datasets/USPTO/US07320805-20080122-C00010.png,Cc1c(C(=O)NN2CCOCC2)nn(-c2ccc(Cl)cc2Cl)c1-c1ccc(I)cc1
/beegfs/home/m.romanov/thesis/benchmarking/datasets/USPTO/US07320831-20080122-C00004.png,CC(C)(C)CC(C)(C)C(=O)O
/beegfs/home/m.romanov/thesis/benchmarking/datasets/USPTO/US07320831-20080122-C00005.png,CC(C)C(C)(C(=O)O)C(C)C
/beegfs/home/m.romanov/thesis/benchmarking/datasets/USPTO/US07320833-20080122-C00005.png,[O-]C(CP(c1ccccc1)c1ccccc1)(C(F)(F)F)C(F)(F)F
/beegfs/home/m.romanov/thesis/benchmarking/datasets/USPTO/US07320833-20080122-C00011.png,Fc1ccc(-c2ccccn2)c(F)c1C(F)(F)F
/beegfs/home/m.romanov/thesis/benchmarking/datasets/USPTO/US07320835-20080122-C00011.png,Fc1ccc(-c2cc(-n3c4ccccc4c4ccccc43)ccn2)c(F)c1
/beegfs/home/m.romanov/thesis/benchmarking/datasets/USPTO/US07320835-20080122-C00017.png,Fc1ccc(-c2cc(-n3cccc3)ccn2)c(F)c1
/beegfs/home/m.romanov/thesis/benchmarking/datasets/USPTO/US07320835-20080122-C00022.png,COc1ccc2c3ccc(OC)cc3n(-c3ccnc(-c4ccc(F)cc4F)c3)c2c1
/beegfs/home/m.romanov/thesis/benchmarking/datasets/USPTO/US07320867-20080122-C00009.png,CC.CO[C@@H]1C(COS(=O)(=O)[O-])O[C@@H](O[C@H]2C(C(=O)[O-])OCC(OS(=O)(=O)[O-])[C@@H]2O)C(NS(=O)(=O)[O-])[C@@H]1O
/beegfs/home/m.romanov/thesis/benchmarking/datasets/USPTO/US07320955-20080122-C00006.png,O=C(O)CCCOC(=O)OOC(=O)c1ccccc1
/beegfs/home/m.romanov/thesis/benchmarking/datasets/USPTO/US07320955-20080122-C00011.png,CCCCCCCC[N+](C)(C)CCCC(=O)Oc1ccc(S(=O)(=O)[O-])cc1
/beegfs/home/m.romanov/thesis/benchmarking/datasets/USPTO/US07320955-20080122-C00020.png,O=S(=O)(O)c1ccccc1C=Cc1ccc(-c2ccc(C=Cc3ccccc3SOOO)cc2)cc1.[NaH].[NaH]
/beegfs/home/m.romanov/thesis/benchmarking/datasets/USPTO/US07320961-20080122-C00001.png,CC(C)c1nc(CN(C)C(=O)N[C@H](C(=O)N[C@@](C)(Cc2ccccc2)C[C@H](O)[C@H](Cc2ccccc2)NC(=O)OCc2cncs2)C(C)C)cs1
/beegfs/home/m.romanov/thesis/benchmarking/datasets/USPTO/US07320965-20080122-C00002.png,CCOC(=O)CCNCC(=O)OCC
/beegfs/home/m.romanov/thesis/benchmarking/datasets/USPTO/US07320965-20080122-C00003.png,CCOC(=O)CCN(CC(=O)OCC)C(=O)CCCCCNC(=O)OCC1c2ccccc2-c2ccccc21
/beegfs/home/m.romanov/thesis/benchmarking/datasets/USPTO/US07320965-20080122-C00004.png,CCOC(=O)CCN(CC(=O)OCC)C(=O)CCCCCN
/beegfs/home/m.romanov/thesis/benchmarking/datasets/USPTO/US07320965-20080122-C00005.png,CCOC(=O)CCN(CC(=O)OCC)C(=O)CCCCCNC(=O)O[C@H]1CC[C@@]2(C)C(=CCC3C2CC[C@@]2(C)C3CC[C@@H]2C(C)CCCC(C)C)C1
/beegfs/home/m.romanov/thesis/benchmarking/datasets/USPTO/US07320965-20080122-C00006.png,CCOC(=O)C1CN(C(=O)CCCCCNC(=O)O[C@H]2CC[C@@]3(C)C(=CCC4C3CC[C@@]3(C)C4CC[C@@H]3C(C)CCCC(C)C)C2)CC1=O
/beegfs/home/m.romanov/thesis/benchmarking/datasets/USPTO/US07320965-20080122-C00007.png,CC(C)CCCC(C)[C@H]1CCC2C3CC=C4C[C@@H](OC(=O)NCCCCCC(=O)N5CC(O)C(CO)C5)CC[C@]4(C)C3CC[C@@]21C
/beegfs/home/m.romanov/thesis/benchmarking/datasets/USPTO/US07320965-20080122-C00008.png,COc1ccc(C(CCC2CN(C(=O)CCCCCNC(=O)O[C@H]3CC[C@@]4(C)C(=CCC5C4CC[C@@]4(C)C5CC[C@@H]4C(C)CCCC(C)C)C3)CC2O)(c2ccccc2)c2ccc(OC)cc2)cc1
/beegfs/home/m.romanov/thesis/benchmarking/datasets/USPTO/US07320965-20080122-C00009.png,COc1ccc(C(OCC2CN(C(=O)CCCCCNC(=O)OC3CC[C@@]4(C)C(=CCC5C4CC[C@@]4(C)C5CC[C@@H]4C(C)CCCC(C)C)C3)CC2OC(=O)CCC(=O)O)(c2ccccc2)c2ccc(OC)cc2)cc1
/beegfs/home/m.romanov/thesis/benchmarking/datasets/USPTO/US07320967-20080122-C00001.png,Nc1c(Cl)nc(-c2ccccc2)nc1Cl
/beegfs/home/m.romanov/thesis/benchmarking/datasets/USPTO/US07320967-20080122-C00002.png,O=C(Nc1ncc2c(n1)CC(c1ccccc1Cl)CC2=O)c1ccccc1
/beegfs/home/m.romanov/thesis/benchmarking/datasets/USPTO/US07320967-20080122-C00006.png,CCOC(=O)Cc1nnn(-c2ccccc2)n1
/beegfs/home/m.romanov/thesis/benchmarking/datasets/USPTO/US07320967-20080122-C00007.png,O=C(O)Cc1nnn(-c2ccccc2)n1
/beegfs/home/m.romanov/thesis/benchmarking/datasets/USPTO/US07320967-20080122-C00008.png,COc1cc(C(=O)Cc2nnn(-c3ccccc3)n2)cc(OC)c1OC
/beegfs/home/m.romanov/thesis/benchmarking/datasets/USPTO/US07320967-20080122-C00009.png,O=C(O)c1ccc(C(=O)Cc2nnn(-c3ccccc3)n2)cc1
/beegfs/home/m.romanov/thesis/benchmarking/datasets/USPTO/US07320967-20080122-C00010.png,O=C(Cc1nnn(-c2ccccc2)n1)c1ccc(OCc2ccccc2)cc1
/beegfs/home/m.romanov/thesis/benchmarking/datasets/USPTO/US07320967-20080122-C00011.png,COCC(C(=O)c1ccccc1)c1nnn(-c2ccccc2)n1
/beegfs/home/m.romanov/thesis/benchmarking/datasets/USPTO/US07320967-20080122-C00016.png,NC(=O)Cn1nnc(-c2ccccc2)n1
/beegfs/home/m.romanov/thesis/benchmarking/datasets/USPTO/US07320967-20080122-C00017.png,COc1ccccc1NC(=O)Cn1nnc(-c2ccc3ccccc3c2)n1
/beegfs/home/m.romanov/thesis/benchmarking/datasets/USPTO/US07320967-20080122-C00018.png,COc1ccc(-c2nnn(CC(=O)Nc3ccccc3OC)n2)cc1
/beegfs/home/m.romanov/thesis/benchmarking/datasets/USPTO/US07320967-20080122-C00019.png,O=C(Cn1nnc(-c2ccccc2)n1)NCCCO
/beegfs/home/m.romanov/thesis/benchmarking/datasets/USPTO/US07320967-20080122-C00020.png,COc1ccccc1NC(=O)C(CO)n1nnc(-c2ccccc2)n1
/beegfs/home/m.romanov/thesis/benchmarking/datasets/USPTO/US07320967-20080122-C00021.png,COCC(C(=O)Nc1ccccc1OC)n1nnc(-c2ccccc2)n1
/beegfs/home/m.romanov/thesis/benchmarking/datasets/USPTO/US07320971-20080122-C00001.png,C[C@@H]1CC2(N=CCS2)C2(O)O[C@@H]3C[C@]4(C=O)C5CC[C@]6(C)[C@@H](C7=CC(=O)OC7)CC[C@]6(O)[C@@H]5CC[C@H]4C[C@H]3O[C@@H]2O1
/beegfs/home/m.romanov/thesis/benchmarking/datasets/USPTO/US07320971-20080122-C00004.png,COC12CC3OC4(O)C(OC(C)CC45NC(=O)CS5)OC3CC1CCC1C2CCC2(C)C(C3=CC(=O)OC3)CCC12O
/beegfs/home/m.romanov/thesis/benchmarking/datasets/USPTO/US07320972-20080122-C00016.png,CC(C)OC1O[C@H](CO)[C@@H](O[C@@H]2O[C@H](COC(=O)Nc3ccccc3F)C(OC(=O)Nc3ccccc3F)[C@H](O)[C@H]2O)[C@H](O)[C@H]1O
/beegfs/home/m.romanov/thesis/benchmarking/datasets/USPTO/US07320972-20080122-C00018.png,COc1cc(-c2ccc([C@@H]3[C@@H](CC[C@H](O)c4ccc(F)cc4)C(=O)N3c3ccc(F)cc3)cc2)cc(C)c1O
/beegfs/home/m.romanov/thesis/benchmarking/datasets/USPTO/US07320972-20080122-C00051.png,O=C1[C@H](CC[C@H](O)c2ccc(F)cc2)[C@@H](c2ccc(OS(=O)(=O)C(F)(F)F)cc2)N1c1ccc(F)cc1
/beegfs/home/m.romanov/thesis/benchmarking/datasets/USPTO/US07320972-20080122-C00052.png,O=C1[C@H](CC[C@H](O)c2ccc(F)cc2)[C@@H](c2ccc(-c3ccc(O)cc3)cc2)N1c1ccc(F)cc1
/beegfs/home/m.romanov/thesis/benchmarking/datasets/USPTO/US07320972-20080122-C00053.png,O=C1[C@H](CC[C@H](O)c2ccc(F)cc2)[C@@H](c2ccc(-c3ccccc3)cc2)N1c1ccc(F)cc1
/beegfs/home/m.romanov/thesis/benchmarking/datasets/USPTO/US07320972-20080122-C00054.png,O=C1[C@H](CC[C@H](O)c2ccc(F)cc2)[C@@H](c2ccc(-c3cccc(O)c3)cc2)N1c1ccc(F)cc1
/beegfs/home/m.romanov/thesis/benchmarking/datasets/USPTO/US07320972-20080122-C00055.png,COc1ccc(-c2ccc([C@@H]3[C@@H](CC[C@H](O)c4ccc(F)cc4)C(=O)N3c3ccc(F)cc3)cc2)cc1
/beegfs/home/m.romanov/thesis/benchmarking/datasets/USPTO/US07320972-20080122-C00056.png,O=C1[C@H](CC[C@H](O)c2ccc(F)cc2)[C@@H](c2ccc(O)c(-c3ccccc3)c2)N1c1ccc(F)cc1
/beegfs/home/m.romanov/thesis/benchmarking/datasets/USPTO/US07320972-20080122-C00057.png,O=C1[C@H](CC[C@H](O)c2ccc(F)cc2)[C@@H](c2ccc(-c3ccccc3O)cc2)N1c1ccc(F)cc1
/beegfs/home/m.romanov/thesis/benchmarking/datasets/USPTO/US07320972-20080122-C00058.png,CS(=O)(=O)c1ccc(-c2ccc([C@@H]3[C@@H](CC[C@H](O)c4ccc(F)cc4)C(=O)N3c3ccc(F)cc3)cc2)cc1
/beegfs/home/m.romanov/thesis/benchmarking/datasets/USPTO/US07320972-20080122-C00059.png,COc1cc(-c2ccc([C@@H]3[C@@H](CC[C@H](O)c4ccc(F)cc4)C(=O)N3c3ccc(F)cc3)cc2)cc(OC)c1OC
/beegfs/home/m.romanov/thesis/benchmarking/datasets/USPTO/US07320972-20080122-C00060.png,CS(=O)(=O)c1cccc(-c2ccc([C@@H]3[C@@H](CC[C@H](O)c4ccc(F)cc4)C(=O)N3c3ccc(F)cc3)cc2)c1
/beegfs/home/m.romanov/thesis/benchmarking/datasets/USPTO/US07320972-20080122-C00061.png,COc1cccc(-c2ccc([C@@H]3[C@@H](CC[C@H](O)c4ccc(F)cc4)C(=O)N3c3ccc(F)cc3)cc2)c1OC
/beegfs/home/m.romanov/thesis/benchmarking/datasets/USPTO/US07320972-20080122-C00062.png,COc1cccc(-c2ccc([C@@H]3[C@@H](CC[C@H](O)c4ccc(F)cc4)C(=O)N3c3ccc(F)cc3)cc2)c1
/beegfs/home/m.romanov/thesis/benchmarking/datasets/USPTO/US07320972-20080122-C00063.png,O=Cc1cccc(-c2ccc([C@@H]3[C@@H](CC[C@H](O)c4ccc(F)cc4)C(=O)N3c3ccc(F)cc3)cc2)c1
/beegfs/home/m.romanov/thesis/benchmarking/datasets/USPTO/US07320972-20080122-C00064.png,N#Cc1cccc(-c2ccc([C@@H]3[C@@H](CC[C@H](O)c4ccc(F)cc4)C(=O)N3c3ccc(F)cc3)cc2)c1
/beegfs/home/m.romanov/thesis/benchmarking/datasets/USPTO/US07320972-20080122-C00065.png,CN(C)S(=O)(=O)c1ccc(-c2ccc([C@@H]3[C@@H](CC[C@H](O)c4ccc(F)cc4)C(=O)N3c3ccc(F)cc3)cc2)cc1
/beegfs/home/m.romanov/thesis/benchmarking/datasets/USPTO/US07320972-20080122-C00066.png,O=C1[C@H](CC[C@H](O)c2ccc(F)cc2)[C@@H](c2ccc(-c3cccc(CO)c3)cc2)N1c1ccc(F)cc1
/beegfs/home/m.romanov/thesis/benchmarking/datasets/USPTO/US07320972-20080122-C00067.png,CN(C)c1ccc(-c2ccc([C@@H]3[C@@H](CC[C@H](O)c4ccc(F)cc4)C(=O)N3c3ccc(F)cc3)cc2)cc1
/beegfs/home/m.romanov/thesis/benchmarking/datasets/USPTO/US07320972-20080122-C00068.png,O=C1[C@H](CC[C@H](O)c2ccc(F)cc2)[C@@H](c2ccc(-c3ccc(CO)cc3)cc2)N1c1ccc(F)cc1
/beegfs/home/m.romanov/thesis/benchmarking/datasets/USPTO/US07320972-20080122-C00069.png,O=C1[C@H](CC[C@H](O)c2ccc(F)cc2)[C@@H](c2ccc(-c3cc(O)ccc3Br)cc2)N1c1ccc(F)cc1
/beegfs/home/m.romanov/thesis/benchmarking/datasets/USPTO/US07320972-20080122-C00070.png,O=C(O)[C@@H]1O[C@H](Oc2cccc(-c3ccc([C@@H]4[C@@H](CC[C@H](O)c5ccc(F)cc5)C(=O)N4c4ccc(F)cc4)cc3)c2)[C@@H](O)[C@H](O)[C@H]1O
/beegfs/home/m.romanov/thesis/benchmarking/datasets/USPTO/US07320972-20080122-C00071.png,O=C(O)c1cccc(-c2ccc([C@@H]3[C@@H](CC[C@H](O)c4ccc(F)cc4)C(=O)N3c3ccc(F)cc3)cc2)c1
/beegfs/home/m.romanov/thesis/benchmarking/datasets/USPTO/US07320972-20080122-C00072.png,O=C(O)c1ccc(-c2ccc([C@@H]3[C@@H](CC[C@H](O)c4ccc(F)cc4)C(=O)N3c3ccc(F)cc3)cc2)cc1
/beegfs/home/m.romanov/thesis/benchmarking/datasets/USPTO/US07320972-20080122-C00073.png,O=C1[C@H](CC[C@H](O)c2ccc(F)cc2)[C@@H](c2ccc(-c3cccc([N+](=O)O)c3)cc2)N1c1ccc(F)cc1
/beegfs/home/m.romanov/thesis/benchmarking/datasets/USPTO/US07320972-20080122-C00074.png,CC(=O)Nc1cccc(-c2ccc([C@@H]3[C@@H](CC[C@H](O)c4ccc(F)cc4)C(=O)N3c3ccc(F)cc3)cc2)c1
/beegfs/home/m.romanov/thesis/benchmarking/datasets/USPTO/US07320972-20080122-C00075.png,Nc1ccc(-c2ccc([C@@H]3[C@@H](CC[C@H](O)c4ccc(F)cc4)C(=O)N3c3ccc(F)cc3)cc2)cc1
/beegfs/home/m.romanov/thesis/benchmarking/datasets/USPTO/US07320972-20080122-C00076.png,O=C1[C@H](CC[C@H](O)c2ccc(F)cc2)[C@@H](c2ccc(-c3cccc(F)c3F)cc2)N1c1ccc(F)cc1
/beegfs/home/m.romanov/thesis/benchmarking/datasets/USPTO/US07320972-20080122-C00085.png,O=C(CCCC(=O)N1C(=O)OC[C@@H]1Cc1ccccc1)c1ccc(F)cc1
/beegfs/home/m.romanov/thesis/benchmarking/datasets/USPTO/US07320972-20080122-C00086.png,O=C(CCC[C@H](O)c1ccc(F)cc1)N1C(=O)OC[C@@H]1Cc1ccccc1
/beegfs/home/m.romanov/thesis/benchmarking/datasets/USPTO/US07320972-20080122-C00088.png,C=CCOc1cc(Br)ccc1/C=N/c1ccccc1
/beegfs/home/m.romanov/thesis/benchmarking/datasets/USPTO/US07320972-20080122-C00092.png,O=C1[C@H](CC[C@H](O)c2ccc(F)cc2)[C@@H](c2ccc(-c3cccc(O)c3)cc2O)N1c1ccccc1
/beegfs/home/m.romanov/thesis/benchmarking/datasets/USPTO/US07320972-20080122-C00093.png,O=C1[C@H](CC[C@H](O)c2ccc(F)cc2)[C@@H](c2cccc(Br)c2)N1c1ccc(F)cc1
/beegfs/home/m.romanov/thesis/benchmarking/datasets/USPTO/US07320972-20080122-C00094.png,O=C1[C@H](CC[C@H](O)c2ccc(F)cc2)[C@@H](c2cccc(-c3cccc(O)c3)c2)N1c1ccc(F)cc1
/beegfs/home/m.romanov/thesis/benchmarking/datasets/USPTO/US07320972-20080122-C00095.png,O=C1[C@H](CC[C@H](O)c2ccc(F)cc2)[C@@H](c2cccc(-c3ccc(O)cc3)c2)N1c1ccc(F)cc1
/beegfs/home/m.romanov/thesis/benchmarking/datasets/USPTO/US07320972-20080122-C00096.png,O=C1[C@H](CC[C@H](O)c2ccc(F)cc2)[C@@H](c2ccc(Br)cc2)N1c1ccccc1
/beegfs/home/m.romanov/thesis/benchmarking/datasets/USPTO/US07320972-20080122-C00097.png,O=C1[C@H](CC[C@H](O)c2ccc(F)cc2)[C@@H](c2ccc(Br)cn2)N1c1ccccc1
/beegfs/home/m.romanov/thesis/benchmarking/datasets/USPTO/US07320972-20080122-C00098.png,O=C1[C@H](CC[C@H](O)c2ccc(F)cc2)[C@@H](c2ccc(Br)s2)N1c1ccccc1
/beegfs/home/m.romanov/thesis/benchmarking/datasets/USPTO/US07320972-20080122-C00099.png,O=C1[C@H](CC[C@H](O)c2ccc(F)cc2)[C@@H](c2ccc(-c3cccc(O)c3)cn2)N1c1ccccc1
/beegfs/home/m.romanov/thesis/benchmarking/datasets/USPTO/US07320972-20080122-C00100.png,O=C1[C@H](CC[C@H](O)c2ccc(F)cc2)[C@@H](c2ccc(-c3cccc(O)c3)s2)N1c1ccccc1
/beegfs/home/m.romanov/thesis/benchmarking/datasets/USPTO/US07320972-20080122-C00101.png,O=C1[C@H](CC[C@H](O)c2ccc(F)cc2)[C@@H](c2ccc(-c3ccc(O)cc3)s2)N1c1ccccc1
/beegfs/home/m.romanov/thesis/benchmarking/datasets/USPTO/US07320972-20080122-C00105.png,O=C1[C@H](CC[C@H](O)c2ccc(F)cc2)[C@@H](c2ccc(-c3cccc(P(=O)(O)O)c3)cc2)N1c1ccccc1
/beegfs/home/m.romanov/thesis/benchmarking/datasets/USPTO/US07320972-20080122-C00106.png,O=C1[C@H](CC[C@H](O)c2ccc(F)cc2)[C@@H](c2ccc(-c3cccc(O)c3)cc2)N1c1ccccc1
/beegfs/home/m.romanov/thesis/benchmarking/datasets/USPTO/US07320972-20080122-C00107.png,O=C1[C@H](CC[C@H](O)c2ccc(F)cc2)[C@@H](c2ccc(-c3cccc(OS(=O)(=O)C(F)(F)F)c3)cc2)N1c1ccccc1
/beegfs/home/m.romanov/thesis/benchmarking/datasets/USPTO/US07320972-20080122-C00110.png,O=C1[C@H](CC[C@H](O)c2ccc(F)cc2)[C@@H](c2ccc(-c3cccc(P(=O)(O)O)c3)cc2O)N1c1ccccc1
/beegfs/home/m.romanov/thesis/benchmarking/datasets/USPTO/US07320972-20080122-C00111.png,CC(=O)OC[C@H]1OC(c2cccc(Br)c2)[C@H](OC(C)=O)[C@@H](OC(C)=O)[C@@H]1OC(C)=O
/beegfs/home/m.romanov/thesis/benchmarking/datasets/USPTO/US07320972-20080122-C00112.png,CC(=O)OC[C@H]1OC(c2ccc(Br)cc2)[C@H](OC(C)=O)[C@@H](OC(C)=O)[C@@H]1OC(C)=O
/beegfs/home/m.romanov/thesis/benchmarking/datasets/USPTO/US07320972-20080122-C00113.png,O=C1[C@H](CC[C@H](O)c2ccc(F)cc2)[C@@H](c2ccc(-c3cccc(C4O[C@H](CO)[C@@H](O)[C@H](O)[C@H]4O)c3)cc2)N1c1ccccc1
/beegfs/home/m.romanov/thesis/benchmarking/datasets/USPTO/US07320972-20080122-C00114.png,O=C1[C@H](CC[C@H](O)c2ccc(F)cc2)[C@@H](c2ccc(-c3cccc(C4O[C@H](CO)[C@@H](O)[C@H](O)[C@H]4O)c3)cc2O)N1c1ccccc1
/beegfs/home/m.romanov/thesis/benchmarking/datasets/USPTO/US07320972-20080122-C00115.png,O=C1[C@H](CC[C@H](O)c2ccc(F)cc2)[C@@H](c2ccc(-c3ccc(C4O[C@H](CO)[C@@H](O)[C@H](O)[C@H]4O)cc3)cc2O)N1c1ccccc1
/beegfs/home/m.romanov/thesis/benchmarking/datasets/USPTO/US07320972-20080122-C00118.png,CC1(C)O[C@H]2O[C@H]([C@H](O)[C@H](O)c3cccc(Br)c3)[C@H](O)[C@H]2O1
/beegfs/home/m.romanov/thesis/benchmarking/datasets/USPTO/US07320972-20080122-C00120.png,O=C1[C@H](CC[C@H](O)c2ccc(F)cc2)[C@@H](c2ccc(-c3cccc([C@H](O)[C@H]4OC(O)[C@H](O)[C@@H](O)[C@@H]4O)c3)cc2)N1c1ccccc1
/beegfs/home/m.romanov/thesis/benchmarking/datasets/USPTO/US07320972-20080122-C00121.png,O=C1[C@H](CC[C@H](O)c2ccc(F)cc2)[C@@H](c2ccc(-c3cccc([C@@H](O)[C@H]4OC(O)[C@H](O)[C@@H](O)[C@@H]4O)c3)cc2)N1c1ccccc1
/beegfs/home/m.romanov/thesis/benchmarking/datasets/USPTO/US07320972-20080122-C00122.png,O=C1[C@H](CC[C@H](O)c2ccc(F)cc2)[C@@H](c2ccc(-c3cccc([C@H](O)[C@H]4OC(O)[C@H](O)[C@@H](O)[C@@H]4O)c3)cc2O)N1c1ccccc1
/beegfs/home/m.romanov/thesis/benchmarking/datasets/USPTO/US07320972-20080122-C00123.png,O=C1[C@H](CC[C@H](O)c2ccc(F)cc2)[C@@H](c2ccc(-c3cccc([C@@H](O)[C@H]4OC(O)[C@H](O)[C@@H](O)[C@@H]4O)c3)cc2O)N1c1ccccc1
/beegfs/home/m.romanov/thesis/benchmarking/datasets/USPTO/US07320972-20080122-C00124.png,O=C1[C@H](CC[C@H](O)c2ccc(F)cc2)[C@@H](c2ccc(-c3cccc([C@H](O)[C@@H](O)[C@@H](O)[C@H](O)[C@@H](O)CO)c3)cc2O)N1c1ccccc1
/beegfs/home/m.romanov/thesis/benchmarking/datasets/USPTO/US07320972-20080122-C00125.png,O=C1[C@H](CC[C@H](O)c2ccc(F)cc2)[C@@H](c2ccc(-c3cccc(OC[C@H]4OC(O)[C@H](O)[C@@H](O)[C@@H]4O)c3)cc2)N1c1ccc(F)cc1
/beegfs/home/m.romanov/thesis/benchmarking/datasets/USPTO/US07320972-20080122-C00126.png,CO[C@H]1O[C@H](COc2cccc(-c3ccc([C@@H]4[C@@H](CC[C@H](O)c5ccc(F)cc5)C(=O)N4c4ccc(F)cc4)cc3)c2)[C@@H](O)[C@H](O)[C@H]1O
/beegfs/home/m.romanov/thesis/benchmarking/datasets/USPTO/US07320972-20080122-C00127.png,O=C1[C@H](CC[C@H](O)c2ccc(F)cc2)[C@@H](c2ccc(-c3cccc(OC[C@@H](O)[C@@H](O)[C@H](O)[C@@H](O)CO)c3)cc2)N1c1ccc(F)cc1
/beegfs/home/m.romanov/thesis/benchmarking/datasets/USPTO/US07320972-20080122-C00131.png,O=C1[C@H](CC[C@H](O)c2ccc(F)cc2)[C@@H](c2ccc(-c3ccc(P(=O)(O)O)cc3)cc2O)N1c1ccccc1
/beegfs/home/m.romanov/thesis/benchmarking/datasets/USPTO/US07320972-20080122-C00132.png,O=C1[C@H](CC[C@H](O)c2ccc(F)cc2)[C@@H](c2ccc(-c3ccc(S(=O)(=O)[O-])cc3)cc2O)N1c1ccccc1.[Na+]
/beegfs/home/m.romanov/thesis/benchmarking/datasets/USPTO/US07320972-20080122-C00134.png,O=C1[C@H](CC[C@H](O)c2ccccc2F)[C@@H](c2ccc(-c3ccccc3O)cc2O)N1c1ccccc1
/beegfs/home/m.romanov/thesis/benchmarking/datasets/USPTO/US07320972-20080122-C00161.png,Cc1ccc(C(O)CCC2C(=O)N(c3ccc(F)cc3)C2c2ccc(-c3cccc(O)c3)cc2)cc1
/beegfs/home/m.romanov/thesis/benchmarking/datasets/USPTO/US07320973-20080122-C00018.png,Cl[C@@H]1CCCN(CCc2cccnc2)C1
/beegfs/home/m.romanov/thesis/benchmarking/datasets/USPTO/US07320973-20080122-C00019.png,Fc1ccc2c(c1)COc1ccccc1N2CC1CCCN1CCc1cccnc1
/beegfs/home/m.romanov/thesis/benchmarking/datasets/USPTO/US07320973-20080122-C00021.png,Cl[C@@H]1CCCN(CCc2cncnc2)C1
/beegfs/home/m.romanov/thesis/benchmarking/datasets/USPTO/US07320973-20080122-C00022.png,Clc1ccc2c(c1)N(CC1CCCN1CCc1cncnc1)c1ccccc1OC2
/beegfs/home/m.romanov/thesis/benchmarking/datasets/USPTO/US07320973-20080122-C00024.png,Cl[C@@H]1CCCN(CCc2cnc(N3CCCC3)cn2)C1
/beegfs/home/m.romanov/thesis/benchmarking/datasets/USPTO/US07320973-20080122-C00025.png,c1ccc2c(c1)COc1cccnc1N2CC1CCCN1CCc1cnc(N2CCCC2)cn1
/beegfs/home/m.romanov/thesis/benchmarking/datasets/USPTO/US07320973-20080122-C00027.png,COc1ccc(CCN2CCC[C@@H](Cl)C2)nn1
/beegfs/home/m.romanov/thesis/benchmarking/datasets/USPTO/US07320973-20080122-C00028.png,COc1ccc(CCN2CCCC2CN2c3ccc(F)cc3OCc3cccnc32)nn1
/beegfs/home/m.romanov/thesis/benchmarking/datasets/USPTO/US07320973-20080122-C00030.png,COc1ccc(CCN2CCC[C@@H](Cl)C2)cc1
/beegfs/home/m.romanov/thesis/benchmarking/datasets/USPTO/US07320973-20080122-C00031.png,COc1ccc(CCN2CCCC2CN2c3cc(Cl)ccc3COc3cccnc32)cc1
/beegfs/home/m.romanov/thesis/benchmarking/datasets/USPTO/US07320973-20080122-C00033.png,CN(C)c1ccc(CCN2CCC[C@@H](Cl)C2)cc1
/beegfs/home/m.romanov/thesis/benchmarking/datasets/USPTO/US07320973-20080122-C00034.png,CN(C)c1ccc(CCN2CCCC2CN2c3ccccc3OCc3ncc(Cl)cc32)cc1
/beegfs/home/m.romanov/thesis/benchmarking/datasets/USPTO/US07320973-20080122-C00036.png,CS(=O)(=O)O[C@H]1CCN(CCc2cccnc2)C1
/beegfs/home/m.romanov/thesis/benchmarking/datasets/USPTO/US07320973-20080122-C00037.png,Fc1ccc2c(c1)COc1ccccc1N2[C@@H]1CCN(CCc2cccnc2)C1
/beegfs/home/m.romanov/thesis/benchmarking/datasets/USPTO/US07320973-20080122-C00038.png,Clc1ccc2c(c1)OCc1ccccc1N2
/beegfs/home/m.romanov/thesis/benchmarking/datasets/USPTO/US07320973-20080122-C00039.png,CS(=O)(=O)O[C@H]1CCN(CCc2cncnc2)C1
/beegfs/home/m.romanov/thesis/benchmarking/datasets/USPTO/US07320973-20080122-C00040.png,Clc1ccc2c(c1)OCc1ccccc1N2[C@@H]1CCN(CCc2cncnc2)C1
/beegfs/home/m.romanov/thesis/benchmarking/datasets/USPTO/US07320973-20080122-C00042.png,COc1cnc(CCN2CC[C@H](OS(C)(=O)=O)C2)cn1
/beegfs/home/m.romanov/thesis/benchmarking/datasets/USPTO/US07320973-20080122-C00043.png,Fc1ccc2c(c1)COc1cccnc1N2[C@@H]1CCN(CCc2cnccn2)C1
/beegfs/home/m.romanov/thesis/benchmarking/datasets/USPTO/US07320973-20080122-C00045.png,COc1cnnc(CCN2CC[C@H](OS(C)(=O)=O)C2)c1
/beegfs/home/m.romanov/thesis/benchmarking/datasets/USPTO/US07320973-20080122-C00046.png,COc1cnnc(CCN2CC[C@@H](N3c4ccc(F)cc4OCc4cccnc43)C2)c1
/beegfs/home/m.romanov/thesis/benchmarking/datasets/USPTO/US07320973-20080122-C00048.png,CS(=O)(=O)O[C@H]1CCN(CCc2ccc3c(c2)OCO3)C1
/beegfs/home/m.romanov/thesis/benchmarking/datasets/USPTO/US07320973-20080122-C00049.png,Clc1ccc2c(c1)N([C@@H]1CCN(CCc3ccc4c(c3)OCO4)C1)c1ncccc1OC2
/beegfs/home/m.romanov/thesis/benchmarking/datasets/USPTO/US07320973-20080122-C00051.png,CS(=O)(=O)O[C@H]1CCN(CCc2ccc(N3CCCC3)cc2)C1
/beegfs/home/m.romanov/thesis/benchmarking/datasets/USPTO/US07320973-20080122-C00052.png,Clc1cnc2c(c1)N([C@@H]1CCN(CCc3ccc(N4CCCC4)cc3)C1)c1ccccc1OC2
/beegfs/home/m.romanov/thesis/benchmarking/datasets/USPTO/US07320973-20080122-C00054.png,CS(=O)(=O)OCCc1ccc(N2CCCC2)cc1
/beegfs/home/m.romanov/thesis/benchmarking/datasets/USPTO/US07320973-20080122-C00055.png,CN(CCc1ccc(N2CCCC2)cc1)CCN1c2ccccc2COc2cccnc21
/beegfs/home/m.romanov/thesis/benchmarking/datasets/USPTO/US07320973-20080122-C00056.png,Fc1cnc2c(c1)Nc1ccccc1OC2
/beegfs/home/m.romanov/thesis/benchmarking/datasets/USPTO/US07320973-20080122-C00057.png,COc1cccc(CCOS(C)(=O)=O)c1
/beegfs/home/m.romanov/thesis/benchmarking/datasets/USPTO/US07320973-20080122-C00058.png,COc1cccc(CCN(C)CCN2c3ccccc3OCc3ncc(F)cc32)c1
/beegfs/home/m.romanov/thesis/benchmarking/datasets/USPTO/US07320973-20080122-C00060.png,CS(=O)(=O)OCCc1ncc(N2CCCC2)cn1
/beegfs/home/m.romanov/thesis/benchmarking/datasets/USPTO/US07320973-20080122-C00061.png,CN(CCc1ncc(N2CCCC2)cn1)CCN1c2ccccc2OCc2cccnc21
/beegfs/home/m.romanov/thesis/benchmarking/datasets/USPTO/US07320973-20080122-C00063.png,COc1cc(CCOS(C)(=O)=O)ccn1
/beegfs/home/m.romanov/thesis/benchmarking/datasets/USPTO/US07320973-20080122-C00064.png,COc1cc(CCN(C)CCN2c3cc(F)ccc3OCc3cccnc32)ccn1
/beegfs/home/m.romanov/thesis/benchmarking/datasets/USPTO/US07320973-20080122-C00066.png,COc1cnc(CCOS(C)(=O)=O)cn1
/beegfs/home/m.romanov/thesis/benchmarking/datasets/USPTO/US07320973-20080122-C00067.png,COc1cnc(CCN(C)CCN2c3cc(Cl)ccc3COc3ccccc32)cn1
/beegfs/home/m.romanov/thesis/benchmarking/datasets/USPTO/US07320973-20080122-C00068.png,Fc1ccc2c(c1)Nc1ccccc1CO2
/beegfs/home/m.romanov/thesis/benchmarking/datasets/USPTO/US07320973-20080122-C00069.png,CN(C)c1ccc(CCOS(C)(=O)=O)cn1
/beegfs/home/m.romanov/thesis/benchmarking/datasets/USPTO/US07320973-20080122-C00070.png,CN(CCc1ccc(N(C)C)nc1)CCN1c2ccccc2COc2ccc(F)cc21
/beegfs/home/m.romanov/thesis/benchmarking/datasets/USPTO/US07320974-20080122-C00010.png,C=CCCC[C@@H]1C[C@@H](OC(=O)/C=C(/C)CCC=C)C[C@](O)([C@@H]2CSC(=O)N2)O1
/beegfs/home/m.romanov/thesis/benchmarking/datasets/USPTO/US07320974-20080122-C00011.png,C=CCCC[C@@H]1C[C@@H](NC(=O)/C=C(/C)CCC=C)C[C@](O)([C@@H]2CSC(=O)N2)O1
/beegfs/home/m.romanov/thesis/benchmarking/datasets/USPTO/US07320974-20080122-C00012.png,CCCCC[C@@H]1C[C@@H](OC(=O)/C=C(/C)CCCC)C[C@](O)([C@@H]2CSC(=O)N2)O1
/beegfs/home/m.romanov/thesis/benchmarking/datasets/USPTO/US07320974-20080122-C00013.png,C=CCCC[C@@H]1C[C@@H](OC(=O)C=C(C)C)C[C@](O)([C@@H]2CSC(=O)N2)O1
/beegfs/home/m.romanov/thesis/benchmarking/datasets/USPTO/US07320974-20080122-C00014.png,C=CCCC[C@@H]1C[C@@H](OC(=O)c2ccccc2)C[C@](O)([C@@H]2CSC(=O)N2)O1
/beegfs/home/m.romanov/thesis/benchmarking/datasets/USPTO/US07320974-20080122-C00015.png,C=CCCC[C@@H]1C[C@@H](OC(=O)c2ccc(OC)cc2)C[C@](O)([C@@H]2CSC(=O)N2)O1
/beegfs/home/m.romanov/thesis/benchmarking/datasets/USPTO/US07320974-20080122-C00016.png,C=CCCC[C@@H]1C[C@@H](OC(=O)c2ccc(S(C)(=O)=O)cc2)C[C@](O)([C@@H]2CSC(=O)N2)O1
/beegfs/home/m.romanov/thesis/benchmarking/datasets/USPTO/US07320974-20080122-C00017.png,C=CCC/C(C)=C\C(=O)O[C@@H]1C[C@@H](CCc2ccccc2)O[C@@](O)([C@@H]2CSC(=O)N2)C1
/beegfs/home/m.romanov/thesis/benchmarking/datasets/USPTO/US07320974-20080122-C00018.png,CC(C)=CC(=O)O[C@@H]1C[C@@H](CCc2ccccc2)O[C@@](O)([C@@H]2CSC(=O)N2)C1
/beegfs/home/m.romanov/thesis/benchmarking/datasets/USPTO/US07320974-20080122-C00019.png,O=C1N[C@H]([C@@]2(O)C[C@H](OC(=O)c3ccccc3)C[C@@H](CCc3ccccc3)O2)CS1
/beegfs/home/m.romanov/thesis/benchmarking/datasets/USPTO/US07320974-20080122-C00020.png,CC[C@@H]1C[C@@H](OC(=O)c2ccccc2)C[C@](O)([C@@H]2CSC(=O)N2)O1
/beegfs/home/m.romanov/thesis/benchmarking/datasets/USPTO/US07320974-20080122-C00040.png,C/C1=C/C(=O)O[C@@H]2C[C@@H](CCC/C=C\CC1)O[C@@](O)([C@@H]1COC(=O)N1)C2
/beegfs/home/m.romanov/thesis/benchmarking/datasets/USPTO/US07320974-20080122-C00041.png,C/C1=C/C(=O)O[C@@H]2C[C@@H](CC[C@H](C)/C=C\CC1)O[C@@](O)([C@@H]1CCSC(=O)N1)C2
/beegfs/home/m.romanov/thesis/benchmarking/datasets/USPTO/US07320974-20080122-C00042.png,C/C1=C/C(=O)O[C@@H]2C[C@@H](CCC/C=C\CC1)O[C@@](O)(c1cn(C)c(=O)[nH]1)C2
/beegfs/home/m.romanov/thesis/benchmarking/datasets/USPTO/US07320974-20080122-C00043.png,CC/C1=C/C(=O)O[C@@H]2C[C@@H](CC[C@H](C)/C=C\CC1)O[C@@](O)([C@@H]1CSC(=O)N1)C2
/beegfs/home/m.romanov/thesis/benchmarking/datasets/USPTO/US07320974-20080122-C00044.png,C/C1=C(\C)C(=O)O[C@@H]2C[C@@H](CC[C@H](C)/C=C\CC1)O[C@@](O)([C@@H]1CSC(=O)N1)C2
/beegfs/home/m.romanov/thesis/benchmarking/datasets/USPTO/US07320974-20080122-C00045.png,C[C@@H]1/C=C\CCC2=C(CCC2)C(=O)O[C@@H]2C[C@@H](CC1)O[C@@](O)([C@@H]1CSC(=O)N1)C2
/beegfs/home/m.romanov/thesis/benchmarking/datasets/USPTO/US07320974-20080122-C00046.png,C[C@@H]1/C=C\CCc2ccccc2C(=O)O[C@@H]2C[C@@H](CC1)O[C@@](O)([C@@H]1CSC(=O)N1)C2
/beegfs/home/m.romanov/thesis/benchmarking/datasets/USPTO/US07320974-20080122-C00047.png,O=C1N[C@H]([C@@]2(O)C[C@H]3C[C@@H](CCC/C=C\Cc4cccc(c4)C(=O)O3)O2)CS1
/beegfs/home/m.romanov/thesis/benchmarking/datasets/USPTO/US07320974-20080122-C00048.png,CC[C@@H]1/C=C\CC/C(C)=C\C(=O)O[C@@H]2C[C@@H](CC1)O[C@@](O)([C@@H]1CSC(=O)N1)C2
/beegfs/home/m.romanov/thesis/benchmarking/datasets/USPTO/US07320974-20080122-C00049.png,C/C1=C/C(=O)O[C@@H]2C[C@@H](CCC(C)(C)/C=C\CC1)O[C@@](O)([C@@H]1CSC(=O)N1)C2
/beegfs/home/m.romanov/thesis/benchmarking/datasets/USPTO/US07320974-20080122-C00050.png,C/C1=C/C(=O)O[C@@H]2C[C@@H](CC[C@H](C)c3ccccc3CC1)O[C@@](O)([C@@H]1CSC(=O)N1)C2
/beegfs/home/m.romanov/thesis/benchmarking/datasets/USPTO/US07320974-20080122-C00051.png,C/C1=C/C(=O)O[C@@H]2C[C@@H](CC[C@H](C)c3sccc3CC1)O[C@@](O)([C@@H]1CSC(=O)N1)C2
/beegfs/home/m.romanov/thesis/benchmarking/datasets/USPTO/US07320974-20080122-C00052.png,C/C1=C/C(=O)O[C@@H]2C[C@@H](CCCc3ccncc3CCCC1)O[C@@](O)([C@@H]1CSC(=O)N1)C2
/beegfs/home/m.romanov/thesis/benchmarking/datasets/USPTO/US07320974-20080122-C00053.png,CC(=O)N1CCCCC(=O)O[C@@H]2C[C@@H](CCCC1)O[C@@](O)([C@@H]1CSC(=O)N1)C2
/beegfs/home/m.romanov/thesis/benchmarking/datasets/USPTO/US07320974-20080122-C00054.png,C[C@H]1CC[C@@H]2C[C@H](C[C@](O)([C@@H]3CSC(=O)N3)O2)OC(=O)CCCCOC1
/beegfs/home/m.romanov/thesis/benchmarking/datasets/USPTO/US07320974-20080122-C00055.png,O=C1CCCCCSCCC[C@@H]2C[C@H](C[C@](O)([C@@H]3CSC(=O)N3)O2)O1
/beegfs/home/m.romanov/thesis/benchmarking/datasets/USPTO/US07320974-20080122-C00059.png,COc1ccc(C2N[C@H](C(=O)O)CS2)cc1
/beegfs/home/m.romanov/thesis/benchmarking/datasets/USPTO/US07320974-20080122-C00060.png,COc1ccc(CN[C@@H](CS)C(=O)O)cc1
/beegfs/home/m.romanov/thesis/benchmarking/datasets/USPTO/US07320974-20080122-C00061.png,COc1ccc(CN2C(=O)SC[C@H]2C(=O)O)cc1
/beegfs/home/m.romanov/thesis/benchmarking/datasets/USPTO/US07320974-20080122-C00062.png,COc1ccc(CN2C(=O)SC[C@H]2C(=O)N(C)OC)cc1
/beegfs/home/m.romanov/thesis/benchmarking/datasets/USPTO/US07320974-20080122-C00063.png,COc1ccc(CN2C(=O)SC[C@H]2C(C)=O)cc1
/beegfs/home/m.romanov/thesis/benchmarking/datasets/USPTO/US07320974-20080122-C00064.png,C=CCCC[C@@H](O)CC(=O)N1C(=S)SC[C@H]1C(C)C
/beegfs/home/m.romanov/thesis/benchmarking/datasets/USPTO/US07320974-20080122-C00070.png,CC[C@@H]1C[C@@H](O)C[C@](O)([C@@H]2CSC(=O)N2Cc2ccc(OC)cc2)O1
/beegfs/home/m.romanov/thesis/benchmarking/datasets/USPTO/US07320974-20080122-C00071.png,C=CCCC[C@@H]1C[C@H](O)C[C@](OC)([C@@H]2CSC(=O)N2Cc2ccc(OC)cc2)O1
/beegfs/home/m.romanov/thesis/benchmarking/datasets/USPTO/US07320974-20080122-C00072.png,C=CCCC[C@@H]1C[C@@H](O)C[C@](OC)([C@@H]2CSC(=O)N2Cc2ccc(OC)cc2)O1
/beegfs/home/m.romanov/thesis/benchmarking/datasets/USPTO/US07320974-20080122-C00073.png,C=C[C@@H](C)CC[C@@H]1C[C@H](O)C[C@](OC)([C@@H]2CSC(=O)N2Cc2ccc(OC)cc2)O1
/beegfs/home/m.romanov/thesis/benchmarking/datasets/USPTO/US07320974-20080122-C00074.png,COc1ccc(CN2C(=O)SC[C@H]2[C@@]2(OC)C[C@H](O)C[C@@H](CCc3ccccc3)O2)cc1
/beegfs/home/m.romanov/thesis/benchmarking/datasets/USPTO/US07320974-20080122-C00075.png,COc1ccc(CN2C(=O)SC[C@H]2[C@@]2(OC)C[C@@H](O)C[C@@H](CCc3ccccc3)O2)cc1
/beegfs/home/m.romanov/thesis/benchmarking/datasets/USPTO/US07320974-20080122-C00076.png,CC[C@@H]1C[C@@H](O)C[C@](OC)([C@@H]2CSC(=O)N2Cc2ccc(OC)cc2)O1
/beegfs/home/m.romanov/thesis/benchmarking/datasets/USPTO/US07320974-20080122-C00077.png,C=CCCC#CC(=O)OC
/beegfs/home/m.romanov/thesis/benchmarking/datasets/USPTO/US07320974-20080122-C00078.png,C=CCC/C(C)=C\C(=O)OC
/beegfs/home/m.romanov/thesis/benchmarking/datasets/USPTO/US07320974-20080122-C00079.png,C=CCC/C(C)=C\C(=O)O
/beegfs/home/m.romanov/thesis/benchmarking/datasets/USPTO/US07320974-20080122-C00080.png,C=CCCC[C@@H]1C[C@H](OS(=O)(=O)C(F)(F)F)C[C@](OC)([C@@H]2CSC(=O)N2Cc2ccc(OC)cc2)O1
/beegfs/home/m.romanov/thesis/benchmarking/datasets/USPTO/US07320974-20080122-C00081.png,C=CCCC[C@@H]1C[C@@H](OC(=O)/C=C(/C)CCC=C)C[C@](OC)([C@@H]2CSC(=O)N2Cc2ccc(OC)cc2)O1
/beegfs/home/m.romanov/thesis/benchmarking/datasets/USPTO/US07320974-20080122-C00082.png,C=CCCC[C@@H]1C[C@@H](OC(=O)C=C(C)C)C[C@](OC)([C@@H]2CSC(=O)N2Cc2ccc(OC)cc2)O1
/beegfs/home/m.romanov/thesis/benchmarking/datasets/USPTO/US07320974-20080122-C00083.png,C=C/C=C/CC/C(C)=C\C(=O)O[C@@H]1C[C@@H](CCCC=C)O[C@@](OC)([C@@H]2CSC(=O)N2Cc2ccc(OC)cc2)C1
/beegfs/home/m.romanov/thesis/benchmarking/datasets/USPTO/US07320974-20080122-C00084.png,C=CCC/C(C)=C\C(=O)O[C@@H]1C[C@@H](CC[C@H](C)C=C)O[C@@](OC)([C@@H]2CSC(=O)N2Cc2ccc(OC)cc2)C1
/beegfs/home/m.romanov/thesis/benchmarking/datasets/USPTO/US07320974-20080122-C00085.png,C=CCC/C(C)=C\C(=O)O[C@@H]1C[C@@H](CCc2ccccc2)O[C@@](OC)([C@@H]2CSC(=O)N2Cc2ccc(OC)cc2)C1
/beegfs/home/m.romanov/thesis/benchmarking/datasets/USPTO/US07320974-20080122-C00086.png,COc1ccc(CN2C(=O)SC[C@H]2[C@@]2(OC)C[C@H](OC(=O)C=C(C)C)C[C@@H](CCc3ccccc3)O2)cc1
/beegfs/home/m.romanov/thesis/benchmarking/datasets/USPTO/US07320974-20080122-C00087.png,C=CCCC[C@@H]1C[C@@H](OC(=O)c2ccccc2)C[C@](OC)([C@@H]2CSC(=O)N2Cc2ccc(OC)cc2)O1
/beegfs/home/m.romanov/thesis/benchmarking/datasets/USPTO/US07320974-20080122-C00088.png,C=CCCC[C@@H]1C[C@@H](OC(=O)c2ccc(OC)cc2)C[C@](OC)([C@@H]2CSC(=O)N2Cc2ccc(OC)cc2)O1
/beegfs/home/m.romanov/thesis/benchmarking/datasets/USPTO/US07320974-20080122-C00089.png,C=CCCC[C@@H]1C[C@@H](OC(=O)c2ccc(S(C)(=O)=O)cc2)C[C@](OC)([C@@H]2CSC(=O)N2Cc2ccc(OC)cc2)O1
/beegfs/home/m.romanov/thesis/benchmarking/datasets/USPTO/US07320974-20080122-C00090.png,C=CCCCCC(=O)O[C@@H]1C[C@@H](CCCC=C)O[C@@](OC)([C@@H]2CSC(=O)N2Cc2ccc(OC)cc2)C1
/beegfs/home/m.romanov/thesis/benchmarking/datasets/USPTO/US07320974-20080122-C00091.png,C=CCCCCCC(=O)O[C@@H]1C[C@@H](CCCC=C)O[C@@](OC)([C@@H]2CSC(=O)N2Cc2ccc(OC)cc2)C1
/beegfs/home/m.romanov/thesis/benchmarking/datasets/USPTO/US07320974-20080122-C00092.png,COc1ccc(CN2C(=O)SC[C@H]2[C@@]2(OC)C[C@H](OC(=O)c3ccccc3)C[C@@H](CCc3ccccc3)O2)cc1
/beegfs/home/m.romanov/thesis/benchmarking/datasets/USPTO/US07320974-20080122-C00093.png,CC[C@@H]1C[C@@H](OC(=O)c2ccccc2)C[C@](OC)([C@@H]2CSC(=O)N2Cc2ccc(OC)cc2)O1
/beegfs/home/m.romanov/thesis/benchmarking/datasets/USPTO/US07320974-20080122-C00099.png,COc1ccc(CN2C(=O)SC[C@H]2[C@@]2(OC)C[C@H]3C[C@@H](CCCCCCC/C(C)=C\C(=O)O3)O2)cc1
/beegfs/home/m.romanov/thesis/benchmarking/datasets/USPTO/US07320974-20080122-C00100.png,COc1ccc(CN2C(=O)SC[C@H]2[C@@]2(OC)C[C@H]3C[C@@H](CCCCCCCCCC(=O)O3)O2)cc1
/beegfs/home/m.romanov/thesis/benchmarking/datasets/USPTO/US07320974-20080122-C00101.png,COc1ccc(CN2C(=O)SC[C@H]2[C@@]2(OC)C[C@H]3C[C@@H](CCCCCCCCCCC(=O)O3)O2)cc1
/beegfs/home/m.romanov/thesis/benchmarking/datasets/USPTO/US07320974-20080122-C00102.png,COc1ccc(CN2C(=O)SC[C@H]2[C@@]2(OC)C[C@H]3C[C@@H](CCCCCCCCC/C(C)=C\C(=O)O3)O2)cc1
/beegfs/home/m.romanov/thesis/benchmarking/datasets/USPTO/US07320974-20080122-C00103.png,CCCCC[C@@H]1C[C@@H](OC(=O)/C=C(/C)CCCC)C[C@](OC)([C@@H]2CSC(=O)N2Cc2ccc(OC)cc2)O1
/beegfs/home/m.romanov/thesis/benchmarking/datasets/USPTO/US07320974-20080122-C00114.png,C=CCCC[C@@H]1C[C@@H](OC(=O)/C=C(/C)CCC=C)C[C@](O)([C@@H]2CSC(=O)N2)O1
/beegfs/home/m.romanov/thesis/benchmarking/datasets/USPTO/US07320974-20080122-C00115.png,C=CCCC[C@@H]1C[C@@H](OC(=O)C=C(C)C)C[C@](O)([C@@H]2CSC(=O)N2)O1
/beegfs/home/m.romanov/thesis/benchmarking/datasets/USPTO/US07320974-20080122-C00116.png,C=CCC/C(C)=C\C(=O)O[C@@H]1C[C@@H](CCc2ccccc2)O[C@@](O)([C@@H]2CSC(=O)N2)C1
/beegfs/home/m.romanov/thesis/benchmarking/datasets/USPTO/US07320974-20080122-C00117.png,CC(C)=CC(=O)O[C@@H]1C[C@@H](CCc2ccccc2)O[C@@](O)([C@@H]2CSC(=O)N2)C1
/beegfs/home/m.romanov/thesis/benchmarking/datasets/USPTO/US07320974-20080122-C00118.png,C=CCCC[C@@H]1C[C@@H](OC(=O)c2ccccc2)C[C@](O)([C@@H]2CSC(=O)N2)O1
/beegfs/home/m.romanov/thesis/benchmarking/datasets/USPTO/US07320974-20080122-C00119.png,C=CCCC[C@@H]1C[C@@H](OC(=O)c2ccc(OC)cc2)C[C@](O)([C@@H]2CSC(=O)N2)O1
/beegfs/home/m.romanov/thesis/benchmarking/datasets/USPTO/US07320974-20080122-C00120.png,C=CCCC[C@@H]1C[C@@H](OC(=O)c2ccc(S(C)(=O)=O)cc2)C[C@](O)([C@@H]2CSC(=O)N2)O1
/beegfs/home/m.romanov/thesis/benchmarking/datasets/USPTO/US07320974-20080122-C00121.png,O=C1N[C@H]([C@@]2(O)C[C@H](OC(=O)c3ccccc3)C[C@@H](CCc3ccccc3)O2)CS1
/beegfs/home/m.romanov/thesis/benchmarking/datasets/USPTO/US07320974-20080122-C00122.png,CC[C@@H]1C[C@@H](OC(=O)c2ccccc2)C[C@](O)([C@@H]2CSC(=O)N2)O1
/beegfs/home/m.romanov/thesis/benchmarking/datasets/USPTO/US07320974-20080122-C00123.png,CCCCC[C@@H]1C[C@@H](OC(=O)/C=C(/C)CCCC)C[C@](O)([C@@H]2CSC(=O)N2)O1
/beegfs/home/m.romanov/thesis/benchmarking/datasets/USPTO/US07320974-20080122-C00124.png,C=CCCC[C@@H]1C[C@@H](N=[N+]=[N-])C[C@](OC)([C@@H]2CSC(=O)N2Cc2ccc(OC)cc2)O1
/beegfs/home/m.romanov/thesis/benchmarking/datasets/USPTO/US07320974-20080122-C00125.png,C=CCCC[C@@H]1C[C@@H](N)C[C@](OC)([C@@H]2CSC(=O)N2Cc2ccc(OC)cc2)O1
/beegfs/home/m.romanov/thesis/benchmarking/datasets/USPTO/US07320974-20080122-C00126.png,C=CCCC[C@@H]1C[C@@H](NC(=O)/C=C(/C)CCC=C)C[C@](OC)([C@@H]2CSC(=O)N2Cc2ccc(OC)cc2)O1
/beegfs/home/m.romanov/thesis/benchmarking/datasets/USPTO/US07320974-20080122-C00128.png,C=CCCCOC(=O)N[C@@H]1C[C@@H](CCCC=C)O[C@@](OC)([C@@H]2CSC(=O)N2Cc2ccc(OC)cc2)C1
/beegfs/home/m.romanov/thesis/benchmarking/datasets/USPTO/US07320974-20080122-C00132.png,C=CCCC[C@@H]1C[C@@H](NC(=O)/C=C(/C)CCC=C)C[C@](O)([C@@H]2CSC(=O)N2)O1
/beegfs/home/m.romanov/thesis/benchmarking/datasets/USPTO/US07320976-20080122-C00001.png,Brc1c(N=C2NCCN2)ccc2nccnc12.O=C(O)C(O)C(O)C(=O)O
/beegfs/home/m.romanov/thesis/benchmarking/datasets/USPTO/US07320977-20080122-C00035.png,O=c1c(Cl)c(N2CCNCC2)cnn1-c1ccc(Cl)cc1
/beegfs/home/m.romanov/thesis/benchmarking/datasets/USPTO/US07320977-20080122-C00036.png,CC(=O)N1CCN(c2cnn(-c3ccc(Cl)cc3)c(=O)c2Cl)CC1
/beegfs/home/m.romanov/thesis/benchmarking/datasets/USPTO/US07320977-20080122-C00037.png,CC(=O)N1CCN(c2cnn(-c3ccc(C)cc3)c(=O)c2Cl)CC1
/beegfs/home/m.romanov/thesis/benchmarking/datasets/USPTO/US07320977-20080122-C00038.png,O=C(C1CC1)N1CCN(c2cnn(-c3ccc(Cl)cc3)c(=O)c2Cl)CC1
/beegfs/home/m.romanov/thesis/benchmarking/datasets/USPTO/US07320977-20080122-C00039.png,CS(=O)(=O)N1CCN(c2cnn(-c3ccc(Cl)cc3)c(=O)c2Cl)CC1
/beegfs/home/m.romanov/thesis/benchmarking/datasets/USPTO/US07320977-20080122-C00040.png,O=C1CN(c2cnn(-c3ccc(Cl)cc3)c(=O)c2Cl)CCN1
/beegfs/home/m.romanov/thesis/benchmarking/datasets/USPTO/US07320977-20080122-C00041.png,O=c1c(Oc2ccc(-c3ccccc3)cc2)c(Oc2ccc(-c3ccccc3)cc2)cnn1-c1ccc(Cl)cc1
/beegfs/home/m.romanov/thesis/benchmarking/datasets/USPTO/US07320977-20080122-C00042.png,O=c1c(Oc2ccc(-c3ccccc3)cc2)c(Cl)cnn1-c1ccc(Cl)cc1
/beegfs/home/m.romanov/thesis/benchmarking/datasets/USPTO/US07320977-20080122-C00044.png,O=c1c(Oc2ccc(-c3ccc(F)cc3)cc2)c(Br)cnn1-c1ccc(Cl)cc1
/beegfs/home/m.romanov/thesis/benchmarking/datasets/USPTO/US07320977-20080122-C00045.png,COCOc1cc(F)ccc1-c1ccc(Oc2c(Cl)cnn(-c3ccc(Cl)cc3)c2=O)cc1
/beegfs/home/m.romanov/thesis/benchmarking/datasets/USPTO/US07320977-20080122-C00046.png,O=c1c(Oc2ccc(-c3ccc(F)cc3F)cc2)c(Cl)cnn1-c1ccc(Cl)cc1
/beegfs/home/m.romanov/thesis/benchmarking/datasets/USPTO/US07320977-20080122-C00047.png,[N-]=[N+]=Nc1cnn(-c2ccc(Cl)cc2)c(=O)c1Oc1ccc(-c2ccccc2)cc1
/beegfs/home/m.romanov/thesis/benchmarking/datasets/USPTO/US07320977-20080122-C00049.png,[N-]=[N+]=Nc1cnn(-c2ccc(Cl)cc2)c(=O)c1Oc1ccc(-c2ccc(F)cc2)cc1
/beegfs/home/m.romanov/thesis/benchmarking/datasets/USPTO/US07320977-20080122-C00050.png,COCOc1cc(F)ccc1-c1ccc(Oc2c(N=[N+]=[N-])cnn(-c3ccc(Cl)cc3)c2=O)cc1
/beegfs/home/m.romanov/thesis/benchmarking/datasets/USPTO/US07320977-20080122-C00051.png,[N-]=[N+]=Nc1cnn(-c2ccc(Cl)cc2)c(=O)c1Oc1ccc(-c2ccc(F)cc2F)cc1
/beegfs/home/m.romanov/thesis/benchmarking/datasets/USPTO/US07320977-20080122-C00052.png,C[C@@H]1CN(C(=O)OC(C)(C)C)CCN1
/beegfs/home/m.romanov/thesis/benchmarking/datasets/USPTO/US07320977-20080122-C00054.png,CC(C)(C)OC(=O)NC1CCNCC1
/beegfs/home/m.romanov/thesis/benchmarking/datasets/USPTO/US07320977-20080122-C00055.png,O=c1c(Cl)c(N2CCC3(CC2)OCCO3)cnn1-c1ccc(Cl)cc1
/beegfs/home/m.romanov/thesis/benchmarking/datasets/USPTO/US07320977-20080122-C00057.png,O=c1c(Oc2ccc(Br)cc2)c(N2CCN(CCO)CC2)cnn1-c1ccc(Cl)cc1
/beegfs/home/m.romanov/thesis/benchmarking/datasets/USPTO/US07320977-20080122-C00060.png,O=c1c(Cl)c(-n2ccnc2)cnn1-c1cccc(C(F)(F)F)c1
/beegfs/home/m.romanov/thesis/benchmarking/datasets/USPTO/US07320977-20080122-C00061.png,O=c1c(Cl)c(-n2ccnc2)cnn1-c1ccccc1
/beegfs/home/m.romanov/thesis/benchmarking/datasets/USPTO/US07320977-20080122-C00062.png,Cc1ccc(-n2ncc(-n3ccnc3)c(Cl)c2=O)cc1
/beegfs/home/m.romanov/thesis/benchmarking/datasets/USPTO/US07320977-20080122-C00063.png,O=c1c(Cl)c(-n2ccnc2)cnn1-c1ccc(Cl)cc1
/beegfs/home/m.romanov/thesis/benchmarking/datasets/USPTO/US07320977-20080122-C00064.png,O=c1c(Cl)c(-n2ccnc2)cnn1-c1cccc(Cl)c1
/beegfs/home/m.romanov/thesis/benchmarking/datasets/USPTO/US07320977-20080122-C00065.png,CCOC(=O)c1ccc(-n2ncc(-n3ccnc3)c(Cl)c2=O)cc1
/beegfs/home/m.romanov/thesis/benchmarking/datasets/USPTO/US07320977-20080122-C00066.png,CC(C)(C)c1ccc(-n2ncc(-n3ccnc3)c(Cl)c2=O)cc1
/beegfs/home/m.romanov/thesis/benchmarking/datasets/USPTO/US07320977-20080122-C00067.png,O=c1c(Cl)c(-n2ccnc2)cnn1-c1ccccc1Cl
/beegfs/home/m.romanov/thesis/benchmarking/datasets/USPTO/US07320977-20080122-C00068.png,O=c1c(Cl)c(-n2ccnc2)cnn1-c1cccc(F)c1
/beegfs/home/m.romanov/thesis/benchmarking/datasets/USPTO/US07320977-20080122-C00069.png,O=c1c(Cl)c(-n2ccnc2)cnn1-c1ccc(F)cc1
/beegfs/home/m.romanov/thesis/benchmarking/datasets/USPTO/US07320977-20080122-C00070.png,O=c1c(Cl)c(-n2ccnc2)cnn1-c1ccc([N+](=O)[O-])cc1
/beegfs/home/m.romanov/thesis/benchmarking/datasets/USPTO/US07320977-20080122-C00071.png,O=c1c(Oc2ccc(Br)cc2)c(-n2ccnc2)cnn1-c1ccc(Cl)cc1
/beegfs/home/m.romanov/thesis/benchmarking/datasets/USPTO/US07320977-20080122-C00072.png,Cc1ccc(-n2ncc(-n3ccnc3)c(Oc3ccc(Br)cc3)c2=O)cc1
/beegfs/home/m.romanov/thesis/benchmarking/datasets/USPTO/US07320977-20080122-C00073.png,CCOC(=O)c1ccc(-n2ncc(-n3ccnc3)c(Oc3ccc(Br)cc3)c2=O)cc1
/beegfs/home/m.romanov/thesis/benchmarking/datasets/USPTO/US07320977-20080122-C00074.png,O=c1c(Oc2ccc(Br)cc2)c(-n2ccnc2)cnn1-c1cccc(C(F)(F)F)c1
/beegfs/home/m.romanov/thesis/benchmarking/datasets/USPTO/US07320977-20080122-C00075.png,CC(C)(C)c1ccc(-n2ncc(-n3ccnc3)c(Oc3ccc(Br)cc3)c2=O)cc1
/beegfs/home/m.romanov/thesis/benchmarking/datasets/USPTO/US07320977-20080122-C00076.png,O=c1c(Oc2ccc(Br)cc2)c(-n2ccnc2)cnn1-c1ccc(F)cc1
/beegfs/home/m.romanov/thesis/benchmarking/datasets/USPTO/US07320977-20080122-C00078.png,CC(C)(C)OC(=O)N1CCN(c2cnn(-c3ccc(Cl)cc3)c(=O)c2Oc2ccc(Br)cc2)CC1
/beegfs/home/m.romanov/thesis/benchmarking/datasets/USPTO/US07320977-20080122-C00079.png,O=c1c(Oc2ccc(Br)cc2)c(N2CCNCC2)cnn1-c1ccc(Cl)cc1
/beegfs/home/m.romanov/thesis/benchmarking/datasets/USPTO/US07320977-20080122-C00080.png,O=C1CN(c2cnn(-c3ccc(Cl)cc3)c(=O)c2Oc2ccc(Br)cc2)CCN1
/beegfs/home/m.romanov/thesis/benchmarking/datasets/USPTO/US07320977-20080122-C00081.png,CC(=O)N1CCN(c2cnn(-c3ccc(Cl)cc3)c(=O)c2Oc2ccc(Br)cc2)CC1
/beegfs/home/m.romanov/thesis/benchmarking/datasets/USPTO/US07320977-20080122-C00082.png,O=c1c(Oc2ccc(Br)cc2)c(-n2cc(CO)nn2)cnn1-c1ccc(Cl)cc1
/beegfs/home/m.romanov/thesis/benchmarking/datasets/USPTO/US07320977-20080122-C00083.png,CS(=O)(=O)N1CCN(c2cnn(-c3ccc(Cl)cc3)c(=O)c2Oc2ccc(Br)cc2)CC1
/beegfs/home/m.romanov/thesis/benchmarking/datasets/USPTO/US07320977-20080122-C00084.png,O=C(C1CC1)N1CCN(c2cnn(-c3ccc(Cl)cc3)c(=O)c2Oc2ccc(Br)cc2)CC1
/beegfs/home/m.romanov/thesis/benchmarking/datasets/USPTO/US07320977-20080122-C00085.png,CC(=O)N1CCN(c2cnn(-c3ccc(C)cc3)c(=O)c2Oc2ccc(Br)cc2)CC1
/beegfs/home/m.romanov/thesis/benchmarking/datasets/USPTO/US07320977-20080122-C00086.png,Cc1ccc(-n2ncc(-n3ccnc3)c(Oc3cccc(Br)c3)c2=O)cc1
/beegfs/home/m.romanov/thesis/benchmarking/datasets/USPTO/US07320977-20080122-C00087.png,O=c1c(Oc2cccc(Br)c2)c(-n2ccnc2)cnn1-c1ccc(Cl)cc1
/beegfs/home/m.romanov/thesis/benchmarking/datasets/USPTO/US07320977-20080122-C00088.png,O=c1c(Oc2ccc(Br)cc2)c(Oc2ccc(Br)cc2)cnn1-c1ccc(Cl)cc1
/beegfs/home/m.romanov/thesis/benchmarking/datasets/USPTO/US07320977-20080122-C00089.png,O=c1c(Oc2ccc(Br)cc2)c(N2CCC3(CC2)OCCO3)cnn1-c1ccc(Cl)cc1
/beegfs/home/m.romanov/thesis/benchmarking/datasets/USPTO/US07320977-20080122-C00090.png,O=c1c(Oc2ccc(Br)cc2)c(N2CCC(O)CC2)cnn1-c1ccc(Cl)cc1
/beegfs/home/m.romanov/thesis/benchmarking/datasets/USPTO/US07320977-20080122-C00093.png,NC(=O)N1CCN(c2cnn(-c3ccc(Cl)cc3)c(=O)c2Oc2ccc(Br)cc2)CC1
/beegfs/home/m.romanov/thesis/benchmarking/datasets/USPTO/US07320977-20080122-C00096.png,O=c1c(Oc2ccc(Br)cc2)c(-n2ccnc2)cnn1-c1ccc([N+](=O)[O-])cc1
/beegfs/home/m.romanov/thesis/benchmarking/datasets/USPTO/US07320977-20080122-C00097.png,CS(=O)(=O)N(c1ccccc1-c1ccc(Oc2c(-n3ccnc3)cnn(-c3ccc(Cl)cc3)c2=O)cc1)S(C)(=O)=O
/beegfs/home/m.romanov/thesis/benchmarking/datasets/USPTO/US07320977-20080122-C00098.png,Cc1ccc(-n2ncc(N3CCN(C(=O)OC(C)(C)C)CC3)c(Oc3ccc(-c4ccc(OC(=O)C(C)(C)C)cc4)cc3)c2=O)cc1
/beegfs/home/m.romanov/thesis/benchmarking/datasets/USPTO/US07320977-20080122-C00099.png,Cc1ccc(-n2ncc(N3CCNCC3)c(Oc3ccc(-c4ccc(OC(=O)C(C)(C)C)cc4)cc3)c2=O)cc1
/beegfs/home/m.romanov/thesis/benchmarking/datasets/USPTO/US07320977-20080122-C00100.png,CCN1CCN(c2cnn(-c3ccc(C)cc3)c(=O)c2Oc2ccc(-c3ccc(OC(=O)C(C)(C)C)cc3)cc2)CC1
/beegfs/home/m.romanov/thesis/benchmarking/datasets/USPTO/US07320977-20080122-C00102.png,Cc1ccc(-n2ncc(N3CCN(C)CC3)c(Oc3ccc(-c4ccc(O)cc4)cc3)c2=O)cc1
/beegfs/home/m.romanov/thesis/benchmarking/datasets/USPTO/US07320977-20080122-C00104.png,CS(=O)(=O)N1CCN(c2cnn(-c3ccc(Cl)cc3)c(=O)c2Oc2ccc(-c3ccc(F)c(CN)c3)cc2)CC1
/beegfs/home/m.romanov/thesis/benchmarking/datasets/USPTO/US07320977-20080122-C00105.png,CS(=O)(=O)N1CCN(c2cnn(-c3ccc(Cl)cc3)c(=O)c2Oc2ccc(-c3ccc(F)c(CO)c3)cc2)CC1
/beegfs/home/m.romanov/thesis/benchmarking/datasets/USPTO/US07320977-20080122-C00106.png,O=c1c(Oc2ccc(-c3ccncc3)cc2)c(-n2ccnc2)cnn1-c1ccc(Cl)cc1
/beegfs/home/m.romanov/thesis/benchmarking/datasets/USPTO/US07320977-20080122-C00107.png,CC(C)(C)OC(=O)N1CCN(c2cnn(-c3ccc(Cl)cc3)c(=O)c2Oc2ccc(-c3ccccc3)cc2)CC1
/beegfs/home/m.romanov/thesis/benchmarking/datasets/USPTO/US07320977-20080122-C00108.png,O=c1c(Oc2ccc(-c3ccccc3)cc2)c(N2CCNCC2)cnn1-c1ccc(Cl)cc1
/beegfs/home/m.romanov/thesis/benchmarking/datasets/USPTO/US07320977-20080122-C00109.png,O=c1c(Oc2ccc(-c3ccccc3)cc2)c(N2CCC3(CC2)OCCO3)cnn1-c1ccc(Cl)cc1
/beegfs/home/m.romanov/thesis/benchmarking/datasets/USPTO/US07320977-20080122-C00110.png,O=C1CCN(c2cnn(-c3ccc(Cl)cc3)c(=O)c2Oc2ccc(-c3ccccc3)cc2)CC1
/beegfs/home/m.romanov/thesis/benchmarking/datasets/USPTO/US07320977-20080122-C00111.png,O=c1c(Oc2ccc(-c3ccccc3)cc2)c(N2CCC(O)CC2)cnn1-c1ccc(Cl)cc1
/beegfs/home/m.romanov/thesis/benchmarking/datasets/USPTO/US07320977-20080122-C00112.png,O=c1c(Oc2ccc(-c3ccccc3)cc2)c(N2CCC(F)CC2)cnn1-c1ccc(Cl)cc1
/beegfs/home/m.romanov/thesis/benchmarking/datasets/USPTO/US07320977-20080122-C00113.png,O=c1c(Oc2ccc(-c3ccccc3)cc2)c(N2CCC(F)(F)CC2)cnn1-c1ccc(Cl)cc1
/beegfs/home/m.romanov/thesis/benchmarking/datasets/USPTO/US07320977-20080122-C00114.png,O=c1c(Oc2ccc(-c3ccc(F)cc3)cc2)c(N2CCC(Cl)CC2)cnn1-c1ccc(Cl)cc1
/beegfs/home/m.romanov/thesis/benchmarking/datasets/USPTO/US07320977-20080122-C00115.png,CC(NC(=O)OC(C)(C)C)C(=O)N1CCN(c2cnn(-c3ccc(Cl)cc3)c(=O)c2Oc2ccc(-c3ccccc3)cc2)CC1
/beegfs/home/m.romanov/thesis/benchmarking/datasets/USPTO/US07320977-20080122-C00116.png,CC(N)C(=O)N1CCN(c2cnn(-c3ccc(Cl)cc3)c(=O)c2Oc2ccc(-c3ccccc3)cc2)CC1
/beegfs/home/m.romanov/thesis/benchmarking/datasets/USPTO/US07320977-20080122-C00117.png,O=CN1CCN(c2cnn(-c3ccc(C(F)(F)F)cc3)c(=O)c2Oc2ccc(-c3ccc(F)cc3)cc2)CC1
/beegfs/home/m.romanov/thesis/benchmarking/datasets/USPTO/US07320977-20080122-C00118.png,O=c1c(Oc2ccc(-c3ccccc3)cc2)c(N2CCN(C3CC3)CC2)cnn1-c1ccc(Cl)cc1
/beegfs/home/m.romanov/thesis/benchmarking/datasets/USPTO/US07320977-20080122-C00119.png,O=c1c(Oc2ccc(-c3ccc(F)cc3)cc2)c(N2CC=CCC2)cnn1-c1ccc(Cl)cc1
/beegfs/home/m.romanov/thesis/benchmarking/datasets/USPTO/US07320977-20080122-C00120.png,O=c1c(Oc2ccc(-c3ccc(F)cc3)cc2)c(N2CCC(O)C(O)C2)cnn1-c1ccc(Cl)cc1
/beegfs/home/m.romanov/thesis/benchmarking/datasets/USPTO/US07320977-20080122-C00121.png,O=c1c(Oc2ccc(-c3ccc(F)cc3)cc2)c(N2CCC(CO)CC2)cnn1-c1ccc(Cl)cc1
/beegfs/home/m.romanov/thesis/benchmarking/datasets/USPTO/US07320977-20080122-C00122.png,O=c1c(Oc2ccc(-c3ccccc3)cc2)c(N2CCS(=O)CC2)cnn1-c1ccc(Cl)cc1
/beegfs/home/m.romanov/thesis/benchmarking/datasets/USPTO/US07320977-20080122-C00123.png,O=c1c(Oc2ccc(-c3ccccc3)cc2)c(N2CCS(=O)(=O)CC2)cnn1-c1ccc(Cl)cc1
/beegfs/home/m.romanov/thesis/benchmarking/datasets/USPTO/US07320977-20080122-C00125.png,O=c1c(Oc2ccc(-c3ccccc3)cc2)c(N2CCOCC2)cnn1-c1ccc(Cl)cc1
/beegfs/home/m.romanov/thesis/benchmarking/datasets/USPTO/US07320977-20080122-C00126.png,Cc1ccc(-n2ncc(N3CCSCC3)c(Oc3ccc(-c4ccccc4)cc3)c2=O)cc1
/beegfs/home/m.romanov/thesis/benchmarking/datasets/USPTO/US07320977-20080122-C00127.png,Cc1ccc(-n2ncc(N3CCOCC3)c(Oc3ccc(-c4ccccc4)cc3)c2=O)cc1
/beegfs/home/m.romanov/thesis/benchmarking/datasets/USPTO/US07320977-20080122-C00128.png,O=c1c(Oc2ccc(-c3ccccc3)cc2)c(N2CCSCC2)cnn1-c1ccc(Cl)cc1
/beegfs/home/m.romanov/thesis/benchmarking/datasets/USPTO/US07320977-20080122-C00129.png,CS(=O)(=O)Nc1ccc(-c2ccc(Oc3c(N4CCOCC4)cnn(-c4ccc(Cl)cc4)c3=O)cc2)cc1
/beegfs/home/m.romanov/thesis/benchmarking/datasets/USPTO/US07320977-20080122-C00130.png,C[NH+]1CCN(c2cnn(-c3ccc(Cl)cc3)c(=O)c2Oc2ccc(-c3ccccc3)cc2)CC1.[Cl-]
/beegfs/home/m.romanov/thesis/benchmarking/datasets/USPTO/US07320977-20080122-C00131.png,O=c1c(Oc2ccc(-c3ccc(O)cc3)cc2)c(N2CCOCC2)cnn1-c1ccc(Cl)cc1
/beegfs/home/m.romanov/thesis/benchmarking/datasets/USPTO/US07320977-20080122-C00132.png,CN1CCN(c2cnn(-c3ccc(Cl)cc3)c(=O)c2Oc2ccc(-c3ccc(O)cc3)cc2)CC1
/beegfs/home/m.romanov/thesis/benchmarking/datasets/USPTO/US07320977-20080122-C00133.png,C[NH+]1CCN(c2cnn(-c3ccc(Cl)cc3)c(=O)c2Oc2ccc(-c3ccc(O)cc3)cc2)CC1.[Cl-]
/beegfs/home/m.romanov/thesis/benchmarking/datasets/USPTO/US07320977-20080122-C00134.png,CN1CCCN(c2cnn(-c3ccc(Cl)cc3)c(=O)c2Oc2ccc(-c3ccc(O)cc3)cc2)CC1
/beegfs/home/m.romanov/thesis/benchmarking/datasets/USPTO/US07320977-20080122-C00135.png,CCN1CCN(c2cnn(-c3ccc(Cl)cc3)c(=O)c2Oc2ccc(-c3ccccc3)cc2)CC1
/beegfs/home/m.romanov/thesis/benchmarking/datasets/USPTO/US07320977-20080122-C00136.png,O=c1c(Oc2ccc(-c3ccccc3)cc2)c(N2CC[NH2+]CC2)cnn1-c1ccc(Cl)cc1.[Cl-]
/beegfs/home/m.romanov/thesis/benchmarking/datasets/USPTO/US07320977-20080122-C00137.png,CN1CCCN(c2cnn(-c3ccc(Cl)cc3)c(=O)c2Oc2ccc(-c3ccccc3)cc2)CC1
/beegfs/home/m.romanov/thesis/benchmarking/datasets/USPTO/US07320977-20080122-C00138.png,O=c1c(Oc2ccc(-c3ccccc3)cc2)c(N2CCN(CCO)CC2)cnn1-c1ccc(Cl)cc1
/beegfs/home/m.romanov/thesis/benchmarking/datasets/USPTO/US07320977-20080122-C00139.png,O=c1c(Oc2ccc(-c3ccccc3)cc2)c(N2CC[NH+](CCO)CC2)cnn1-c1ccc(Cl)cc1.[Cl-]
/beegfs/home/m.romanov/thesis/benchmarking/datasets/USPTO/US07320977-20080122-C00140.png,C[NH+]1CCCN(c2cnn(-c3ccc(Cl)cc3)c(=O)c2Oc2ccc(-c3ccccc3)cc2)CC1.[Cl-]
/beegfs/home/m.romanov/thesis/benchmarking/datasets/USPTO/US07320977-20080122-C00141.png,CC[NH+]1CCN(c2cnn(-c3ccc(Cl)cc3)c(=O)c2Oc2ccc(-c3ccccc3)cc2)CC1.[Cl-]
/beegfs/home/m.romanov/thesis/benchmarking/datasets/USPTO/US07320977-20080122-C00142.png,CC(C)(C)OC(=O)N1CCN(c2cnn(-c3ccc(Cl)cc3)c(=O)c2Oc2ccc(-c3ccc(O)cc3)cc2)CC1
/beegfs/home/m.romanov/thesis/benchmarking/datasets/USPTO/US07320977-20080122-C00143.png,O=c1c(Oc2ccc(-c3ccc(O)cc3)cc2)c(N2CCNCC2)cnn1-c1ccc(Cl)cc1
/beegfs/home/m.romanov/thesis/benchmarking/datasets/USPTO/US07320977-20080122-C00144.png,CC(=O)N1CCN(c2cnn(-c3ccc(Cl)cc3)c(=O)c2Oc2ccc(-c3ccccc3)cc2)CC1
/beegfs/home/m.romanov/thesis/benchmarking/datasets/USPTO/US07320977-20080122-C00145.png,CCN1CCN(c2cnn(-c3ccc(Cl)cc3)c(=O)c2Oc2ccc(-c3ccc(O)cc3)cc2)CC1
/beegfs/home/m.romanov/thesis/benchmarking/datasets/USPTO/US07320977-20080122-C00146.png,CC[NH+]1CCN(c2cnn(-c3ccc(Cl)cc3)c(=O)c2Oc2ccc(-c3ccc(O)cc3)cc2)CC1.[Cl-]
/beegfs/home/m.romanov/thesis/benchmarking/datasets/USPTO/US07320977-20080122-C00147.png,CCOC(=O)C1CCN(c2cnn(-c3ccc(Cl)cc3)c(=O)c2Oc2ccc(-c3ccc(O)cc3)cc2)CC1
/beegfs/home/m.romanov/thesis/benchmarking/datasets/USPTO/US07320977-20080122-C00148.png,CS(=O)(=O)N1CCN(c2cnn(-c3ccc(Cl)cc3)c(=O)c2Oc2ccc(-c3ccccc3)cc2)CC1
/beegfs/home/m.romanov/thesis/benchmarking/datasets/USPTO/US07320977-20080122-C00149.png,CCOC(=O)N1CCN(c2cnn(-c3ccc(Cl)cc3)c(=O)c2Oc2ccc(-c3ccc(O)cc3)cc2)CC1
/beegfs/home/m.romanov/thesis/benchmarking/datasets/USPTO/US07320977-20080122-C00150.png,COCCN1CCN(c2cnn(-c3ccc(Cl)cc3)c(=O)c2Oc2ccc(-c3ccccc3)cc2)CC1
/beegfs/home/m.romanov/thesis/benchmarking/datasets/USPTO/US07320977-20080122-C00151.png,C[C@@H]1CNCCN1c1cnn(-c2ccc(Cl)cc2)c(=O)c1Oc1ccc(-c2ccccc2)cc1
/beegfs/home/m.romanov/thesis/benchmarking/datasets/USPTO/US07320977-20080122-C00152.png,C[C@@H]1C[NH2+]CCN1c1cnn(-c2ccc(Cl)cc2)c(=O)c1Oc1ccc(-c2ccccc2)cc1.[Cl-]
/beegfs/home/m.romanov/thesis/benchmarking/datasets/USPTO/US07320977-20080122-C00154.png,C[NH+]1CCN(c2cnn(-c3ccc(C(F)(F)F)cc3)c(=O)c2Oc2ccc(-c3ccccc3)cc2)CC1.[Cl-]
/beegfs/home/m.romanov/thesis/benchmarking/datasets/USPTO/US07320977-20080122-C00155.png,CC(C)N1CCN(c2cnn(-c3ccc(C(F)(F)F)cc3)c(=O)c2Oc2ccc(-c3ccc(O)cc3)cc2)CC1
/beegfs/home/m.romanov/thesis/benchmarking/datasets/USPTO/US07320977-20080122-C00156.png,NC(=O)N1CCN(c2cnn(-c3ccc(Cl)cc3)c(=O)c2Oc2ccc(-c3ccccc3)cc2)CC1
/beegfs/home/m.romanov/thesis/benchmarking/datasets/USPTO/US07320977-20080122-C00157.png,O=C(C1CC1)N1CCN(c2cnn(-c3ccc(Cl)cc3)c(=O)c2Oc2ccc(-c3ccccc3)cc2)CC1
/beegfs/home/m.romanov/thesis/benchmarking/datasets/USPTO/US07320977-20080122-C00158.png,CCNC(=O)N1CCN(c2cnn(-c3ccc(Cl)cc3)c(=O)c2Oc2ccc(-c3ccccc3)cc2)CC1
/beegfs/home/m.romanov/thesis/benchmarking/datasets/USPTO/US07320977-20080122-C00159.png,C=CCN1CCN(c2cnn(-c3ccc(Cl)cc3)c(=O)c2Oc2ccc(-c3ccccc3)cc2)CC1
/beegfs/home/m.romanov/thesis/benchmarking/datasets/USPTO/US07320977-20080122-C00160.png,O=c1c(Oc2ccc(-c3ccccc3)cc2)c(N2CCNCC2)cnn1-c1ccc(C(F)(F)F)cc1
/beegfs/home/m.romanov/thesis/benchmarking/datasets/USPTO/US07320977-20080122-C00161.png,CC(C)N1CCN(c2cnn(-c3ccc(Cl)cc3)c(=O)c2Oc2ccc(-c3ccc(O)cc3)cc2)CC1
/beegfs/home/m.romanov/thesis/benchmarking/datasets/USPTO/US07320977-20080122-C00162.png,O=c1c(Oc2ccc(-c3ccc(O)cc3)cc2)c(N2CCN(CCN3CCCC3)CC2)cnn1-c1ccc(Cl)cc1
/beegfs/home/m.romanov/thesis/benchmarking/datasets/USPTO/US07320977-20080122-C00163.png,CCOC(=O)CN1CCN(c2cnn(-c3ccc(Cl)cc3)c(=O)c2Oc2ccc(-c3ccccc3)cc2)CC1
/beegfs/home/m.romanov/thesis/benchmarking/datasets/USPTO/US07320977-20080122-C00164.png,CN(C)CCN1CCN(c2cnn(-c3ccc(Cl)cc3)c(=O)c2Oc2ccc(-c3ccccc3)cc2)CC1
/beegfs/home/m.romanov/thesis/benchmarking/datasets/USPTO/US07320977-20080122-C00165.png,CC(C)S(=O)(=O)N1CCN(c2cnn(-c3ccc(Cl)cc3)c(=O)c2Oc2ccc(-c3ccccc3)cc2)CC1
/beegfs/home/m.romanov/thesis/benchmarking/datasets/USPTO/US07320977-20080122-C00166.png,CNC(=O)N1CCN(c2cnn(-c3ccc(Cl)cc3)c(=O)c2Oc2ccc(-c3ccccc3)cc2)CC1
/beegfs/home/m.romanov/thesis/benchmarking/datasets/USPTO/US07320977-20080122-C00168.png,CCOC(=O)c1ccc(-n2ncc(-n3ccnc3)c(Oc3ccc(-c4ccccc4)cc3)c2=O)cc1
/beegfs/home/m.romanov/thesis/benchmarking/datasets/USPTO/US07320977-20080122-C00169.png,O=c1c(Oc2ccc(-c3ccccc3)cc2)c(-n2ccnc2)cnn1-c1cccc(F)c1
/beegfs/home/m.romanov/thesis/benchmarking/datasets/USPTO/US07320977-20080122-C00170.png,O=c1c(Oc2ccc(-c3ccccc3)cc2)c(-n2ccnc2)cnn1-c1ccc(F)cc1
/beegfs/home/m.romanov/thesis/benchmarking/datasets/USPTO/US07320977-20080122-C00171.png,N#Cc1ccc(-c2ccc(Oc3c(-n4ccnc4)cnn(-c4ccccc4)c3=O)cc2)cc1
/beegfs/home/m.romanov/thesis/benchmarking/datasets/USPTO/US07320977-20080122-C00172.png,Cc1ccc(-n2ncc(-n3ccnc3)c(Oc3ccc(-c4ccc(C#N)cc4)cc3)c2=O)cc1
/beegfs/home/m.romanov/thesis/benchmarking/datasets/USPTO/US07320977-20080122-C00173.png,Cc1ccc(-n2ncc(-n3ccnc3)c(Oc3ccc(-c4ccccc4)cc3)c2=O)cc1
/beegfs/home/m.romanov/thesis/benchmarking/datasets/USPTO/US07320977-20080122-C00174.png,O=c1c(Oc2ccc(-n3cccc3)cc2)c(-n2ccnc2)cnn1-c1ccc(Cl)cc1
/beegfs/home/m.romanov/thesis/benchmarking/datasets/USPTO/US07320977-20080122-C00175.png,O=c1c(Oc2ccc(-c3ccccc3Cl)cc2)c(-n2ccnc2)cnn1-c1ccc(Cl)cc1
/beegfs/home/m.romanov/thesis/benchmarking/datasets/USPTO/US07320977-20080122-C00176.png,N#Cc1ccc(-c2ccc(Oc3c(-n4ccnc4)cnn(-c4ccc(Cl)cc4)c3=O)cc2)cc1
/beegfs/home/m.romanov/thesis/benchmarking/datasets/USPTO/US07320977-20080122-C00179.png,CS(=O)(=O)Nc1ccc(-c2ccc(Oc3c(-n4ccnc4)cnn(-c4ccc(Cl)cc4)c3=O)cc2)cc1
/beegfs/home/m.romanov/thesis/benchmarking/datasets/USPTO/US07320977-20080122-C00182.png,O=CNc1cccc(-c2ccc(Oc3c(-n4ccnc4)cnn(-c4ccc(Cl)cc4)c3=O)cc2)c1
/beegfs/home/m.romanov/thesis/benchmarking/datasets/USPTO/US07320977-20080122-C00185.png,CS(=O)(=O)Nc1cccc(-c2ccc(Oc3c(-n4ccnc4)cnn(-c4ccc(Cl)cc4)c3=O)cc2)c1
/beegfs/home/m.romanov/thesis/benchmarking/datasets/USPTO/US07320977-20080122-C00188.png,COCOc1cc(F)ccc1-c1ccc(Oc2c(N3CCN(S(C)(=O)=O)CC3)cnn(-c3ccc(Cl)cc3)c2=O)cc1
/beegfs/home/m.romanov/thesis/benchmarking/datasets/USPTO/US07320977-20080122-C00189.png,CC(=O)Nc1cc(-c2ccc(Oc3c(N4CCN(S(C)(=O)=O)CC4)cnn(-c4ccc(Cl)cc4)c3=O)cc2)ccc1F
/beegfs/home/m.romanov/thesis/benchmarking/datasets/USPTO/US07320977-20080122-C00190.png,CC(=O)NCc1ccccc1-c1ccc(Oc2c(N3CCN(S(C)(=O)=O)CC3)cnn(-c3ccc(Cl)cc3)c2=O)cc1
/beegfs/home/m.romanov/thesis/benchmarking/datasets/USPTO/US07320977-20080122-C00191.png,CS(=O)(=O)N1CCN(c2cnn(-c3ccc(Cl)cc3)c(=O)c2Oc2ccc(-c3ccc(F)cc3F)cc2)CC1
/beegfs/home/m.romanov/thesis/benchmarking/datasets/USPTO/US07320977-20080122-C00192.png,COc1ccccc1-c1ccc(Oc2c(N3CCN(S(C)(=O)=O)CC3)cnn(-c3ccc(Cl)cc3)c2=O)cc1
/beegfs/home/m.romanov/thesis/benchmarking/datasets/USPTO/US07320977-20080122-C00193.png,CC(=O)NCc1cc(-c2ccc(Oc3c(N4CCN(S(C)(=O)=O)CC4)cnn(-c4ccc(Cl)cc4)c3=O)cc2)ccc1F
/beegfs/home/m.romanov/thesis/benchmarking/datasets/USPTO/US07320977-20080122-C00194.png,COc1cc(F)ccc1-c1ccc(Oc2c(N3CCN(S(C)(=O)=O)CC3)cnn(-c3ccc(Cl)cc3)c2=O)cc1
/beegfs/home/m.romanov/thesis/benchmarking/datasets/USPTO/US07320977-20080122-C00195.png,CC(=O)NCc1cccc(-c2ccc(Oc3c(N4CCN(S(C)(=O)=O)CC4)cnn(-c4ccc(Cl)cc4)c3=O)cc2)c1
/beegfs/home/m.romanov/thesis/benchmarking/datasets/USPTO/US07320977-20080122-C00198.png,Cc1ccc(-n2ncc(N3CCNCC3)c(Oc3ccc(-c4ccc(O)cc4)cc3)c2=O)cc1
/beegfs/home/m.romanov/thesis/benchmarking/datasets/USPTO/US07320977-20080122-C00199.png,Cc1ccc(-n2ncc(N3CCNCC3)c(Oc3ccc(-c4ccccc4)cc3)c2=O)cc1
/beegfs/home/m.romanov/thesis/benchmarking/datasets/USPTO/US07320977-20080122-C00200.png,Cc1ccc(-n2ncc(N3CCNCC3)c(Oc3ccc(-c4ccc(F)cc4)cc3)c2=O)cc1
/beegfs/home/m.romanov/thesis/benchmarking/datasets/USPTO/US07320977-20080122-C00201.png,O=c1c(Oc2ccc(-c3ccccc3O)cc2)c(-n2ccnc2)cnn1-c1ccc(Cl)cc1
/beegfs/home/m.romanov/thesis/benchmarking/datasets/USPTO/US07321027-20080122-C00051.png,CCN(CC)CNC(=O)c1ccc([123I])cc1
/beegfs/home/m.romanov/thesis/benchmarking/datasets/USPTO/US07321033-20080122-C00013.png,CCC(C)[C@H](N)C(=O)OC[C@H]1O[C@@H](n2c(=O)sc3c(O)nc(N)nc32)[C@H](O)[C@@H]1O
/beegfs/home/m.romanov/thesis/benchmarking/datasets/USPTO/US07321033-20080122-C00014.png,CC(C)(C)[C@H](N)C(=O)OC[C@H]1O[C@@H](n2c(=O)sc3c(O)nc(N)nc32)[C@H](O)[C@@H]1O
/beegfs/home/m.romanov/thesis/benchmarking/datasets/USPTO/US07321033-20080122-C00015.png,CN[C@H](C(=O)OC[C@H]1O[C@@H](n2c(=O)sc3c(O)nc(N)nc32)[C@H](O)[C@@H]1O)C(C)C
/beegfs/home/m.romanov/thesis/benchmarking/datasets/USPTO/US07321033-20080122-C00019.png,CNc1nc(N)nc2c1sc(=O)n2[C@@H]1O[C@H](CO)[C@@H](O)[C@H]1O
/beegfs/home/m.romanov/thesis/benchmarking/datasets/USPTO/US07321033-20080122-C00020.png,CN(C)c1nc(N)nc2c1sc(=O)n2[C@@H]1O[C@H](CO)[C@@H](O)[C@H]1O
/beegfs/home/m.romanov/thesis/benchmarking/datasets/USPTO/US07321033-20080122-C00021.png,Nc1nc(NC2CC2)c2sc(=O)n([C@@H]3O[C@H](CO)[C@@H](O)[C@H]3O)c2n1
/beegfs/home/m.romanov/thesis/benchmarking/datasets/USPTO/US07321033-20080122-C00023.png,Nc1nc(N2CCCC2)c2sc(=O)n([C@@H]3O[C@H](CO)[C@@H](O)[C@H]3O)c2n1
/beegfs/home/m.romanov/thesis/benchmarking/datasets/USPTO/US07321033-20080122-C00037.png,CC(C)Oc1nc(N)nc2c1sc(=O)n2[C@@H]1O[C@H](CO)[C@@H](O)[C@H]1O
/beegfs/home/m.romanov/thesis/benchmarking/datasets/USPTO/US07321033-20080122-C00038.png,CCOc1nc(N)nc2c1sc(=O)n2[C@@H]1O[C@H](CO)[C@@H](O)[C@H]1O
/beegfs/home/m.romanov/thesis/benchmarking/datasets/USPTO/US07321033-20080122-C00039.png,Nc1nc(OCc2ccccc2)c2sc(=O)n([C@@H]3O[C@H](CO)[C@@H](O)[C@H]3O)c2n1
/beegfs/home/m.romanov/thesis/benchmarking/datasets/USPTO/US07321033-20080122-C00040.png,COc1ccc(COc2nc(N)nc3c2sc(=O)n3[C@@H]2O[C@H](CO)[C@@H](O)[C@H]2O)cc1
/beegfs/home/m.romanov/thesis/benchmarking/datasets/USPTO/US07321033-20080122-C00041.png,C=CCOc1nc(N)nc2c1sc(=O)n2[C@@H]1O[C@H](CO)[C@@H](O)[C@H]1O
/beegfs/home/m.romanov/thesis/benchmarking/datasets/USPTO/US07321033-20080122-C00042.png,CC(C)=CCOc1nc(N)nc2c1sc(=O)n2[C@@H]1O[C@H](CO)[C@@H](O)[C@H]1O
/beegfs/home/m.romanov/thesis/benchmarking/datasets/USPTO/US07321033-20080122-C00043.png,C#CCOc1nc(N)nc2c1sc(=O)n2[C@@H]1O[C@H](CO)[C@@H](O)[C@H]1O
/beegfs/home/m.romanov/thesis/benchmarking/datasets/USPTO/US07321033-20080122-C00044.png,COC(=O)COc1nc(N)nc2c1sc(=O)n2[C@@H]1O[C@H](CO)[C@@H](O)[C@H]1O
/beegfs/home/m.romanov/thesis/benchmarking/datasets/USPTO/US07321033-20080122-C00045.png,COC(=O)C(C)Oc1nc(N)nc2c1sc(=O)n2[C@@H]1O[C@H](CO)[C@@H](O)[C@H]1O
/beegfs/home/m.romanov/thesis/benchmarking/datasets/USPTO/US07321033-20080122-C00047.png,CCCOc1nc(N)nc2c1sc(=O)n2[C@@H]1O[C@H](CO)[C@@H](O)[C@H]1O
/beegfs/home/m.romanov/thesis/benchmarking/datasets/USPTO/US07321033-20080122-C00048.png,CCCCOc1nc(N)nc2c1sc(=O)n2[C@@H]1O[C@H](CO)[C@@H](O)[C@H]1O
/beegfs/home/m.romanov/thesis/benchmarking/datasets/USPTO/US07321033-20080122-C00049.png,Nc1nc(OCc2ccc(F)cc2)c2sc(=O)n([C@@H]3O[C@H](CO)[C@@H](O)[C@H]3O)c2n1
/beegfs/home/m.romanov/thesis/benchmarking/datasets/USPTO/US07321033-20080122-C00050.png,Nc1nc(OCCCO)c2sc(=O)n([C@@H]3O[C@H](CO)[C@@H](O)[C@H]3O)c2n1
/beegfs/home/m.romanov/thesis/benchmarking/datasets/USPTO/US07321033-20080122-C00051.png,Nc1nc(OCCCCO)c2sc(=O)n([C@@H]3O[C@H](CO)[C@@H](O)[C@H]3O)c2n1
/beegfs/home/m.romanov/thesis/benchmarking/datasets/USPTO/US07321033-20080122-C00052.png,CCOC(=O)N(CC)COc1nc(N)nc2c1sc(=O)n2[C@@H]1O[C@H](CO)[C@@H](O)[C@H]1O
/beegfs/home/m.romanov/thesis/benchmarking/datasets/USPTO/US07321033-20080122-C00053.png,CCOC(=O)N(C)COc1nc(N)nc2c1sc(=O)n2[C@@H]1O[C@H](CO)[C@@H](O)[C@H]1O
/beegfs/home/m.romanov/thesis/benchmarking/datasets/USPTO/US07321033-20080122-C00054.png,Nc1nc(OCC2CC2)c2sc(=O)n([C@@H]3O[C@H](CO)[C@@H](O)[C@H]3O)c2n1
/beegfs/home/m.romanov/thesis/benchmarking/datasets/USPTO/US07321033-20080122-C00055.png,Nc1nc(OC/C=C/c2ccccc2)c2sc(=O)n([C@@H]3O[C@H](CO)[C@@H](O)[C@H]3O)c2n1
/beegfs/home/m.romanov/thesis/benchmarking/datasets/USPTO/US07321033-20080122-C00056.png,CC(=O)OC[C@H]1O[C@@H](n2c(=O)sc3c(OCc4oc(=O)oc4C)nc(N)nc32)[C@H](OC(C)=O)[C@@H]1OC(C)=O
/beegfs/home/m.romanov/thesis/benchmarking/datasets/USPTO/US07321033-20080122-C00057.png,CCOC(=O)NCOc1nc(N)nc2c1sc(=O)n2[C@@H]1O[C@H](CO)[C@@H](O)[C@H]1O
/beegfs/home/m.romanov/thesis/benchmarking/datasets/USPTO/US07321033-20080122-C00058.png,Cc1oc(=O)oc1COc1nc(N)nc2c1sc(=O)n2[C@@H]1O[C@H](CO)[C@@H](O)[C@H]1O
/beegfs/home/m.romanov/thesis/benchmarking/datasets/USPTO/US07321033-20080122-C00059.png,CC(C)(C)OC(=O)CCCOc1nc(N)nc2c1sc(=O)n2[C@@H]1O[C@H](CO)[C@@H](O)[C@H]1O
/beegfs/home/m.romanov/thesis/benchmarking/datasets/USPTO/US07321033-20080122-C00060.png,CC(=O)OCCCCOc1nc(N)nc2c1sc(=O)n2[C@@H]1O[C@H](CO)[C@@H](O)[C@H]1O
/beegfs/home/m.romanov/thesis/benchmarking/datasets/USPTO/US07321033-20080122-C00061.png,CC(=O)OCCCOc1nc(N)nc2c1sc(=O)n2[C@@H]1O[C@H](CO)[C@@H](O)[C@H]1O
/beegfs/home/m.romanov/thesis/benchmarking/datasets/USPTO/US07321033-20080122-C00064.png,CC(=O)O[C@@H]1[C@H](OC(C)=O)[C@@H](CO)O[C@H]1n1c(=O)sc2c(O)nc(N)nc21
/beegfs/home/m.romanov/thesis/benchmarking/datasets/USPTO/US07321033-20080122-C00065.png,CC(=O)O[C@@H]1[C@H](OC(C)=O)[C@@H](COC(=O)C(C)(C)C)O[C@H]1n1c(=O)sc2c(O)nc(N)nc21
/beegfs/home/m.romanov/thesis/benchmarking/datasets/USPTO/US07321033-20080122-C00066.png,CCCCCCCCCCCC(=O)OC[C@H]1O[C@@H](n2c(=O)sc3c(O)nc(N)nc32)[C@H](OC(C)=O)[C@@H]1OC(C)=O
/beegfs/home/m.romanov/thesis/benchmarking/datasets/USPTO/US07321033-20080122-C00067.png,CCCC(=O)OC[C@H]1O[C@@H](n2c(=O)sc3c(O)nc(N)nc32)[C@H](OC(=O)CCC)[C@@H]1OC(=O)CCC
/beegfs/home/m.romanov/thesis/benchmarking/datasets/USPTO/US07321033-20080122-C00069.png,CC(=O)O[C@@H]1[C@H](OC(C)=O)[C@@H](COC(=O)[C@@H](N)C(C)C)O[C@H]1n1c(=O)sc2c(O)nc(N)nc21
/beegfs/home/m.romanov/thesis/benchmarking/datasets/USPTO/US07321033-20080122-C00071.png,CC(C)[C@H](N)C(=O)OC[C@H]1O[C@@H](n2c(=O)sc3c(O)nc(N)nc32)[C@@H]2OC(=O)O[C@@H]21
/beegfs/home/m.romanov/thesis/benchmarking/datasets/USPTO/US07321033-20080122-C00072.png,CC(C)[C@H](N)C(=O)N[C@H](C(=O)OC[C@H]1O[C@@H](n2c(=O)sc3c(O)nc(N)nc32)[C@H](O)[C@@H]1O)C(C)C
/beegfs/home/m.romanov/thesis/benchmarking/datasets/USPTO/US07321033-20080122-C00073.png,CC(C)[C@H](NC(=O)[C@@H](N)Cc1ccccc1)C(=O)OC[C@H]1O[C@@H](n2c(=O)sc3c(O)nc(N)nc32)[C@H](O)[C@@H]1O
/beegfs/home/m.romanov/thesis/benchmarking/datasets/USPTO/US07321033-20080122-C00074.png,CCCCCCCC(=O)OC[C@H]1O[C@@H](n2c(=O)sc3c(O)nc(N)nc32)[C@H](O)[C@@H]1O
/beegfs/home/m.romanov/thesis/benchmarking/datasets/USPTO/US07321033-20080122-C00075.png,CC(=O)OC[C@H]1O[C@@H](n2c(=O)sc3c(OS(=O)(=O)c4ccc(C)cc4)nc(N)nc32)[C@H](OC(C)=O)[C@@H]1OC(C)=O
/beegfs/home/m.romanov/thesis/benchmarking/datasets/USPTO/US07321038-20080122-C00003.png,C=Cc1ccc(P(c2ccccc2)c2ccccc2)cc1
/beegfs/home/m.romanov/thesis/benchmarking/datasets/USPTO/US07321039-20080122-C00017.png,CN1C2C[C@H](OC(=O)C(O)(c3cccs3)c3cccs3)C[C@H]1[C@H]1OC21
/beegfs/home/m.romanov/thesis/benchmarking/datasets/USPTO/US07321040-20080122-C00011.png,Clc1ccccc1-c1nnc2ccc(Cc3ccccc3)cn12
/beegfs/home/m.romanov/thesis/benchmarking/datasets/USPTO/US07321040-20080122-C00012.png,Cc1ccc(C(O)c2ccc3nnc(-c4ccccc4Cl)n3c2)cc1
/beegfs/home/m.romanov/thesis/benchmarking/datasets/USPTO/US07321040-20080122-C00013.png,CC(C)c1nnc2ccc(Cc3ccc(F)cc3)cn12
/beegfs/home/m.romanov/thesis/benchmarking/datasets/USPTO/US07321040-20080122-C00014.png,CC(C)c1nnc2ccc(Cc3ccccc3)cn12
/beegfs/home/m.romanov/thesis/benchmarking/datasets/USPTO/US07321040-20080122-C00015.png,Cc1cccc(C(O)c2ccc3nnc(C(C)C)n3c2)c1
/beegfs/home/m.romanov/thesis/benchmarking/datasets/USPTO/US07321040-20080122-C00016.png,Cc1cc(C(O)c2ccc3nnc(C(C)C)n3c2)ccc1F
/beegfs/home/m.romanov/thesis/benchmarking/datasets/USPTO/US07321040-20080122-C00017.png,Cc1cccc(Cc2ccc3nnc(C(C)C)n3c2)c1
/beegfs/home/m.romanov/thesis/benchmarking/datasets/USPTO/US07321040-20080122-C00018.png,Cc1cccc(C(O)c2ccc3nnc(-c4ccccc4Cl)n3c2)c1
/beegfs/home/m.romanov/thesis/benchmarking/datasets/USPTO/US07321040-20080122-C00019.png,Cc1cccc(Cc2ccc3nnc(-c4ccccc4Cl)n3c2)c1
/beegfs/home/m.romanov/thesis/benchmarking/datasets/USPTO/US07321040-20080122-C00020.png,Cc1cccc(C(O)c2ccc3nnc(-c4ccccc4)n3c2)c1
/beegfs/home/m.romanov/thesis/benchmarking/datasets/USPTO/US07321040-20080122-C00021.png,Cc1cccc(Cc2ccc3nnc(-c4ccccc4)n3c2)c1
/beegfs/home/m.romanov/thesis/benchmarking/datasets/USPTO/US07321040-20080122-C00022.png,Cc1ccc(Cc2ccc3nnc(-c4ccccc4Cl)n3c2)cc1
/beegfs/home/m.romanov/thesis/benchmarking/datasets/USPTO/US07321040-20080122-C00023.png,Cc1ccccc1C(O)c1ccc2nnc(-c3ccccc3Cl)n2c1
/beegfs/home/m.romanov/thesis/benchmarking/datasets/USPTO/US07321040-20080122-C00024.png,CC(C)c1nnc2ccc(Sc3ccccc3)cn12
/beegfs/home/m.romanov/thesis/benchmarking/datasets/USPTO/US07321040-20080122-C00025.png,CC(C)c1nnc2ccc(Sc3cccc(F)c3)cn12
/beegfs/home/m.romanov/thesis/benchmarking/datasets/USPTO/US07321040-20080122-C00026.png,CC(C)c1nnc2ccc(Sc3ccc(Cl)cc3)cn12
/beegfs/home/m.romanov/thesis/benchmarking/datasets/USPTO/US07321040-20080122-C00031.png,CCc1nnc2ccc(Sc3ccccc3)cn12
/beegfs/home/m.romanov/thesis/benchmarking/datasets/USPTO/US07321040-20080122-C00050.png,CC(C)c1nnc2ccc(Sc3ccccc3CO)cn12
/beegfs/home/m.romanov/thesis/benchmarking/datasets/USPTO/US07321040-20080122-C00051.png,CCNC(=O)NCc1ccccc1Sc1ccc2nnc(C(C)C)n2c1
/beegfs/home/m.romanov/thesis/benchmarking/datasets/USPTO/US07321040-20080122-C00052.png,CCNC(=O)OCc1ccccc1Sc1ccc2nnc(C(C)C)n2c1
/beegfs/home/m.romanov/thesis/benchmarking/datasets/USPTO/US07321040-20080122-C00053.png,CCN(C)C(=O)NCc1ccccc1Sc1ccc2nnc(C(C)C)n2c1
/beegfs/home/m.romanov/thesis/benchmarking/datasets/USPTO/US07321040-20080122-C00054.png,CC(=O)NCc1ccccc1Sc1ccc2nnc(C(C)C)n2c1
/beegfs/home/m.romanov/thesis/benchmarking/datasets/USPTO/US07321040-20080122-C00055.png,Cc1cc(NC(=O)NCc2ccccc2Sc2ccc3nnc(C(C)C)n3c2)n(C)n1
/beegfs/home/m.romanov/thesis/benchmarking/datasets/USPTO/US07321040-20080122-C00056.png,CC(C)C(=O)NCc1ccccc1Sc1ccc2nnc(C(C)C)n2c1
/beegfs/home/m.romanov/thesis/benchmarking/datasets/USPTO/US07321040-20080122-C00057.png,CCOC(=O)NCc1ccccc1Sc1ccc2nnc(C(C)C)n2c1
/beegfs/home/m.romanov/thesis/benchmarking/datasets/USPTO/US07321040-20080122-C00058.png,C=CCNC(=O)NCc1ccccc1Sc1ccc2nnc(C(C)C)n2c1
/beegfs/home/m.romanov/thesis/benchmarking/datasets/USPTO/US07321040-20080122-C00059.png,CC(C)NC(=O)NCc1ccccc1Sc1ccc2nnc(C(C)C)n2c1
/beegfs/home/m.romanov/thesis/benchmarking/datasets/USPTO/US07321040-20080122-C00060.png,CNC(=O)NCc1ccccc1Sc1ccc2nnc(C(C)C)n2c1
/beegfs/home/m.romanov/thesis/benchmarking/datasets/USPTO/US07321040-20080122-C00061.png,CC(C)c1nnc2ccc(Sc3ccccc3CNC(N)=O)cn12
/beegfs/home/m.romanov/thesis/benchmarking/datasets/USPTO/US07321040-20080122-C00062.png,COCC(=O)NCc1ccccc1Sc1ccc2nnc(C(C)C)n2c1
/beegfs/home/m.romanov/thesis/benchmarking/datasets/USPTO/US07321040-20080122-C00063.png,CC(C)c1nnc2ccc(Sc3ccccc3CNC(=O)Nc3cc(C(C)(C)C)nn3C)cn12
/beegfs/home/m.romanov/thesis/benchmarking/datasets/USPTO/US07321040-20080122-C00064.png,CCCC(=O)NCc1ccccc1Sc1ccc2nnc(C(C)C)n2c1
/beegfs/home/m.romanov/thesis/benchmarking/datasets/USPTO/US07321040-20080122-C00065.png,CCC(C)NC(=O)NCc1ccccc1Sc1ccc2nnc(C(C)C)n2c1
/beegfs/home/m.romanov/thesis/benchmarking/datasets/USPTO/US07321040-20080122-C00066.png,CC(C)c1nnc2ccc(Sc3ccccc3CNC(=O)Nc3ccccc3)cn12
/beegfs/home/m.romanov/thesis/benchmarking/datasets/USPTO/US07321040-20080122-C00067.png,CCOC(=O)OCc1ccccc1Sc1ccc2nnc(C(C)C)n2c1
/beegfs/home/m.romanov/thesis/benchmarking/datasets/USPTO/US07321040-20080122-C00068.png,CC(C)c1nnc2ccc(Sc3ccccc3CNC(=O)c3ccccc3)cn12
/beegfs/home/m.romanov/thesis/benchmarking/datasets/USPTO/US07321040-20080122-C00069.png,OCc1ccccc1Sc1ccc2nnc(C3CCC3)n2c1
/beegfs/home/m.romanov/thesis/benchmarking/datasets/USPTO/US07321040-20080122-C00070.png,CC(C)(C)c1nnc2ccc(Sc3ccccc3CO)cn12
/beegfs/home/m.romanov/thesis/benchmarking/datasets/USPTO/US07321040-20080122-C00071.png,CCNC(=O)OCc1ccccc1Sc1ccc2nnc(C(C)(C)C)n2c1
/beegfs/home/m.romanov/thesis/benchmarking/datasets/USPTO/US07321040-20080122-C00072.png,CCNC(=O)OCc1ccccc1Sc1ccc2nnc(C3CCC3)n2c1
/beegfs/home/m.romanov/thesis/benchmarking/datasets/USPTO/US07321040-20080122-C00073.png,CC(C)c1nnc2ccc(Sc3ccccc3CNC(=O)NCC#N)cn12
/beegfs/home/m.romanov/thesis/benchmarking/datasets/USPTO/US07321040-20080122-C00075.png,CCOC(=O)NCc1ccccc1Sc1ccc2nncn2c1
/beegfs/home/m.romanov/thesis/benchmarking/datasets/USPTO/US07321040-20080122-C00076.png,Cc1ccccc1Sc1ccc2nnc(C(C)C)n2c1
/beegfs/home/m.romanov/thesis/benchmarking/datasets/USPTO/US07321040-20080122-C00077.png,CCNC(=O)OCc1ccccc1[S+]([O-])c1ccc2nnc(C(C)(C)C)n2c1
/beegfs/home/m.romanov/thesis/benchmarking/datasets/USPTO/US07321040-20080122-C00078.png,CC(C)c1nnc2ccc(Sc3ccccc3CNC(=O)NCc3ccco3)cn12
/beegfs/home/m.romanov/thesis/benchmarking/datasets/USPTO/US07321040-20080122-C00079.png,Cn1nc(C(C)(C)C)cc1NC(=O)NCc1ccccc1Sc1ccc2nncn2c1
/beegfs/home/m.romanov/thesis/benchmarking/datasets/USPTO/US07321040-20080122-C00080.png,CC(C)c1nnc2ccc(Sc3ccc(F)cc3CO)cn12
/beegfs/home/m.romanov/thesis/benchmarking/datasets/USPTO/US07321040-20080122-C00081.png,CC(C)c1nnc2ccc(Sc3ccccc3CNC(=O)Nc3nc4ccccc4[nH]3)cn12
/beegfs/home/m.romanov/thesis/benchmarking/datasets/USPTO/US07321040-20080122-C00082.png,CC(C)c1nnc2ccc(Sc3ccccc3CNC(=O)NCc3ccccc3)cn12
/beegfs/home/m.romanov/thesis/benchmarking/datasets/USPTO/US07321040-20080122-C00083.png,COCCCNC(=O)NCc1ccccc1Sc1ccc2nnc(C(C)C)n2c1
/beegfs/home/m.romanov/thesis/benchmarking/datasets/USPTO/US07321040-20080122-C00084.png,CC(C)c1nnc2ccc(Sc3ccccc3CNC(=O)Nc3cc(C(C)(C)C)on3)cn12
/beegfs/home/m.romanov/thesis/benchmarking/datasets/USPTO/US07321040-20080122-C00085.png,CC(C)c1nnc2ccc(Sc3ccccc3CNC(=O)NCC3CCC(C#N)CC3)cn12
/beegfs/home/m.romanov/thesis/benchmarking/datasets/USPTO/US07321040-20080122-C00086.png,CC(C)c1nnc2ccc(Sc3ccccc3CNC(=O)NCCc3ccccn3)cn12
/beegfs/home/m.romanov/thesis/benchmarking/datasets/USPTO/US07321040-20080122-C00087.png,CC(C)c1nnc2ccc(Sc3ccccc3CNC(=O)Nc3ccn[nH]3)cn12
/beegfs/home/m.romanov/thesis/benchmarking/datasets/USPTO/US07321040-20080122-C00088.png,CC(C)c1nnc2ccc(Sc3ccccc3C=O)cn12
/beegfs/home/m.romanov/thesis/benchmarking/datasets/USPTO/US07321040-20080122-C00089.png,CC(C)c1nnc2ccc(Sc3ccccc3CNC(=O)NCCc3cnc[nH]3)cn12
/beegfs/home/m.romanov/thesis/benchmarking/datasets/USPTO/US07321040-20080122-C00090.png,CC(C)c1nnc2ccc(Sc3ccccc3CNC(=O)NC(C)c3ccccc3)cn12
/beegfs/home/m.romanov/thesis/benchmarking/datasets/USPTO/US07321040-20080122-C00091.png,CC(C)c1nnc2ccc(Sc3ccccc3C(C)O)cn12
/beegfs/home/m.romanov/thesis/benchmarking/datasets/USPTO/US07321040-20080122-C00092.png,CC(O)CNC(=O)NCc1ccccc1Sc1ccc2nnc(C(C)C)n2c1
/beegfs/home/m.romanov/thesis/benchmarking/datasets/USPTO/US07321040-20080122-C00093.png,CCOC(=O)/C=C/c1ccccc1Sc1ccc2nnc(C(C)C)n2c1
/beegfs/home/m.romanov/thesis/benchmarking/datasets/USPTO/US07321040-20080122-C00094.png,CCNC(=O)OCc1cc(F)ccc1Sc1ccc2nnc(C(C)C)n2c1
/beegfs/home/m.romanov/thesis/benchmarking/datasets/USPTO/US07321040-20080122-C00095.png,CC(C)(C)c1nnc2ccc(Sc3ccccc3CNc3cc[nH]n3)cn12
/beegfs/home/m.romanov/thesis/benchmarking/datasets/USPTO/US07321040-20080122-C00096.png,CC(C)(C)c1nnc2ccc(Sc3ccccc3CNc3ccon3)cn12
/beegfs/home/m.romanov/thesis/benchmarking/datasets/USPTO/US07321040-20080122-C00097.png,CC(C)c1nnc2ccc(Sc3cccc(F)c3CO)cn12
/beegfs/home/m.romanov/thesis/benchmarking/datasets/USPTO/US07321040-20080122-C00098.png,CCNC(=O)OCc1c(F)cccc1Sc1ccc2nnc(C(C)C)n2c1
/beegfs/home/m.romanov/thesis/benchmarking/datasets/USPTO/US07321040-20080122-C00100.png,CC(C)c1nnc2ccc(Sc3ccccc3/C=C/C(=O)O)cn12
/beegfs/home/m.romanov/thesis/benchmarking/datasets/USPTO/US07321040-20080122-C00103.png,CCNC(=O)/C=C/c1ccccc1Sc1ccc2nnc(C(C)C)n2c1
/beegfs/home/m.romanov/thesis/benchmarking/datasets/USPTO/US07321040-20080122-C00104.png,CCCC#CC(O)c1ccccc1Sc1ccc2nnc(C(C)C)n2c1
/beegfs/home/m.romanov/thesis/benchmarking/datasets/USPTO/US07321040-20080122-C00106.png,CCCC#CC(=O)c1ccccc1Sc1ccc2nnc(C(C)C)n2c1
/beegfs/home/m.romanov/thesis/benchmarking/datasets/USPTO/US07321040-20080122-C00107.png,CCCC1C=C(c2ccccc2Sc2ccc3nnc(C(C)C)n3c2)NN1
/beegfs/home/m.romanov/thesis/benchmarking/datasets/USPTO/US07321040-20080122-C00108.png,CCc1nnc(NCc2ccccc2Sc2ccc3nnc(C(C)(C)C)n3n2)s1
/beegfs/home/m.romanov/thesis/benchmarking/datasets/USPTO/US07321040-20080122-C00109.png,CCCc1cc(-c2ccccc2Sc2ccc3nnc(C(C)C)n3c2)on1
/beegfs/home/m.romanov/thesis/benchmarking/datasets/USPTO/US07321040-20080122-C00111.png,CC#CC(O)c1ccccc1Sc1ccc2nnc(C(C)C)n2c1
/beegfs/home/m.romanov/thesis/benchmarking/datasets/USPTO/US07321040-20080122-C00112.png,C=CCC(O)c1ccccc1Sc1ccc2nnc(C(C)C)n2c1
/beegfs/home/m.romanov/thesis/benchmarking/datasets/USPTO/US07321040-20080122-C00113.png,CCC(=O)NCc1ccccc1Sc1ccc2nnc(C(C)C)n2c1
/beegfs/home/m.romanov/thesis/benchmarking/datasets/USPTO/US07321040-20080122-C00114.png,CC(C)c1nnc2ccc(Sc3ccccc3/C=C/CN)cn12
/beegfs/home/m.romanov/thesis/benchmarking/datasets/USPTO/US07321040-20080122-C00115.png,CC(=O)NC/C=C/c1ccccc1Sc1ccc2nnc(C(C)C)n2c1
/beegfs/home/m.romanov/thesis/benchmarking/datasets/USPTO/US07321040-20080122-C00116.png,CC(O)/C=C/c1ccccc1Sc1ccc2nnc(C(C)C)n2c1
/beegfs/home/m.romanov/thesis/benchmarking/datasets/USPTO/US07321040-20080122-C00117.png,CCC(O)/C=C/c1ccccc1Sc1ccc2nnc(C(C)C)n2c1
/beegfs/home/m.romanov/thesis/benchmarking/datasets/USPTO/US07321040-20080122-C00119.png,CC(C)c1nnc2ccc(Oc3ccc(F)cc3)cn12
/beegfs/home/m.romanov/thesis/benchmarking/datasets/USPTO/US07321040-20080122-C00122.png,CCNC(=O)OCc1ccccc1Oc1ccc2nnc(C(C)C)n2c1
/beegfs/home/m.romanov/thesis/benchmarking/datasets/USPTO/US07321044-20080122-C00015.png,COc1cccc(/C=C/C=O)c1
/beegfs/home/m.romanov/thesis/benchmarking/datasets/USPTO/US07321044-20080122-C00021.png,O=C(O)Cc1ccncc1
/beegfs/home/m.romanov/thesis/benchmarking/datasets/USPTO/US07321044-20080122-C00023.png,O=C(O)Cc1ccccn1
/beegfs/home/m.romanov/thesis/benchmarking/datasets/USPTO/US07321044-20080122-C00024.png,O=C(O)Cc1ccc(F)cc1
/beegfs/home/m.romanov/thesis/benchmarking/datasets/USPTO/US07321044-20080122-C00070.png,COc1cccc(/C=C/C=C(\C(=O)O)c2ccccc2)c1
/beegfs/home/m.romanov/thesis/benchmarking/datasets/USPTO/US07321045-20080122-C00047.png,NCCCOCCOCCOCCCNC(=O)OCc1ccccc1
/beegfs/home/m.romanov/thesis/benchmarking/datasets/USPTO/US07321045-20080122-C00061.png,COC(=O)[C@H](CNC(=O)c1ccc2c(cnn2CCCNc2nccn2C(c2ccccc2)(c2ccccc2)c2ccccc2)c1)NC(=O)OCc1ccccc1
/beegfs/home/m.romanov/thesis/benchmarking/datasets/USPTO/US07321045-20080122-C00062.png,O=C(N[C@@H](CNC(=O)c1ccc2c(cnn2CCCNc2nccn2C(c2ccccc2)(c2ccccc2)c2ccccc2)c1)C(=O)O)OCc1ccccc1
/beegfs/home/m.romanov/thesis/benchmarking/datasets/USPTO/US07321045-20080122-C00063.png,N[C@@H](CNC(=O)c1ccc2c(cnn2CCCNc2nccn2C(c2ccccc2)(c2ccccc2)c2ccccc2)c1)C(=O)O
/beegfs/home/m.romanov/thesis/benchmarking/datasets/USPTO/US07321045-20080122-C00064.png,O=C(NC[C@H](NC(=O)C(F)(F)F)C(=O)O)c1ccc2c(cnn2CCCNc2ncc[nH]2)c1
/beegfs/home/m.romanov/thesis/benchmarking/datasets/USPTO/US07321045-20080122-C00065.png,CC(C)(C)OC(=O)NCCCCCC(=O)N[C@@H](CNC(=O)c1ccc2c(cnn2CCCNc2ncc[nH]2)c1)C(=O)O
/beegfs/home/m.romanov/thesis/benchmarking/datasets/USPTO/US07321045-20080122-C00066.png,O=C(CCCCCNC(=O)C(F)(F)F)N[C@@H](CNC(=O)c1ccc2c(cnn2CCCNc2ncc[nH]2)c1)C(=O)O
/beegfs/home/m.romanov/thesis/benchmarking/datasets/USPTO/US07321045-20080122-C00068.png,O=C(NC[C@H](NC(=O)c1ccc(N/N=C/c2ccccc2S(=O)(=O)O)nc1)C(=O)O)c1ccc2c(cnn2CCCNc2ncc[nH]2)c1
/beegfs/home/m.romanov/thesis/benchmarking/datasets/USPTO/US07321045-20080122-C00071.png,NC(CCC(=O)NCCCC(=O)N[C@@H](CNC(=O)c1ccc2c(cnn2CCCNc2ncc[nH]2)c1)C(=O)O)C(=O)NCCCCCC(=O)N[C@@H](CNC(=O)c1ccc2c(cnn2CCCNc2ncc[nH]2)c1)C(=O)O
/beegfs/home/m.romanov/thesis/benchmarking/datasets/USPTO/US07321045-20080122-C00073.png,NC(CCC(=O)NC(CCC(=O)NCC(=O)N[C@@H](CNC(=O)c1ccc2c(cnn2CCCNc2ncc[nH]2)c1)C(=O)O)C(=O)NCC(=O)N[C@@H](CNC(=O)c1ccc2c(cnn2CCCNc2ncc[nH]2)c1)C(=O)O)C(=O)NC(CCC(=O)NCC(=O)N[C@@H](CNC(=O)c1ccc2c(cnn2CCCNc2ncc[nH]2)c1)C(=O)O)C(=O)NCC(=O)N[C@@H](CNC(=O)c1ccc2c(cnn2CCCNc2ncc[nH]2)c1)C(=O)O
/beegfs/home/m.romanov/thesis/benchmarking/datasets/USPTO/US07321045-20080122-C00074.png,O=C(O)CN1CCN(CC(=O)O)CCN(CC(=O)NCCCCCC(=O)N[C@@H](CNC(=O)c2ccc3c(cnn3CCCNc3ncc[nH]3)c2)C(=O)O)CCN(CC(=O)O)CC1
/beegfs/home/m.romanov/thesis/benchmarking/datasets/USPTO/US07321045-20080122-C00081.png,CCOC(=O)CCCOc1cc(C)cc(C)c1
/beegfs/home/m.romanov/thesis/benchmarking/datasets/USPTO/US07321045-20080122-C00082.png,Cc1cc(C)cc(OCCCC(=O)O)c1
/beegfs/home/m.romanov/thesis/benchmarking/datasets/USPTO/US07321045-20080122-C00083.png,Cc1cc(OCCCC(=O)O)cc(C)c1S(=O)(=O)Cl
/beegfs/home/m.romanov/thesis/benchmarking/datasets/USPTO/US07321045-20080122-C00085.png,COC(=O)C(CNC(=O)OC(C)(C)C)NS(=O)(=O)c1c(C)cc(OCCCC(=O)NCCCOCCOCCOCCCNC(=O)OCc2ccccc2)cc1C
/beegfs/home/m.romanov/thesis/benchmarking/datasets/USPTO/US07321045-20080122-C00086.png,COC(=O)C(CN)NS(=O)(=O)c1c(C)cc(OCCCC(=O)NCCCOCCOCCOCCCNC(=O)OCc2ccccc2)cc1C
/beegfs/home/m.romanov/thesis/benchmarking/datasets/USPTO/US07321045-20080122-C00088.png,Cc1cc(OCCCC(=O)NCCCOCCOCCOCCCNC(=O)[C@@H](CSOOO)NC(=O)OC(C)(C)C)cc(C)c1S(=O)(=O)N[C@@H](CNC(=O)c1ccc2c(cnn2CCCNc2ncc[nH]2)c1)C(=O)O.O=CC(F)(F)F
/beegfs/home/m.romanov/thesis/benchmarking/datasets/USPTO/US07321045-20080122-C00097.png,O=C(O)CN(CCN(CC(=O)O)CC(=O)O)CCN(CC(=O)O)CC(=O)NCCCCCC(=O)N[C@@H](CNC(=O)c1ccc2c(cnn2CCCNc2ncc[nH]2)c1)C(=O)O
/beegfs/home/m.romanov/thesis/benchmarking/datasets/USPTO/US07321045-20080122-C00098.png,CCC(=O)OC[C@H](COP(=O)(O)OCCNC(=O)CCC(=O)NCC(=O)N[C@@H](CNC(=O)c1ccc2c(cnn2CCCNc2ncc[nH]2)c1)C(=O)O)OC(=O)CC
/beegfs/home/m.romanov/thesis/benchmarking/datasets/USPTO/US07321045-20080122-C00101.png,Cc1cc(OCCCC(=O)NCCNC(=O)[C@H](CS(=O)(=O)O)NC(=O)CN2CCN(CC(=O)O)CCN(CC(=O)O)CCN(CC(=O)O)CC2)cc(C)c1S(=O)(=O)N[C@@H](CNC(=O)c1ccc2c(cnn2CCCNc2ncc[nH]2)c1)C(=O)O.O=C(O)C(F)(F)F.O=C(O)C(F)(F)F
/beegfs/home/m.romanov/thesis/benchmarking/datasets/USPTO/US07321045-20080122-C00102.png,COC(=O)[C@H](CNC(=O)OC(C)(C)C)NS(=O)(=O)c1c(C)cc(OCCCC(=O)NCCNC(=O)OCc2ccccc2)cc1C
/beegfs/home/m.romanov/thesis/benchmarking/datasets/USPTO/US07321045-20080122-C00103.png,COC(=O)[C@H](CN)NS(=O)(=O)c1c(C)cc(OCCCC(=O)NCCNC(=O)OCc2ccccc2)cc1C.O=C(O)C(F)(F)F
/beegfs/home/m.romanov/thesis/benchmarking/datasets/USPTO/US07321045-20080122-C00104.png,COC(=O)[C@H](CNC(=O)c1ccc2c(cnn2CCCNc2nccn2C(c2ccccc2)(c2ccccc2)c2ccccc2)c1)NS(=O)(=O)c1c(C)cc(OCCCC(=O)NCCNC(=O)OCc2ccccc2)cc1C
/beegfs/home/m.romanov/thesis/benchmarking/datasets/USPTO/US07321045-20080122-C00105.png,Cc1cc(OCCCC(=O)NCCN)cc(C)c1S(=O)(=O)N[C@@H](CNC(=O)c1ccc2c(cnn2CCCNc2ncc[nH]2)c1)C(=O)O
/beegfs/home/m.romanov/thesis/benchmarking/datasets/USPTO/US07321045-20080122-C00106.png,Cc1cc(OCCCC(=O)NCCNC(=O)[C@H](CS(=O)(=O)O)NC(=O)OC(C)(C)C)cc(C)c1S(=O)(=O)N[C@@H](CNC(=O)c1ccc2c(cnn2CCCNc2ncc[nH]2)c1)C(=O)O
/beegfs/home/m.romanov/thesis/benchmarking/datasets/USPTO/US07321045-20080122-C00107.png,Cc1cc(OCCCC(=O)NCCNC(=O)[C@@H](N)CS(=O)(=O)O)cc(C)c1S(=O)(=O)N[C@@H](CNC(=O)c1ccc2c(cnn2CCCNc2ncc[nH]2)c1)C(=O)O.O=C(O)C(F)(F)F
/beegfs/home/m.romanov/thesis/benchmarking/datasets/USPTO/US07321045-20080122-C00122.png,Cc1cc(OCCCC(=O)NCCNC(=O)C(CCC(=O)O)NC(=O)[C@H](CCC(=O)O)NC(=O)CN2CCN(CC(=O)O)CCN(CC(=O)O)CCN(CC(=O)O)CC2)cc(C)c1S(=O)(=O)N[C@@H](CNC(=O)c1ccc2c(cnn2CCCNc2ccccn2)c1)C(=O)O
/beegfs/home/m.romanov/thesis/benchmarking/datasets/USPTO/US07321045-20080122-C00124.png,COC(=O)[C@H](CNC(=O)c1ccc2c(cnn2CCCN(C(=O)OC(C)(C)C)c2ccccn2)c1)NS(=O)(=O)c1c(C)cc(OCCCC(=O)NCCN)cc1C
/beegfs/home/m.romanov/thesis/benchmarking/datasets/USPTO/US07321045-20080122-C00127.png,COC(=O)[C@H](CNC(=O)c1ccc2c(cnn2CCCN(C(=O)OC(C)(C)C)c2ccccn2)c1)NS(=O)(=O)c1c(C)cc(OCCCC(=O)NCCNC(=O)C(CCC(=O)OC(C)(C)C)NC(=O)[C@@H](N)CCC(=O)OC(C)(C)C)cc1C
/beegfs/home/m.romanov/thesis/benchmarking/datasets/USPTO/US07321045-20080122-C00128.png,COC(=O)[C@H](CNC(=O)c1ccc2c(cnn2CCCNc2ccccn2)c1)NS(=O)(=O)c1c(C)cc(OCCCC(=O)NCCNC(=O)C(CCC(=O)OC(C)(C)C)NC(=O)[C@H](CCC(=O)OC(C)(C)C)NC(=O)CN2CCN(CC(=O)OC(C)(C)C)CCN(CC(=O)OC(C)(C)C)CCN(CC(=O)OC(C)(C)C)CC2)cc1C
/beegfs/home/m.romanov/thesis/benchmarking/datasets/USPTO/US07321045-20080122-C00132.png,CC(C)(C)OC(=O)CC[C@H](NC(=O)OCc1ccccc1)C(=O)N[C@@H](CCC(=O)OC(C)(C)C)C(=O)Oc1c(F)c(F)cc(F)c1F
/beegfs/home/m.romanov/thesis/benchmarking/datasets/USPTO/US07321045-20080122-C00133.png,Cc1cc(OCCCC(=O)NCCNC(=O)C(CCC(=O)OC(C)(C)C)NC(=O)[C@H](CCC(=O)OC(C)(C)C)NC(=O)OCc2ccccc2)cc(C)c1S(=O)(=O)N[C@@H](CNC(=O)c1ccc2c(cnn2CCCNc2ncc[nH]2)c1)C(=O)O
/beegfs/home/m.romanov/thesis/benchmarking/datasets/USPTO/US07321045-20080122-C00134.png,Cc1cc(OCCCC(=O)NCCNC(=O)C(CCC(=O)OC(C)(C)C)NC(=O)[C@@H](N)CCC(=O)OC(C)(C)C)cc(C)c1S(=O)(=O)N[C@@H](CNC(=O)c1ccc2c(cnn2CCCNc2ncc[nH]2)c1)C(=O)O
/beegfs/home/m.romanov/thesis/benchmarking/datasets/USPTO/US07321045-20080122-C00135.png,Cc1cc(OCCCC(=O)NCCNC(=O)C(CCC(=O)OC(C)(C)C)NC(=O)[C@H](CCC(=O)OC(C)(C)C)NC(=O)CN2CCN(CC(=O)OC(C)(C)C)CCN(CC(=O)OC(C)(C)C)CCN(CC(=O)OC(C)(C)C)CC2)cc(C)c1S(=O)(=O)N[C@@H](CNC(=O)c1ccc2c(cnn2CCCNc2ncc[nH]2)c1)C(=O)O
/beegfs/home/m.romanov/thesis/benchmarking/datasets/USPTO/US07321045-20080122-C00138.png,Cc1cc(OCCCC(=O)NCCNC(=O)CCC(NC(=O)OC(C)(C)C)C(=O)NCCNC(=O)CCCOc2cc(C)c(S(=O)(=O)N[C@H](CNC(=O)c3ccc4c(cnn4CCCNc4ncc[nH]4)c3)C(=O)O)c(C)c2)cc(C)c1S(=O)(=O)N[C@@H](CNC(=O)c1ccc2c(cnn2CCCNc2ncc[nH]2)c1)C(=O)O
/beegfs/home/m.romanov/thesis/benchmarking/datasets/USPTO/US07321045-20080122-C00139.png,Cc1cc(OCCCC(=O)NCCNC(=O)CCC(NC(=O)[C@H](CCC(=O)OC(C)(C)C)NC(=O)[C@@H](CCC(=O)OC(C)(C)C)NC(=O)OCc2ccccc2)C(=O)NCCNC(=O)CCCOc2cc(C)c(S(=O)(=O)N[C@H](CNC(=O)c3ccc4c(cnn4CCCNc4ncc[nH]4)c3)C(=O)O)c(C)c2)cc(C)c1S(=O)(=O)N[C@@H](CNC(=O)c1ccc2c(cnn2CCCNc2ncc[nH]2)c1)C(=O)O
/beegfs/home/m.romanov/thesis/benchmarking/datasets/USPTO/US07321045-20080122-C00140.png,Cc1cc(OCCCC(=O)NCCNC(=O)CCC(NC(=O)[C@H](CCC(=O)O)NC(=O)[C@@H](CCC(=O)O)NC(=O)CCCCCNC(=O)OC(C)(C)C)C(=O)NCCNC(=O)CCCOc2cc(C)c(S(=O)(=O)N[C@H](CNC(=O)c3ccc4c(cnn4CCCNc4ncc[nH]4)c3)C(=O)O)c(C)c2)cc(C)c1S(=O)(=O)N[C@@H](CNC(=O)c1ccc2c(cnn2CCCNc2ncc[nH]2)c1)C(=O)O
/beegfs/home/m.romanov/thesis/benchmarking/datasets/USPTO/US07321045-20080122-C00141.png,Cc1cc(OCCCC(=O)NCCNC(=O)CCC(NC(=O)[C@H](CCC(=O)O)NC(=O)[C@@H](CCC(=O)O)NC(=O)CCCCCN)C(=O)NCCNC(=O)CCCOc2cc(C)c(S(=O)(=O)N[C@H](CNC(=O)c3ccc4c(cnn4CCCNc4ncc[nH]4)c3)C(=O)O)c(C)c2)cc(C)c1S(=O)(=O)N[C@@H](CNC(=O)c1ccc2c(cnn2CCCNc2ncc[nH]2)c1)C(=O)O
/beegfs/home/m.romanov/thesis/benchmarking/datasets/USPTO/US07321045-20080122-C00142.png,CC(C)(C)OC(=O)CN1CCN(CC(=O)Oc2c(F)c(F)cc(F)c2F)CCN(CC(=O)OC(C)(C)C)CCN(CC(=O)OC(C)(C)C)CC1
/beegfs/home/m.romanov/thesis/benchmarking/datasets/USPTO/US07321045-20080122-C00146.png,CCOC(=O)c1ccc2c(cnn2CCCNc2ccccn2)c1
/beegfs/home/m.romanov/thesis/benchmarking/datasets/USPTO/US07321045-20080122-C00147.png,O=C(O)c1ccc2c(cnn2CCCNc2ncccn2)c1
/beegfs/home/m.romanov/thesis/benchmarking/datasets/USPTO/US07321045-20080122-C00148.png,COC(=O)[C@H](CNC(=O)c1ccc2c(cnn2CCCNc2ncccn2)c1)NS(=O)(=O)c1c(C)cc(OCCCC(=O)NCCNC(=O)OCc2ccccc2)cc1C
/beegfs/home/m.romanov/thesis/benchmarking/datasets/USPTO/US07321045-20080122-C00149.png,COC(=O)[C@H](CNC(=O)c1ccc2c(cnn2CCCNC2=CCCCN2)c1)NS(=O)(=O)c1c(C)cc(OCCCC(=O)NCCN)cc1C
/beegfs/home/m.romanov/thesis/benchmarking/datasets/USPTO/US07321045-20080122-C00150.png,COC(=O)[C@H](CNC(=O)c1ccc2c(cnn2CCCNC2=NCCCN2)c1)NS(=O)(=O)c1c(C)cc(OCCCC(=O)NCCNC(=O)C(CCC(=O)OC(C)(C)C)NC(=O)OCc2ccccc2)cc1C
/beegfs/home/m.romanov/thesis/benchmarking/datasets/USPTO/US07321045-20080122-C00151.png,COC(=O)[C@H](CNC(=O)c1ccc2c(cnn2CCCNC2=NCCCN2)c1)NS(=O)(=O)c1c(C)cc(OCCCC(=O)NCCNC(=O)C(N)CCC(=O)OC(C)(C)C)cc1C
/beegfs/home/m.romanov/thesis/benchmarking/datasets/USPTO/US07321045-20080122-C00152.png,COC(=O)[C@H](CNC(=O)c1ccc2c(cnn2CCCNC2=NCCCN2)c1)NS(=O)(=O)c1c(C)cc(OCCCC(=O)NCCNC(=O)C(CCC(=O)OC(C)(C)C)NC(=O)[C@H](CCC(=O)OC(C)(C)C)NC(=O)OCc2ccccc2)cc1C
/beegfs/home/m.romanov/thesis/benchmarking/datasets/USPTO/US07321045-20080122-C00153.png,COC(=O)[C@H](CNC(=O)c1ccc2c(cnn2CCCNC2=NCCCN2)c1)NS(=O)(=O)c1c(C)cc(OCCCC(=O)NCCNC(=O)C(CCC(=O)OC(C)(C)C)NC(=O)[C@@H](N)CCC(=O)OC(C)(C)C)cc1C
/beegfs/home/m.romanov/thesis/benchmarking/datasets/USPTO/US07321045-20080122-C00154.png,COC(=O)[C@H](CNC(=O)c1ccc2c(cnn2CCCNC2=NCCCN2)c1)NS(=O)(=O)c1c(C)cc(OCCCC(=O)NCCNC(=O)C(CCC(=O)OC(C)(C)C)NC(=O)[C@H](CCC(=O)OC(C)(C)C)NC(=O)CN2CCN(CC(=O)OC(C)(C)C)CCN(CC(=O)OC(C)(C)C)CCN(CC(=O)OC(C)(C)C)CC2)cc1C
/beegfs/home/m.romanov/thesis/benchmarking/datasets/USPTO/US07321045-20080122-C00157.png,COC(=O)[C@H](CNC(=O)c1ccc2c(CCCNc3ccccn3)nn(C)c2c1)NS(=O)(=O)c1c(C)cc(OCCCC(=O)NCCNC(=O)OCc2ccccc2)cc1C
/beegfs/home/m.romanov/thesis/benchmarking/datasets/USPTO/US07321045-20080122-C00158.png,COC(=O)[C@H](CNC(=O)c1ccc2c(CCCNC3=NCCCC3)nn(C)c2c1)NS(=O)(=O)c1c(C)cc(OCCCC(=O)NCCN)cc1C
/beegfs/home/m.romanov/thesis/benchmarking/datasets/USPTO/US07321045-20080122-C00159.png,COC(=O)[C@H](CNC(=O)c1ccc2c(CCCNC3=NCCCC3)nn(C)c2c1)NS(=O)(=O)c1c(C)cc(OCCCC(=O)NCCNC(=O)[C@H](CCC(=O)OC(C)(C)C)NC(=O)OCc2ccccc2)cc1C
/beegfs/home/m.romanov/thesis/benchmarking/datasets/USPTO/US07321045-20080122-C00160.png,COC(=O)[C@H](CNC(=O)c1ccc2c(CCCNC3=NCCCC3)nn(C)c2c1)NS(=O)(=O)c1c(C)cc(OCCCC(=O)NCCNC(=O)[C@H](CCC(=O)OC(C)(C)C)NC(=O)[C@H](CCC(=O)OC(C)(C)C)NC(=O)OCc2ccccc2)cc1C
/beegfs/home/m.romanov/thesis/benchmarking/datasets/USPTO/US07321045-20080122-C00161.png,COC(=O)[C@H](CNC(=O)c1ccc2c(CCCNC3=NCCCC3)nn(C)c2c1)NS(=O)(=O)c1c(C)cc(OCCCC(=O)NCCNC(=O)[C@H](CCC(=O)OC(C)(C)C)NC(=O)[C@H](CCC(=O)OC(C)(C)C)NC(=O)CN2CCN(CC(=O)OC(C)(C)C)CCN(CC(=O)OC(C)(C)C)CCN(CC(=O)OC(C)(C)C)CC2)cc1C
/beegfs/home/m.romanov/thesis/benchmarking/datasets/USPTO/US07321045-20080122-C00165.png,CCOC(=O)c1ccc2c(cnn2CCN)c1
/beegfs/home/m.romanov/thesis/benchmarking/datasets/USPTO/US07321045-20080122-C00169.png,Cc1cc(OCCCC(=O)NCCN)cc(C)c1S(=O)(=O)N[C@@H](CNC(=O)c1ccc2c(cnn2CCNC2=NCCCC2)c1)C(=O)O
/beegfs/home/m.romanov/thesis/benchmarking/datasets/USPTO/US07321045-20080122-C00170.png,Cc1cc(OCCCC(=O)NCCNC(=O)[C@H](CCC(=O)OC(C)(C)C)NC(=O)OCc2ccccc2)cc(C)c1S(=O)(=O)N[C@@H](CNC(=O)c1ccc2c(cnn2CCNC2=NCCCC2)c1)C(=O)O
/beegfs/home/m.romanov/thesis/benchmarking/datasets/USPTO/US07321045-20080122-C00171.png,Cc1cc(OCCCC(=O)NCCNC(=O)[C@H](CCC(=O)OC(C)(C)C)NC(=O)[C@H](CCC(=O)OC(C)(C)C)NC(=O)OCc2ccccc2)cc(C)c1S(=O)(=O)N[C@@H](CNC(=O)c1ccc2c(cnn2CCNC2=NCCCC2)c1)C(=O)O
/beegfs/home/m.romanov/thesis/benchmarking/datasets/USPTO/US07321045-20080122-C00172.png,COC(=O)[C@H](CNC(=O)c1ccc2c(cnn2CCNC2=NCCCC2)c1)NS(=O)(=O)c1c(C)cc(OCCCC(=O)NCCNC(=O)[C@H](CCC(=O)OC(C)(C)C)NC(=O)[C@H](CCC(=O)OC(C)(C)C)NC(=O)CN2CCN(CC(=O)OC(C)(C)C)CCN(CC(=O)OC(C)(C)C)CCN(CC(=O)OC(C)(C)C)CC2)cc1C
/beegfs/home/m.romanov/thesis/benchmarking/datasets/USPTO/US07321045-20080122-C00175.png,CCOC(=O)c1ccc2nn(CCN)cc2c1
/beegfs/home/m.romanov/thesis/benchmarking/datasets/USPTO/US07321045-20080122-C00179.png,Cc1cc(OCCCC(=O)NCCN)cc(C)c1S(=O)(=O)N[C@@H](CNC(=O)c1ccc2nn(CCNC3=NCCCC3)cc2c1)C(=O)O
/beegfs/home/m.romanov/thesis/benchmarking/datasets/USPTO/US07321045-20080122-C00180.png,Cc1cc(OCCCC(=O)NCCNC(=O)CN2CCN(CC(=O)OC(C)(C)C)CCN(CC(=O)OC(C)(C)C)CCN(CC(=O)OC(C)(C)C)CC2)cc(C)c1S(=O)(=O)N[C@@H](CNC(=O)c1ccc2nn(CCNC3=NCCCC3)cc2c1)C(=O)O
/beegfs/home/m.romanov/thesis/benchmarking/datasets/USPTO/US07321045-20080122-C00185.png,COC(=O)[C@H](CNC(=O)c1ccc2c(cnn2CCNC2=NCCCC2)c1)NS(=O)(=O)c1ccc(-c2ccc(S(=O)(=O)NCCN)cc2)cc1
/beegfs/home/m.romanov/thesis/benchmarking/datasets/USPTO/US07321045-20080122-C00186.png,COC(=O)[C@H](CNC(=O)c1ccc2c(cnn2CCNC2=NCCCC2)c1)NS(=O)(=O)c1ccc(-c2ccc(S(=O)(=O)NCCNC(=O)[C@H](CCC(=O)OC(C)(C)C)NC(=O)OCc3ccccc3)cc2)cc1
/beegfs/home/m.romanov/thesis/benchmarking/datasets/USPTO/US07321045-20080122-C00187.png,COC(=O)[C@H](CNC(=O)c1ccc2c(cnn2CCNC2=NCCCC2)c1)NS(=O)(=O)c1ccc(-c2ccc(S(=O)(=O)NCCNC(=O)[C@H](CCC(=O)OC(C)(C)C)NC(=O)[C@H](CCC(=O)OC(C)(C)C)NC(=O)OCc3ccccc3)cc2)cc1
/beegfs/home/m.romanov/thesis/benchmarking/datasets/USPTO/US07321045-20080122-C00188.png,COC(=O)[C@H](CNC(=O)c1ccc2c(cnn2CCNC2=NCCCC2)c1)NS(=O)(=O)c1ccc(-c2ccc(S(=O)(=O)NCCNC(=O)[C@H](CCC(=O)OC(C)(C)C)NC(=O)[C@H](CCC(=O)OC(C)(C)C)NC(=O)CN3CCN(CC(=O)OC(C)(C)C)CCN(CC(=O)OC(C)(C)C)CCN(CC(=O)OC(C)(C)C)CC3)cc2)cc1
/beegfs/home/m.romanov/thesis/benchmarking/datasets/USPTO/US07321045-20080122-C00191.png,COC(=O)[C@H](CNC(=O)c1ccc2c(cnn2CCCNc2ncccn2)c1)NS(=O)(=O)c1ccc(-c2ccc(S(=O)(=O)NCCNC(=O)OCc3ccccc3)cc2)cc1
/beegfs/home/m.romanov/thesis/benchmarking/datasets/USPTO/US07321045-20080122-C00192.png,COC(=O)[C@H](CNC(=O)c1ccc2c(cnn2CCCNC2=NCCCN2)c1)NS(=O)(=O)c1ccc(-c2ccc(S(=O)(=O)NCCNC(=O)[C@H](CCC(=O)OC(C)(C)C)NC(=O)OCc3ccccc3)cc2)cc1
/beegfs/home/m.romanov/thesis/benchmarking/datasets/USPTO/US07321045-20080122-C00193.png,COC(=O)[C@H](CNC(=O)c1ccc2c(cnn2CCCNC2=NCCCN2)c1)NS(=O)(=O)c1ccc(-c2ccc(S(=O)(=O)NCCNC(=O)[C@H](CCC(=O)OC(C)(C)C)NC(=O)[C@H](CCC(=O)OC(C)(C)C)NC(=O)OCc3ccccc3)cc2)cc1
/beegfs/home/m.romanov/thesis/benchmarking/datasets/USPTO/US07321045-20080122-C00194.png,COC(=O)[C@H](CNC(=O)c1ccc2c(cnn2CCCNC2=NCCCN2)c1)NS(=O)(=O)c1ccc(-c2ccc(S(=O)(=O)NCCNC(=O)[C@H](CCC(=O)OC(C)(C)C)NC(=O)[C@H](CCC(=O)OC(C)(C)C)NC(=O)CN3CCN(CC(=O)OC(C)(C)C)CCN(CC(=O)OC(C)(C)C)CCN(CC(=O)OC(C)(C)C)CC3)cc2)cc1
/beegfs/home/m.romanov/thesis/benchmarking/datasets/USPTO/US07321045-20080122-C00197.png,COC(=O)c1ccc2c(C=O)nn(C)c2c1
/beegfs/home/m.romanov/thesis/benchmarking/datasets/USPTO/US07321045-20080122-C00198.png,COC(=O)c1ccc2c(CNc3nccn3C(c3ccccc3)(c3ccccc3)c3ccccc3)nn(C)c2c1
/beegfs/home/m.romanov/thesis/benchmarking/datasets/USPTO/US07321045-20080122-C00199.png,Cn1nc(CNc2nccn2C(c2ccccc2)(c2ccccc2)c2ccccc2)c2ccc(C(=O)O)cc21
/beegfs/home/m.romanov/thesis/benchmarking/datasets/USPTO/US07321045-20080122-C00200.png,COC(=O)[C@H](CNC(=O)c1ccc2c(CNc3nccn3C(c3ccccc3)(c3ccccc3)c3ccccc3)nn(C)c2c1)NS(=O)(=O)c1ccc(-c2ccc(S(=O)(=O)NCCNC(=O)OCc3ccccc3)cc2)cc1
/beegfs/home/m.romanov/thesis/benchmarking/datasets/USPTO/US07321045-20080122-C00201.png,COC(=O)[C@H](CNC(=O)c1ccc2c(CNc3nccn3C(c3ccccc3)(c3ccccc3)c3ccccc3)nn(C)c2c1)NS(=O)(=O)c1ccc(-c2ccc(S(=O)(=O)NCCN)cc2)cc1
/beegfs/home/m.romanov/thesis/benchmarking/datasets/USPTO/US07321045-20080122-C00202.png,COC(=O)[C@H](CNC(=O)c1ccc2c(CNc3nccn3C(c3ccccc3)(c3ccccc3)c3ccccc3)nn(C)c2c1)NS(=O)(=O)c1ccc(-c2ccc(S(=O)(=O)NCCNC(=O)CN3CCN(CC(=O)OC(C)(C)C)CCN(CC(=O)OC(C)(C)C)CCN(CC(=O)OC(C)(C)C)CC3)cc2)cc1
/beegfs/home/m.romanov/thesis/benchmarking/datasets/USPTO/US07321045-20080122-C00204.png,Cc1cc(C)c(S(=O)(=O)NC(CNC(=O)c2cc(OCCCNC(=O)c3ccc(N/N=C/c4ccccc4S(=O)(=O)O)nc3)c3c(cnn3CCCNc3ncc[nH]3)c2)C(=O)O)c(C)c1
/beegfs/home/m.romanov/thesis/benchmarking/datasets/USPTO/US07321045-20080122-C00207.png,Cc1cc(C)c(S(=O)(=O)NC(CNC(=O)c2cc(OCCCN)c3c(cnn3CCCNc3ncc[nH]3)c2)C(=O)O)c(C)c1
/beegfs/home/m.romanov/thesis/benchmarking/datasets/USPTO/US07321045-20080122-C00208.png,Cc1cc(C)c(S(=O)(=O)NC(CNC(=O)c2cc(OCCCNC(=O)CN3CCN(CC(=O)O)CCN(CC(=O)O)CCN(CC(=O)O)CC3)c3c(cnn3CCCNc3ncc[nH]3)c2)C(=O)O)c(C)c1
/beegfs/home/m.romanov/thesis/benchmarking/datasets/USPTO/US07321046-20080122-C00005.png,C=C/C=C\[C@H](C)[C@@H]1OC(=O)/C=C\C=C\[C@@H](C)[C@@H](O)C[C@H](O)/C=C\[C@H](C)[C@H](O)[C@@H](C)C[C@@H](C)CC[C@@H](O)[C@@H]1C
/beegfs/home/m.romanov/thesis/benchmarking/datasets/USPTO/US07321047-20080122-C00005.png,CCCCCc1cc(OC(=O)Nc2cc([N+](=O)[O-])cc([N+](=O)[O-])c2)c2c(c1)OC(C)(C)[C@@H]1CCC(C)=CC21
/beegfs/home/m.romanov/thesis/benchmarking/datasets/USPTO/US07321054-20080122-C00009.png,Cc1cc(C(=O)c2ccc(O)c(C)c2)ccc1O
/beegfs/home/m.romanov/thesis/benchmarking/datasets/USPTO/US07321054-20080122-C00010.png,Oc1ccc(C(c2ccc(O)c(CN3CCOCC3)c2)c2ccc(O)c(CN3CCOCC3)c2)cc1CN1CCOCC1
/beegfs/home/m.romanov/thesis/benchmarking/datasets/USPTO/US07321054-20080122-C00011.png,Cc1cc(C(c2ccc(O)c(C)c2)c2ccc(O)c(C)c2)ccc1O
/beegfs/home/m.romanov/thesis/benchmarking/datasets/USPTO/US07321063-20080122-C00020.png,Cc1cccc(C(F)(F)F)c1
/beegfs/home/m.romanov/thesis/benchmarking/datasets/USPTO/US07321063-20080122-C00032.png,Cc1cccc(C(=O)O)c1
/beegfs/home/m.romanov/thesis/benchmarking/datasets/USPTO/US07321063-20080122-C00118.png,CC(=O)OCCN1CCCC1=O
/beegfs/home/m.romanov/thesis/benchmarking/datasets/USPTO/US07321063-20080122-C00127.png,CC(=O)NCc1ccccc1
/beegfs/home/m.romanov/thesis/benchmarking/datasets/USPTO/US07321063-20080122-C00148.png,CC(=O)[C@@H]1CC(=O)NC(=O)N1
/beegfs/home/m.romanov/thesis/benchmarking/datasets/USPTO/US07321063-20080122-C00151.png,CC(=O)C(=O)NC(C)(C)C
/beegfs/home/m.romanov/thesis/benchmarking/datasets/USPTO/US07321063-20080122-C00193.png,CC(=O)c1cc(C(C)(C)C)nn1Cc1ccccc1
/beegfs/home/m.romanov/thesis/benchmarking/datasets/USPTO/US07321063-20080122-C00196.png,CC(=O)O[C@@H](C)c1ccccc1
/beegfs/home/m.romanov/thesis/benchmarking/datasets/USPTO/US07321063-20080122-C00199.png,CC(=O)COc1ccccc1
/beegfs/home/m.romanov/thesis/benchmarking/datasets/USPTO/US07321063-20080122-C00205.png,CC(=O)O[C@H](C)c1ccccc1
/beegfs/home/m.romanov/thesis/benchmarking/datasets/USPTO/US07321063-20080122-C00229.png,CC(=O)C(NC(N)=O)NC(N)=O
/beegfs/home/m.romanov/thesis/benchmarking/datasets/USPTO/US07321063-20080122-C00260.png,CCc1ccc(N(C)C)cc1
/beegfs/home/m.romanov/thesis/benchmarking/datasets/USPTO/US07321063-20080122-C00316.png,CC(=O)Nc1ccc(COC(C)=O)cc1
/beegfs/home/m.romanov/thesis/benchmarking/datasets/USPTO/US07321063-20080122-C00398.png,COc1ccc(C)cc1OC
/beegfs/home/m.romanov/thesis/benchmarking/datasets/USPTO/US07321063-20080122-C00453.png,CC(=O)OCc1ccc[nH+]c1.[Cl-]
/beegfs/home/m.romanov/thesis/benchmarking/datasets/USPTO/US07321063-20080122-C00513.png,CC(=O)OCc1ccncc1
/beegfs/home/m.romanov/thesis/benchmarking/datasets/USPTO/US07321063-20080122-C00516.png,CC(=O)OCCc1ccccc1
/beegfs/home/m.romanov/thesis/benchmarking/datasets/USPTO/US07321063-20080122-C00542.png,Cc1ccc([N+](=O)[O-])cc1[N+](=O)[O-]
/beegfs/home/m.romanov/thesis/benchmarking/datasets/USPTO/US07321063-20080122-C00548.png,Cc1ccc(OCc2ccccc2)cc1
/beegfs/home/m.romanov/thesis/benchmarking/datasets/USPTO/US07321063-20080122-C00554.png,Cc1ccc2c(c1)OCO2
/beegfs/home/m.romanov/thesis/benchmarking/datasets/USPTO/US07321063-20080122-C00555.png,COc1ccc(COC(C)=O)cc1
/beegfs/home/m.romanov/thesis/benchmarking/datasets/USPTO/US07321063-20080122-C00558.png,COc1cccc(COC(C)=O)c1
/beegfs/home/m.romanov/thesis/benchmarking/datasets/USPTO/US07321063-20080122-C00561.png,COc1ccccc1COC(C)=O
/beegfs/home/m.romanov/thesis/benchmarking/datasets/USPTO/US07321063-20080122-C00566.png,Cc1ccc2c(c1)CCO2
/beegfs/home/m.romanov/thesis/benchmarking/datasets/USPTO/US07321063-20080122-C00576.png,CC(=O)O[C@@H]1CCN(C(=O)OC(C)(C)C)C1
/beegfs/home/m.romanov/thesis/benchmarking/datasets/USPTO/US07321063-20080122-C00585.png,CC(=O)C[C@H]1CNC(=O)C1
/beegfs/home/m.romanov/thesis/benchmarking/datasets/USPTO/US07321063-20080122-C00615.png,CC(=O)C1CNCCC1C
/beegfs/home/m.romanov/thesis/benchmarking/datasets/USPTO/US07321063-20080122-C00633.png,CC(=O)c1cnc2ccccc2n1
/beegfs/home/m.romanov/thesis/benchmarking/datasets/USPTO/US07321065-20080122-C00053.png,CC(C)(C)OC(=O)NCCc1ccc(Oc2ccc(O)cc2)cc1
/beegfs/home/m.romanov/thesis/benchmarking/datasets/USPTO/US07321065-20080122-C00054.png,CC(C)(C)OC(=O)NCCc1ccc(Oc2ccc(O)cc2)c(I)c1
/beegfs/home/m.romanov/thesis/benchmarking/datasets/USPTO/US07321065-20080122-C00055.png,CC(C)(C)OC(=O)NCCc1cc(I)c(Oc2ccc(O)cc2)c(I)c1
/beegfs/home/m.romanov/thesis/benchmarking/datasets/USPTO/US07321065-20080122-C00057.png,CC(C)(C)OC(=O)NCCc1ccc(Oc2ccc(O)c(I)c2)c(I)c1
/beegfs/home/m.romanov/thesis/benchmarking/datasets/USPTO/US07321065-20080122-C00058.png,CC(C)(C)OC(=O)NCCc1ccc(Oc2cc(I)c(O)c(I)c2)c(I)c1
/beegfs/home/m.romanov/thesis/benchmarking/datasets/USPTO/US07321065-20080122-C00059.png,CC(C)(C)OC(=O)NCCc1cc(I)c(Oc2ccc(O)c(I)c2)c(I)c1
/beegfs/home/m.romanov/thesis/benchmarking/datasets/USPTO/US07321065-20080122-C00060.png,CC(C)(C)OC(=O)NCCc1cc(I)c(Oc2cc(I)c(O)c(I)c2)c(I)c1
/beegfs/home/m.romanov/thesis/benchmarking/datasets/USPTO/US07321065-20080122-C00072.png,CC(C)(C)OC(=O)NCCc1ccc(OCc2ccccc2)cc1
/beegfs/home/m.romanov/thesis/benchmarking/datasets/USPTO/US07321065-20080122-C00073.png,CC(C)(C)OC(=O)NCCc1ccc(OCc2ccccc2)c(I)c1
/beegfs/home/m.romanov/thesis/benchmarking/datasets/USPTO/US07321065-20080122-C00075.png,CC(C)(C)OC(=O)NCCc1ccc(OCc2ccc(F)cc2)cc1
/beegfs/home/m.romanov/thesis/benchmarking/datasets/USPTO/US07321065-20080122-C00076.png,COc1cccc(COc2ccc(CCNC(=O)OC(C)(C)C)cc2)c1
/beegfs/home/m.romanov/thesis/benchmarking/datasets/USPTO/US07321065-20080122-C00078.png,Cc1cc(C)cc(COc2ccc(CCNC(=O)OC(C)(C)C)cc2)c1
/beegfs/home/m.romanov/thesis/benchmarking/datasets/USPTO/US07321065-20080122-C00086.png,CN(CCc1ccc(OCc2ccccc2)cc1)C(=O)OC(C)(C)C
/beegfs/home/m.romanov/thesis/benchmarking/datasets/USPTO/US07321065-20080122-C00087.png,CN(CCc1ccc(OCc2ccccc2)c(I)c1)C(=O)OC(C)(C)C
/beegfs/home/m.romanov/thesis/benchmarking/datasets/USPTO/US07321065-20080122-C00088.png,CCN(CCc1ccc(OCc2ccccc2)cc1)C(=O)OC(C)(C)C
/beegfs/home/m.romanov/thesis/benchmarking/datasets/USPTO/US07321065-20080122-C00089.png,CCCN(CCc1ccc(OCc2ccccc2)cc1)C(=O)OC(C)(C)C
/beegfs/home/m.romanov/thesis/benchmarking/datasets/USPTO/US07321065-20080122-C00090.png,CCCCN(CCc1ccc(OCc2ccccc2)cc1)C(=O)OC(C)(C)C
/beegfs/home/m.romanov/thesis/benchmarking/datasets/USPTO/US07321065-20080122-C00091.png,CC(C)(C)OC(=O)N(CCc1ccc(OCc2ccccc2)cc1)Cc1ccccc1
/beegfs/home/m.romanov/thesis/benchmarking/datasets/USPTO/US07321065-20080122-C00094.png,CCNCCc1ccc(OCc2ccccc2)cc1.Cl
/beegfs/home/m.romanov/thesis/benchmarking/datasets/USPTO/US07321065-20080122-C00103.png,CC(C)(C)OC(=O)NCCc1ccc(OCCCc2ccccc2)cc1
/beegfs/home/m.romanov/thesis/benchmarking/datasets/USPTO/US07321065-20080122-C00104.png,CC(C)(C)OC(=O)NCCc1ccc(OCCCCc2ccccc2)cc1
/beegfs/home/m.romanov/thesis/benchmarking/datasets/USPTO/US07321065-20080122-C00105.png,CC(C)(C)OC(=O)NCCc1ccc(OCC(=O)c2ccccc2)cc1
/beegfs/home/m.romanov/thesis/benchmarking/datasets/USPTO/US07321065-20080122-C00106.png,COc1cc(COc2ccc(CCNC(=O)OC(C)(C)C)cc2)cc(OC)c1
/beegfs/home/m.romanov/thesis/benchmarking/datasets/USPTO/US07321065-20080122-C00124.png,CC(C)(C)OC(=O)NCCCOc1ccc(Oc2ccccc2)cc1
/beegfs/home/m.romanov/thesis/benchmarking/datasets/USPTO/US07321065-20080122-C00125.png,CC(C)(C)OC(=O)NCCCOc1cccc(Oc2ccccc2)c1
/beegfs/home/m.romanov/thesis/benchmarking/datasets/USPTO/US07321065-20080122-C00133.png,COc1cc(Oc2ccccc2)ccc1C(=O)O
/beegfs/home/m.romanov/thesis/benchmarking/datasets/USPTO/US07321065-20080122-C00134.png,CC(C)(C)OC(=O)NCCNC(=O)c1ccc(Oc2ccccc2)cc1
/beegfs/home/m.romanov/thesis/benchmarking/datasets/USPTO/US07321065-20080122-C00135.png,CC(C)(C)OC(=O)NCCCNC(=O)c1ccc(Oc2ccccc2)cc1
/beegfs/home/m.romanov/thesis/benchmarking/datasets/USPTO/US07321065-20080122-C00136.png,CC(C)(C)OC(=O)NCCCCNC(=O)c1ccc(Oc2ccccc2)cc1
/beegfs/home/m.romanov/thesis/benchmarking/datasets/USPTO/US07321065-20080122-C00137.png,CC(C)(C)OC(=O)NCCCCCNC(=O)c1ccc(Oc2ccccc2)cc1
/beegfs/home/m.romanov/thesis/benchmarking/datasets/USPTO/US07321065-20080122-C00138.png,COc1cc(Oc2ccccc2)ccc1C(=O)NCCNC(=O)OC(C)(C)C
/beegfs/home/m.romanov/thesis/benchmarking/datasets/USPTO/US07321065-20080122-C00139.png,COc1cc(Oc2ccccc2)ccc1C(=O)NCCCNC(=O)OC(C)(C)C
/beegfs/home/m.romanov/thesis/benchmarking/datasets/USPTO/US07321065-20080122-C00140.png,COc1cc(Oc2ccccc2)ccc1C(=O)NCCCCNC(=O)OC(C)(C)C
/beegfs/home/m.romanov/thesis/benchmarking/datasets/USPTO/US07321065-20080122-C00141.png,COc1cc(Oc2ccccc2)ccc1C(=O)NCCCCCNC(=O)OC(C)(C)C
/beegfs/home/m.romanov/thesis/benchmarking/datasets/USPTO/US07321065-20080122-C00158.png,OC(c1ccccc1)c1ccc(Oc2ccccc2)cc1
/beegfs/home/m.romanov/thesis/benchmarking/datasets/USPTO/US07321065-20080122-C00159.png,OC(c1ccccc1)c1cccc(Oc2ccccc2)c1
/beegfs/home/m.romanov/thesis/benchmarking/datasets/USPTO/US07321065-20080122-C00160.png,N#CC(c1ccccc1)c1ccc(Oc2ccccc2)cc1
/beegfs/home/m.romanov/thesis/benchmarking/datasets/USPTO/US07321065-20080122-C00161.png,N#CC(c1ccccc1)c1cccc(Oc2ccccc2)c1
/beegfs/home/m.romanov/thesis/benchmarking/datasets/USPTO/US07321065-20080122-C00165.png,OCc1ccc(Oc2ccccc2)c2ccccc12
/beegfs/home/m.romanov/thesis/benchmarking/datasets/USPTO/US07321068-20080122-C00001.png,C1CC2C3CCC(C3)C2C1
/beegfs/home/m.romanov/thesis/benchmarking/datasets/USPTO/US07322965-20080129-C00003.png,O=C([C@H](O)CO)N1CC=C(c2c(F)cc(N3C[C@@H](COc4ccon4)OC3=O)cc2F)CC1
/beegfs/home/m.romanov/thesis/benchmarking/datasets/USPTO/US07323044-20080129-C00005.png,CCCCCC/C=C/C=C/CCCCCCCC(=O)OCC(COC(=O)CCCCCCC/C=C/C=C/CCCCCC)OC(=O)CCCCCCC/C=C/C=C/CCCCCC
/beegfs/home/m.romanov/thesis/benchmarking/datasets/USPTO/US07323045-20080129-C00036.png,Cc1ccc2nc(C)sc2c1
/beegfs/home/m.romanov/thesis/benchmarking/datasets/USPTO/US07323045-20080129-C00057.png,Cc1nc2cc([N+](=O)[O-])ccc2s1
/beegfs/home/m.romanov/thesis/benchmarking/datasets/USPTO/US07323045-20080129-C00062.png,Cc1nc2ccc(S(=O)(=O)Nc3cc(C(=O)O)cc(C(=O)O)c3)cc2s1
/beegfs/home/m.romanov/thesis/benchmarking/datasets/USPTO/US07323101-20080129-C00001.png,Cc1ccc2c(c1)CN1CN2Cc2cc(C)ccc21
/beegfs/home/m.romanov/thesis/benchmarking/datasets/USPTO/US07323101-20080129-C00002.png,c1ccc(C2OC2c2ccccc2)cc1
/beegfs/home/m.romanov/thesis/benchmarking/datasets/USPTO/US07323101-20080129-C00003.png,O=C(c1ccccc1)C(O)c1ccccc1
/beegfs/home/m.romanov/thesis/benchmarking/datasets/USPTO/US07323101-20080129-C00004.png,OC(CP)c1ccccc1
/beegfs/home/m.romanov/thesis/benchmarking/datasets/USPTO/US07323101-20080129-C00005.png,O=C1CCCCC1c1ccccc1
/beegfs/home/m.romanov/thesis/benchmarking/datasets/USPTO/US07323101-20080129-C00006.png,OC(c1c2ccccc2cc2ccccc12)C(F)(F)F
/beegfs/home/m.romanov/thesis/benchmarking/datasets/USPTO/US07323101-20080129-C00007.png,O=C1CC(c2ccccc2)Oc2ccccc21
/beegfs/home/m.romanov/thesis/benchmarking/datasets/USPTO/US07323101-20080129-C00008.png,Cc1cccc(O)c1-c1c(C)cccc1O
/beegfs/home/m.romanov/thesis/benchmarking/datasets/USPTO/US07323119-20080129-C00002.png,CCCCCCCCCCCCCCCCCCOP1OCC2(COP(C)OC2)CO1
/beegfs/home/m.romanov/thesis/benchmarking/datasets/USPTO/US07323225-20080129-C00001.png,CCN(CC)C1=CC2OC3=CC(=O)C4=C(CC=CC4)C3N=C2C=C1
/beegfs/home/m.romanov/thesis/benchmarking/datasets/USPTO/US07323286-20080129-C00100.png,CCC1C2CC(CC(O)(C(F)(F)F)C(F)(F)F)C(C2)C1CCC(C)(C(=O)OC(C)(C)C)C(F)(F)F
/beegfs/home/m.romanov/thesis/benchmarking/datasets/USPTO/US07323286-20080129-C00101.png,CCC1C2CC(CC(O)(C(F)(F)F)C(F)(F)F)C(C2)C1CCC(C)(C(=O)OC1(C)C2CC3CC(C2)CC1C3)C(F)(F)F
/beegfs/home/m.romanov/thesis/benchmarking/datasets/USPTO/US07323286-20080129-C00103.png,CCOCOC(CC1CC2CC1C(C)C2CC1C(CC)C2CC(CC(O)(C(F)(F)F)C(F)(F)F)C1C2)(C(F)(F)F)C(F)(F)F
/beegfs/home/m.romanov/thesis/benchmarking/datasets/USPTO/US07323286-20080129-C00104.png,CCC1C2CC(C1CC1C3CC(CC(O)(C(F)(F)F)C(F)(F)F)C(C3)C1C)C(C(=O)OC(C)(C)C)(C(F)(F)F)C2
/beegfs/home/m.romanov/thesis/benchmarking/datasets/USPTO/US07323286-20080129-C00105.png,CCC1C2CC(C1CCC(C)(C)C#N)C(C(=O)OC(C)(C)C)(C(F)(F)F)C2
/beegfs/home/m.romanov/thesis/benchmarking/datasets/USPTO/US07323286-20080129-C00106.png,CCC1C2CC(C1CCC(C)(C(=O)OC)C(F)(F)F)C(C(=O)OC(C)(C)C)(C(F)(F)F)C2
/beegfs/home/m.romanov/thesis/benchmarking/datasets/USPTO/US07323286-20080129-C00108.png,CCC(CC(C)(C(=O)OC12CC3CC(CC(C3)C1)C2)C(F)(F)F)(C(=O)OC1(C)C2CC3CC(C2)CC1C3)C(F)(F)F
/beegfs/home/m.romanov/thesis/benchmarking/datasets/USPTO/US07323286-20080129-C00122.png,CC(C)(c1ccc(C(C)(c2cc(CO)c(O)c(CO)c2)c2cc(CO)c(O)c(CO)c2)cc1)c1cc(CO)c(O)c(CO)c1
/beegfs/home/m.romanov/thesis/benchmarking/datasets/USPTO/US07323286-20080129-C00123.png,COCc1cc(C(C)(C)c2ccc(C(C)(c3cc(COC)c(O)c(COC)c3)c3cc(COC)c(O)c(COC)c3)cc2)cc(COC)c1O
/beegfs/home/m.romanov/thesis/benchmarking/datasets/USPTO/US07323286-20080129-C00125.png,COCc1cc(C(C)(C)c2cc(C(C)(C)c3cc(COC)c(O)c(COC)c3)cc(C(C)(C)c3cc(COC)c(O)c(COC)c3)c2)cc(COC)c1O
/beegfs/home/m.romanov/thesis/benchmarking/datasets/USPTO/US07323286-20080129-C00126.png,COCN(COC)c1nc(N(COC)C(C)=O)nc(N(COC)C(C)=O)n1
/beegfs/home/m.romanov/thesis/benchmarking/datasets/USPTO/US07323286-20080129-C00127.png,COCN1C(=O)N(COC)C(OC)C1OC
/beegfs/home/m.romanov/thesis/benchmarking/datasets/USPTO/US07323294-20080129-C00004.png,CCCCCCCCCCCCCCCCCCNc1cccc(O)c1
/beegfs/home/m.romanov/thesis/benchmarking/datasets/USPTO/US07323294-20080129-C00005.png,CCCCCCCCCCCCCCCCCCNC(=O)c1cc(O)cc(O)c1
/beegfs/home/m.romanov/thesis/benchmarking/datasets/USPTO/US07323444-20080129-C00001.png,C/C=C1\NC(=O)[C@H](Cc2ccccc2)NC(=O)[C@@H](C(C)C)NC(=O)[C@@H](C(C)CC)NC(=O)[C@H](NC(=O)[C@H](NC(=O)[C@H](CCCN)NC(=O)[C@H]2CCCN2C(=O)[C@H](NC(=O)[C@@H](NC(=O)C(NC(=O)[C@H](NC(=O)CCCC(C)C)C(C)C)[C@@H](C)O)C(C)C)C(C)C)C(C)CC)C(C)OC(=O)[C@H](C(C)C)NC1=O.[2H-].[2H-]
/beegfs/home/m.romanov/thesis/benchmarking/datasets/USPTO/US07323447-20080129-C00035.png,C=C[C@H]1C[C@@]1(NC(=O)OC(C)(C)C)C(=O)O
/beegfs/home/m.romanov/thesis/benchmarking/datasets/USPTO/US07323447-20080129-C00037.png,C.C.C.C.C.C#C.C#CC.C#CC#CC.C#CC#CC#C.C#CC#CC#CC.C#CC#CC#CC#CC.C#CC#CC#CC#CC#C.C#CC#CC#CC#CC#CC.C#CC#CC#CC#CC#CC#CC.CC#CC.CC#CC#CC#CC.CC#CC#CC#CC#CC#CC.N
/beegfs/home/m.romanov/thesis/benchmarking/datasets/USPTO/US07323447-20080129-C00040.png,CC(C)(C)OC(=O)NC1(C(=O)O)CC1
/beegfs/home/m.romanov/thesis/benchmarking/datasets/USPTO/US07323447-20080129-C00041.png,COC(=O)C1(NCl)CCC1
/beegfs/home/m.romanov/thesis/benchmarking/datasets/USPTO/US07323447-20080129-C00056.png,CC(C)(C)NS(=O)(=O)C1(Cc2ccccc2)CC1
/beegfs/home/m.romanov/thesis/benchmarking/datasets/USPTO/US07323447-20080129-C00058.png,CCCC1(S(N)(=O)=O)CC1
/beegfs/home/m.romanov/thesis/benchmarking/datasets/USPTO/US07323447-20080129-C00060.png,C=CCC1(S(=O)(=O)NC(C)(C)C)CC1
/beegfs/home/m.romanov/thesis/benchmarking/datasets/USPTO/US07323447-20080129-C00063.png,CC(C)(C)NS(=O)(=O)C1(C2(O)CCCCC2)CC1
/beegfs/home/m.romanov/thesis/benchmarking/datasets/USPTO/US07323447-20080129-C00066.png,CC(C)(C)NS(=O)(=O)C1(C(=O)c2ccccc2)CC1
/beegfs/home/m.romanov/thesis/benchmarking/datasets/USPTO/US07323447-20080129-C00068.png,CC(C)(C)NS(=O)(=O)C1(C(=O)Nc2ccccc2)CC1
/beegfs/home/m.romanov/thesis/benchmarking/datasets/USPTO/US07323447-20080129-C00071.png,CC(C)(C)OC(=O)NS(=O)(=O)CCCCl
/beegfs/home/m.romanov/thesis/benchmarking/datasets/USPTO/US07323447-20080129-C00074.png,COCC1(S(=O)(=O)NC(=O)OC(C)(C)C)CC1
/beegfs/home/m.romanov/thesis/benchmarking/datasets/USPTO/US07323447-20080129-C00077.png,CC(C)(C)OC(=O)NS(=O)(=O)C1(CC2CC2)CC1
/beegfs/home/m.romanov/thesis/benchmarking/datasets/USPTO/US07323447-20080129-C00080.png,CCCNC(=O)C1(S(=O)(=O)NC(=O)OC(C)(C)C)CC1
/beegfs/home/m.romanov/thesis/benchmarking/datasets/USPTO/US07323447-20080129-C00083.png,Cc1noc(C)c1NC(=O)C1(S(=O)(=O)NC(=O)OC(C)(C)C)CC1
/beegfs/home/m.romanov/thesis/benchmarking/datasets/USPTO/US07323447-20080129-C00092.png,NS(=O)(=O)c1ccc(Br)cc1
/beegfs/home/m.romanov/thesis/benchmarking/datasets/USPTO/US07323447-20080129-C00098.png,C=C[C@@H]1C[C@]1(N)C(=O)NS(=O)(=O)N(C)CC
/beegfs/home/m.romanov/thesis/benchmarking/datasets/USPTO/US07323447-20080129-C00100.png,COc1ccc2c(Cl)cc(-c3ccccc3)nc2c1
/beegfs/home/m.romanov/thesis/benchmarking/datasets/USPTO/US07323447-20080129-C00103.png,CCOC(=O)C/N=C/c1ccccc1
/beegfs/home/m.romanov/thesis/benchmarking/datasets/USPTO/US07323447-20080129-C00104.png,C=CC1CC1(NC(=O)OC(C)(C)C)C(=O)OCC
/beegfs/home/m.romanov/thesis/benchmarking/datasets/USPTO/US07323447-20080129-C00119.png,C=C[C@@H]1C[C@]1(NC(=O)[C@@H]1C[C@@H](Oc2cc(-c3ccccc3)nc3cc(OC)ccc23)CN1C(=O)[C@@H](O)C(C)(C)C)C(=O)NS(=O)(=O)C1CC1
/beegfs/home/m.romanov/thesis/benchmarking/datasets/USPTO/US07323447-20080129-C00124.png,C=C[C@@H]1C[C@]1(NC(=O)[C@@H]1C[C@@H](Oc2cc(-c3ccccc3)nc3cc(OC)ccc23)CN1C(=O)[C@@H](OC(=O)Nc1ccc(OC)cc1)C(C)(C)C)C(=O)NS(=O)(=O)C1CC1
/beegfs/home/m.romanov/thesis/benchmarking/datasets/USPTO/US07323447-20080129-C00125.png,C=C[C@@H]1C[C@]1(NC(=O)[C@@H]1C[C@@H](Oc2cc(-c3ccccc3)nc3cc(OC)ccc23)CN1C(=O)[C@@H](OC(=O)Nc1ccc(OC)cc1C)C(C)(C)C)C(=O)NS(=O)(=O)C1CC1
/beegfs/home/m.romanov/thesis/benchmarking/datasets/USPTO/US07323447-20080129-C00126.png,C=C[C@@H]1C[C@]1(NC(=O)[C@@H]1C[C@@H](Oc2cc(-c3ccccc3)nc3cc(OC)ccc23)CN1C(=O)[C@@H](OC(=O)Nc1ccc(N(C)C)cc1)C(C)(C)C)C(=O)NS(=O)(=O)C1CC1
/beegfs/home/m.romanov/thesis/benchmarking/datasets/USPTO/US07323447-20080129-C00127.png,CC(C)(C)OC(=O)N1C[C@H](Oc2nccc3ccccc23)C[C@H]1C(=O)O
/beegfs/home/m.romanov/thesis/benchmarking/datasets/USPTO/US07323447-20080129-C00132.png,C=C[C@@H]1C[C@]1(NC(=O)[C@@H]1C[C@@H](Oc2nccc3ccccc23)CN1C(=O)OC(C)(C)C)C(=O)NS(=O)(=O)C1CC1
/beegfs/home/m.romanov/thesis/benchmarking/datasets/USPTO/US07323447-20080129-C00134.png,C=C[C@@H]1C[C@]1(NC(=O)[C@@H]1C[C@@H](Oc2nccc3ccccc23)CN1C(=O)[C@@H](O)C(C)(C)C)C(=O)NS(=O)(=O)C1CC1
/beegfs/home/m.romanov/thesis/benchmarking/datasets/USPTO/US07323447-20080129-C00140.png,C=C[C@@H]1C[C@]1(NC(=O)[C@@H]1C[C@@H](Oc2nccc3cc(OC)ccc23)CN1C(=O)[C@H](O)C(C)C)C(=O)NS(=O)(=O)C1CC1
/beegfs/home/m.romanov/thesis/benchmarking/datasets/USPTO/US07323447-20080129-C00141.png,C=C[C@@H]1C[C@]1(NC(=O)[C@@H]1C[C@@H](Oc2nccc3cc(OC)ccc23)CN1C(=O)[C@H](OC(=O)NC1CCCC1)C(C)C)C(=O)NS(=O)(=O)C1CC1
/beegfs/home/m.romanov/thesis/benchmarking/datasets/USPTO/US07323447-20080129-C00143.png,C=C[C@@H]1C[C@]1(NC(=O)[C@@H]1C[C@@H](Oc2cc(-c3cccs3)cc(-c3ccccc3)n2)CN1C(=O)[C@@H](OC(=O)NC(C)(C)C)C(C)C)C(=O)NS(=O)(=O)C1CC1
/beegfs/home/m.romanov/thesis/benchmarking/datasets/USPTO/US07323447-20080129-C00166.png,Cc1ccc2c(Cl)cc(-c3ccccc3)nc2n1
/beegfs/home/m.romanov/thesis/benchmarking/datasets/USPTO/US07323447-20080129-C00184.png,COc1ccccc1-c1ccc2onc(C)c2[n+]1[O-]
/beegfs/home/m.romanov/thesis/benchmarking/datasets/USPTO/US07323447-20080129-C00189.png,Cc1ccc2c(Cl)cc(C(F)(F)F)nc2n1
/beegfs/home/m.romanov/thesis/benchmarking/datasets/USPTO/US07323447-20080129-C00191.png,CCc1cc(Cl)c2onc(C)c2n1
/beegfs/home/m.romanov/thesis/benchmarking/datasets/USPTO/US07323447-20080129-C00197.png,COc1cc2nc(C3CC3)nc(O)c2cc1OC
/beegfs/home/m.romanov/thesis/benchmarking/datasets/USPTO/US07323447-20080129-C00199.png,COC(=O)[C@@H]1C[C@@H](Oc2nc(C3CC3)nc3cc(OC)c(OC)cc23)CN1C(=O)OC(C)(C)C
/beegfs/home/m.romanov/thesis/benchmarking/datasets/USPTO/US07323447-20080129-C00201.png,COc1ccc2nc(C)nc(O)c2c1
/beegfs/home/m.romanov/thesis/benchmarking/datasets/USPTO/US07323447-20080129-C00203.png,COC(=O)[C@@H]1C[C@@H](Oc2nc(C)nc3cc(OC)c(OC)cc23)CN1C(=O)OC(C)(C)C
/beegfs/home/m.romanov/thesis/benchmarking/datasets/USPTO/US07323447-20080129-C00205.png,COc1cc2nc(C(F)(F)F)nc(O)c2cc1OC
/beegfs/home/m.romanov/thesis/benchmarking/datasets/USPTO/US07323447-20080129-C00207.png,COC(=O)[C@@H]1C[C@@H](Oc2nc(C(F)(F)F)nc3cc(OC)c(OC)cc23)CN1C(=O)OC(C)(C)C
/beegfs/home/m.romanov/thesis/benchmarking/datasets/USPTO/US07323447-20080129-C00208.png,Clc1nccc2occc12
/beegfs/home/m.romanov/thesis/benchmarking/datasets/USPTO/US07323447-20080129-C00210.png,Clc1nccc2sccc12
/beegfs/home/m.romanov/thesis/benchmarking/datasets/USPTO/US07323447-20080129-C00212.png,Clc1cnc2ccccc2n1
/beegfs/home/m.romanov/thesis/benchmarking/datasets/USPTO/US07323447-20080129-C00217.png,COc1cc2cc[nH]c(=O)c2cc1F
/beegfs/home/m.romanov/thesis/benchmarking/datasets/USPTO/US07323447-20080129-C00221.png,COc1c[nH]c(=O)c2cc(F)ccc12
/beegfs/home/m.romanov/thesis/benchmarking/datasets/USPTO/US07323447-20080129-C00224.png,Clc1nsc2ccccc12
/beegfs/home/m.romanov/thesis/benchmarking/datasets/USPTO/US07323447-20080129-C00229.png,Clc1nccc(-c2ccccc2)n1
/beegfs/home/m.romanov/thesis/benchmarking/datasets/USPTO/US07323447-20080129-C00231.png,Clc1nccc(-c2ccccn2)n1
/beegfs/home/m.romanov/thesis/benchmarking/datasets/USPTO/US07323447-20080129-C00235.png,Clc1nccc(-c2ccco2)n1
/beegfs/home/m.romanov/thesis/benchmarking/datasets/USPTO/US07323447-20080129-C00237.png,Clc1nccc(-c2nccs2)n1
/beegfs/home/m.romanov/thesis/benchmarking/datasets/USPTO/US07323447-20080129-C00246.png,C=C[C@@H]1C[C@]1(NC[C@@H]1C[C@@H](Oc2cccc3ccccc23)CN1C(=O)OC(C)(C)C)C(=O)OCC
/beegfs/home/m.romanov/thesis/benchmarking/datasets/USPTO/US07323447-20080129-C00247.png,C=C[C@@H]1C[C@]1(NC(=O)C1CC(Oc2cc(-c3ccccc3)nc3cc(OC)ccc23)CN1C(=O)[C@@H](O)C(C)(C)C)C(=O)NS(=O)(=O)C1CC1
/beegfs/home/m.romanov/thesis/benchmarking/datasets/USPTO/US07323447-20080129-C00249.png,CCC1C[C@]1(NC(=O)[C@@H]1C[C@@H](Oc2cc(-c3ccccc3)nc3cc(OC)ccc23)CN1C(=O)C(O)C(C)(C)C)C(=O)NS(=O)(=O)C1CC1
/beegfs/home/m.romanov/thesis/benchmarking/datasets/USPTO/US07323447-20080129-C00250.png,CCC1C[C@]1(NC(=O)[C@@H]1C[C@@H](Oc2cc(-c3ccccc3)nc3cc(OC)ccc23)CN1C(=O)C(O)C(C)C)C(=O)NS(=O)(=O)C1CC1
/beegfs/home/m.romanov/thesis/benchmarking/datasets/USPTO/US07323447-20080129-C00251.png,C=C[C@@H]1C[C@]1(NC(=O)[C@@H]1CC(Oc2cc(-c3ccccc3)nc3cc(OC)ccc23)CN1C(=O)[C@@H](O)C(C)(C)C)C(=O)NS(=O)(=O)C1(CC2CC2)CC1
/beegfs/home/m.romanov/thesis/benchmarking/datasets/USPTO/US07323447-20080129-C00254.png,CCC1C[C@]1(NC(=O)[C@@H]1C[C@@H](Oc2cc(-c3ccccc3)nc3cc(OC)ccc23)CN1C(=O)[C@@H](O)C1CCCCC1)C(=O)NS(=O)(=O)C1CC1
/beegfs/home/m.romanov/thesis/benchmarking/datasets/USPTO/US07323447-20080129-C00257.png,C=C[C@@H]1C[C@]1(NC(=O)[C@@H]1C[C@@H](Oc2cc(-c3ccccc3)nc3cc(OC)ccc23)CN1C(=O)C(O)c1ccccc1)C(=O)NS(=O)(=O)C1CC1
/beegfs/home/m.romanov/thesis/benchmarking/datasets/USPTO/US07323447-20080129-C00258.png,CCC1C[C@]1(NC(=O)[C@@H]1C[C@@H](Oc2cc(-c3ccccc3)nc3cc(OC)ccc23)CN1C(=O)C1(O)CC1)C(=O)NS(=O)(=O)C1CC1
/beegfs/home/m.romanov/thesis/benchmarking/datasets/USPTO/US07323447-20080129-C00259.png,CCC1C[C@]1(NC(=O)[C@@H]1C[C@@H](Oc2cc(-c3ccccc3)nc3cc(OC)ccc23)CN1C(=O)C(O)Cc1c[nH]cn1)C(=O)NS(=O)(=O)C1CC1
/beegfs/home/m.romanov/thesis/benchmarking/datasets/USPTO/US07323447-20080129-C00260.png,CCC1C[C@]1(NC(=O)[C@@H]1C[C@@H](Oc2cc(-c3ccccc3)nc3cc(OC)ccc23)CN1C(=O)[C@@H](O)CC(C)C)C(=O)NS(=O)(=O)C1CC1
/beegfs/home/m.romanov/thesis/benchmarking/datasets/USPTO/US07323447-20080129-C00262.png,C=C[C@@H]1C[C@]1(NC(=O)[C@@H]1C[C@@H](Oc2cc(-c3ccccc3)nc3cc(OC)ccc23)CN1C(=O)[C@H](O)c1ccccc1)C(=O)NS(=O)(=O)C1CC1
/beegfs/home/m.romanov/thesis/benchmarking/datasets/USPTO/US07323447-20080129-C00263.png,C=C[C@@H]1C[C@]1(NC(=O)[C@@H]1C[C@@H](Oc2cc(-c3ccccc3)nc3cc(OC)ccc23)CN1C(=O)C1CC1)C(=O)NS(=O)(=O)C1CC1
/beegfs/home/m.romanov/thesis/benchmarking/datasets/USPTO/US07323447-20080129-C00264.png,C=C[C@@H]1C[C@]1(NC(=O)[C@@H]1CC(Oc2nc(-c3ccc(OC(F)(F)F)cc3)cc3cc(OC)ccc23)CN1C(=O)[C@@H](O)C(C)(C)C)C(=O)NS(=O)(=O)C1CC1
/beegfs/home/m.romanov/thesis/benchmarking/datasets/USPTO/US07323447-20080129-C00265.png,C=CC1C[C@]1(NC(=O)[C@@H]1C[C@@H](Oc2nccc3ccccc23)CN1C(=O)[C@@H](O)C(C)(C)C)C(=O)NS(=O)(=O)C1CC1
/beegfs/home/m.romanov/thesis/benchmarking/datasets/USPTO/US07323447-20080129-C00266.png,C=CCCCCCC(O)C(=O)N1C[C@H](Oc2nc(-c3ccccc3)cc3cc(OC)ccc23)CC1C(=O)N[C@]1(C(=O)NS(=O)(=O)C2CC2)CC1C=C
/beegfs/home/m.romanov/thesis/benchmarking/datasets/USPTO/US07323447-20080129-C00267.png,C=C[C@@H]1CC1(NC(=O)[C@@H]1C[C@@H](Oc2cc(-c3ccccc3)nc3cc(OC)ccc23)CN1C(=O)[C@@H](OC(=O)NC(C)(C)C)C(C)(C)C)C(=O)NS(=O)(=O)C1(CC2CC2)CC1
/beegfs/home/m.romanov/thesis/benchmarking/datasets/USPTO/US07323447-20080129-C00272.png,C=CC1CC1(NC(=O)[C@@H]1CC(Oc2cc(-c3ccccc3)nc3cc(OC)ccc23)CN1C(=O)[C@@H](OC(=O)Nc1ccc(N(C)C)cc1)C(C)(C)C)C(=O)NS(=O)(=O)C1CC1
/beegfs/home/m.romanov/thesis/benchmarking/datasets/USPTO/US07323447-20080129-C00273.png,C=CC1CC1(NC(=O)[C@@H]1CC(Oc2cc(-c3ccccc3)nc3cc(OC)ccc23)CN1C(=O)[C@@H](OC(=O)Nc1ccc(OC)cc1)C(C)(C)C)C(=O)NS(=O)(=O)C1CC1
/beegfs/home/m.romanov/thesis/benchmarking/datasets/USPTO/US07323447-20080129-C00274.png,C=CC1CC1(NC(=O)[C@@H]1CC(Oc2cc(-c3ccccc3)nc3cc(OC)ccc23)CN1C(=O)[C@@H](OC(=O)Nc1ccc(OC)cc1C)C(C)(C)C)C(=O)NS(=O)(=O)C1CC1
/beegfs/home/m.romanov/thesis/benchmarking/datasets/USPTO/US07323447-20080129-C00275.png,C=C[C@@H]1C[C@]1(NC(=O)[C@@H]1C[C@@H](Oc2nc(-c3ccc(OC(F)(F)F)cc3)cc3cc(OC)ccc23)CN1C(=O)[C@@H](OC(=O)NC(C)(C)C)C(C)(C)C)C(=O)NS(=O)(=O)C1CC1
/beegfs/home/m.romanov/thesis/benchmarking/datasets/USPTO/US07323447-20080129-C00277.png,C=C[C@@H]1C[C@]1(NC(=O)[C@@H]1C[C@@H](Oc2nccc3ccccc23)CN1C(=O)[C@@H](OC(=O)NC(C)(C)C)C(C)(C)C)C(=O)NS(=O)(=O)C1CC1
/beegfs/home/m.romanov/thesis/benchmarking/datasets/USPTO/US07323447-20080129-C00278.png,C=C[C@@H]1C[C@]1(NC(=O)[C@@H]1C[C@@H](Oc2nccc3ccccc23)CN1C(=O)[C@@H](OC(=O)NCC)C(C)(C)C)C(=O)NS(=O)(=O)C1CC1
/beegfs/home/m.romanov/thesis/benchmarking/datasets/USPTO/US07323447-20080129-C00279.png,C=C[C@@H]1C[C@]1(NC(=O)[C@@H]1C[C@@H](Oc2nccc3ccccc23)CN1C(=O)[C@@H](OC(=O)NC(C)C)C(C)(C)C)C(=O)NS(=O)(=O)C1CC1
/beegfs/home/m.romanov/thesis/benchmarking/datasets/USPTO/US07323447-20080129-C00282.png,C=C[C@@H]1C[C@]1(NC(=O)[C@@H]1C[C@@H](Oc2nccc3ccccc23)CN1C(=O)[C@@H](OC(=O)Nc1ccccc1OC)C(C)(C)C)C(=O)NS(=O)(=O)C1CC1
/beegfs/home/m.romanov/thesis/benchmarking/datasets/USPTO/US07323447-20080129-C00283.png,C=C[C@@H]1C[C@]1(NC(=O)[C@@H]1C[C@@H](Oc2nccc3ccccc23)CN1C(=O)[C@@H](OC(=O)Nc1ccc(F)cc1)C(C)(C)C)C(=O)NS(=O)(=O)C1CC1
/beegfs/home/m.romanov/thesis/benchmarking/datasets/USPTO/US07323447-20080129-C00284.png,C=C[C@@H]1C[C@]1(NC(=O)[C@@H]1C[C@@H](Oc2nccc3ccccc23)CN1C(=O)[C@@H](OC(=O)Nc1ccc(OC)cc1)C(C)(C)C)C(=O)NS(=O)(=O)C1CC1
/beegfs/home/m.romanov/thesis/benchmarking/datasets/USPTO/US07323447-20080129-C00285.png,C=C[C@@H]1C[C@]1(NC(=O)[C@@H]1C[C@@H](Oc2nccc3ccccc23)CN1C(=O)[C@@H](OC(=O)Nc1ccccc1C(C)C)C(C)(C)C)C(=O)NS(=O)(=O)C1CC1
/beegfs/home/m.romanov/thesis/benchmarking/datasets/USPTO/US07323447-20080129-C00286.png,C=C[C@@H]1C[C@]1(NC(=O)[C@@H]1C[C@@H](Oc2nccc3ccccc23)CN1C(=O)[C@@H](OC(=O)Nc1ccc(C(C)(C)C)cc1)C(C)(C)C)C(=O)NS(=O)(=O)C1CC1
/beegfs/home/m.romanov/thesis/benchmarking/datasets/USPTO/US07323447-20080129-C00294.png,C=C[C@@H]1C[C@]1(NC(=O)[C@@H]1C[C@@H](Oc2ncnc3ccccc23)CN1C(=O)[C@@H](OC(=O)NC(C)(C)C)C(C)(C)C)C(=O)NS(=O)(=O)C1CC1
/beegfs/home/m.romanov/thesis/benchmarking/datasets/USPTO/US07323448-20080129-C00021.png,CCCCC(CN(O)C(N)=O)C(=O)N[C@H](C(=O)NC(C)(C)C)C(C)(C)C
/beegfs/home/m.romanov/thesis/benchmarking/datasets/USPTO/US07323448-20080129-C00022.png,CCCCC(CN(O)C=O)C(=O)N[C@@H](C)C(=O)N1CCOCC1
/beegfs/home/m.romanov/thesis/benchmarking/datasets/USPTO/US07323448-20080129-C00023.png,CCCCC(CN(O)C=O)C(=O)N[C@@H](C)C(=O)N(C)C
/beegfs/home/m.romanov/thesis/benchmarking/datasets/USPTO/US07323448-20080129-C00024.png,CCCCC(CN(O)C=O)C(=O)N[C@H](CO)CC(C)C
/beegfs/home/m.romanov/thesis/benchmarking/datasets/USPTO/US07323448-20080129-C00025.png,CCCCC(CN(O)C=O)C(=O)N[C@H](CO)Cc1ccccc1
/beegfs/home/m.romanov/thesis/benchmarking/datasets/USPTO/US07323448-20080129-C00026.png,CCCCC(CN(O)C=O)C(=O)N[C@H](C(=O)Nc1ccccn1)C(C)(C)C
/beegfs/home/m.romanov/thesis/benchmarking/datasets/USPTO/US07323448-20080129-C00027.png,CCCCC(CN(O)C=O)C(=O)N[C@H](C(=O)N(C)C)C(C)C
/beegfs/home/m.romanov/thesis/benchmarking/datasets/USPTO/US07323448-20080129-C00028.png,CCCCC(CN(O)C=O)C(=O)N[C@@H](Cc1ccccc1)C(=O)N(C)C
/beegfs/home/m.romanov/thesis/benchmarking/datasets/USPTO/US07323448-20080129-C00029.png,CCCCC(CN(O)C=O)C(=O)N[C@@H](CC(C)C)C(=O)N(C)C
/beegfs/home/m.romanov/thesis/benchmarking/datasets/USPTO/US07323448-20080129-C00030.png,CCCCC(CN(O)C=O)C(=O)N[C@@H](CC(C)C)C(=O)N1CCCC1
/beegfs/home/m.romanov/thesis/benchmarking/datasets/USPTO/US07323448-20080129-C00031.png,CCCCC(CN(O)C=O)C(=O)N1CCC[C@H]1C(=O)N(C)C
/beegfs/home/m.romanov/thesis/benchmarking/datasets/USPTO/US07323448-20080129-C00036.png,CCCC[C@H](CN(O)C=O)C(=O)N[C@H](C(=O)N(C)C)C(C)(C)C
/beegfs/home/m.romanov/thesis/benchmarking/datasets/USPTO/US07323448-20080129-C00037.png,CN(C)C(=O)[C@@H](NC(=O)C(CC1CCCC1)CN(O)C=O)C(C)(C)C
/beegfs/home/m.romanov/thesis/benchmarking/datasets/USPTO/US07323448-20080129-C00038.png,CCCCCC(CN(O)C=O)C(=O)N[C@H](C(=O)N(C)C)C(C)(C)C
/beegfs/home/m.romanov/thesis/benchmarking/datasets/USPTO/US07323448-20080129-C00039.png,CCCC(CN(O)C=O)C(=O)N[C@H](C(=O)N(C)C)C(C)(C)C
/beegfs/home/m.romanov/thesis/benchmarking/datasets/USPTO/US07323448-20080129-C00040.png,CC(C)CC(CN(O)C=O)C(=O)N[C@H](C(=O)N(C)C)C(C)(C)C
/beegfs/home/m.romanov/thesis/benchmarking/datasets/USPTO/US07323448-20080129-C00041.png,CN(C)C(=O)[C@@H](NC(=O)C(CC1CCCCC1)CN(O)C=O)C(C)(C)C
/beegfs/home/m.romanov/thesis/benchmarking/datasets/USPTO/US07323448-20080129-C00042.png,CN(C)C(=O)[C@@H](NC(=O)C(CN(O)C=O)C1CCCC1)C(C)(C)C
/beegfs/home/m.romanov/thesis/benchmarking/datasets/USPTO/US07323448-20080129-C00043.png,CCCCCCC(CN(O)C=O)C(=O)N[C@H](C(=O)N(C)C)C(C)(C)C
/beegfs/home/m.romanov/thesis/benchmarking/datasets/USPTO/US07323448-20080129-C00044.png,CCCCCCC[C@H](CN(O)C=O)C(=O)N[C@H](C(=O)N(C)C)C(C)(C)C
/beegfs/home/m.romanov/thesis/benchmarking/datasets/USPTO/US07323448-20080129-C00045.png,CCCCCCCC[C@H](CN(O)C=O)C(=O)N[C@H](C(=O)N(C)C)C(C)(C)C
/beegfs/home/m.romanov/thesis/benchmarking/datasets/USPTO/US07323448-20080129-C00046.png,CC(C)CCC(CN(O)C=O)C(=O)N[C@H](C(=O)N(C)C)C(C)(C)C
/beegfs/home/m.romanov/thesis/benchmarking/datasets/USPTO/US07323448-20080129-C00047.png,CC(CN(O)C=O)C(=O)N[C@H](C(=O)N(C)C)C(C)(C)C
/beegfs/home/m.romanov/thesis/benchmarking/datasets/USPTO/US07323448-20080129-C00048.png,CC(C)C(CN(O)C=O)C(=O)N[C@H](C(=O)N(C)C)C(C)(C)C
/beegfs/home/m.romanov/thesis/benchmarking/datasets/USPTO/US07323448-20080129-C00049.png,CN(C)C(=O)[C@@H](NC(=O)C(Cc1ccccc1)CN(O)C=O)C(C)(C)C
/beegfs/home/m.romanov/thesis/benchmarking/datasets/USPTO/US07323448-20080129-C00050.png,COc1ccc(CC(CN(O)C=O)C(=O)N[C@H](C(=O)N(C)C)C(C)(C)C)cc1
/beegfs/home/m.romanov/thesis/benchmarking/datasets/USPTO/US07323448-20080129-C00051.png,CCCC[C@H](CN(O)C=O)C(=O)N[C@@H](Cc1ccccc1)C(=O)O
/beegfs/home/m.romanov/thesis/benchmarking/datasets/USPTO/US07323448-20080129-C00052.png,CCCC[C@H](CN(O)C=O)C(=O)N[C@H](C(=O)O)C(C)(C)C
/beegfs/home/m.romanov/thesis/benchmarking/datasets/USPTO/US07323448-20080129-C00053.png,CCCC[C@H](CN(O)C=O)C(=O)N[C@H](C(=O)N1CCC[C@H]1CO)C(C)C
/beegfs/home/m.romanov/thesis/benchmarking/datasets/USPTO/US07323448-20080129-C00054.png,CCCC[C@H](CN(O)C=O)C(=O)N[C@H](C(=O)N(C)CCO)C(C)(C)C
/beegfs/home/m.romanov/thesis/benchmarking/datasets/USPTO/US07323448-20080129-C00055.png,CCCC[C@H](CN(O)C=O)C(=O)N[C@@H](C(=O)N(C)C)C(C)(C)C
/beegfs/home/m.romanov/thesis/benchmarking/datasets/USPTO/US07323448-20080129-C00056.png,CCCC[C@H](CN(O)C=O)C(=O)N[C@H](C(=O)N(C)C)[C@@H](C)CC
/beegfs/home/m.romanov/thesis/benchmarking/datasets/USPTO/US07323448-20080129-C00057.png,CCCC[C@H](CN(O)C=O)C(=O)N[C@H](C(=O)N(C)C)C(C)(C)OC
/beegfs/home/m.romanov/thesis/benchmarking/datasets/USPTO/US07323448-20080129-C00058.png,CCCC[C@H](CN(O)C=O)C(=O)N[C@H](C(=O)N(C)C)C(C)(C)O
/beegfs/home/m.romanov/thesis/benchmarking/datasets/USPTO/US07323448-20080129-C00059.png,CCCC[C@H](CN(O)C=O)C(=O)N[C@@H](Cc1ccc(Cl)cc1)C(=O)N(C)C
/beegfs/home/m.romanov/thesis/benchmarking/datasets/USPTO/US07323448-20080129-C00060.png,CCCC[C@H](CN(O)C=O)C(=O)N[C@@H](Cc1ccc(O)cc1)C(=O)N(C)C
/beegfs/home/m.romanov/thesis/benchmarking/datasets/USPTO/US07323448-20080129-C00061.png,CCCC[C@H](CN(O)C=O)C(=O)N[C@@H](Cc1ccc2ccccc2c1)C(=O)N(C)C
/beegfs/home/m.romanov/thesis/benchmarking/datasets/USPTO/US07323448-20080129-C00062.png,CCCC[C@H](CN(O)C=O)C(=O)N[C@@H](CC1CCCCC1)C(=O)N(C)C
/beegfs/home/m.romanov/thesis/benchmarking/datasets/USPTO/US07323448-20080129-C00063.png,CCCC[C@H](CN(O)C=O)C(=O)N[C@@H](C(=O)N(C)C)c1ccccc1
/beegfs/home/m.romanov/thesis/benchmarking/datasets/USPTO/US07323448-20080129-C00064.png,CCCC[C@H](CN(O)C=O)C(=O)N1Cc2ccccc2C[C@H]1C(=O)N(C)C
/beegfs/home/m.romanov/thesis/benchmarking/datasets/USPTO/US07323448-20080129-C00065.png,CCCC[C@H](CN(O)C=O)C(=O)N[C@@H](CCCCN)C(=O)N(C)C
/beegfs/home/m.romanov/thesis/benchmarking/datasets/USPTO/US07323448-20080129-C00066.png,CCCC[C@H](CN(O)C=O)C(=O)N[C@@H](CO)C(=O)N(C)C
/beegfs/home/m.romanov/thesis/benchmarking/datasets/USPTO/US07323448-20080129-C00067.png,CCCC[C@H](CN(O)C=O)C(=O)N1CCN(C)CC1
/beegfs/home/m.romanov/thesis/benchmarking/datasets/USPTO/US07323448-20080129-C00068.png,CCCC[C@H](CN(O)C=O)C(=O)N1CCOCC1
/beegfs/home/m.romanov/thesis/benchmarking/datasets/USPTO/US07323448-20080129-C00069.png,CCCC[C@H](CN(O)C=O)C(=O)N1CCC[C@H]1CO
/beegfs/home/m.romanov/thesis/benchmarking/datasets/USPTO/US07323448-20080129-C00070.png,CCCC[C@H](CN(O)C=O)C(=O)N[C@H](CO)C(C)(C)C
/beegfs/home/m.romanov/thesis/benchmarking/datasets/USPTO/US07323448-20080129-C00071.png,CCCC[C@H](CN(O)C=O)C(=O)N[C@H](COC)C(C)(C)C
/beegfs/home/m.romanov/thesis/benchmarking/datasets/USPTO/US07323448-20080129-C00072.png,CCCC[C@H](CN(O)C=O)C(=O)N[C@H](C(=O)N1CCC(Cc2ccccc2)CC1)C(C)(C)C
/beegfs/home/m.romanov/thesis/benchmarking/datasets/USPTO/US07323448-20080129-C00073.png,CCCC[C@H](CN(O)C=O)C(=O)N[C@H](C(=O)N(CCc1ccccc1)Cc1ccccc1)C(C)(C)C
/beegfs/home/m.romanov/thesis/benchmarking/datasets/USPTO/US07323448-20080129-C00074.png,CCCC[C@H](CN(O)C=O)C(=O)N[C@H](C(=O)N1CCCC1)C(C)(C)C
/beegfs/home/m.romanov/thesis/benchmarking/datasets/USPTO/US07323448-20080129-C00075.png,CCCC[C@H](CN(O)C=O)C(=O)N[C@H](C(=O)N1CCOCC1)C(C)(C)C
/beegfs/home/m.romanov/thesis/benchmarking/datasets/USPTO/US07323448-20080129-C00076.png,CCCC[C@H](CN(O)C=O)C(=O)N[C@H](C(=O)N1CCN(C)CC1)C(C)(C)C
/beegfs/home/m.romanov/thesis/benchmarking/datasets/USPTO/US07323448-20080129-C00077.png,CCCC[C@H](CN(O)C=O)C(=O)NC(C(=O)N1CCC(C)CC1)C(C)(C)C
/beegfs/home/m.romanov/thesis/benchmarking/datasets/USPTO/US07323448-20080129-C00078.png,CCCC[C@H](CN(O)C=O)C(=O)N[C@H](C(=O)NC1CCCCC1)C(C)(C)C
/beegfs/home/m.romanov/thesis/benchmarking/datasets/USPTO/US07323448-20080129-C00079.png,CCCC[C@H](CN(O)C=O)C(=O)N[C@H](C(=O)N1CCC(C(C)=O)CC1)C(C)(C)C
/beegfs/home/m.romanov/thesis/benchmarking/datasets/USPTO/US07323448-20080129-C00080.png,CCCC[C@H](CN(O)C=O)C(=O)N[C@H](C(=O)N1CCC(C(=O)OC)CC1)C(C)(C)C
/beegfs/home/m.romanov/thesis/benchmarking/datasets/USPTO/US07323448-20080129-C00086.png,CN(C)C(=O)[C@@H](NC(=O)C(CN(O)C=O)CN1CCCCC1)C(C)(C)C
/beegfs/home/m.romanov/thesis/benchmarking/datasets/USPTO/US07323448-20080129-C00087.png,CCCC[C@H](CN(O)C=O)C(=O)N[C@H](C(=O)N(C)C)C(C)(C)SC
/beegfs/home/m.romanov/thesis/benchmarking/datasets/USPTO/US07323448-20080129-C00088.png,CCCC[C@H](CN(O)C=O)C(=O)N[C@H](C(=O)N(C)C)C(C)(C)SCc1ccccc1
/beegfs/home/m.romanov/thesis/benchmarking/datasets/USPTO/US07323448-20080129-C00089.png,CCCC[C@H](CN(O)C=O)C(=O)N[C@H](C(=O)N1CCOCC1)C(C)(C)SCc1ccccc1
/beegfs/home/m.romanov/thesis/benchmarking/datasets/USPTO/US07323448-20080129-C00090.png,CCCC[C@H](CN(O)C=O)C(=O)NC(C(=O)N1CCC(C)CC1)C(C)(C)SCc1ccccc1
/beegfs/home/m.romanov/thesis/benchmarking/datasets/USPTO/US07323448-20080129-C00091.png,C=CC[C@H](CN(O)C=O)C(=O)N[C@H](C(=O)N(C)C)C(C)(C)C
/beegfs/home/m.romanov/thesis/benchmarking/datasets/USPTO/US07323448-20080129-C00092.png,C=CCC[C@H](CN(O)C=O)C(=O)N[C@H](C(=O)N(C)C)C(C)(C)C
/beegfs/home/m.romanov/thesis/benchmarking/datasets/USPTO/US07323448-20080129-C00093.png,CC#CC[C@H](CN(O)C=O)C(=O)N[C@H](C(=O)N(C)C)C(C)(C)C
/beegfs/home/m.romanov/thesis/benchmarking/datasets/USPTO/US07323448-20080129-C00097.png,CC(C)(C)C(NC(=O)C(Cc1ccccc1)CN(O)C=O)C(=O)NC1CCCCC1
/beegfs/home/m.romanov/thesis/benchmarking/datasets/USPTO/US07323448-20080129-C00098.png,CCCC(C)(C)C(NC(=O)C(Cc1ccccc1)CN(O)C=O)C(=O)NC1CCCCC1
/beegfs/home/m.romanov/thesis/benchmarking/datasets/USPTO/US07323448-20080129-C00099.png,CCCC(C)(C)C(NC(=O)C(Cc1ccccc1)CN(O)C=O)C(=O)NCc1ccccc1
/beegfs/home/m.romanov/thesis/benchmarking/datasets/USPTO/US07323448-20080129-C00100.png,CC(C)(C)NC(=O)C(NC(=O)C(Cc1ccccc1)CN(O)C=O)C(C)(C)C
/beegfs/home/m.romanov/thesis/benchmarking/datasets/USPTO/US07323448-20080129-C00101.png,CCCC(C)(C)C(NC(=O)C(Cc1ccccc1)CN(O)C=O)C(=O)NC(C)(C)CC(C)(C)C
/beegfs/home/m.romanov/thesis/benchmarking/datasets/USPTO/US07323448-20080129-C00102.png,O=CN(O)CC(Cc1ccccc1)C(=O)NC(C(=O)NC1CCCCC1)C1CCCCC1
/beegfs/home/m.romanov/thesis/benchmarking/datasets/USPTO/US07323448-20080129-C00103.png,O=CN(O)CC(Cc1ccccc1)C(=O)NC(C(=O)NCc1ccccc1)C1CCCCC1
/beegfs/home/m.romanov/thesis/benchmarking/datasets/USPTO/US07323448-20080129-C00104.png,CC(C)(C)CC(C)(C)NC(=O)C(NC(=O)C(Cc1ccccc1)CN(O)C=O)C1CCCCC1
/beegfs/home/m.romanov/thesis/benchmarking/datasets/USPTO/US07323501-20080129-C00001.png,COc1ccc(C2c3ccccc3OC2CO)cc1
/beegfs/home/m.romanov/thesis/benchmarking/datasets/USPTO/US07323502-20080129-C00035.png,CCCON1C(C)(C)CC(C)CC1(C)C
/beegfs/home/m.romanov/thesis/benchmarking/datasets/USPTO/US07323518-20080129-C00035.png,CCC1CC(CC)C(COCC(CC)OC)C1
/beegfs/home/m.romanov/thesis/benchmarking/datasets/USPTO/US07323520-20080129-C00007.png,CC1=C/C(=N/c2ccc(Nc3ccccc3)cc2)CC(C)(C)C1
/beegfs/home/m.romanov/thesis/benchmarking/datasets/USPTO/US07323533-20080129-C00010.png,CC(C)(C)c1ccc(-c2ccc(C(C)(C)C)cc2Br)cc1
/beegfs/home/m.romanov/thesis/benchmarking/datasets/USPTO/US07323533-20080129-C00012.png,FC(F)(F)c1cccc(Br)c1
/beegfs/home/m.romanov/thesis/benchmarking/datasets/USPTO/US07323533-20080129-C00013.png,FC(F)(F)c1cc(Br)cc(C(F)(F)F)c1
/beegfs/home/m.romanov/thesis/benchmarking/datasets/USPTO/US07323538-20080129-C00011.png,C=C1c2cc(CCCCC)ccc2-c2ccc(CCCCC)cc21
/beegfs/home/m.romanov/thesis/benchmarking/datasets/USPTO/US07323538-20080129-C00012.png,C=C1c2ccccc2-c2ccccc21
/beegfs/home/m.romanov/thesis/benchmarking/datasets/USPTO/US07323602-20080129-C00003.png,C[C@]12CCC3c4ccc(O)cc4C[C@@H](CCCCCCCCC[S+]([O-])CCCC(F)(F)C(F)(F)F)C3C1CC[C@@H]2O
/beegfs/home/m.romanov/thesis/benchmarking/datasets/USPTO/US07323603-20080129-C00013.png,O=Cc1ccc2ccccc2c1
/beegfs/home/m.romanov/thesis/benchmarking/datasets/USPTO/US07323603-20080129-C00015.png,O=Cc1cccc2ccccc12
/beegfs/home/m.romanov/thesis/benchmarking/datasets/USPTO/US07323604-20080129-C00014.png,CC(CC=O)c1ccccc1
/beegfs/home/m.romanov/thesis/benchmarking/datasets/USPTO/US07323604-20080129-C00022.png,C[C@@H](CC=O)c1ccc(Cl)c(Cl)c1
/beegfs/home/m.romanov/thesis/benchmarking/datasets/USPTO/US07323604-20080129-C00046.png,CN1C(=O)[C@H](Cc2c[nH]c3ccccc23)N[C@@H]1C(C)(C)C
/beegfs/home/m.romanov/thesis/benchmarking/datasets/USPTO/US07323604-20080129-C00047.png,CCCCN1C(=O)[C@H](Cc2cn(Cc3ccccc3)c3ccccc23)N[C@@H]1C(C)(C)C
/beegfs/home/m.romanov/thesis/benchmarking/datasets/USPTO/US07323604-20080129-C00048.png,CN1C(=O)[C@H](Cc2ccccc2)N[C@@H]1C12CC3CC(CC(C3)C1)C2
/beegfs/home/m.romanov/thesis/benchmarking/datasets/USPTO/US07323604-20080129-C00049.png,CN1C(=O)CN[C@@H]1C(C)(C)C
/beegfs/home/m.romanov/thesis/benchmarking/datasets/USPTO/US07323604-20080129-C00056.png,C[C@H](CC=O)C(=O)OCc1ccccc1
/beegfs/home/m.romanov/thesis/benchmarking/datasets/USPTO/US07323604-20080129-C00058.png,CC[C@H](CC=O)CC(C)C
/beegfs/home/m.romanov/thesis/benchmarking/datasets/USPTO/US07323604-20080129-C00059.png,CC(C)C(CC=O)c1ccccc1
/beegfs/home/m.romanov/thesis/benchmarking/datasets/USPTO/US07323604-20080129-C00060.png,CC(C)=CCC[C@@H](C)CC=O
/beegfs/home/m.romanov/thesis/benchmarking/datasets/USPTO/US07323604-20080129-C00061.png,CC(C)[C@@H](CC=O)c1ccccc1
/beegfs/home/m.romanov/thesis/benchmarking/datasets/USPTO/US07323604-20080129-C00062.png,C[C@H](CC=O)c1ccsc1
/beegfs/home/m.romanov/thesis/benchmarking/datasets/USPTO/US07323604-20080129-C00063.png,CC[C@@H](CC=O)CC(C)C
/beegfs/home/m.romanov/thesis/benchmarking/datasets/USPTO/US07323604-20080129-C00066.png,CC[C@H](CC=O)C1CCCCC1
/beegfs/home/m.romanov/thesis/benchmarking/datasets/USPTO/US07323604-20080129-C00067.png,[2H][C@H](CC=O)c1ccccc1
/beegfs/home/m.romanov/thesis/benchmarking/datasets/USPTO/US07323604-20080129-C00075.png,O=C1C=C(c2ccccc2)CC1
/beegfs/home/m.romanov/thesis/benchmarking/datasets/USPTO/US07323604-20080129-C00077.png,O=C1CCC(c2ccccc2)C1
/beegfs/home/m.romanov/thesis/benchmarking/datasets/USPTO/US07323604-20080129-C00084.png,CC1=CC(=O)CC(C)(C)C1
/beegfs/home/m.romanov/thesis/benchmarking/datasets/USPTO/US07323604-20080129-C00085.png,CC1CC(=O)CC(C)(C)C1
/beegfs/home/m.romanov/thesis/benchmarking/datasets/USPTO/US07323604-20080129-C00086.png,Cc1ccc(C2=CC(=O)CC2)o1
/beegfs/home/m.romanov/thesis/benchmarking/datasets/USPTO/US07323604-20080129-C00087.png,Cc1ccc(C2CCC(=O)C2)o1
/beegfs/home/m.romanov/thesis/benchmarking/datasets/USPTO/US07323604-20080129-C00088.png,O=C1C=C(C2SCCCS2)CC1
/beegfs/home/m.romanov/thesis/benchmarking/datasets/USPTO/US07323604-20080129-C00089.png,O=C1CCC(C2SCCCS2)C1
/beegfs/home/m.romanov/thesis/benchmarking/datasets/USPTO/US07323604-20080129-C00092.png,CC(C)(C)C1=CC(=O)CCC1
/beegfs/home/m.romanov/thesis/benchmarking/datasets/USPTO/US07323604-20080129-C00093.png,CC(C)(C)C1CCCC(=O)C1
/beegfs/home/m.romanov/thesis/benchmarking/datasets/USPTO/US07323604-20080129-C00094.png,O=C1C=C(c2ccccc2)CCC1
/beegfs/home/m.romanov/thesis/benchmarking/datasets/USPTO/US07323604-20080129-C00095.png,O=C1CCCC(c2ccccc2)C1
/beegfs/home/m.romanov/thesis/benchmarking/datasets/USPTO/US07323604-20080129-C00097.png,O=C1CC[C@H](Cc2ccccc2)C1
/beegfs/home/m.romanov/thesis/benchmarking/datasets/USPTO/US07323608-20080129-C00017.png,O=C(O)c1cccc(I)c1
/beegfs/home/m.romanov/thesis/benchmarking/datasets/USPTO/US07323608-20080129-C00021.png,N#Cc1ccccc1-c1ccccc1
/beegfs/home/m.romanov/thesis/benchmarking/datasets/USPTO/US07323608-20080129-C00024.png,Cc1ccc(C)c(C#N)c1
/beegfs/home/m.romanov/thesis/benchmarking/datasets/USPTO/US07323608-20080129-C00025.png,N#Cc1cccc(C(F)(F)F)c1
/beegfs/home/m.romanov/thesis/benchmarking/datasets/USPTO/US07323608-20080129-C00030.png,N#Cc1ccc(C(=O)c2ccccc2)cc1
/beegfs/home/m.romanov/thesis/benchmarking/datasets/USPTO/US07323608-20080129-C00031.png,Cc1cc(C)cc(N2CCCC2=O)c1
/beegfs/home/m.romanov/thesis/benchmarking/datasets/USPTO/US07323608-20080129-C00040.png,N#Cc1cccc(Sc2ccccc2)c1
/beegfs/home/m.romanov/thesis/benchmarking/datasets/USPTO/US07323608-20080129-C00041.png,Brc1cccc(Sc2ccccc2)c1
/beegfs/home/m.romanov/thesis/benchmarking/datasets/USPTO/US07323608-20080129-C00042.png,Cc1cccc(Sc2cccc([N+](=O)[O-])c2)c1
/beegfs/home/m.romanov/thesis/benchmarking/datasets/USPTO/US07323608-20080129-C00043.png,Cc1cccc(Sc2ccc(N)cc2)c1
/beegfs/home/m.romanov/thesis/benchmarking/datasets/USPTO/US07323608-20080129-C00044.png,COc1cccc(Sc2ccc(Cl)cc2)c1
/beegfs/home/m.romanov/thesis/benchmarking/datasets/USPTO/US07323608-20080129-C00045.png,COc1cccc(Sc2ccc(C(C)=O)cc2)c1
/beegfs/home/m.romanov/thesis/benchmarking/datasets/USPTO/US07323608-20080129-C00046.png,Cc1cc(C)cc(Sc2ccc(O)cc2)c1
/beegfs/home/m.romanov/thesis/benchmarking/datasets/USPTO/US07323608-20080129-C00048.png,COc1ccc(Sc2cccc(C(=O)O)c2)cc1
/beegfs/home/m.romanov/thesis/benchmarking/datasets/USPTO/US07323608-20080129-C00049.png,CCOC(=O)c1cccc(Sc2cccc(OC)c2)c1
/beegfs/home/m.romanov/thesis/benchmarking/datasets/USPTO/US07323608-20080129-C00050.png,COc1cccc(Sc2cccc(C=O)c2)c1
/beegfs/home/m.romanov/thesis/benchmarking/datasets/USPTO/US07323608-20080129-C00051.png,COc1ccc(Sc2cccc(CN)c2)cc1
/beegfs/home/m.romanov/thesis/benchmarking/datasets/USPTO/US07323608-20080129-C00052.png,COc1ccc(Sc2ccccc2CO)cc1
/beegfs/home/m.romanov/thesis/benchmarking/datasets/USPTO/US07323608-20080129-C00054.png,Cc1cc(C)cc(Sc2ccccc2Cl)c1
/beegfs/home/m.romanov/thesis/benchmarking/datasets/USPTO/US07323608-20080129-C00055.png,COC(=O)c1ccccc1Sc1cc(C)cc(C)c1
/beegfs/home/m.romanov/thesis/benchmarking/datasets/USPTO/US07323608-20080129-C00056.png,COc1cccc(Sc2ccccc2C(C)C)c1
/beegfs/home/m.romanov/thesis/benchmarking/datasets/USPTO/US07323608-20080129-C00057.png,Cc1ccccc1Sc1ccccc1C(C)C
/beegfs/home/m.romanov/thesis/benchmarking/datasets/USPTO/US07323608-20080129-C00058.png,COc1ccc(Sc2ccccc2C(C)C)cc1
/beegfs/home/m.romanov/thesis/benchmarking/datasets/USPTO/US07323608-20080129-C00059.png,CC(C)c1ccccc1Sc1ccccc1C(C)C
/beegfs/home/m.romanov/thesis/benchmarking/datasets/USPTO/US07323608-20080129-C00060.png,CC(=O)Nc1ccc(Sc2cccnc2)cc1
/beegfs/home/m.romanov/thesis/benchmarking/datasets/USPTO/US07323608-20080129-C00061.png,COc1ccc(Sc2ccc3[nH]ccc3c2)cc1
/beegfs/home/m.romanov/thesis/benchmarking/datasets/USPTO/US07323608-20080129-C00063.png,CCCCSc1cc(C)cc(C)c1
/beegfs/home/m.romanov/thesis/benchmarking/datasets/USPTO/US07323608-20080129-C00064.png,COc1ccc(SCc2ccccc2)cc1
/beegfs/home/m.romanov/thesis/benchmarking/datasets/USPTO/US07323608-20080129-C00065.png,Cc1cc(C)cc(SCCCCCCO)c1
/beegfs/home/m.romanov/thesis/benchmarking/datasets/USPTO/US07323608-20080129-C00067.png,CN[C@H]1CCCC[C@@H]1NC
/beegfs/home/m.romanov/thesis/benchmarking/datasets/USPTO/US07323608-20080129-C00068.png,CCN[C@H]1CCCC[C@@H]1NCC
/beegfs/home/m.romanov/thesis/benchmarking/datasets/USPTO/US07323608-20080129-C00072.png,c1cnc2c(c1)ccc1cccnc12
/beegfs/home/m.romanov/thesis/benchmarking/datasets/USPTO/US07323608-20080129-C00073.png,Ic1cccc(-c2nnc(-c3ccc4ccccc4c3)o2)c1
/beegfs/home/m.romanov/thesis/benchmarking/datasets/USPTO/US07323608-20080129-C00074.png,Cc1ccc(I)cc1[N+](=O)[O-]
/beegfs/home/m.romanov/thesis/benchmarking/datasets/USPTO/US07323608-20080129-C00075.png,CCC(=O)c1cccc(I)c1
/beegfs/home/m.romanov/thesis/benchmarking/datasets/USPTO/US07323608-20080129-C00076.png,N#CCc1ccc(I)cc1
/beegfs/home/m.romanov/thesis/benchmarking/datasets/USPTO/US07323608-20080129-C00077.png,CCOC(=O)Cc1ccc(I)cc1
/beegfs/home/m.romanov/thesis/benchmarking/datasets/USPTO/US07323608-20080129-C00078.png,O=C(O)/C=C/c1cccc(I)c1
/beegfs/home/m.romanov/thesis/benchmarking/datasets/USPTO/US07323608-20080129-C00079.png,C=CCNS(=O)(=O)c1ccc(Br)cc1
/beegfs/home/m.romanov/thesis/benchmarking/datasets/USPTO/US07323608-20080129-C00080.png,C=CCNS(=O)(=O)c1ccc(I)cc1
/beegfs/home/m.romanov/thesis/benchmarking/datasets/USPTO/US07323608-20080129-C00081.png,CC(=O)Nc1ccc(I)cc1F
/beegfs/home/m.romanov/thesis/benchmarking/datasets/USPTO/US07323608-20080129-C00082.png,Ic1ccc2[nH]ccc2c1
/beegfs/home/m.romanov/thesis/benchmarking/datasets/USPTO/US07323608-20080129-C00084.png,Ic1cnc2ccccc2c1
/beegfs/home/m.romanov/thesis/benchmarking/datasets/USPTO/US07323608-20080129-C00085.png,CN(C)CCC(c1ccc(I)cc1)c1ccccn1
/beegfs/home/m.romanov/thesis/benchmarking/datasets/USPTO/US07323608-20080129-C00087.png,Ic1ccccc1C1CCCCC1
/beegfs/home/m.romanov/thesis/benchmarking/datasets/USPTO/US07323608-20080129-C00093.png,N#Cc1ccccc1-c1ccccc1
/beegfs/home/m.romanov/thesis/benchmarking/datasets/USPTO/US07323608-20080129-C00094.png,N#Cc1ccc(CO)cc1
/beegfs/home/m.romanov/thesis/benchmarking/datasets/USPTO/US07323608-20080129-C00095.png,CCOC(=O)Cc1ccc(C#N)cc1
/beegfs/home/m.romanov/thesis/benchmarking/datasets/USPTO/US07323608-20080129-C00096.png,CN(C)c1ccccc1C#N
/beegfs/home/m.romanov/thesis/benchmarking/datasets/USPTO/US07323608-20080129-C00098.png,CC(=O)Nc1ccc(C)cc1C#N
/beegfs/home/m.romanov/thesis/benchmarking/datasets/USPTO/US07323608-20080129-C00103.png,Cc1ccc(S(=O)(=O)n2ccc3cc(Br)ccc32)cc1
/beegfs/home/m.romanov/thesis/benchmarking/datasets/USPTO/US07323608-20080129-C00105.png,Brc1cnn(Cc2ccccc2)c1
/beegfs/home/m.romanov/thesis/benchmarking/datasets/USPTO/US07323608-20080129-C00106.png,N#Cc1cnn(Cc2ccccc2)c1
/beegfs/home/m.romanov/thesis/benchmarking/datasets/USPTO/USRE039991-20080101-C00014.png,O=C(O)c1nc(Br)ccc1O
/beegfs/home/m.romanov/thesis/benchmarking/datasets/USPTO/USRE039991-20080101-C00015.png,COc1ccc(OCc2ccccc2)c(C(=O)O)n1
/beegfs/home/m.romanov/thesis/benchmarking/datasets/USPTO/USRE039991-20080101-C00016.png,O=C(O)c1cncnc1O
/beegfs/home/m.romanov/thesis/benchmarking/datasets/USPTO/USRE039991-20080101-C00017.png,Cc1ncc(C(=O)O)c(O)n1
/beegfs/home/m.romanov/thesis/benchmarking/datasets/USPTO/USRE039991-20080101-C00018.png,O=C(O)c1nc(Cl)c(Cl)nc1O
/beegfs/home/m.romanov/thesis/benchmarking/datasets/USPTO/USRE039991-20080101-C00019.png,COc1nc(O)c(C(=O)O)nc1Cl
/beegfs/home/m.romanov/thesis/benchmarking/datasets/USPTO/USRE039991-20080101-C00026.png,Nc1cccc(Oc2cccc(Cl)c2)c1
/beegfs/home/m.romanov/thesis/benchmarking/datasets/USPTO/USRE039991-20080101-C00027.png,Nc1cccc(Oc2ccc(C(F)(F)F)cc2)c1
/beegfs/home/m.romanov/thesis/benchmarking/datasets/USPTO/USRE039991-20080101-C00028.png,Nc1ccc(Sc2ccc(C(F)(F)F)cc2)cc1
/beegfs/home/m.romanov/thesis/benchmarking/datasets/USPTO/USRE039991-20080101-C00029.png,Nc1ccc(Cc2cccc(C(F)(F)F)c2)cc1
/beegfs/home/m.romanov/thesis/benchmarking/datasets/USPTO/USRE039991-20080101-C00030.png,Nc1ccc(C(=O)c2cccc(C(F)(F)F)c2)cc1
/beegfs/home/m.romanov/thesis/benchmarking/datasets/USPTO/USRE039991-20080101-C00031.png,CCOC(=O)c1cc(Oc2ccc(C(F)(F)F)cc2)ccc1N
/beegfs/home/m.romanov/thesis/benchmarking/datasets/USPTO/USRE039991-20080101-C00032.png,N[C@@H]1CC2CC1c1ccccc12
/beegfs/home/m.romanov/thesis/benchmarking/datasets/USPTO/USRE039991-20080101-C00034.png,NCCCc1cccnc1
/beegfs/home/m.romanov/thesis/benchmarking/datasets/USPTO/USRE039991-20080101-C00037.png,CC1(C)Cc2ccccc2C1N
/beegfs/home/m.romanov/thesis/benchmarking/datasets/USPTO/USRE039991-20080101-C00050.png,CN(CCc1ccccc1)C(=O)C1(C)CC(N)CC(C)(C)C1
/beegfs/home/m.romanov/thesis/benchmarking/datasets/USPTO/USRE039991-20080101-C00051.png,CC(C)(C)CCOC(=O)C1(C)CC(N)CC(C)(C)C1
/beegfs/home/m.romanov/thesis/benchmarking/datasets/USPTO/USRE039991-20080101-C00066.png,NC1CCN(C(=O)c2ccccc2)CC1
/beegfs/home/m.romanov/thesis/benchmarking/datasets/USPTO/USRE039991-20080101-C00075.png,CC(=O)O[C@@H]1[C@H](OC(C)=O)[C@H](C)O[C@H](N)[C@H]1OC(C)=O
/beegfs/home/m.romanov/thesis/benchmarking/datasets/USPTO/USRE039991-20080101-C00076.png,CC(=O)OC[C@H]1O[C@H](OC(C)=O)[C@H](N)[C@@H](OC(C)=O)[C@@H]1OC(C)=O
/beegfs/home/m.romanov/thesis/benchmarking/datasets/USPTO/USRE039991-20080101-C00079.png,CCCC[C@H]1C(=O)O[C@H](C)C(NC(=O)c2cccc(N)c2O)C(=O)O[C@@H](C)[C@@H]1OC(=O)CC(C)C
/beegfs/home/m.romanov/thesis/benchmarking/datasets/USPTO/USRE039991-20080101-C00082.png,O=C(Nc1ccc(C2CCCCC2)cc1)c1ncccc1O
/beegfs/home/m.romanov/thesis/benchmarking/datasets/USPTO/USRE039991-20080101-C00090.png,COc1ccnc(C(=O)N[C@@H]2[C@@H](O)[C@H](O)[C@@H](CO)C[C@@H]2O)c1O
/beegfs/home/m.romanov/thesis/benchmarking/datasets/USPTO/USRE039991-20080101-C00094.png,CCCCCCCCCNC(=O)c1ncccc1O
/beegfs/home/m.romanov/thesis/benchmarking/datasets/USPTO/USRE039991-20080101-C00095.png,O=C(NCC1CCCCC1)c1ncccc1O
/beegfs/home/m.romanov/thesis/benchmarking/datasets/USPTO/USRE039991-20080101-C00096.png,O=C(NC1CCCCCCC1)c1ncccc1O
/beegfs/home/m.romanov/thesis/benchmarking/datasets/USPTO/USRE039991-20080101-C00097.png,CC1(C)CC(NC(=O)c2ncccc2O)CC(C)(C2CC2)C1
/beegfs/home/m.romanov/thesis/benchmarking/datasets/USPTO/USRE039991-20080101-C00098.png,CC1(C)CC(NC(=O)c2ncccc2O)CC(C)(C)C1=O
/beegfs/home/m.romanov/thesis/benchmarking/datasets/USPTO/USRE039991-20080101-C00099.png,O=C(N[C@H]1CC2CC1[C@@H]1CCC[C@H]21)c1ncccc1O
/beegfs/home/m.romanov/thesis/benchmarking/datasets/USPTO/USRE039991-20080101-C00100.png,C[C@H]1C2CC([C@H]3CCC[C@@H]23)[C@@H]1NC(=O)c1ncccc1O
/beegfs/home/m.romanov/thesis/benchmarking/datasets/USPTO/USRE039991-20080101-C00101.png,O=C(NC1CCC(O)CC1)c1ncccc1O
/beegfs/home/m.romanov/thesis/benchmarking/datasets/USPTO/USRE039991-20080101-C00102.png,CC(=O)OC1CCC(NC(=O)c2ncccc2O)CC1
/beegfs/home/m.romanov/thesis/benchmarking/datasets/USPTO/USRE039991-20080101-C00103.png,CC(C)C(=O)OC1CCC(NC(=O)c2ncccc2O)CC1
/beegfs/home/m.romanov/thesis/benchmarking/datasets/USPTO/USRE039991-20080101-C00104.png,O=C(OC1CCC(NC(=O)c2ncccc2O)CC1)c1ccccc1
/beegfs/home/m.romanov/thesis/benchmarking/datasets/USPTO/USRE039991-20080101-C00105.png,O=C(Nc1cccc(Cl)c1)c1ncccc1O
/beegfs/home/m.romanov/thesis/benchmarking/datasets/USPTO/USRE039991-20080101-C00106.png,O=C(Nc1ccc(Cl)cc1)c1ncccc1O
/beegfs/home/m.romanov/thesis/benchmarking/datasets/USPTO/USRE039991-20080101-C00107.png,O=C(Nc1cccc(C(F)(F)F)c1)c1ncccc1O
/beegfs/home/m.romanov/thesis/benchmarking/datasets/USPTO/USRE039991-20080101-C00108.png,Cc1cc(C)cc(NC(=O)c2ncccc2O)c1
/beegfs/home/m.romanov/thesis/benchmarking/datasets/USPTO/USRE039991-20080101-C00109.png,COc1cc(NC(=O)c2ncccc2O)cc(OC)c1
/beegfs/home/m.romanov/thesis/benchmarking/datasets/USPTO/USRE039991-20080101-C00110.png,O=C(Nc1ccc(Oc2ccc(C(F)(F)F)cc2)cc1)c1ncccc1O
/beegfs/home/m.romanov/thesis/benchmarking/datasets/USPTO/USRE039991-20080101-C00111.png,O=C(NCc1ccccc1Cl)c1ncccc1O
/beegfs/home/m.romanov/thesis/benchmarking/datasets/USPTO/USRE039991-20080101-C00112.png,O=C(NCc1cccc(Cl)c1)c1ncccc1O
/beegfs/home/m.romanov/thesis/benchmarking/datasets/USPTO/USRE039991-20080101-C00113.png,O=C(NCc1ccc(Cl)cc1)c1ncccc1O
/beegfs/home/m.romanov/thesis/benchmarking/datasets/USPTO/USRE039991-20080101-C00114.png,O=C(NCc1ccc(Cl)c(Cl)c1)c1ncccc1O
/beegfs/home/m.romanov/thesis/benchmarking/datasets/USPTO/USRE039991-20080101-C00115.png,Cc1cccc(CNC(=O)c2ncccc2O)c1
/beegfs/home/m.romanov/thesis/benchmarking/datasets/USPTO/USRE039991-20080101-C00116.png,Cc1ccc(CNC(=O)c2ncccc2O)cc1
/beegfs/home/m.romanov/thesis/benchmarking/datasets/USPTO/USRE039991-20080101-C00117.png,COc1ccccc1CNC(=O)c1ncccc1O
/beegfs/home/m.romanov/thesis/benchmarking/datasets/USPTO/USRE039991-20080101-C00118.png,COc1cccc(CNC(=O)c2ncccc2O)c1
/beegfs/home/m.romanov/thesis/benchmarking/datasets/USPTO/USRE039991-20080101-C00119.png,COc1ccc(CNC(=O)c2ncccc2O)cc1
/beegfs/home/m.romanov/thesis/benchmarking/datasets/USPTO/USRE039991-20080101-C00120.png,COc1cccc(CNC(=O)c2ncccc2O)c1OC
/beegfs/home/m.romanov/thesis/benchmarking/datasets/USPTO/USRE039991-20080101-C00121.png,O=C(NCc1cccc2ccccc12)c1ncccc1O
/beegfs/home/m.romanov/thesis/benchmarking/datasets/USPTO/USRE039991-20080101-C00122.png,CC(NC(=O)c1ncccc1O)c1ccccc1
/beegfs/home/m.romanov/thesis/benchmarking/datasets/USPTO/USRE039991-20080101-C00123.png,CC(NC(=O)c1ncccc1O)c1ccc(Cl)cc1
/beegfs/home/m.romanov/thesis/benchmarking/datasets/USPTO/USRE039991-20080101-C00124.png,C[C@@H](NC(=O)c1ncccc1O)c1cccc2ccccc12
/beegfs/home/m.romanov/thesis/benchmarking/datasets/USPTO/USRE039991-20080101-C00125.png,C[C@H](NC(=O)c1ncccc1O)c1cccc2ccccc12
/beegfs/home/m.romanov/thesis/benchmarking/datasets/USPTO/USRE039991-20080101-C00127.png,O=C(NCCCCc1ccccc1)c1ncccc1O
/beegfs/home/m.romanov/thesis/benchmarking/datasets/USPTO/USRE039991-20080101-C00128.png,O=C(Nc1nccs1)c1ncccc1O
/beegfs/home/m.romanov/thesis/benchmarking/datasets/USPTO/USRE039991-20080101-C00129.png,Cc1ccnc(C(=O)NC2CC(C)(C)CC(C)(C)C2)c1O
/beegfs/home/m.romanov/thesis/benchmarking/datasets/USPTO/USRE039991-20080101-C00130.png,Cc1ccnc(C(=O)NC2COC(=O)[C@H](Cc3ccccc3)[C@@H](OC(=O)C(C)C)[C@H](C)OC2=O)c1O
/beegfs/home/m.romanov/thesis/benchmarking/datasets/USPTO/USRE039991-20080101-C00131.png,Cc1ccnc(C(=O)Nc2ccc(Oc3cccc(C(F)(F)F)c3)cc2)c1O
/beegfs/home/m.romanov/thesis/benchmarking/datasets/USPTO/USRE039991-20080101-C00132.png,COc1ccnc(C(=O)NCC#CCCl)c1O
/beegfs/home/m.romanov/thesis/benchmarking/datasets/USPTO/USRE039991-20080101-C00133.png,COc1ccnc(C(=O)NCC#Cc2ccccc2)c1O
/beegfs/home/m.romanov/thesis/benchmarking/datasets/USPTO/USRE039991-20080101-C00134.png,COc1ccnc(C(=O)NCC2C(C=C(C)C)C2(C)C)c1O
/beegfs/home/m.romanov/thesis/benchmarking/datasets/USPTO/USRE039991-20080101-C00135.png,COc1ccnc(C(=O)NC/C=C(\C)CCC=C(C)C)c1O
/beegfs/home/m.romanov/thesis/benchmarking/datasets/USPTO/USRE039991-20080101-C00136.png,COc1ccnc(C(=O)NCCCc2cccnc2)c1O
/beegfs/home/m.romanov/thesis/benchmarking/datasets/USPTO/USRE039991-20080101-C00137.png,COc1ccnc(C(=O)NCC(C)(C)Sc2ncc(C(F)(F)F)cc2Cl)c1O
/beegfs/home/m.romanov/thesis/benchmarking/datasets/USPTO/USRE039991-20080101-C00138.png,COc1ccnc(C(=O)NCC2COCCOCCOCCOCCO2)c1O
/beegfs/home/m.romanov/thesis/benchmarking/datasets/USPTO/USRE039991-20080101-C00139.png,COc1ccnc(C(=O)NC(C)c2ccc(Cl)cc2)c1O
/beegfs/home/m.romanov/thesis/benchmarking/datasets/USPTO/USRE039991-20080101-C00140.png,COc1ccnc(C(=O)NC(C)c2ccc(C(F)(F)F)cc2)c1O
/beegfs/home/m.romanov/thesis/benchmarking/datasets/USPTO/USRE039991-20080101-C00141.png,COc1ccnc(C(=O)NC2CCCC2O)c1O
/beegfs/home/m.romanov/thesis/benchmarking/datasets/USPTO/USRE039991-20080101-C00142.png,COc1ccnc(C(=O)NC2CCCC2=O)c1O
/beegfs/home/m.romanov/thesis/benchmarking/datasets/USPTO/USRE039991-20080101-C00143.png,COc1ccnc(C(=O)NC2CC(C)(C)CC(C)(C)C2)c1O
/beegfs/home/m.romanov/thesis/benchmarking/datasets/USPTO/USRE039991-20080101-C00144.png,CCC1(C)CC(NC(=O)c2nccc(OC)c2O)CC(C)(C)C1
/beegfs/home/m.romanov/thesis/benchmarking/datasets/USPTO/USRE039991-20080101-C00145.png,COc1ccnc(C(=O)NC2CC(C)(C)CC(C)(C3CC3)C2)c1O
/beegfs/home/m.romanov/thesis/benchmarking/datasets/USPTO/USRE039991-20080101-C00146.png,CCCCC1(C)CC(NC(=O)c2nccc(OC)c2O)CC(C)(C)C1
/beegfs/home/m.romanov/thesis/benchmarking/datasets/USPTO/USRE039991-20080101-C00147.png,CCCCC1(C)CCCC(NC(=O)c2nccc(OC)c2O)C1
/beegfs/home/m.romanov/thesis/benchmarking/datasets/USPTO/USRE039991-20080101-C00148.png,COc1ccnc(C(=O)NC2CC(C)(C)CC3(C2)CC3(F)F)c1O
/beegfs/home/m.romanov/thesis/benchmarking/datasets/USPTO/USRE039991-20080101-C00149.png,COc1ccnc(C(=O)NC2CC(C(F)(F)F)CC(C(F)(F)F)C2)c1O
/beegfs/home/m.romanov/thesis/benchmarking/datasets/USPTO/USRE039991-20080101-C00150.png,COc1ccnc(C(=O)NC2CC(C)(C)CC(C)(COCC(Cl)CCl)C2)c1O
/beegfs/home/m.romanov/thesis/benchmarking/datasets/USPTO/USRE039991-20080101-C00151.png,COc1ccnc(C(=O)NC2CC(c3ccco3)CC(C)(C)C2)c1O
/beegfs/home/m.romanov/thesis/benchmarking/datasets/USPTO/USRE039991-20080101-C00152.png,COc1ccnc(C(=O)NC2C[C@H](C)C[C@H](c3ccccn3)C2)c1O
/beegfs/home/m.romanov/thesis/benchmarking/datasets/USPTO/USRE039991-20080101-C00153.png,COc1ccnc(C(=O)NC2CC(C)(C)CC(C)(C(=O)c3ccccc3)C2)c1O
/beegfs/home/m.romanov/thesis/benchmarking/datasets/USPTO/USRE039991-20080101-C00154.png,COc1ccnc(C(=O)NC2CC(C)(C)CC(C)(C(=O)OCCC(C)(C)C)C2)c1O
/beegfs/home/m.romanov/thesis/benchmarking/datasets/USPTO/USRE039991-20080101-C00155.png,COc1ccnc(C(=O)N[C@@H]2CC(C)(C)C[C@](C)(C(=O)N(C)CCc3ccccc3)C2)c1O
/beegfs/home/m.romanov/thesis/benchmarking/datasets/USPTO/USRE039991-20080101-C00156.png,COc1ccnc(C(=O)N[C@@H]2CC(C)(C)C[C@@](C)(C(=O)N(C)CCc3ccccc3)C2)c1O
/beegfs/home/m.romanov/thesis/benchmarking/datasets/USPTO/USRE039991-20080101-C00158.png,COc1ccnc(C(=O)NC2CC(C)(C)C(OC)C(C)(C)C2)c1O
/beegfs/home/m.romanov/thesis/benchmarking/datasets/USPTO/USRE039991-20080101-C00160.png,COc1ccnc(C(=O)NC2CC(C)(C)C(OC(=O)CC(C)C)C(C)(C)C2)c1O
/beegfs/home/m.romanov/thesis/benchmarking/datasets/USPTO/USRE039991-20080101-C00161.png,COc1ccnc(C(=O)NC2CC(C)(C)C(OC(=O)c3ccccc3)C(C)(C)C2)c1O
/beegfs/home/m.romanov/thesis/benchmarking/datasets/USPTO/USRE039991-20080101-C00162.png,COc1ccnc(C(=O)NC2CC(C)(C)C(OC(=O)c3cccc(Cl)n3)C(C)(C)C2)c1O
/beegfs/home/m.romanov/thesis/benchmarking/datasets/USPTO/USRE039991-20080101-C00163.png,COc1ccnc(C(=O)N[C@H]2CC[C@H](Oc3ccc(C(F)(F)F)cc3)CC2)c1O
/beegfs/home/m.romanov/thesis/benchmarking/datasets/USPTO/USRE039991-20080101-C00164.png,COc1ccnc(C(=O)N[C@H]2CC[C@@H](Oc3ccc(C(F)(F)F)cc3)CC2)c1O
/beegfs/home/m.romanov/thesis/benchmarking/datasets/USPTO/USRE039991-20080101-C00165.png,COc1ccnc(C(=O)NC2CC(C)(C)C(Oc3cc(C(F)(F)F)cc(C(F)(F)F)n3)C(C)(C)C2)c1O
/beegfs/home/m.romanov/thesis/benchmarking/datasets/USPTO/USRE039991-20080101-C00166.png,COc1ccnc(C(=O)N[C@@H]2CCCC[C@H]2SC)c1O
/beegfs/home/m.romanov/thesis/benchmarking/datasets/USPTO/USRE039991-20080101-C00167.png,COc1ccnc(C(=O)NC2CCCC(Sc3ccc(C(F)(F)F)cn3)C2)c1O
/beegfs/home/m.romanov/thesis/benchmarking/datasets/USPTO/USRE039991-20080101-C00168.png,COc1ccnc(C(=O)NC2CCC(Sc3ccccc3)CC2)c1O
/beegfs/home/m.romanov/thesis/benchmarking/datasets/USPTO/USRE039991-20080101-C00169.png,COc1ccnc(C(=O)NC2CC(C)(C)CC(C)(C(=O)CCCc3ccccc3)C2)c1O
/beegfs/home/m.romanov/thesis/benchmarking/datasets/USPTO/USRE039991-20080101-C00170.png,COc1ccnc(C(=O)NC2CC(C)(C)CCCC2C)c1O
/beegfs/home/m.romanov/thesis/benchmarking/datasets/USPTO/USRE039991-20080101-C00171.png,COc1ccnc(C(=O)NC2CC(C)(C)C=CC=C2C)c1O
/beegfs/home/m.romanov/thesis/benchmarking/datasets/USPTO/USRE039991-20080101-C00172.png,COc1ccnc(C(=O)NC2CC(C)(C)C=CC(C)C2C)c1O
/beegfs/home/m.romanov/thesis/benchmarking/datasets/USPTO/USRE039991-20080101-C00173.png,COc1ccnc(C(=O)NC2CC(C)(C)C3OC3[C@H](C)C2C)c1O
/beegfs/home/m.romanov/thesis/benchmarking/datasets/USPTO/USRE039991-20080101-C00174.png,COc1ccnc(C(=O)NC2CC(C)(C)C(Cl)C(Cl)[C@H](C)C2C)c1O
/beegfs/home/m.romanov/thesis/benchmarking/datasets/USPTO/USRE039991-20080101-C00175.png,COc1ccnc(C(=O)NC2CCCCCCC2)c1O
/beegfs/home/m.romanov/thesis/benchmarking/datasets/USPTO/USRE039991-20080101-C00176.png,COc1ccnc(C(=O)NC2CC(C)(C)/C=C\CC(C)(C)C2)c1O
/beegfs/home/m.romanov/thesis/benchmarking/datasets/USPTO/USRE039991-20080101-C00177.png,COc1ccnc(C(=O)NC2c3ccccc3CC2(C)C)c1O
/beegfs/home/m.romanov/thesis/benchmarking/datasets/USPTO/USRE039991-20080101-C00178.png,COc1ccnc(C(=O)NC2CCc3ccccc3C2=O)c1O
/beegfs/home/m.romanov/thesis/benchmarking/datasets/USPTO/USRE039991-20080101-C00179.png,COc1ccnc(C(=O)NC2CCC[C@H]3CC(CCC=C(C)C)=CC[C@@H]23)c1O
/beegfs/home/m.romanov/thesis/benchmarking/datasets/USPTO/USRE039991-20080101-C00180.png,COc1ccnc(C(=O)NC2CC3CCC2C3)c1O
/beegfs/home/m.romanov/thesis/benchmarking/datasets/USPTO/USRE039991-20080101-C00181.png,COc1ccnc(C(=O)NC2C3(C)CCC(C3)C2(C)C)c1O
/beegfs/home/m.romanov/thesis/benchmarking/datasets/USPTO/USRE039991-20080101-C00182.png,COc1ccnc(C(=O)N[C@@H]2CC3CC2[C@@H](c2ccccc2)C3)c1O
/beegfs/home/m.romanov/thesis/benchmarking/datasets/USPTO/USRE039991-20080101-C00183.png,COc1ccnc(C(=O)N[C@H]2CC3CC2C[C@@H]3c2ccccc2)c1O
/beegfs/home/m.romanov/thesis/benchmarking/datasets/USPTO/USRE039991-20080101-C00184.png,COc1ccnc(C(=O)N[C@@H]2CC3CC2c2ccccc23)c1O
/beegfs/home/m.romanov/thesis/benchmarking/datasets/USPTO/USRE039991-20080101-C00185.png,COc1ccnc(C(=O)NC2CCC[C@H]3[C@H]4CC[C@H](C4)[C@@H]23)c1O
/beegfs/home/m.romanov/thesis/benchmarking/datasets/USPTO/USRE039991-20080101-C00186.png,COc1ccnc(C(=O)N[C@H]2CC[C@H]3C4CCC(CC4)[C@H]3C2=O)c1O
/beegfs/home/m.romanov/thesis/benchmarking/datasets/USPTO/USRE039991-20080101-C00191.png,COc1ccnc(C(=O)N[C@@H]2CC3CC2C[C@@H]3COCc2cccc(C(F)(F)F)c2)c1O
/beegfs/home/m.romanov/thesis/benchmarking/datasets/USPTO/USRE039991-20080101-C00196.png,COc1ccnc(C(=O)N[C@@H]2CC3CC2[C@@H](C(=O)OCCc2ccccc2)[C@H]3C(=O)OCC(C)C)c1O
/beegfs/home/m.romanov/thesis/benchmarking/datasets/USPTO/USRE039991-20080101-C00197.png,COc1ccnc(C(=O)N[C@@H]2CC3CC2[C@H]2COC[C@@H]32)c1O
/beegfs/home/m.romanov/thesis/benchmarking/datasets/USPTO/USRE039991-20080101-C00198.png,COc1ccnc(C(=O)N[C@@H]2CC3CC2C2C(=O)N(CC(C)C)C(=O)C32)c1O
/beegfs/home/m.romanov/thesis/benchmarking/datasets/USPTO/USRE039991-20080101-C00199.png,COc1ccnc(C(=O)NC2C3CC4C(C3Cl)C42)c1O
/beegfs/home/m.romanov/thesis/benchmarking/datasets/USPTO/USRE039991-20080101-C00201.png,COc1ccnc(C(=O)NC2CCN(Cc3ccc(C)cc3)CC2)c1O
/beegfs/home/m.romanov/thesis/benchmarking/datasets/USPTO/USRE039991-20080101-C00203.png,COc1ccnc(C(=O)NC2CCN(C(=O)c3ccccc3)CC2)c1O
/beegfs/home/m.romanov/thesis/benchmarking/datasets/USPTO/USRE039991-20080101-C00204.png,COc1ccnc(C(=O)NC2CCN(C(=O)CCc3ccccc3)CC2)c1O
/beegfs/home/m.romanov/thesis/benchmarking/datasets/USPTO/USRE039991-20080101-C00205.png,COc1ccnc(C(=O)NC2COC(C)C2)c1O
/beegfs/home/m.romanov/thesis/benchmarking/datasets/USPTO/USRE039991-20080101-C00207.png,COc1ccnc(C(=O)NC2C[C@H](C)O[C@@](C)(Cc3ccccc3)C2)c1O
/beegfs/home/m.romanov/thesis/benchmarking/datasets/USPTO/USRE039991-20080101-C00208.png,COc1ccnc(C(=O)NC2C[C@H](C)O[C@](C)(Cc3ccccc3)C2)c1O
/beegfs/home/m.romanov/thesis/benchmarking/datasets/USPTO/USRE039991-20080101-C00209.png,CCC1(C)OCC(NC(=O)c2nccc(OC)c2O)CO1
/beegfs/home/m.romanov/thesis/benchmarking/datasets/USPTO/USRE039991-20080101-C00210.png,COc1ccnc(C(=O)NC2COC3(CC(C)(C)CC(C)(C)C3)OC2)c1O
/beegfs/home/m.romanov/thesis/benchmarking/datasets/USPTO/USRE039991-20080101-C00215.png,COc1ccnc(C(=O)NC2CC3OC2C(C)C(OC(=O)C(C)C)C3C)c1O
/beegfs/home/m.romanov/thesis/benchmarking/datasets/USPTO/USRE039991-20080101-C00216.png,COc1ccnc(C(=O)N[C@H]2CC3OC2[C@H](C)[C@@H](OCc2ccccc2)[C@H]3C)c1O
/beegfs/home/m.romanov/thesis/benchmarking/datasets/USPTO/USRE039991-20080101-C00217.png,COCCCc1ccc2c(c1)OC(C)C(NC(=O)c1nccc(OC)c1O)C2=O
/beegfs/home/m.romanov/thesis/benchmarking/datasets/USPTO/USRE039991-20080101-C00218.png,COc1ccnc(C(=O)NC2C(=O)c3ccc(-c4ccco4)cc3OC2C)c1O
/beegfs/home/m.romanov/thesis/benchmarking/datasets/USPTO/USRE039991-20080101-C00219.png,COc1ccnc(C(=O)NC2CSCC(c3ccccc3)C2=O)c1O
/beegfs/home/m.romanov/thesis/benchmarking/datasets/USPTO/USRE039991-20080101-C00220.png,COc1ccnc(C(=O)NC(C)C2CSCN(Cc3ccccc3)C2)c1O
/beegfs/home/m.romanov/thesis/benchmarking/datasets/USPTO/USRE039991-20080101-C00224.png,COc1ccnc(C(=O)NC2O[C@H](CO)[C@H]3OC(C)(C)O[C@@H]23)c1O
/beegfs/home/m.romanov/thesis/benchmarking/datasets/USPTO/USRE039991-20080101-C00225.png,COc1ccnc(C(=O)N[C@@H]2OC[C@H](OC(C)=O)[C@H](OC(C)=O)[C@H]2OC(C)=O)c1O
/beegfs/home/m.romanov/thesis/benchmarking/datasets/USPTO/USRE039991-20080101-C00226.png,CCCO[C@@H]1[C@@H](OCCC)[C@H](OCCC)CO[C@H]1NC(=O)c1nccc(OC)c1O
/beegfs/home/m.romanov/thesis/benchmarking/datasets/USPTO/USRE039991-20080101-C00227.png,COc1ccnc(C(=O)N[C@@H]2OC[C@@H](OCc3ccccc3)[C@H](OCc3ccccc3)[C@H]2OCc2ccccc2)c1O
/beegfs/home/m.romanov/thesis/benchmarking/datasets/USPTO/USRE039991-20080101-C00228.png,COc1ccnc(C(=O)N[C@H]2O[C@@H](C)[C@@H](OC(C)=O)[C@@H](OC(C)=O)[C@@H]2OC(C)=O)c1O
/beegfs/home/m.romanov/thesis/benchmarking/datasets/USPTO/USRE039991-20080101-C00229.png,COc1ccnc(C(=O)N[C@@H]2[C@@H](O)[C@H](O)[C@@H](CO)O[C@@H]2O)c1O
/beegfs/home/m.romanov/thesis/benchmarking/datasets/USPTO/USRE039991-20080101-C00230.png,COc1ccnc(C(=O)N[C@H]2[C@@H](OC(C)=O)O[C@H](COC(C)=O)[C@@H](OC(C)=O)[C@@H]2OC(C)=O)c1O
/beegfs/home/m.romanov/thesis/benchmarking/datasets/USPTO/USRE039991-20080101-C00232.png,COc1ccnc(C(=O)N[C@@H](Cc2ccc(OCc3ccccc3)cc2)C(=O)O)c1O
/beegfs/home/m.romanov/thesis/benchmarking/datasets/USPTO/USRE039991-20080101-C00233.png,COC(=O)[C@@H](Cc1ccc(OCc2ccccc2)cc1)NC(=O)c1nccc(OC)c1O
/beegfs/home/m.romanov/thesis/benchmarking/datasets/USPTO/USRE039991-20080101-C00234.png,COc1ccnc(C(=O)N[C@@H](Cc2ccc(OCc3ccccc3)cc2)C(=O)OCc2ccccc2)c1O
/beegfs/home/m.romanov/thesis/benchmarking/datasets/USPTO/USRE039991-20080101-C00235.png,COC(=O)C(CO)NC(=O)c1nccc(OC)c1O
/beegfs/home/m.romanov/thesis/benchmarking/datasets/USPTO/USRE039991-20080101-C00237.png,COc1ccnc(C(=O)N[C@@H](COCc2ccccc2)C(=O)OC(C)[C@H](OC(=O)C(C)C)[C@H](Cc2ccccc2)C(=O)OCc2ccccc2)c1O
/beegfs/home/m.romanov/thesis/benchmarking/datasets/USPTO/USRE039991-20080101-C00238.png,COC(=O)C(COC(=O)C(C)c1ccccc1)NC(=O)c1nccc(OC)c1O
/beegfs/home/m.romanov/thesis/benchmarking/datasets/USPTO/USRE039991-20080101-C00239.png,COC(=O)C(COC(=O)CCc1ccccc1)NC(=O)c1nccc(OC)c1O
/beegfs/home/m.romanov/thesis/benchmarking/datasets/USPTO/USRE039991-20080101-C00240.png,COC(=O)C(COC(=O)C(C)Cc1ccccc1)NC(=O)c1nccc(OC)c1O
/beegfs/home/m.romanov/thesis/benchmarking/datasets/USPTO/USRE039991-20080101-C00241.png,COC(=O)C(COC(=O)COCc1ccccc1)NC(=O)c1nccc(OC)c1O
/beegfs/home/m.romanov/thesis/benchmarking/datasets/USPTO/USRE039991-20080101-C00242.png,COC(=O)C(COC(=O)CC(C)OC(=O)C(C)C)NC(=O)c1nccc(OC)c1O
/beegfs/home/m.romanov/thesis/benchmarking/datasets/USPTO/USRE039991-20080101-C00244.png,COC(=O)C(COC(=O)C(COC(=O)C(C)C)Cc1ccccc1)NC(=O)c1nccc(OC)c1O
/beegfs/home/m.romanov/thesis/benchmarking/datasets/USPTO/USRE039991-20080101-C00246.png,COc1ccnc(C(=O)NC(COC(=O)C(C)Cc2ccccc2)C(=O)OC(C)C)c1O
/beegfs/home/m.romanov/thesis/benchmarking/datasets/USPTO/USRE039991-20080101-C00247.png,COc1ccnc(C(=O)NC(COC(=O)CC(C)OC(=O)C(C)C)C(=O)OC(C)C)c1O
/beegfs/home/m.romanov/thesis/benchmarking/datasets/USPTO/USRE039991-20080101-C00248.png,COc1ccnc(C(=O)NC(COC(=O)CC(C)OC(=O)CCc2ccccc2)C(=O)OC(C)C)c1O
/beegfs/home/m.romanov/thesis/benchmarking/datasets/USPTO/USRE039991-20080101-C00250.png,COc1ccnc(C(=O)NC(COC(=O)C(Cc2ccccc2)C(C)OC(=O)C(C)C)C(=O)OC(C)C)c1O
/beegfs/home/m.romanov/thesis/benchmarking/datasets/USPTO/USRE039991-20080101-C00251.png,COc1ccnc(C(=O)NC(COC(=O)C(Cc2ccccc2)C(C)OC(=O)c2ccccc2)C(=O)OC(C)C)c1O
/beegfs/home/m.romanov/thesis/benchmarking/datasets/USPTO/USRE039991-20080101-C00255.png,COc1ccnc(C(=O)NC(C(=O)OCC(C)C)C(C)OC(=O)C(C)Cc2ccccc2)c1O
/beegfs/home/m.romanov/thesis/benchmarking/datasets/USPTO/USRE039991-20080101-C00256.png,COc1ccnc(C(=O)NC(C(=O)O[C@@H](C)[C@H](OC(=O)C(C)C)[C@@H](Cc2ccccc2)C(=O)OCc2ccccc2)[C@@H](C)OC(C)=O)c1O
/beegfs/home/m.romanov/thesis/benchmarking/datasets/USPTO/USRE039991-20080101-C00257.png,COc1ccnc(C(=O)NCCCCCCCCCCC(=O)OCCSc2ccccc2)c1O
/beegfs/home/m.romanov/thesis/benchmarking/datasets/USPTO/USRE039991-20080101-C00258.png,COc1ccnc(C(=O)NCCCCCCCCCCC(=O)Oc2cccc(NC(C)=O)c2)c1O
/beegfs/home/m.romanov/thesis/benchmarking/datasets/USPTO/USRE039991-20080101-C00259.png,COc1ccnc(C(=O)NCCCCCCCCCCCC(=O)OCCSc2ccccc2)c1O
/beegfs/home/m.romanov/thesis/benchmarking/datasets/USPTO/USRE039991-20080101-C00260.png,COc1ccnc(C(=O)NCCCCCCCCCCCC(=O)Oc2cccc(NC(C)=O)c2)c1O
/beegfs/home/m.romanov/thesis/benchmarking/datasets/USPTO/USRE039991-20080101-C00261.png,COc1ccnc(C(=O)NCCCCC(=O)Oc2cccnc2Br)c1O
/beegfs/home/m.romanov/thesis/benchmarking/datasets/USPTO/USRE039991-20080101-C00262.png,COc1ccnc(C(=O)NCCCCC(=O)Oc2cccc(NC(C)=O)c2)c1O
/beegfs/home/m.romanov/thesis/benchmarking/datasets/USPTO/USRE039991-20080101-C00263.png,COc1ccnc(C(=O)NCCCCCCCC(=O)Oc2ccc(C)c(Cl)c2)c1O
/beegfs/home/m.romanov/thesis/benchmarking/datasets/USPTO/USRE039991-20080101-C00264.png,COc1ccnc(C(=O)NC(CC2CCCCC2)C(=O)OC2CCNC2)c1O
/beegfs/home/m.romanov/thesis/benchmarking/datasets/USPTO/USRE039991-20080101-C00265.png,COc1ccnc(C(=O)NC(C)C(=O)OCCCCCc2ccccc2)c1O
/beegfs/home/m.romanov/thesis/benchmarking/datasets/USPTO/USRE039991-20080101-C00266.png,COc1ccnc(C(=O)NCC(=O)OCCCCCc2ccccc2)c1O
/beegfs/home/m.romanov/thesis/benchmarking/datasets/USPTO/USRE039991-20080101-C00267.png,COc1ccnc(C(=O)NCC(=O)OC2CCCCC2)c1O
/beegfs/home/m.romanov/thesis/benchmarking/datasets/USPTO/USRE039991-20080101-C00268.png,COc1ccnc(C(=O)NC(CC(N)=O)C(=O)OC/C=C(/C)CCC=C(C)C)c1O
/beegfs/home/m.romanov/thesis/benchmarking/datasets/USPTO/USRE039991-20080101-C00269.png,COc1ccnc(C(=O)NC(Cc2ccc(OCc3ccccc3)cc2)C(=O)O)c1O
/beegfs/home/m.romanov/thesis/benchmarking/datasets/USPTO/USRE039991-20080101-C00270.png,COc1ccnc(C(=O)NC2COC(=O)CC(c3ccccc3)C(=O)OC2)c1O
/beegfs/home/m.romanov/thesis/benchmarking/datasets/USPTO/USRE039991-20080101-C00271.png,COc1ccnc(C(=O)NC2COC(=O)C[C@H](NC(=O)OCc3ccccc3)C(=O)OC2)c1O
/beegfs/home/m.romanov/thesis/benchmarking/datasets/USPTO/USRE039991-20080101-C00272.png,COc1ccnc(C(=O)NC2COC(=O)[C@H]3CCCC[C@@H]3C(=O)OC2)c1O
/beegfs/home/m.romanov/thesis/benchmarking/datasets/USPTO/USRE039991-20080101-C00273.png,COc1ccnc(C(=O)NC2CC(=O)OCC(C)COC2=O)c1O
/beegfs/home/m.romanov/thesis/benchmarking/datasets/USPTO/USRE039991-20080101-C00274.png,COc1ccnc(C(=O)N[C@H]2CC(=O)OCC(NC(=O)OC(C)(C)C)COC2=O)c1O
/beegfs/home/m.romanov/thesis/benchmarking/datasets/USPTO/USRE039991-20080101-C00275.png,COc1ccnc(C(=O)NC2COC(=O)CC3(CCCCC3)CC(=O)OC2)c1O
/beegfs/home/m.romanov/thesis/benchmarking/datasets/USPTO/USRE039991-20080101-C00276.png,COc1ccnc(C(=O)N[C@@H]2C(=O)O[C@@H](C)C[C@@H](C)C(=O)O[C@@H]2C)c1O
/beegfs/home/m.romanov/thesis/benchmarking/datasets/USPTO/USRE039991-20080101-C00277.png,COc1ccnc(C(=O)N[C@H]2COC(=O)[C@H](Cc3ccccc3)C[C@H](C)OC2=O)c1O
/beegfs/home/m.romanov/thesis/benchmarking/datasets/USPTO/USRE039991-20080101-C00278.png,COc1ccnc(C(=O)N[C@H]2COC(=O)[C@H](Cc3ccccc3)[C@@H](O)[C@H](C)OC2=O)c1O
/beegfs/home/m.romanov/thesis/benchmarking/datasets/USPTO/USRE039991-20080101-C00279.png,COc1ccnc(C(=O)N[C@H]2COC(=O)[C@H](Cc3ccccc3)[C@@H](OCC(C)C)[C@H](C)OC2=O)c1O
/beegfs/home/m.romanov/thesis/benchmarking/datasets/USPTO/USRE039991-20080101-C00280.png,COc1ccnc(C(=O)N[C@H]2COC(=O)[C@H](Cc3ccccc3)[C@@H](OC(C)=O)[C@H](C)OC2=O)c1O
/beegfs/home/m.romanov/thesis/benchmarking/datasets/USPTO/USRE039991-20080101-C00281.png,C=C(C)C(=O)O[C@H]1[C@H](C)OC(=O)[C@@H](NC(=O)c2nccc(OC)c2O)COC(=O)[C@@H]1Cc1ccccc1
/beegfs/home/m.romanov/thesis/benchmarking/datasets/USPTO/USRE039991-20080101-C00282.png,COc1ccnc(C(=O)N[C@H]2COC(=O)[C@H](Cc3ccccc3)[C@@H](OC(=O)C3CC3)[C@H](C)OC2=O)c1O
/beegfs/home/m.romanov/thesis/benchmarking/datasets/USPTO/USRE039991-20080101-C00283.png,COc1ccnc(C(=O)N[C@H]2COC(=O)[C@H](Cc3ccccc3)[C@@H](OC(=O)C(C)(C)C)[C@H](C)OC2=O)c1O
/beegfs/home/m.romanov/thesis/benchmarking/datasets/USPTO/USRE039991-20080101-C00284.png,COc1ccnc(C(=O)N[C@H]2COC(=O)[C@H](Cc3ccccc3)[C@@H](OC(=O)C3CCCC3)[C@H](C)OC2=O)c1O
/beegfs/home/m.romanov/thesis/benchmarking/datasets/USPTO/USRE039991-20080101-C00286.png,COc1ccnc(C(=O)N[C@H]2COC(=O)[C@H](Cc3ccccc3)[C@@H](OC(=O)C3C(C)CCCC3C)[C@H](C)OC2=O)c1O
/beegfs/home/m.romanov/thesis/benchmarking/datasets/USPTO/USRE039991-20080101-C00288.png,COc1ccnc(C(=O)N[C@H]2COC(=O)[C@H](Cc3ccccc3)[C@@H](OC(=O)Cc3ccccc3)[C@H](C)OC2=O)c1O
/beegfs/home/m.romanov/thesis/benchmarking/datasets/USPTO/USRE039991-20080101-C00289.png,COc1ccnc(C(=O)N[C@H]2COC(=O)[C@H](Cc3ccccc3)[C@@H](OC(=O)/C=C(\C)CCC=C(C)C)[C@H](C)OC2=O)c1O
/beegfs/home/m.romanov/thesis/benchmarking/datasets/USPTO/USRE039991-20080101-C00290.png,CCCCCCCCCCCCC(=O)O[C@H]1[C@H](C)OC(=O)[C@@H](NC(=O)c2nccc(OC)c2O)COC(=O)[C@@H]1Cc1ccccc1
/beegfs/home/m.romanov/thesis/benchmarking/datasets/USPTO/USRE039991-20080101-C00291.png,CCCCCCCCCCCCCCCCCC(=O)O[C@H]1[C@H](C)OC(=O)[C@@H](NC(=O)c2nccc(OC)c2O)COC(=O)[C@@H]1Cc1ccccc1
/beegfs/home/m.romanov/thesis/benchmarking/datasets/USPTO/USRE039991-20080101-C00292.png,COc1ccnc(C(=O)N[C@H]2COC(=O)[C@H](Cc3ccccc3)[C@@H](OC(=O)NC(C)C)[C@H](C)OC2=O)c1O
/beegfs/home/m.romanov/thesis/benchmarking/datasets/USPTO/USRE039991-20080101-C00293.png,COc1ccnc(C(=O)N[C@H]2COC(=O)[C@H](Cc3ccccc3)[C@@H](OC(=O)NC(C)(C)C)[C@H](C)OC2=O)c1O
/beegfs/home/m.romanov/thesis/benchmarking/datasets/USPTO/USRE039991-20080101-C00294.png,COc1ccnc(C(=O)N[C@H]2COC(=O)[C@H](Cc3ccccc3)[C@@H](OC(=O)OC(C)C)[C@H](C)OC2=O)c1O
/beegfs/home/m.romanov/thesis/benchmarking/datasets/USPTO/USRE039991-20080101-C00295.png,COc1ccnc(C(=O)N[C@H]2COC(=O)[C@H](CC3CCCC3)[C@@H](OC(=O)C(C)C)[C@H](C)OC2=O)c1O
/beegfs/home/m.romanov/thesis/benchmarking/datasets/USPTO/USRE039991-20080101-C00296.png,COc1ccnc(C(=O)N[C@H]2COC(=O)[C@H](Oc3ccccc3)[C@@H](OC(=O)C(C)C)[C@H](C)OC2=O)c1O
/beegfs/home/m.romanov/thesis/benchmarking/datasets/USPTO/USRE039991-20080101-C00297.png,COc1ccnc(C(=O)Nc2ccc(Cc3cccc(C(F)(F)F)c3)cc2)c1O
/beegfs/home/m.romanov/thesis/benchmarking/datasets/USPTO/USRE039991-20080101-C00298.png,COc1ccnc(C(=O)Nc2ccc(C(=O)c3cccc(C(F)(F)F)c3)cc2)c1O
/beegfs/home/m.romanov/thesis/benchmarking/datasets/USPTO/USRE039991-20080101-C00299.png,COc1ccnc(C(=O)Nc2ccc(C(=O)c3ccc(C(F)(F)F)cc3)cc2)c1O
/beegfs/home/m.romanov/thesis/benchmarking/datasets/USPTO/USRE039991-20080101-C00300.png,COc1ccnc(C(=O)Nc2ccc(/C(=N/O)c3cccc(C(F)(F)F)c3)cc2)c1O
/beegfs/home/m.romanov/thesis/benchmarking/datasets/USPTO/USRE039991-20080101-C00301.png,CO/N=C(/c1ccc(NC(=O)c2nccc(OC)c2O)cc1)c1cccc(C(F)(F)F)c1
/beegfs/home/m.romanov/thesis/benchmarking/datasets/USPTO/USRE039991-20080101-C00302.png,CO/N=C(/c1ccc(NC(=O)c2nccc(OC)c2O)cc1)c1ccc(C(F)(F)F)cc1
/beegfs/home/m.romanov/thesis/benchmarking/datasets/USPTO/USRE039991-20080101-C00303.png,COc1ccnc(C(=O)Nc2ccc(Nc3cccc(C(F)(F)F)c3)cc2)c1O
/beegfs/home/m.romanov/thesis/benchmarking/datasets/USPTO/USRE039991-20080101-C00304.png,COc1ccnc(C(=O)Nc2ccccc2Oc2ccc(C)cc2)c1O
/beegfs/home/m.romanov/thesis/benchmarking/datasets/USPTO/USRE039991-20080101-C00305.png,COc1ccnc(C(=O)Nc2cccc(Oc3ccccc3C)c2)c1O
/beegfs/home/m.romanov/thesis/benchmarking/datasets/USPTO/USRE039991-20080101-C00306.png,COc1ccnc(C(=O)Nc2cccc(Oc3cccc(C)c3)c2)c1O
/beegfs/home/m.romanov/thesis/benchmarking/datasets/USPTO/USRE039991-20080101-C00307.png,COc1ccnc(C(=O)Nc2cccc(Oc3ccc(C)cc3)c2)c1O
/beegfs/home/m.romanov/thesis/benchmarking/datasets/USPTO/USRE039991-20080101-C00308.png,COc1ccnc(C(=O)Nc2ccc(Oc3ccccc3C)cc2)c1O
/beegfs/home/m.romanov/thesis/benchmarking/datasets/USPTO/USRE039991-20080101-C00309.png,COc1ccnc(C(=O)Nc2ccc(Oc3cccc(C)c3)cc2)c1O
/beegfs/home/m.romanov/thesis/benchmarking/datasets/USPTO/USRE039991-20080101-C00310.png,COc1ccnc(C(=O)Nc2ccc(Oc3ccc(C)cc3)cc2)c1O
/beegfs/home/m.romanov/thesis/benchmarking/datasets/USPTO/USRE039991-20080101-C00311.png,COc1ccnc(C(=O)Nc2ccccc2Oc2ccccc2C#N)c1O
/beegfs/home/m.romanov/thesis/benchmarking/datasets/USPTO/USRE039991-20080101-C00312.png,COc1ccnc(C(=O)Nc2ccccc2Oc2ccc(C#N)cc2)c1O
/beegfs/home/m.romanov/thesis/benchmarking/datasets/USPTO/USRE039991-20080101-C00313.png,COc1ccnc(C(=O)Nc2ccc(Oc3ccccc3C#N)cc2)c1O
/beegfs/home/m.romanov/thesis/benchmarking/datasets/USPTO/USRE039991-20080101-C00314.png,COc1ccnc(C(=O)Nc2ccc(Oc3cccc(C#N)c3)cc2)c1O
/beegfs/home/m.romanov/thesis/benchmarking/datasets/USPTO/USRE039991-20080101-C00315.png,COc1ccnc(C(=O)Nc2ccc(Oc3ccc(C#N)cc3)cc2)c1O
/beegfs/home/m.romanov/thesis/benchmarking/datasets/USPTO/USRE039991-20080101-C00316.png,COc1ccnc(C(=O)Nc2cccc(Oc3ccc(C(F)(F)F)cc3)c2)c1O
/beegfs/home/m.romanov/thesis/benchmarking/datasets/USPTO/USRE039991-20080101-C00317.png,COc1ccnc(C(=O)Nc2ccc(Oc3cccc(C(F)(F)F)c3)cc2)c1O
/beegfs/home/m.romanov/thesis/benchmarking/datasets/USPTO/USRE039991-20080101-C00319.png,COCc1cc(Oc2ccc(C(F)(F)F)cc2)ccc1NC(=O)c1nccc(OC)c1O
/beegfs/home/m.romanov/thesis/benchmarking/datasets/USPTO/USRE039991-20080101-C00320.png,CCOC(=O)c1cc(Oc2ccc(C(F)(F)F)cc2)ccc1NC(=O)c1nccc(OC)c1O
/beegfs/home/m.romanov/thesis/benchmarking/datasets/USPTO/USRE039991-20080101-C00321.png,COc1cccc(Oc2ccccc2NC(=O)c2nccc(OC)c2O)c1
/beegfs/home/m.romanov/thesis/benchmarking/datasets/USPTO/USRE039991-20080101-C00322.png,COc1ccc(Oc2ccccc2NC(=O)c2nccc(OC)c2O)cc1
/beegfs/home/m.romanov/thesis/benchmarking/datasets/USPTO/USRE039991-20080101-C00323.png,COc1ccccc1Oc1cccc(NC(=O)c2nccc(OC)c2O)c1
/beegfs/home/m.romanov/thesis/benchmarking/datasets/USPTO/USRE039991-20080101-C00324.png,COc1cccc(Oc2cccc(NC(=O)c3nccc(OC)c3O)c2)c1
/beegfs/home/m.romanov/thesis/benchmarking/datasets/USPTO/USRE039991-20080101-C00325.png,COc1ccc(Oc2cccc(NC(=O)c3nccc(OC)c3O)c2)cc1
/beegfs/home/m.romanov/thesis/benchmarking/datasets/USPTO/USRE039991-20080101-C00326.png,COc1ccccc1Oc1ccc(NC(=O)c2nccc(OC)c2O)cc1
/beegfs/home/m.romanov/thesis/benchmarking/datasets/USPTO/USRE039991-20080101-C00327.png,COc1cccc(Oc2ccc(NC(=O)c3nccc(OC)c3O)cc2)c1
/beegfs/home/m.romanov/thesis/benchmarking/datasets/USPTO/USRE039991-20080101-C00328.png,COc1ccc(Oc2ccc(NC(=O)c3nccc(OC)c3O)cc2)cc1
/beegfs/home/m.romanov/thesis/benchmarking/datasets/USPTO/USRE039991-20080101-C00329.png,COc1ccnc(C(=O)Nc2ccc(Oc3ccc(OC(=O)C(C)C)cc3)cc2)c1O
/beegfs/home/m.romanov/thesis/benchmarking/datasets/USPTO/USRE039991-20080101-C00330.png,COc1ccnc(C(=O)Nc2ccccc2Oc2cccc(Cl)c2)c1O
/beegfs/home/m.romanov/thesis/benchmarking/datasets/USPTO/USRE039991-20080101-C00331.png,COc1ccnc(C(=O)Nc2ccccc2Oc2ccc(Cl)cc2)c1O
/beegfs/home/m.romanov/thesis/benchmarking/datasets/USPTO/USRE039991-20080101-C00332.png,COc1ccnc(C(=O)Nc2cccc(Oc3ccccc3Cl)c2)c1O
/beegfs/home/m.romanov/thesis/benchmarking/datasets/USPTO/USRE039991-20080101-C00333.png,COc1ccnc(C(=O)Nc2cccc(Oc3ccc(Cl)cc3)c2)c1O
/beegfs/home/m.romanov/thesis/benchmarking/datasets/USPTO/USRE039991-20080101-C00334.png,COc1ccnc(C(=O)Nc2ccc(Oc3ccccc3Cl)cc2)c1O
/beegfs/home/m.romanov/thesis/benchmarking/datasets/USPTO/USRE039991-20080101-C00335.png,COc1ccnc(C(=O)Nc2ccc(Oc3cccc(Cl)c3)cc2)c1O
/beegfs/home/m.romanov/thesis/benchmarking/datasets/USPTO/USRE039991-20080101-C00336.png,COc1ccnc(C(=O)Nc2ccc(Oc3ccc(Cl)cc3)cc2)c1O
/beegfs/home/m.romanov/thesis/benchmarking/datasets/USPTO/USRE039991-20080101-C00337.png,COc1ccnc(C(=O)Nc2cccc(Sc3ccc(C(F)(F)F)cc3)c2)c1O
/beegfs/home/m.romanov/thesis/benchmarking/datasets/USPTO/USRE039991-20080101-C00338.png,COc1ccnc(C(=O)Nc2ccc(Sc3cccc(C(F)(F)F)c3)cc2)c1O
/beegfs/home/m.romanov/thesis/benchmarking/datasets/USPTO/USRE039991-20080101-C00339.png,COc1ccnc(C(=O)Nc2ccc(Sc3ccc(C(F)(F)F)cc3)cc2)c1O
/beegfs/home/m.romanov/thesis/benchmarking/datasets/USPTO/USRE039991-20080101-C00340.png,COc1ccnc(C(=O)Nc2ccc(OCc3cccc(C(F)(F)F)c3)cc2)c1O
/beegfs/home/m.romanov/thesis/benchmarking/datasets/USPTO/USRE039991-20080101-C00341.png,COc1ccnc(C(=O)Nc2ccc(OCc3ccc(C(F)(F)F)cc3)cc2)c1O
/beegfs/home/m.romanov/thesis/benchmarking/datasets/USPTO/USRE039991-20080101-C00342.png,COc1ccnc(C(=O)Nc2ccc(C(=O)Nc3cccc(C(F)(F)F)c3)cc2)c1O
/beegfs/home/m.romanov/thesis/benchmarking/datasets/USPTO/USRE039991-20080101-C00343.png,COc1ccnc(C(=O)Nc2cccc(C(=O)Nc3ccc(C(F)(F)F)cc3)c2)c1O
/beegfs/home/m.romanov/thesis/benchmarking/datasets/USPTO/USRE039991-20080101-C00344.png,COc1ccnc(C(=O)Nc2ccc(C(=O)Oc3cccc(C(F)(F)F)c3)cc2)c1O
/beegfs/home/m.romanov/thesis/benchmarking/datasets/USPTO/USRE039991-20080101-C00345.png,COc1ccnc(C(=O)Nc2ccc(C(=O)Oc3ccc(C(F)(F)F)cc3)cc2)c1O
/beegfs/home/m.romanov/thesis/benchmarking/datasets/USPTO/USRE039991-20080101-C00346.png,COc1ccnc(C(=O)Nc2ccc(NC(=O)c3cccc(C(F)(F)F)c3)cc2)c1O
/beegfs/home/m.romanov/thesis/benchmarking/datasets/USPTO/USRE039991-20080101-C00347.png,COc1ccnc(C(=O)Nc2cccc(NC(=O)c3ccc(C(F)(F)F)cc3)c2)c1O
/beegfs/home/m.romanov/thesis/benchmarking/datasets/USPTO/USRE039991-20080101-C00348.png,COc1ccnc(C(=O)Nc2cc(C)c(OC(=O)C(C)C)c(C)c2)c1O
/beegfs/home/m.romanov/thesis/benchmarking/datasets/USPTO/USRE039991-20080101-C00349.png,COc1ccnc(C(=O)Nc2cc(C)c(OC(=O)c3ccccc3)c(C)c2)c1O
/beegfs/home/m.romanov/thesis/benchmarking/datasets/USPTO/USRE039991-20080101-C00350.png,COc1ccnc(C(=O)Nc2cc(C)c(OC(=O)c3ccc(C(F)(F)F)cc3)c(C)c2)c1O
/beegfs/home/m.romanov/thesis/benchmarking/datasets/USPTO/USRE039991-20080101-C00351.png,COc1ccnc(C(=O)Nc2ccc(OC3CC(C)(C)CC(C)(C)C3)cc2)c1O
/beegfs/home/m.romanov/thesis/benchmarking/datasets/USPTO/USRE039991-20080101-C00352.png,COc1ccnc(C(=O)Nc2ccc(OC3CC(C)(C)OC(C)(C)C3)cc2)c1O
/beegfs/home/m.romanov/thesis/benchmarking/datasets/USPTO/USRE039991-20080101-C00353.png,COc1ccnc(C(=O)Nc2cccc(OC3CC(C)(C)OC(C)(C)C3)c2)c1O
/beegfs/home/m.romanov/thesis/benchmarking/datasets/USPTO/USRE039991-20080101-C00354.png,COc1ccnc(C(=O)Nc2ccc(Oc3cc(C(F)(F)F)ccn3)cc2)c1O
/beegfs/home/m.romanov/thesis/benchmarking/datasets/USPTO/USRE039991-20080101-C00355.png,COc1ccnc(C(=O)Nc2ccc(Oc3ccc(C(F)(F)F)cn3)cc2)c1O
/beegfs/home/m.romanov/thesis/benchmarking/datasets/USPTO/USRE039991-20080101-C00356.png,COc1ccnc(C(=O)Nc2ccc(Oc3cccc(C(F)(F)F)n3)cc2)c1O
/beegfs/home/m.romanov/thesis/benchmarking/datasets/USPTO/USRE039991-20080101-C00357.png,COc1ccnc(C(=O)Nc2ccc(Oc3cc(C(F)(F)F)cc(C(F)(F)F)n3)cc2)c1O
/beegfs/home/m.romanov/thesis/benchmarking/datasets/USPTO/USRE039991-20080101-C00358.png,COc1ccnc(C(=O)Nc2ccc(Oc3ccnc(C(F)(F)F)c3)cc2)c1O
/beegfs/home/m.romanov/thesis/benchmarking/datasets/USPTO/USRE039991-20080101-C00359.png,COc1ccnc(C(=O)Nc2ccc(Oc3cc(C(F)(F)F)nc(C(F)(F)F)c3)cc2)c1O
/beegfs/home/m.romanov/thesis/benchmarking/datasets/USPTO/USRE039991-20080101-C00360.png,COc1ccnc(C(=O)Nc2ccc(Oc3cc(Cl)nc(C(F)(F)F)c3)cc2)c1O
/beegfs/home/m.romanov/thesis/benchmarking/datasets/USPTO/USRE039991-20080101-C00361.png,COc1ccnc(C(=O)Nc2ccc(Oc3cc(Oc4ccccc4)ncn3)cc2)c1O
/beegfs/home/m.romanov/thesis/benchmarking/datasets/USPTO/USRE039991-20080101-C00362.png,COc1ccnc(C(=O)Nc2cccc(Oc3ccc(C(F)(F)F)cc3)n2)c1O
/beegfs/home/m.romanov/thesis/benchmarking/datasets/USPTO/USRE039991-20080101-C00363.png,COc1ccnc(C(=O)Nc2ccc(Oc3ccc(C(F)(F)F)cc3)cn2)c1O
/beegfs/home/m.romanov/thesis/benchmarking/datasets/USPTO/USRE039991-20080101-C00364.png,COc1ccnc(C(=O)Nc2ccc(Oc3cccc(C(F)(F)F)c3)nc2)c1O
/beegfs/home/m.romanov/thesis/benchmarking/datasets/USPTO/USRE039991-20080101-C00365.png,COc1ccnc(C(=O)Nc2ccc(Oc3ccc(C(F)(F)F)cc3)nc2)c1O
/beegfs/home/m.romanov/thesis/benchmarking/datasets/USPTO/USRE039991-20080101-C00366.png,CCCC[C@H]1C(=O)OC(C)[C@H](NC(=O)c2cccc(NC(=O)c3nccc(OC)c3O)c2O)C(=O)O[C@@H](C)[C@@H]1OC(=O)CC(C)C
/beegfs/home/m.romanov/thesis/benchmarking/datasets/USPTO/USRE039991-20080101-C00367.png,CCOc1ccnc(C(=O)NC2CC(C)(C)CC(C)(C)C2)c1O
/beegfs/home/m.romanov/thesis/benchmarking/datasets/USPTO/USRE039991-20080101-C00368.png,CCOc1ccnc(C(=O)NC2COC(=O)[C@H](Cc3ccccc3)[C@@H](OC(=O)C(C)C)[C@H](C)OC2=O)c1O
/beegfs/home/m.romanov/thesis/benchmarking/datasets/USPTO/USRE039991-20080101-C00369.png,CCOc1ccnc(C(=O)Nc2ccc(Oc3cccc(C(F)(F)F)c3)cc2)c1O
/beegfs/home/m.romanov/thesis/benchmarking/datasets/USPTO/USRE039991-20080101-C00370.png,CSc1ccnc(C(=O)NC2CC(C)(C)CC(C)(C)C2)c1O
/beegfs/home/m.romanov/thesis/benchmarking/datasets/USPTO/USRE039991-20080101-C00371.png,CSc1ccnc(C(=O)NC2COC(=O)[C@H](Cc3ccccc3)[C@@H](OC(=O)C(C)C)[C@H](C)OC2=O)c1O
/beegfs/home/m.romanov/thesis/benchmarking/datasets/USPTO/USRE039991-20080101-C00372.png,CSc1ccnc(C(=O)Nc2ccc(Oc3cccc(C(F)(F)F)c3)cc2)c1O
/beegfs/home/m.romanov/thesis/benchmarking/datasets/USPTO/USRE039991-20080101-C00373.png,CC1(C)CC(NC(=O)c2nccc(Cl)c2O)CC(C)(C)C1
/beegfs/home/m.romanov/thesis/benchmarking/datasets/USPTO/USRE039991-20080101-C00374.png,COc1ccc(O)c(C(=O)NC2COC(=O)[C@H](Cc3ccccc3)[C@@H](OC(=O)C(C)C)[C@H](C)OC2=O)n1
/beegfs/home/m.romanov/thesis/benchmarking/datasets/USPTO/USRE039991-20080101-C00375.png,COc1ccc(CNC(=O)c2nc(Br)ccc2O)cc1
/beegfs/home/m.romanov/thesis/benchmarking/datasets/USPTO/USRE039991-20080101-C00376.png,O=C(NCc1ccccn1)c1nc(Br)ccc1O
/beegfs/home/m.romanov/thesis/benchmarking/datasets/USPTO/USRE039991-20080101-C00377.png,O=C(NCc1sccc1Cl)c1nc(Br)ccc1O
/beegfs/home/m.romanov/thesis/benchmarking/datasets/USPTO/USRE039991-20080101-C00378.png,O=C(NCC1CCCc2ccccc21)c1nc(Br)ccc1O
/beegfs/home/m.romanov/thesis/benchmarking/datasets/USPTO/USRE039991-20080101-C00379.png,COc1ccc(C(C)NC(=O)c2nc(Br)ccc2O)cc1
/beegfs/home/m.romanov/thesis/benchmarking/datasets/USPTO/USRE039991-20080101-C00380.png,CC(NC(=O)c1nc(Br)ccc1O)c1ccc(Cl)cc1
/beegfs/home/m.romanov/thesis/benchmarking/datasets/USPTO/USRE039991-20080101-C00381.png,CC(NC(=O)c1nc(Br)ccc1O)c1ccc(C(F)(F)F)cc1
/beegfs/home/m.romanov/thesis/benchmarking/datasets/USPTO/USRE039991-20080101-C00382.png,CCCCCc1ccc(C(C)NC(=O)c2nc(Br)ccc2O)cc1
/beegfs/home/m.romanov/thesis/benchmarking/datasets/USPTO/USRE039991-20080101-C00383.png,CC(NC(=O)c1nc(Br)ccc1O)c1ccc(Oc2ccccc2)cc1
/beegfs/home/m.romanov/thesis/benchmarking/datasets/USPTO/USRE039991-20080101-C00384.png,O=C(NC(Cc1ccccc1)c1ccccc1)c1nc(Br)ccc1O
/beegfs/home/m.romanov/thesis/benchmarking/datasets/USPTO/USRE039991-20080101-C00385.png,O=C(Nc1ccccc1Oc1cccc(C(F)(F)F)c1)c1nc(Br)ccc1O
/beegfs/home/m.romanov/thesis/benchmarking/datasets/USPTO/USRE039991-20080101-C00386.png,O=C(Nc1ccccc1Oc1ccc(C(F)(F)F)cc1)c1nc(Br)ccc1O
/beegfs/home/m.romanov/thesis/benchmarking/datasets/USPTO/USRE039991-20080101-C00387.png,O=C(Nc1cccc(Oc2ccccc2C(F)(F)F)c1)c1nc(Br)ccc1O
/beegfs/home/m.romanov/thesis/benchmarking/datasets/USPTO/USRE039991-20080101-C00388.png,O=C(Nc1cccc(Oc2cccc(C(F)(F)F)c2)c1)c1nc(Br)ccc1O
/beegfs/home/m.romanov/thesis/benchmarking/datasets/USPTO/USRE039991-20080101-C00389.png,O=C(Nc1cccc(Oc2ccc(C(F)(F)F)cc2)c1)c1nc(Br)ccc1O
/beegfs/home/m.romanov/thesis/benchmarking/datasets/USPTO/USRE039991-20080101-C00390.png,O=C(Nc1ccc(Oc2ccccc2C(F)(F)F)cc1)c1nc(Br)ccc1O
/beegfs/home/m.romanov/thesis/benchmarking/datasets/USPTO/USRE039991-20080101-C00391.png,O=C(Nc1ccc(Oc2cccc(C(F)(F)F)c2)cc1)c1nc(Br)ccc1O
/beegfs/home/m.romanov/thesis/benchmarking/datasets/USPTO/USRE039991-20080101-C00392.png,O=C(Nc1ccc(Oc2ccc(C(F)(F)F)cc2)cc1)c1nc(Br)ccc1O
/beegfs/home/m.romanov/thesis/benchmarking/datasets/USPTO/USRE039991-20080101-C00393.png,N#Cc1ccc(Oc2cccc(NC(=O)c3nc(Br)ccc3O)c2)cc1
/beegfs/home/m.romanov/thesis/benchmarking/datasets/USPTO/USRE039991-20080101-C00394.png,COc1cc(Br)nc(C(=O)N[C@H]2COC(=O)[C@H](Cc3ccccc3)[C@@H](OC(=O)C3CCCCC3)[C@H](C)OC2=O)c1O
/beegfs/home/m.romanov/thesis/benchmarking/datasets/USPTO/USRE039991-20080101-C00395.png,CC1(C)CC(NC(=O)c2cnccc2O)CC(C)(C)C1
/beegfs/home/m.romanov/thesis/benchmarking/datasets/USPTO/USRE039991-20080101-C00396.png,CC(C)C(=O)O[C@H]1[C@H](C)OC(=O)[C@@H](NC(=O)c2cnccc2O)COC(=O)[C@@H]1Cc1ccccc1
/beegfs/home/m.romanov/thesis/benchmarking/datasets/USPTO/USRE039991-20080101-C00397.png,CC(C)(C)C1CCC(NC(=O)c2cnccc2O)CC1
/beegfs/home/m.romanov/thesis/benchmarking/datasets/USPTO/USRE039991-20080101-C00398.png,CC1(C)CC(NC(=O)c2ccncc2O)CC(C)(C)C1
/beegfs/home/m.romanov/thesis/benchmarking/datasets/USPTO/USRE039991-20080101-C00399.png,O=C(NCc1ccccc1)c1ccncc1O
/beegfs/home/m.romanov/thesis/benchmarking/datasets/USPTO/USRE039991-20080101-C00400.png,O=C(NCc1ccc(Cl)cc1)c1ccncc1O
/beegfs/home/m.romanov/thesis/benchmarking/datasets/USPTO/USRE039991-20080101-C00401.png,COc1ccc(C(C)NC(=O)c2ccncc2O)cc1
/beegfs/home/m.romanov/thesis/benchmarking/datasets/USPTO/USRE039991-20080101-C00402.png,CC(NC(=O)c1ccncc1O)c1ccc(Cl)cc1
/beegfs/home/m.romanov/thesis/benchmarking/datasets/USPTO/USRE039991-20080101-C00403.png,CC(NC(=O)c1ccncc1O)c1ccc(C(F)(F)F)cc1
/beegfs/home/m.romanov/thesis/benchmarking/datasets/USPTO/USRE039991-20080101-C00404.png,CC(NC(=O)c1ccncc1O)c1ccc(OC(F)(F)F)cc1
/beegfs/home/m.romanov/thesis/benchmarking/datasets/USPTO/USRE039991-20080101-C00405.png,CC(NC(=O)c1ccncc1O)c1ccc(Oc2ccccc2)cc1
/beegfs/home/m.romanov/thesis/benchmarking/datasets/USPTO/USRE039991-20080101-C00406.png,CC(C)C(=O)O[C@H]1[C@H](C)OC(=O)[C@@H](NC(=O)c2ccncc2O)COC(=O)[C@@H]1Cc1ccccc1
/beegfs/home/m.romanov/thesis/benchmarking/datasets/USPTO/USRE039991-20080101-C00407.png,CC(C)(C)CNC(=O)c1cccnc1O
/beegfs/home/m.romanov/thesis/benchmarking/datasets/USPTO/USRE039991-20080101-C00408.png,O=C(NC1CCCCC1)c1cccnc1O
/beegfs/home/m.romanov/thesis/benchmarking/datasets/USPTO/USRE039991-20080101-C00409.png,COc1cccc(CNC(=O)c2cccnc2O)c1OC
/beegfs/home/m.romanov/thesis/benchmarking/datasets/USPTO/USRE039991-20080101-C00410.png,O=C(NCc1ccc(Cl)c(Cl)c1)c1cccnc1O
/beegfs/home/m.romanov/thesis/benchmarking/datasets/USPTO/USRE039991-20080101-C00411.png,O=C(NCCc1ccc(Cl)cc1)c1cccnc1O
/beegfs/home/m.romanov/thesis/benchmarking/datasets/USPTO/USRE039991-20080101-C00412.png,O=C(NC(Cc1ccccc1)c1ccccc1)c1cccnc1O
/beegfs/home/m.romanov/thesis/benchmarking/datasets/USPTO/USRE039991-20080101-C00413.png,O=C(Nc1ccccc1Oc1ccccc1)c1cccnc1O
/beegfs/home/m.romanov/thesis/benchmarking/datasets/USPTO/USRE039991-20080101-C00414.png,O=C(Nc1cccc(Oc2ccccc2)c1)c1cccnc1O
/beegfs/home/m.romanov/thesis/benchmarking/datasets/USPTO/USRE039991-20080101-C00415.png,O=C(Nc1ccc(Oc2ccccc2)cc1)c1cccnc1O
/beegfs/home/m.romanov/thesis/benchmarking/datasets/USPTO/USRE039991-20080101-C00416.png,Cc1ccc(C(=O)NC2CC(C)(C)CC(C)(C)C2)c(O)n1
/beegfs/home/m.romanov/thesis/benchmarking/datasets/USPTO/USRE039991-20080101-C00417.png,Cc1ccc(C(=O)N[C@H]2COC(=O)[C@H](Cc3ccccc3)[C@@H](OC(=O)C(C)C)[C@H](C)OC2=O)c(O)n1
/beegfs/home/m.romanov/thesis/benchmarking/datasets/USPTO/USRE039991-20080101-C00418.png,CC1(C)CC(NC(=O)c2cc(O)cnc2O)CC(C)(C)C1
/beegfs/home/m.romanov/thesis/benchmarking/datasets/USPTO/USRE039991-20080101-C00419.png,CC(C)C(=O)O[C@H]1[C@H](C)OC(=O)[C@@H](NC(=O)c2cc(O)cnc2O)COC(=O)[C@@H]1Cc1ccccc1
/beegfs/home/m.romanov/thesis/benchmarking/datasets/USPTO/USRE039991-20080101-C00420.png,Cc1cc(C)c(C(=O)NC2CC(C)(C)CC(C)(C)C2)c(O)n1
/beegfs/home/m.romanov/thesis/benchmarking/datasets/USPTO/USRE039991-20080101-C00421.png,Cc1cc(C)c(C(=O)N[C@H]2COC(=O)[C@H](Cc3ccccc3)[C@@H](OC(=O)C(C)C)[C@H](C)OC2=O)c(O)n1
/beegfs/home/m.romanov/thesis/benchmarking/datasets/USPTO/USRE039991-20080101-C00422.png,Cc1nc(O)c(C(=O)NC2CC(C)(C)CC(C)(C)C2)cc1Cl
/beegfs/home/m.romanov/thesis/benchmarking/datasets/USPTO/USRE039991-20080101-C00423.png,Cc1nc(O)c(C(=O)N[C@H]2COC(=O)[C@H](Cc3ccccc3)[C@@H](OC(=O)C(C)C)[C@H](C)OC2=O)cc1Cl
/beegfs/home/m.romanov/thesis/benchmarking/datasets/USPTO/USRE039991-20080101-C00424.png,CC(C)C(=O)O[C@H]1[C@H](C)OC(=O)[C@@H](NC(=O)c2nnccc2O)COC(=O)[C@@H]1Cc1ccccc1
/beegfs/home/m.romanov/thesis/benchmarking/datasets/USPTO/USRE039991-20080101-C00425.png,CC1(C)CC(NC(=O)c2nccnc2O)CC(C)(C)C1
/beegfs/home/m.romanov/thesis/benchmarking/datasets/USPTO/USRE039991-20080101-C00426.png,CC(C)C(=O)O[C@H]1[C@H](C)OC(=O)[C@@H](NC(=O)c2nccnc2O)COC(=O)[C@@H]1Cc1ccccc1
/beegfs/home/m.romanov/thesis/benchmarking/datasets/USPTO/USRE039991-20080101-C00427.png,O=C(Nc1ccc(Oc2cccc(C(F)(F)F)c2)cc1)c1nccnc1O
/beegfs/home/m.romanov/thesis/benchmarking/datasets/USPTO/USRE039991-20080101-C00428.png,Cc1cc(C(=O)N[C@H]2COC(=O)[C@H](Cc3ccccc3)[C@@H](OC(=O)C(C)C)[C@H](C)OC2=O)c(O)nc1C
/beegfs/home/m.romanov/thesis/benchmarking/datasets/USPTO/USRE039991-20080101-C00429.png,COc1nc(O)c(C(=O)N[C@H]2COC(=O)[C@H](Cc3ccccc3)[C@@H](OC(=O)C(C)C)[C@H](C)OC2=O)nc1Cl
/beegfs/home/m.romanov/thesis/benchmarking/datasets/USPTO/USRE039991-20080101-C00430.png,CC(C)C(=O)O[C@H]1[C@H](C)OC(=O)[C@@H](NC(=O)c2nc(Cl)c(Cl)nc2O)COC(=O)[C@@H]1Cc1ccccc1
/beegfs/home/m.romanov/thesis/benchmarking/datasets/USPTO/USRE039991-20080101-C00431.png,CC1(C)CC(NC(=O)c2cncnc2O)CC(C)(C)C1
/beegfs/home/m.romanov/thesis/benchmarking/datasets/USPTO/USRE039991-20080101-C00432.png,CC(C)C(=O)O[C@H]1[C@H](C)OC(=O)[C@@H](NC(=O)c2cncnc2O)COC(=O)[C@@H]1Cc1ccccc1
/beegfs/home/m.romanov/thesis/benchmarking/datasets/USPTO/USRE039991-20080101-C00433.png,Cc1ncc(C(=O)NC2CC(C)(C)CC(C)(C)C2)c(O)n1
/beegfs/home/m.romanov/thesis/benchmarking/datasets/USPTO/USRE039991-20080101-C00434.png,Cc1ncc(C(=O)N[C@H]2COC(=O)[C@H](Cc3ccccc3)[C@@H](OC(=O)C(C)C)[C@H](C)OC2=O)c(O)n1
/beegfs/home/m.romanov/thesis/benchmarking/datasets/USPTO/USRE039991-20080101-C00435.png,CC1(C)CC(NC(=O)c2nnc(O)nc2O)CC(C)(C)C1
/beegfs/home/m.romanov/thesis/benchmarking/datasets/USPTO/USRE039991-20080101-C00436.png,CC(C)C(=O)O[C@H]1[C@H](C)OC(=O)[C@@H](NC(=O)c2nnc(O)nc2O)COC(=O)[C@@H]1Cc1ccccc1
/beegfs/home/m.romanov/thesis/benchmarking/datasets/USPTO/USRE039991-20080101-C00437.png,CSc1nnc(C(=O)NC2CC(C)(C)CC(C)(C)C2)c(O)n1
/beegfs/home/m.romanov/thesis/benchmarking/datasets/USPTO/USRE039991-20080101-C00438.png,CSc1nnc(C(=O)NC2CCCCCCC2)c(O)n1
/beegfs/home/m.romanov/thesis/benchmarking/datasets/USPTO/USRE039991-20080101-C00439.png,CSc1nnc(C(=O)N[C@H]2COC(=O)[C@H](Cc3ccccc3)[C@@H](OC(=O)C(C)C)[C@H](C)OC2=O)c(O)n1
/beegfs/home/m.romanov/thesis/benchmarking/datasets/USPTO/USRE039991-20080101-C00440.png,CSc1nnc(C(=O)Nc2ccc(Oc3cccc(C(F)(F)F)c3)cc2)c(O)n1
/beegfs/home/m.romanov/thesis/benchmarking/datasets/USPTO/USRE039991-20080101-C00441.png,CC1(C)CC(NC(=O)c2nscc2O)CC(C)(C)C1
/beegfs/home/m.romanov/thesis/benchmarking/datasets/USPTO/USRE039991-20080101-C00442.png,CC(C)C(=O)O[C@H]1[C@H](C)OC(=O)[C@@H](NC(=O)c2nscc2O)COC(=O)[C@@H]1Cc1ccccc1
/beegfs/home/m.romanov/thesis/benchmarking/datasets/USPTO/USRE039991-20080101-C00443.png,O=C(Nc1ccc(Oc2cccc(C(F)(F)F)c2)cc1)c1nscc1O
/beegfs/home/m.romanov/thesis/benchmarking/datasets/USPTO/USRE039991-20080101-C00444.png,CC1(C)CC(NC(=O)c2nsnc2O)CC(C)(C)C1
/beegfs/home/m.romanov/thesis/benchmarking/datasets/USPTO/USRE039991-20080101-C00445.png,CC(C)C(=O)O[C@H]1[C@H](C)OC(=O)[C@@H](NC(=O)c2nsnc2O)COC(=O)[C@@H]1Cc1ccccc1
/beegfs/home/m.romanov/thesis/benchmarking/datasets/USPTO/USRE039991-20080101-C00447.png,O=C(Nc1ccc(Oc2cccc(C(F)(F)F)c2)cc1)c1cscc1O
/beegfs/home/m.romanov/thesis/benchmarking/datasets/USPTO/USRE039991-20080101-C00448.png,CC(C)C(=O)O[C@H]1[C@H](C)OC(=O)[C@@H](NC(=O)c2cnn(C)c2O)COC(=O)[C@@H]1Cc1ccccc1
/beegfs/home/m.romanov/thesis/benchmarking/datasets/USPTO/USRE039991-20080101-C00449.png,Cn1cc(C(=O)NC2CC(C)(C)CC(C)(C)C2)c(O)n1
/beegfs/home/m.romanov/thesis/benchmarking/datasets/USPTO/USRE039991-20080101-C00450.png,CC(C)C(=O)O[C@H]1[C@H](C)OC(=O)[C@@H](NC(=O)c2cn(C)nc2O)COC(=O)[C@@H]1Cc1ccccc1
/beegfs/home/m.romanov/thesis/benchmarking/datasets/USPTO/USRE039991-20080101-C00451.png,CC1(C)CC(NC(=O)c2cn(-c3ccccc3)nc2O)CC(C)(C)C1
/beegfs/home/m.romanov/thesis/benchmarking/datasets/USPTO/USRE039991-20080101-C00452.png,CC1(C)CC(NC(=O)c2conc2O)CC(C)(C)C1
/beegfs/home/m.romanov/thesis/benchmarking/datasets/USPTO/USRE039991-20080101-C00453.png,CC(C)C(=O)O[C@H]1[C@H](C)OC(=O)[C@@H](NC(=O)c2conc2O)COC(=O)[C@@H]1Cc1ccccc1
/beegfs/home/m.romanov/thesis/benchmarking/datasets/USPTO/USRE039991-20080101-C00454.png,CC(C)C(=O)O[C@H]1[C@H](C)OC(=O)[C@@H](NC(=O)c2nc3ccccc3cc2O)COC(=O)[C@@H]1Cc1ccccc1
/beegfs/home/m.romanov/thesis/benchmarking/datasets/USPTO/USRE039991-20080101-C00455.png,CC1(C)CC(NC(=O)c2nc3ccccc3cc2O)CC(C)(C)C1
/beegfs/home/m.romanov/thesis/benchmarking/datasets/USPTO/USRE039991-20080101-C00456.png,CC(=O)Oc1cccnc1C(=O)NC1CCC(OC(C)=O)CC1
/beegfs/home/m.romanov/thesis/benchmarking/datasets/USPTO/USRE039991-20080101-C00458.png,O=C(Oc1cccnc1C(=O)NC1CCC(O)CC1)c1ccccc1
/beegfs/home/m.romanov/thesis/benchmarking/datasets/USPTO/USRE039991-20080101-C00460.png,CC(=O)Oc1cccnc1C(=O)N[C@H]1COC(=O)[C@H](Cc2ccccc2)[C@@H](OC(=O)C(C)C)[C@H](C)OC1=O
/beegfs/home/m.romanov/thesis/benchmarking/datasets/USPTO/USRE039991-20080101-C00461.png,COCCC(=O)Oc1cccnc1C(=O)N[C@H]1COC(=O)[C@H](Cc2ccccc2)[C@@H](OC(=O)C(C)C)[C@H](C)OC1=O
/beegfs/home/m.romanov/thesis/benchmarking/datasets/USPTO/USRE039991-20080101-C00463.png,Cc1ccnc(C(=O)NC2CC(C)(C)CC(C)(C)C2)c1OC(=O)C(C)C
/beegfs/home/m.romanov/thesis/benchmarking/datasets/USPTO/USRE039991-20080101-C00464.png,Cc1ccnc(C(=O)N[C@H]2COC(=O)[C@H](Cc3ccccc3)[C@@H](OC(=O)C(C)C)[C@H](C)OC2=O)c1OC(=O)C(C)C
/beegfs/home/m.romanov/thesis/benchmarking/datasets/USPTO/USRE039991-20080101-C00465.png,COc1ccnc(C(=O)NC2CC(C)(C)CC(C)(C3CC3)C2)c1OC(C)=O
/beegfs/home/m.romanov/thesis/benchmarking/datasets/USPTO/USRE039991-20080101-C00466.png,COc1ccnc(C(=O)NC2CC(C)(C)CC(C)(C#N)C2)c1OC(C)=O
/beegfs/home/m.romanov/thesis/benchmarking/datasets/USPTO/USRE039991-20080101-C00467.png,COc1ccnc(C(=O)NC2CC(C)(C)C(=O)C(C)(C)C2)c1OC(C)=O
/beegfs/home/m.romanov/thesis/benchmarking/datasets/USPTO/USRE039991-20080101-C00470.png,COc1ccnc(C(=O)NC2CC(C)(C)C=C[C@@H](C)[C@@H]2C)c1OC(C)=O
/beegfs/home/m.romanov/thesis/benchmarking/datasets/USPTO/USRE039991-20080101-C00471.png,COc1ccnc(C(=O)NC2CC(C)(C)C=CC=C2C)c1OC(C)=O
/beegfs/home/m.romanov/thesis/benchmarking/datasets/USPTO/USRE039991-20080101-C00472.png,COc1ccnc(C(=O)NC2CC(C)(C)/C=C\CC(C)(C)C2)c1OC(C)=O
/beegfs/home/m.romanov/thesis/benchmarking/datasets/USPTO/USRE039991-20080101-C00473.png,COC(=O)C(COC(=O)C(C)c1ccccc1)NC(=O)c1nccc(OC)c1OC(C)=O
/beegfs/home/m.romanov/thesis/benchmarking/datasets/USPTO/USRE039991-20080101-C00474.png,COCCC(=O)Oc1c(OC)ccnc1C(=O)NC(COC(=O)C(C)c1ccccc1)C(=O)OC
/beegfs/home/m.romanov/thesis/benchmarking/datasets/USPTO/USRE039991-20080101-C00475.png,COC(=O)C(COC(=O)CCc1ccccc1)NC(=O)c1nccc(OC)c1OC(C)=O
/beegfs/home/m.romanov/thesis/benchmarking/datasets/USPTO/USRE039991-20080101-C00476.png,COCCC(=O)Oc1c(OC)ccnc1C(=O)NC(COC(=O)CCc1ccccc1)C(=O)OC
/beegfs/home/m.romanov/thesis/benchmarking/datasets/USPTO/USRE039991-20080101-C00477.png,COC(=O)C(COC(=O)COCc1ccccc1)NC(=O)c1nccc(OC)c1OC(C)=O
/beegfs/home/m.romanov/thesis/benchmarking/datasets/USPTO/USRE039991-20080101-C00478.png,COC(=O)C(COC(=O)CC(C)OC(=O)C(C)C)NC(=O)c1nccc(OC)c1OC(C)=O
/beegfs/home/m.romanov/thesis/benchmarking/datasets/USPTO/USRE039991-20080101-C00479.png,COC(=O)C(COC(=O)C(COC(=O)C(C)C)Cc1ccccc1)NC(=O)c1nccc(OC)c1OC(C)=O
/beegfs/home/m.romanov/thesis/benchmarking/datasets/USPTO/USRE039991-20080101-C00480.png,COc1ccnc(C(=O)NC(COC(=O)C(C)Cc2ccccc2)C(=O)OC(C)C)c1OC(C)=O
/beegfs/home/m.romanov/thesis/benchmarking/datasets/USPTO/USRE039991-20080101-C00481.png,COc1ccnc(C(=O)NC(COC(=O)C(Cc2ccccc2)C(C)OC(=O)C(C)C)C(=O)OC(C)C)c1OC(C)=O
/beegfs/home/m.romanov/thesis/benchmarking/datasets/USPTO/USRE039991-20080101-C00482.png,COc1ccnc(C(=O)NC(COC(=O)CCc2ccccc2)C(=O)OC(C)COC(=O)C(C)C)c1OC(C)=O
/beegfs/home/m.romanov/thesis/benchmarking/datasets/USPTO/USRE039991-20080101-C00483.png,COc1ccnc(C(=O)N[C@@H]2O[C@H](COC(C)=O)[C@H](OC(C)=O)[C@H](OC(C)=O)[C@H]2CC(C)=O)c1OC(C)=O
/beegfs/home/m.romanov/thesis/benchmarking/datasets/USPTO/USRE039991-20080101-C00484.png,COc1ccnc(C(=O)N[C@@H]2OC[C@@H](OCc3ccccc3)[C@H](OCc3ccccc3)[C@H]2OCc2ccccc2)c1OC(C)=O
/beegfs/home/m.romanov/thesis/benchmarking/datasets/USPTO/USRE039991-20080101-C00487.png,C=C1COC(=O)[C@@H](NC(=O)c2nccc(OC)c2OC(C)=O)COC(=O)C1
/beegfs/home/m.romanov/thesis/benchmarking/datasets/USPTO/USRE039991-20080101-C00488.png,COc1ccnc(C(=O)N[C@H]2COC(=O)[C@H](Cc3ccccc3)[C@@H](OC(C)=O)[C@H](C)OC2=O)c1OC(C)=O
/beegfs/home/m.romanov/thesis/benchmarking/datasets/USPTO/USRE039991-20080101-C00489.png,CCC(=O)Oc1c(OC)ccnc1C(=O)N[C@H]1COC(=O)[C@H](Cc2ccccc2)[C@@H](OC(=O)C(C)C)[C@H](C)OC1=O
/beegfs/home/m.romanov/thesis/benchmarking/datasets/USPTO/USRE039991-20080101-C00490.png,CCCC(=O)Oc1c(OC)ccnc1C(=O)N[C@H]1COC(=O)[C@H](Cc2ccccc2)[C@@H](OC(=O)C(C)C)[C@H](C)OC1=O
/beegfs/home/m.romanov/thesis/benchmarking/datasets/USPTO/USRE039991-20080101-C00491.png,C/C=C/C(=O)Oc1c(OC)ccnc1C(=O)N[C@H]1COC(=O)[C@H](Cc2ccccc2)[C@@H](OC(=O)C(C)C)[C@H](C)OC1=O
/beegfs/home/m.romanov/thesis/benchmarking/datasets/USPTO/USRE039991-20080101-C00492.png,COc1ccnc(C(=O)N[C@H]2COC(=O)[C@H](Cc3ccccc3)[C@@H](OC(=O)C(C)C)[C@H](C)OC2=O)c1OC(=O)C1CC1
/beegfs/home/m.romanov/thesis/benchmarking/datasets/USPTO/USRE039991-20080101-C00493.png,COc1ccnc(C(=O)N[C@H]2COC(=O)[C@H](Cc3ccccc3)[C@@H](OC(=O)C(C)C)[C@H](C)OC2=O)c1OC(=O)C(C)C
/beegfs/home/m.romanov/thesis/benchmarking/datasets/USPTO/USRE039991-20080101-C00494.png,C=CCCC(=O)Oc1c(OC)ccnc1C(=O)N[C@H]1COC(=O)[C@H](Cc2ccccc2)[C@@H](OC(=O)C(C)C)[C@H](C)OC1=O
/beegfs/home/m.romanov/thesis/benchmarking/datasets/USPTO/USRE039991-20080101-C00495.png,COc1ccnc(C(=O)N[C@H]2COC(=O)[C@H](Cc3ccccc3)[C@@H](OC(=O)C(C)C)[C@H](C)OC2=O)c1OC(=O)C1CCC1
/beegfs/home/m.romanov/thesis/benchmarking/datasets/USPTO/USRE039991-20080101-C00496.png,COc1ccnc(C(=O)N[C@H]2COC(=O)[C@H](Cc3ccccc3)[C@@H](OC(=O)C(C)C)[C@H](C)OC2=O)c1OC(=O)C(C)(C)C
/beegfs/home/m.romanov/thesis/benchmarking/datasets/USPTO/USRE039991-20080101-C00497.png,COc1ccnc(C(=O)N[C@H]2COC(=O)[C@H](Cc3ccccc3)[C@@H](OC(=O)C(C)C)[C@H](C)OC2=O)c1OC(=O)CC(C)C
/beegfs/home/m.romanov/thesis/benchmarking/datasets/USPTO/USRE039991-20080101-C00498.png,COc1ccnc(C(=O)N[C@H]2COC(=O)[C@H](Cc3ccccc3)[C@@H](OC(=O)C(C)C)[C@H](C)OC2=O)c1OC(=O)C=C(C)C
/beegfs/home/m.romanov/thesis/benchmarking/datasets/USPTO/USRE039991-20080101-C00499.png,CCCC(C)C(=O)Oc1c(OC)ccnc1C(=O)N[C@H]1COC(=O)[C@H](Cc2ccccc2)[C@@H](OC(=O)C(C)C)[C@H](C)OC1=O
/beegfs/home/m.romanov/thesis/benchmarking/datasets/USPTO/USRE039991-20080101-C00500.png,CCC(CC)C(=O)Oc1c(OC)ccnc1C(=O)N[C@H]1COC(=O)[C@H](Cc2ccccc2)[C@@H](OC(=O)C(C)C)[C@H](C)OC1=O
/beegfs/home/m.romanov/thesis/benchmarking/datasets/USPTO/USRE039991-20080101-C00502.png,COc1ccnc(C(=O)N[C@H]2COC(=O)[C@H](Cc3ccccc3)[C@@H](OC(=O)C(C)C)[C@H](C)OC2=O)c1OC(=O)C1CCCC1
/beegfs/home/m.romanov/thesis/benchmarking/datasets/USPTO/USRE039991-20080101-C00503.png,COc1ccnc(C(=O)N[C@H]2COC(=O)[C@H](Cc3ccccc3)[C@@H](OC(=O)C(C)C)[C@H](C)OC2=O)c1OC(=O)C1CCCCC1
/beegfs/home/m.romanov/thesis/benchmarking/datasets/USPTO/USRE039991-20080101-C00504.png,CCCCCCC(=O)Oc1c(OC)ccnc1C(=O)N[C@H]1COC(=O)[C@H](Cc2ccccc2)[C@@H](OC(=O)C(C)C)[C@H](C)OC1=O
/beegfs/home/m.romanov/thesis/benchmarking/datasets/USPTO/USRE039991-20080101-C00505.png,CCCCC(CC)C(=O)Oc1c(OC)ccnc1C(=O)N[C@H]1COC(=O)[C@H](Cc2ccccc2)[C@@H](OC(=O)C(C)C)[C@H](C)OC1=O
/beegfs/home/m.romanov/thesis/benchmarking/datasets/USPTO/USRE039991-20080101-C00506.png,COc1ccnc(C(=O)N[C@H]2COC(=O)[C@H](Cc3ccccc3)[C@@H](OC(=O)C(C)C)[C@H](C)OC2=O)c1OC(=O)CCC1CCCC1
/beegfs/home/m.romanov/thesis/benchmarking/datasets/USPTO/USRE039991-20080101-C00507.png,CCCCCCCCC(=O)Oc1c(OC)ccnc1C(=O)N[C@H]1COC(=O)[C@H](Cc2ccccc2)[C@@H](OC(=O)C(C)C)[C@H](C)OC1=O
/beegfs/home/m.romanov/thesis/benchmarking/datasets/USPTO/USRE039991-20080101-C00508.png,COc1ccnc(C(=O)N[C@H]2COC(=O)[C@H](Cc3ccccc3)[C@@H](OC(=O)C(C)C)[C@H](C)OC2=O)c1OC(=O)CC(C)CC(C)(C)C
/beegfs/home/m.romanov/thesis/benchmarking/datasets/USPTO/USRE039991-20080101-C00509.png,CCCCCCCCCCC(=O)Oc1c(OC)ccnc1C(=O)N[C@H]1COC(=O)[C@H](Cc2ccccc2)[C@@H](OC(=O)C(C)C)[C@H](C)OC1=O
/beegfs/home/m.romanov/thesis/benchmarking/datasets/USPTO/USRE039991-20080101-C00510.png,C=CCCCCCCCCC(=O)Oc1c(OC)ccnc1C(=O)N[C@H]1COC(=O)[C@H](Cc2ccccc2)[C@@H](OC(=O)C(C)C)[C@H](C)OC1=O
/beegfs/home/m.romanov/thesis/benchmarking/datasets/USPTO/USRE039991-20080101-C00511.png,COc1ccnc(C(=O)N[C@H]2COC(=O)[C@H](Cc3ccccc3)[C@@H](OC(=O)C(C)C)[C@H](C)OC2=O)c1OC(=O)CCCl
/beegfs/home/m.romanov/thesis/benchmarking/datasets/USPTO/USRE039991-20080101-C00512.png,COc1ccnc(C(=O)N[C@H]2COC(=O)[C@H](Cc3ccccc3)[C@@H](OC(=O)C(C)C)[C@H](C)OC2=O)c1OC(=O)C(C)(C)CCl
/beegfs/home/m.romanov/thesis/benchmarking/datasets/USPTO/USRE039991-20080101-C00513.png,COc1ccnc(C(=O)N[C@H]2COC(=O)[C@H](Cc3ccccc3)[C@@H](OC(=O)C(C)C)[C@H](C)OC2=O)c1OC(=O)CCCCl
/beegfs/home/m.romanov/thesis/benchmarking/datasets/USPTO/USRE039991-20080101-C00514.png,COc1ccnc(C(=O)N[C@H]2COC(=O)[C@H](Cc3ccccc3)[C@@H](OC(=O)C(C)C)[C@H](C)OC2=O)c1OC(=O)C(Cl)=C(Cl)Cl
/beegfs/home/m.romanov/thesis/benchmarking/datasets/USPTO/USRE039991-20080101-C00515.png,COc1ccnc(C(=O)N[C@H]2COC(=O)[C@H](Cc3ccccc3)[C@@H](OC(=O)C(C)C)[C@H](C)OC2=O)c1OC(=O)C(C)Br
/beegfs/home/m.romanov/thesis/benchmarking/datasets/USPTO/USRE039991-20080101-C00516.png,COc1ccnc(C(=O)N[C@H]2COC(=O)[C@H](Cc3ccccc3)[C@@H](OC(=O)C(C)C)[C@H](C)OC2=O)c1OC(=O)CCCBr
/beegfs/home/m.romanov/thesis/benchmarking/datasets/USPTO/USRE039991-20080101-C00517.png,COc1ccnc(C(=O)N[C@H]2COC(=O)[C@H](Cc3ccccc3)[C@@H](OC(=O)C(C)C)[C@H](C)OC2=O)c1OC(=O)CCCCCBr
/beegfs/home/m.romanov/thesis/benchmarking/datasets/USPTO/USRE039991-20080101-C00518.png,COc1ccnc(C(=O)N[C@H]2COC(=O)[C@H](Cc3ccccc3)[C@@H](OC(=O)C(C)C)[C@H](C)OC2=O)c1OC(=O)c1ccccc1C
/beegfs/home/m.romanov/thesis/benchmarking/datasets/USPTO/USRE039991-20080101-C00519.png,COc1ccnc(C(=O)N[C@H]2COC(=O)[C@H](Cc3ccccc3)[C@@H](OC(=O)C(C)C)[C@H](C)OC2=O)c1OC(=O)c1cccc(C)c1
/beegfs/home/m.romanov/thesis/benchmarking/datasets/USPTO/USRE039991-20080101-C00520.png,COc1ccnc(C(=O)N[C@H]2COC(=O)[C@H](Cc3ccccc3)[C@@H](OC(=O)C(C)C)[C@H](C)OC2=O)c1OC(=O)c1ccc(C)cc1
/beegfs/home/m.romanov/thesis/benchmarking/datasets/USPTO/USRE039991-20080101-C00521.png,CCCc1ccc(C(=O)Oc2c(OC)ccnc2C(=O)N[C@H]2COC(=O)[C@H](Cc3ccccc3)[C@@H](OC(=O)C(C)C)[C@H](C)OC2=O)cc1
/beegfs/home/m.romanov/thesis/benchmarking/datasets/USPTO/USRE039991-20080101-C00522.png,COc1ccnc(C(=O)N[C@H]2COC(=O)[C@H](Cc3ccccc3)[C@@H](OC(=O)C(C)C)[C@H](C)OC2=O)c1OC(=O)c1cccc(C)c1C
/beegfs/home/m.romanov/thesis/benchmarking/datasets/USPTO/USRE039991-20080101-C00523.png,COc1ccnc(C(=O)N[C@H]2COC(=O)[C@H](Cc3ccccc3)[C@@H](OC(=O)C(C)C)[C@H](C)OC2=O)c1OC(=O)c1c(C)cc(C)cc1C
/beegfs/home/m.romanov/thesis/benchmarking/datasets/USPTO/USRE039991-20080101-C00524.png,COc1ccc(C(=O)Oc2c(OC)ccnc2C(=O)N[C@H]2COC(=O)[C@H](Cc3ccccc3)[C@@H](OC(=O)C(C)C)[C@H](C)OC2=O)cc1
/beegfs/home/m.romanov/thesis/benchmarking/datasets/USPTO/USRE039991-20080101-C00525.png,COc1ccnc(C(=O)N[C@H]2COC(=O)[C@H](Cc3ccccc3)[C@@H](OC(=O)C(C)C)[C@H](C)OC2=O)c1OC(=O)c1ccc(OC(Cl)(Cl)Cl)cc1
/beegfs/home/m.romanov/thesis/benchmarking/datasets/USPTO/USRE039991-20080101-C00526.png,COc1ccnc(C(=O)N[C@H]2COC(=O)[C@H](Cc3ccccc3)[C@@H](OC(=O)C(C)C)[C@H](C)OC2=O)c1OC(=O)c1ccccc1F
/beegfs/home/m.romanov/thesis/benchmarking/datasets/USPTO/USRE039991-20080101-C00527.png,COc1ccnc(C(=O)N[C@H]2COC(=O)[C@H](Cc3ccccc3)[C@@H](OC(=O)C(C)C)[C@H](C)OC2=O)c1OC(=O)c1ccc(F)cc1
/beegfs/home/m.romanov/thesis/benchmarking/datasets/USPTO/USRE039991-20080101-C00528.png,COc1ccnc(C(=O)N[C@H]2COC(=O)[C@H](Cc3ccccc3)[C@@H](OC(=O)C(C)C)[C@H](C)OC2=O)c1OC(=O)c1ccc(F)cc1F
/beegfs/home/m.romanov/thesis/benchmarking/datasets/USPTO/USRE039991-20080101-C00529.png,COc1ccnc(C(=O)N[C@H]2COC(=O)[C@H](Cc3ccccc3)[C@@H](OC(=O)C(C)C)[C@H](C)OC2=O)c1OC(=O)c1ccc(F)c(F)c1
/beegfs/home/m.romanov/thesis/benchmarking/datasets/USPTO/USRE039991-20080101-C00530.png,COc1ccnc(C(=O)N[C@H]2COC(=O)[C@H](Cc3ccccc3)[C@@H](OC(=O)C(C)C)[C@H](C)OC2=O)c1OC(=O)c1cccc(C(F)(F)F)c1
/beegfs/home/m.romanov/thesis/benchmarking/datasets/USPTO/USRE039991-20080101-C00531.png,COc1ccnc(C(=O)N[C@H]2COC(=O)[C@H](Cc3ccccc3)[C@@H](OC(=O)C(C)C)[C@H](C)OC2=O)c1OC(=O)c1ccc(F)cc1C(F)(F)F
/beegfs/home/m.romanov/thesis/benchmarking/datasets/USPTO/USRE039991-20080101-C00532.png,COc1ccnc(C(=O)N[C@H]2COC(=O)[C@H](Cc3ccccc3)[C@@H](OC(=O)C(C)C)[C@H](C)OC2=O)c1OC(=O)c1c(F)c(F)c(F)c(F)c1F
/beegfs/home/m.romanov/thesis/benchmarking/datasets/USPTO/USRE039991-20080101-C00533.png,COc1ccnc(C(=O)N[C@H]2COC(=O)[C@H](Cc3ccccc3)[C@@H](OC(=O)C(C)C)[C@H](C)OC2=O)c1OC(=O)c1ccc(Cl)cc1Cl
/beegfs/home/m.romanov/thesis/benchmarking/datasets/USPTO/USRE039991-20080101-C00534.png,COc1ccnc(C(=O)N[C@H]2COC(=O)[C@H](Cc3ccccc3)[C@@H](OC(=O)C(C)C)[C@H](C)OC2=O)c1OC(=O)c1ccc(Cl)c(Cl)c1
/beegfs/home/m.romanov/thesis/benchmarking/datasets/USPTO/USRE039991-20080101-C00535.png,COc1ccnc(C(=O)N[C@H]2COC(=O)[C@H](Cc3ccccc3)[C@@H](OC(=O)C(C)C)[C@H](C)OC2=O)c1OC(=O)c1c(Cl)cccc1Cl
/beegfs/home/m.romanov/thesis/benchmarking/datasets/USPTO/USRE039991-20080101-C00536.png,COc1ccnc(C(=O)N[C@H]2COC(=O)[C@H](Cc3ccccc3)[C@@H](OC(=O)C(C)C)[C@H](C)OC2=O)c1OC(=O)c1c(Cl)cc(Cl)cc1Cl
/beegfs/home/m.romanov/thesis/benchmarking/datasets/USPTO/USRE039991-20080101-C00537.png,COc1ccnc(C(=O)N[C@H]2COC(=O)[C@H](Cc3ccccc3)[C@@H](OC(=O)C(C)C)[C@H](C)OC2=O)c1OC(=O)c1ccccc1Br
/beegfs/home/m.romanov/thesis/benchmarking/datasets/USPTO/USRE039991-20080101-C00538.png,COc1ccnc(C(=O)N[C@H]2COC(=O)[C@H](Cc3ccccc3)[C@@H](OC(=O)C(C)C)[C@H](C)OC2=O)c1OC(=O)Cc1ccccc1
/beegfs/home/m.romanov/thesis/benchmarking/datasets/USPTO/USRE039991-20080101-C00539.png,COc1ccnc(C(=O)N[C@H]2COC(=O)[C@H](Cc3ccccc3)[C@@H](OC(=O)C(C)C)[C@H](C)OC2=O)c1OC(=O)C(Cl)c1ccccc1
/beegfs/home/m.romanov/thesis/benchmarking/datasets/USPTO/USRE039991-20080101-C00540.png,COc1ccnc(C(=O)N[C@H]2COC(=O)[C@H](Cc3ccccc3)[C@@H](OC(=O)C(C)C)[C@H](C)OC2=O)c1OC(=O)CCc1ccccc1
/beegfs/home/m.romanov/thesis/benchmarking/datasets/USPTO/USRE039991-20080101-C00541.png,COc1ccnc(C(=O)N[C@H]2COC(=O)[C@H](Cc3ccccc3)[C@@H](OC(=O)C(C)C)[C@H](C)OC2=O)c1OC(=O)/C=C/c1ccccc1
/beegfs/home/m.romanov/thesis/benchmarking/datasets/USPTO/USRE039991-20080101-C00542.png,CCC(C(=O)Oc1c(OC)ccnc1C(=O)N[C@H]1COC(=O)[C@H](Cc2ccccc2)[C@@H](OC(=O)C(C)C)[C@H](C)OC1=O)c1ccccc1
/beegfs/home/m.romanov/thesis/benchmarking/datasets/USPTO/USRE039991-20080101-C00543.png,COCC(=O)Oc1c(OC)ccnc1C(=O)N[C@H]1COC(=O)[C@H](Cc2ccccc2)[C@@H](OC(=O)C(C)C)[C@H](C)OC1=O
/beegfs/home/m.romanov/thesis/benchmarking/datasets/USPTO/USRE039991-20080101-C00544.png,COc1ccnc(C(=O)N[C@H]2COC(=O)[C@H](Cc3ccccc3)[C@@H](OC(=O)C(C)C)[C@H](C)OC2=O)c1OC(=O)COc1ccccc1
/beegfs/home/m.romanov/thesis/benchmarking/datasets/USPTO/USRE039991-20080101-C00545.png,COc1ccnc(C(=O)N[C@H]2COC(=O)[C@H](Cc3ccccc3)[C@@H](OC(=O)C(C)C)[C@H](C)OC2=O)c1OC(=O)CSc1ccccc1
/beegfs/home/m.romanov/thesis/benchmarking/datasets/USPTO/USRE039991-20080101-C00546.png,COc1ccnc(C(=O)N[C@H]2COC(=O)[C@H](Cc3ccccc3)[C@@H](OC(=O)C(C)C)[C@H](C)OC2=O)c1OC(=O)COCc1ccccc1
/beegfs/home/m.romanov/thesis/benchmarking/datasets/USPTO/USRE039991-20080101-C00548.png,COCCC(=O)Oc1c(OC)ccnc1C(=O)N[C@H]1COC(=O)[C@H](Cc2ccccc2)[C@@H](OC(=O)C(C)C)[C@H](C)OC1=O
/beegfs/home/m.romanov/thesis/benchmarking/datasets/USPTO/USRE039991-20080101-C00549.png,COc1ccnc(C(=O)N[C@H]2COC(=O)[C@H](Cc3ccccc3)[C@@H](OC(=O)C(C)C)[C@H](C)OC2=O)c1OC(=O)COC(C)=O
/beegfs/home/m.romanov/thesis/benchmarking/datasets/USPTO/USRE039991-20080101-C00550.png,COc1ccnc(C(=O)N[C@H]2COC(=O)[C@H](Cc3ccccc3)[C@@H](OC(=O)C(C)C)[C@H](C)OC2=O)c1OC(=O)C(C)OC(C)=O
/beegfs/home/m.romanov/thesis/benchmarking/datasets/USPTO/USRE039991-20080101-C00551.png,COc1ccnc(C(=O)N[C@H]2COC(=O)[C@H](Cc3ccccc3)[C@@H](OC(=O)C(C)C)[C@H](C)OC2=O)c1OC(=O)C(C)(C)OC(C)=O
/beegfs/home/m.romanov/thesis/benchmarking/datasets/USPTO/USRE039991-20080101-C00552.png,COc1ccnc(C(=O)N[C@H]2COC(=O)[C@H](Cc3ccccc3)[C@@H](OC(=O)C(C)C)[C@H](C)OC2=O)c1OC(=O)C(OC=O)c1ccccc1
/beegfs/home/m.romanov/thesis/benchmarking/datasets/USPTO/USRE039991-20080101-C00553.png,COc1ccnc(C(=O)N[C@H]2COC(=O)[C@H](Cc3ccccc3)[C@@H](OC(=O)C(C)C)[C@H](C)OC2=O)c1OC(=O)C(OC(C)=O)c1ccccc1
/beegfs/home/m.romanov/thesis/benchmarking/datasets/USPTO/USRE039991-20080101-C00554.png,CCOC(=O)CCC(=O)Oc1c(OC)ccnc1C(=O)N[C@H]1COC(=O)[C@H](Cc2ccccc2)[C@@H](OC(=O)C(C)C)[C@H](C)OC1=O
/beegfs/home/m.romanov/thesis/benchmarking/datasets/USPTO/USRE039991-20080101-C00555.png,COC(=O)CCCCCCC(=O)Oc1c(OC)ccnc1C(=O)N[C@H]1COC(=O)[C@H](Cc2ccccc2)[C@@H](OC(=O)C(C)C)[C@H](C)OC1=O
/beegfs/home/m.romanov/thesis/benchmarking/datasets/USPTO/USRE039991-20080101-C00556.png,COc1ccnc(C(=O)N[C@H]2COC(=O)[C@H](Cc3ccccc3)[C@@H](OC(=O)C(C)C)[C@H](C)OC2=O)c1OC(=O)c1nc(Cl)ccc1Cl
/beegfs/home/m.romanov/thesis/benchmarking/datasets/USPTO/USRE039991-20080101-C00557.png,COc1ccnc(C(=O)N[C@H]2COC(=O)[C@H](Cc3ccccc3)[C@@H](OC(=O)C(C)C)[C@H](C)OC2=O)c1OC(=O)c1ccc(Cl)nc1
/beegfs/home/m.romanov/thesis/benchmarking/datasets/USPTO/USRE039991-20080101-C00558.png,COc1ccnc(C(=O)N[C@H]2COC(=O)[C@H](Cc3ccccc3)[C@@H](OC(=O)C(C)C)[C@H](C)OC2=O)c1OC(=O)c1cnc(Cl)c(Cl)c1
/beegfs/home/m.romanov/thesis/benchmarking/datasets/USPTO/USRE039991-20080101-C00559.png,COc1ccnc(C(=O)N[C@H]2COC(=O)[C@H](Cc3ccccc3)[C@@H](OC(=O)C(C)C)[C@H](C)OC2=O)c1OC(=O)c1cc(Cl)cnc1Cl
/beegfs/home/m.romanov/thesis/benchmarking/datasets/USPTO/USRE039991-20080101-C00560.png,COc1ccnc(C(=O)N[C@H]2COC(=O)[C@H](Cc3ccccc3)[C@@H](OC(=O)C(C)C)[C@H](C)OC2=O)c1OC(=O)c1ccnc(Cl)c1
/beegfs/home/m.romanov/thesis/benchmarking/datasets/USPTO/USRE039991-20080101-C00561.png,COc1ccnc(C(=O)N[C@H]2COC(=O)[C@H](Cc3ccccc3)[C@@H](OC(=O)C(C)C)[C@H](C)OC2=O)c1OC(=O)c1ccco1
/beegfs/home/m.romanov/thesis/benchmarking/datasets/USPTO/USRE039991-20080101-C00562.png,COc1ccnc(C(=O)N[C@H]2COC(=O)[C@H](Cc3ccccc3)[C@@H](OC(=O)C(C)C)[C@H](C)OC2=O)c1OC(=O)c1cccs1
/beegfs/home/m.romanov/thesis/benchmarking/datasets/USPTO/USRE039991-20080101-C00563.png,COc1ccnc(C(=O)N[C@H]2COC(=O)[C@H](Cc3ccccc3)[C@@H](OC(=O)C(C)C)[C@H](C)OC2=O)c1OC(=O)Cc1cccs1
/beegfs/home/m.romanov/thesis/benchmarking/datasets/USPTO/USRE039991-20080101-C00564.png,COc1ccnc(C(=O)N[C@H]2COC(=O)[C@H](Cc3ccccc3)[C@@H](OC(=O)C(C)C)[C@H](C)OC2=O)c1OC(=O)c1snnc1C
/beegfs/home/m.romanov/thesis/benchmarking/datasets/USPTO/USRE039991-20080101-C00565.png,COc1ccnc(C(=O)N[C@H]2COC(=O)[C@H](Cc3ccccc3)[C@@H](OC(=O)C(C)C)[C@H](C)OC2=O)c1OC(=O)c1c(-c2c(Cl)cccc2Cl)noc1C
/beegfs/home/m.romanov/thesis/benchmarking/datasets/USPTO/USRE039991-20080101-C00566.png,COC(=O)Oc1c(OC)ccnc1C(=O)N[C@H]1COC(=O)[C@H](Cc2ccccc2)[C@@H](OC(=O)C(C)C)[C@H](C)OC1=O
/beegfs/home/m.romanov/thesis/benchmarking/datasets/USPTO/USRE039991-20080101-C00567.png,CCOC(=O)Oc1c(OC)ccnc1C(=O)N[C@H]1COC(=O)[C@H](Cc2ccccc2)[C@@H](OC(=O)C(C)C)[C@H](C)OC1=O
/beegfs/home/m.romanov/thesis/benchmarking/datasets/USPTO/USRE039991-20080101-C00568.png,CCCOC(=O)Oc1c(OC)ccnc1C(=O)N[C@H]1COC(=O)[C@H](Cc2ccccc2)[C@@H](OC(=O)C(C)C)[C@H](C)OC1=O
/beegfs/home/m.romanov/thesis/benchmarking/datasets/USPTO/USRE039991-20080101-C00569.png,C=CCOC(=O)Oc1c(OC)ccnc1C(=O)N[C@H]1COC(=O)[C@H](Cc2ccccc2)[C@@H](OC(=O)C(C)C)[C@H](C)OC1=O
/beegfs/home/m.romanov/thesis/benchmarking/datasets/USPTO/USRE039991-20080101-C00570.png,CCCCOC(=O)Oc1c(OC)ccnc1C(=O)N[C@H]1COC(=O)[C@H](Cc2ccccc2)[C@@H](OC(=O)C(C)C)[C@H](C)OC1=O
/beegfs/home/m.romanov/thesis/benchmarking/datasets/USPTO/USRE039991-20080101-C00571.png,C=CCCOC(=O)Oc1c(OC)ccnc1C(=O)N[C@H]1COC(=O)[C@H](Cc2ccccc2)[C@@H](OC(=O)C(C)C)[C@H](C)OC1=O
/beegfs/home/m.romanov/thesis/benchmarking/datasets/USPTO/USRE039991-20080101-C00572.png,CC#CCOC(=O)Oc1c(OC)ccnc1C(=O)N[C@H]1COC(=O)[C@H](Cc2ccccc2)[C@@H](OC(=O)C(C)C)[C@H](C)OC1=O
/beegfs/home/m.romanov/thesis/benchmarking/datasets/USPTO/USRE039991-20080101-C00573.png,COc1ccnc(C(=O)N[C@H]2COC(=O)[C@H](Cc3ccccc3)[C@@H](OC(=O)C(C)C)[C@H](C)OC2=O)c1OC(=O)OCC(C)C
/beegfs/home/m.romanov/thesis/benchmarking/datasets/USPTO/USRE039991-20080101-C00574.png,COc1ccnc(C(=O)N[C@H]2COC(=O)[C@H](Cc3ccccc3)[C@@H](OC(=O)C(C)C)[C@H](C)OC2=O)c1OC(=O)OCC(C)(C)C
/beegfs/home/m.romanov/thesis/benchmarking/datasets/USPTO/USRE039991-20080101-C00575.png,CCCCCCOC(=O)Oc1c(OC)ccnc1C(=O)N[C@H]1COC(=O)[C@H](Cc2ccccc2)[C@@H](OC(=O)C(C)C)[C@H](C)OC1=O
/beegfs/home/m.romanov/thesis/benchmarking/datasets/USPTO/USRE039991-20080101-C00576.png,CCCCC(CC)COC(=O)Oc1c(OC)ccnc1C(=O)N[C@H]1COC(=O)[C@H](Cc2ccccc2)[C@@H](OC(=O)C(C)C)[C@H](C)OC1=O
/beegfs/home/m.romanov/thesis/benchmarking/datasets/USPTO/USRE039991-20080101-C00577.png,COc1ccnc(C(=O)N[C@H]2COC(=O)[C@H](Cc3ccccc3)[C@@H](OC(=O)C(C)C)[C@H](C)OC2=O)c1OC(=O)O[C@@H]1C[C@H](C)CC[C@H]1C(C)C
/beegfs/home/m.romanov/thesis/benchmarking/datasets/USPTO/USRE039991-20080101-C00578.png,COc1ccnc(C(=O)N[C@H]2COC(=O)[C@H](Cc3ccccc3)[C@@H](OC(=O)C(C)C)[C@H](C)OC2=O)c1OC(=O)OCCCl
/beegfs/home/m.romanov/thesis/benchmarking/datasets/USPTO/USRE039991-20080101-C00579.png,COc1ccnc(C(=O)N[C@H]2COC(=O)[C@H](Cc3ccccc3)[C@@H](OC(=O)C(C)C)[C@H](C)OC2=O)c1OC(=O)OCCBr
/beegfs/home/m.romanov/thesis/benchmarking/datasets/USPTO/USRE039991-20080101-C00580.png,COc1ccnc(C(=O)N[C@H]2COC(=O)[C@H](Cc3ccccc3)[C@@H](OC(=O)C(C)C)[C@H](C)OC2=O)c1OC(=O)OCCCCCl
/beegfs/home/m.romanov/thesis/benchmarking/datasets/USPTO/USRE039991-20080101-C00581.png,COc1ccnc(C(=O)N[C@H]2COC(=O)[C@H](Cc3ccccc3)[C@@H](OC(=O)C(C)C)[C@H](C)OC2=O)c1OC(=O)OCC(Cl)(Cl)Cl
/beegfs/home/m.romanov/thesis/benchmarking/datasets/USPTO/USRE039991-20080101-C00582.png,COc1ccnc(C(=O)N[C@H]2COC(=O)[C@H](Cc3ccccc3)[C@@H](OC(=O)C(C)C)[C@H](C)OC2=O)c1OC(=O)OCc1ccccc1
/beegfs/home/m.romanov/thesis/benchmarking/datasets/USPTO/USRE039991-20080101-C00583.png,COc1ccnc(C(=O)N[C@H]2COC(=O)[C@H](Cc3ccccc3)[C@@H](OC(=O)C(C)C)[C@H](C)OC2=O)c1OC(=O)OCc1ccccc1Cl
/beegfs/home/m.romanov/thesis/benchmarking/datasets/USPTO/USRE039991-20080101-C00584.png,COc1ccnc(C(=O)N[C@H]2COC(=O)[C@H](Cc3ccccc3)[C@@H](OC(=O)C(C)C)[C@H](C)OC2=O)c1OC(=O)Oc1ccccc1
/beegfs/home/m.romanov/thesis/benchmarking/datasets/USPTO/USRE039991-20080101-C00585.png,COc1ccnc(C(=O)N[C@H]2COC(=O)[C@H](Cc3ccccc3)[C@@H](OC(=O)C(C)C)[C@H](C)OC2=O)c1OC(=O)Oc1ccc(C)cc1
/beegfs/home/m.romanov/thesis/benchmarking/datasets/USPTO/USRE039991-20080101-C00586.png,CCCSC(=O)Oc1c(OC)ccnc1C(=O)N[C@H]1COC(=O)[C@H](Cc2ccccc2)[C@@H](OC(=O)C(C)C)[C@H](C)OC1=O
/beegfs/home/m.romanov/thesis/benchmarking/datasets/USPTO/USRE039991-20080101-C00587.png,COc1ccnc(C(=O)N[C@H]2COC(=O)[C@H](Cc3ccccc3)[C@@H](OC(=O)C(C)C)[C@H](C)OC2=O)c1OC(=O)N(C)C
/beegfs/home/m.romanov/thesis/benchmarking/datasets/USPTO/USRE039991-20080101-C00588.png,CCC(C)C(=O)O[C@H]1[C@H](C)OC(=O)[C@@H](NC(=O)c2nccc(OC)c2OC(C)=O)COC(=O)[C@@H]1Cc1ccccc1
/beegfs/home/m.romanov/thesis/benchmarking/datasets/USPTO/USRE039991-20080101-C00589.png,COc1ccnc(C(=O)N[C@H]2COC(=O)[C@H](Cc3ccccc3)[C@@H](OC(=O)CC(C)C)[C@H](C)OC2=O)c1OC(C)=O
/beegfs/home/m.romanov/thesis/benchmarking/datasets/USPTO/USRE039991-20080101-C00590.png,COCCC(=O)Oc1c(OC)ccnc1C(=O)N[C@H]1COC(=O)[C@H](Cc2ccccc2)[C@@H](OC(=O)C(C)(C)C)[C@H](C)OC1=O
/beegfs/home/m.romanov/thesis/benchmarking/datasets/USPTO/USRE039991-20080101-C00591.png,COCCC(=O)Oc1c(OC)ccnc1C(=O)N[C@H]1COC(=O)[C@H](Cc2ccccc2)[C@@H](OC(=O)CC(C)(C)C)[C@H](C)OC1=O
/beegfs/home/m.romanov/thesis/benchmarking/datasets/USPTO/USRE039991-20080101-C00592.png,COCCC(=O)Oc1c(OC)ccnc1C(=O)N[C@H]1COC(=O)[C@H](Cc2ccccc2)[C@@H](OC(=O)CCOC)[C@H](C)OC1=O
/beegfs/home/m.romanov/thesis/benchmarking/datasets/USPTO/USRE039991-20080101-C00593.png,COCCC(=O)Oc1c(OC)ccnc1C(=O)Nc1ccc(C(=O)c2cccc(C(F)(F)F)c2)cc1
/beegfs/home/m.romanov/thesis/benchmarking/datasets/USPTO/USRE039991-20080101-C00594.png,CO/N=C(/c1ccc(NC(=O)c2nccc(OC)c2OC(C)=O)cc1)c1cccc(C(F)(F)F)c1
/beegfs/home/m.romanov/thesis/benchmarking/datasets/USPTO/USRE039991-20080101-C00595.png,COCCC(=O)Oc1c(OC)ccnc1C(=O)Nc1ccc(/C(=N/OC)c2cccc(C(F)(F)F)c2)cc1
/beegfs/home/m.romanov/thesis/benchmarking/datasets/USPTO/USRE039991-20080101-C00597.png,COc1ccnc(C(=O)Nc2cccc(Sc3ccc(C(F)(F)F)cc3)c2)c1OC(C)=O
/beegfs/home/m.romanov/thesis/benchmarking/datasets/USPTO/USRE039991-20080101-C00601.png,COCCC(=O)Oc1c(OC)ccnc1C(=O)Nc1cccc(C(=O)Nc2ccc(C(F)(F)F)cc2)c1
/beegfs/home/m.romanov/thesis/benchmarking/datasets/USPTO/USRE039991-20080101-C00604.png,COc1ccnc(C(=O)Nc2ccc(C(=O)Oc3ccc(C(F)(F)F)cc3)cc2)c1OC(C)=O
/beegfs/home/m.romanov/thesis/benchmarking/datasets/USPTO/USRE039991-20080101-C00605.png,COCCC(=O)Oc1c(OC)ccnc1C(=O)Nc1cccc(NC(=O)c2ccc(C(F)(F)F)cc2)c1
/beegfs/home/m.romanov/thesis/benchmarking/datasets/USPTO/USRE040000-20080108-C00003.png,COc1ccccc1OCCNCC(O)COc1cccc2[nH]c3ccccc3c12
/beegfs/home/m.romanov/thesis/benchmarking/datasets/USPTO/USRE040033-20080122-C00003.png,Cc1cc2c(s1)Nc1ccccc1N=C2N1CCN(C)CC1
/beegfs/home/m.romanov/thesis/benchmarking/datasets/USPTO/USRE040033-20080122-C00005.png,Cc1cc(C(=O)N2CCN(C)CC2)c(Nc2ccccc2N)s1
/beegfs/home/m.romanov/thesis/benchmarking/datasets/USPTO/USRE040033-20080122-C00009.png,Cc1cc(C#N)c(Nc2ccccc2[N+](=O)[O-])s1
/beegfs/home/m.romanov/thesis/benchmarking/datasets/USPTO/USRE040033-20080122-C00013.png,COC(=O)c1cc(C)sc1N
