path,Smiles
/beegfs/home/m.romanov/thesis/benchmarking/datasets/UOB/maybridge-0001-1032051861.png,Cc1cc(C)c(C=O)[nH]1
/beegfs/home/m.romanov/thesis/benchmarking/datasets/UOB/maybridge-0001-1049908415.png,N#Cc1cccc(-n2cccc2C=O)c1
/beegfs/home/m.romanov/thesis/benchmarking/datasets/UOB/maybridge-0001-110883269.png,O=Cc1cccn1-c1ccc(Cl)cc1
/beegfs/home/m.romanov/thesis/benchmarking/datasets/UOB/maybridge-0001-263948097.png,O=Cc1ccc[nH]1
/beegfs/home/m.romanov/thesis/benchmarking/datasets/UOB/maybridge-0001-309810939.png,CCOC(=O)c1[nH]c(C)c(C=O)c1C
/beegfs/home/m.romanov/thesis/benchmarking/datasets/UOB/maybridge-0001-31314370.png,COC(=O)c1c(C=O)c(C)n(C)c1C
/beegfs/home/m.romanov/thesis/benchmarking/datasets/UOB/maybridge-0001-635170404.png,COC(=O)c1c(C)[nH]c(C)c1C=O
/beegfs/home/m.romanov/thesis/benchmarking/datasets/UOB/maybridge-0001-715660248.png,CCOC(=O)c1c(C=O)c(C)n(C2CC2)c1C
/beegfs/home/m.romanov/thesis/benchmarking/datasets/UOB/maybridge-0001-722986859.png,COC(=O)c1cc(C=O)cn1C
/beegfs/home/m.romanov/thesis/benchmarking/datasets/UOB/maybridge-0001-764805251.png,N#CCCn1cccc1C=O
/beegfs/home/m.romanov/thesis/benchmarking/datasets/UOB/maybridge-0002-1066441225.png,Cn1ccc(C=O)n1
/beegfs/home/m.romanov/thesis/benchmarking/datasets/UOB/maybridge-0002-111144757.png,Cc1cc(C=O)n(C)n1
/beegfs/home/m.romanov/thesis/benchmarking/datasets/UOB/maybridge-0002-20741494.png,O=Cc1cccn1-c1ccc(I)cc1
/beegfs/home/m.romanov/thesis/benchmarking/datasets/UOB/maybridge-0002-289005593.png,CCOC(=O)c1c(C=O)c(C)n(-c2ccccc2)c1C
/beegfs/home/m.romanov/thesis/benchmarking/datasets/UOB/maybridge-0002-449756707.png,Cn1ncc(C=O)c1N
/beegfs/home/m.romanov/thesis/benchmarking/datasets/UOB/maybridge-0002-53570695.png,O=Cc1cccn1-c1ccc(C(F)(F)F)cc1
/beegfs/home/m.romanov/thesis/benchmarking/datasets/UOB/maybridge-0002-549381716.png,Cc1cc(C=O)nn1C
/beegfs/home/m.romanov/thesis/benchmarking/datasets/UOB/maybridge-0002-604042052.png,Cn1cc(C=O)c(=N)[nH]1
/beegfs/home/m.romanov/thesis/benchmarking/datasets/UOB/maybridge-0002-732429981.png,O=Cc1cccn1-c1cc(Cl)cc(Cl)c1
/beegfs/home/m.romanov/thesis/benchmarking/datasets/UOB/maybridge-0003-1070034781.png,O=Cc1c[nH]nc1-c1cccs1
/beegfs/home/m.romanov/thesis/benchmarking/datasets/UOB/maybridge-0003-193768864.png,Cc1nn(C(C)(C)C)c(C)c1C=O
/beegfs/home/m.romanov/thesis/benchmarking/datasets/UOB/maybridge-0003-197451784.png,Cc1nn(C)c(C)c1C=O
/beegfs/home/m.romanov/thesis/benchmarking/datasets/UOB/maybridge-0003-375226068.png,O=Cc1c[nH]nc1-c1ccccc1
/beegfs/home/m.romanov/thesis/benchmarking/datasets/UOB/maybridge-0003-625260689.png,O=Cc1ccnn1-c1ccccc1
/beegfs/home/m.romanov/thesis/benchmarking/datasets/UOB/maybridge-0003-701940104.png,Cc1nn(C)c(Cl)c1C=O
/beegfs/home/m.romanov/thesis/benchmarking/datasets/UOB/maybridge-0003-832932927.png,O=Cc1n[nH]cc1Br
/beegfs/home/m.romanov/thesis/benchmarking/datasets/UOB/maybridge-0003-880275113.png,Cn1cc(Cl)c(C=O)n1
/beegfs/home/m.romanov/thesis/benchmarking/datasets/UOB/maybridge-0003-888341323.png,Cn1nc(C=O)cc1-c1ccco1
/beegfs/home/m.romanov/thesis/benchmarking/datasets/UOB/maybridge-0003-921236533.png,Cn1nc(-c2ccccc2)cc1C=O
/beegfs/home/m.romanov/thesis/benchmarking/datasets/UOB/maybridge-0004-269555700.png,Cn1ncc(C=O)c1-c1ccccc1
/beegfs/home/m.romanov/thesis/benchmarking/datasets/UOB/maybridge-0004-297286884.png,Cn1nc(-c2cccs2)cc1C=O
/beegfs/home/m.romanov/thesis/benchmarking/datasets/UOB/maybridge-0004-363642336.png,COc1ccc(-c2n[nH]cc2C=O)cc1
/beegfs/home/m.romanov/thesis/benchmarking/datasets/UOB/maybridge-0004-394368388.png,Cc1c(C=O)cnn1-c1ccccc1
/beegfs/home/m.romanov/thesis/benchmarking/datasets/UOB/maybridge-0004-399638852.png,Cc1ccccc1-n1ncc(C=O)c1C
/beegfs/home/m.romanov/thesis/benchmarking/datasets/UOB/maybridge-0004-523287202.png,O=Cc1c[nH]nc1-c1ccc(F)cc1
/beegfs/home/m.romanov/thesis/benchmarking/datasets/UOB/maybridge-0004-715318232.png,Cn1nc(C=O)cc1-c1ccccc1
/beegfs/home/m.romanov/thesis/benchmarking/datasets/UOB/maybridge-0004-781633036.png,Cn1cc(Br)c(C=O)n1
/beegfs/home/m.romanov/thesis/benchmarking/datasets/UOB/maybridge-0004-868527528.png,Cn1ncc(Br)c1C=O
/beegfs/home/m.romanov/thesis/benchmarking/datasets/UOB/maybridge-0005-356438784.png,Cc1nn(C(=O)OC(C)(C)C)c(C)c1C=O
/beegfs/home/m.romanov/thesis/benchmarking/datasets/UOB/maybridge-0005-468725529.png,O=Cc1cnc[nH]1
/beegfs/home/m.romanov/thesis/benchmarking/datasets/UOB/maybridge-0005-739915396.png,Cn1cnc(C=O)c1
/beegfs/home/m.romanov/thesis/benchmarking/datasets/UOB/maybridge-0005-758470697.png,O=Cc1ncc[nH]1
/beegfs/home/m.romanov/thesis/benchmarking/datasets/UOB/maybridge-0005-802730930.png,Cc1c(C=O)cnn1-c1ccc(F)cc1
/beegfs/home/m.romanov/thesis/benchmarking/datasets/UOB/maybridge-0005-897566014.png,O=Cc1c[nH]nc1-c1ccc(C(F)(F)F)cc1
/beegfs/home/m.romanov/thesis/benchmarking/datasets/UOB/maybridge-0005-92151286.png,Cn1nc(C(F)(F)F)c(C=O)c1Cl
/beegfs/home/m.romanov/thesis/benchmarking/datasets/UOB/maybridge-0005-921694927.png,Cc1nn(C)c(N2CCOCC2)c1C=O
/beegfs/home/m.romanov/thesis/benchmarking/datasets/UOB/maybridge-0005-935459379.png,COc1ccc(-n2ncc(C=O)c2C)cc1
/beegfs/home/m.romanov/thesis/benchmarking/datasets/UOB/maybridge-0006-145414490.png,O=Cc1ccc(B(O)O)o1
/beegfs/home/m.romanov/thesis/benchmarking/datasets/UOB/maybridge-0006-23562132.png,CSc1ncc(C=O)n1Cc1ccccc1
/beegfs/home/m.romanov/thesis/benchmarking/datasets/UOB/maybridge-0006-257490328.png,Cc1ncc(C=O)n1C
/beegfs/home/m.romanov/thesis/benchmarking/datasets/UOB/maybridge-0006-428660075.png,CCCCc1nc(C=O)c(Cl)[nH]1
/beegfs/home/m.romanov/thesis/benchmarking/datasets/UOB/maybridge-0006-436168193.png,Cn1cncc1C=O
/beegfs/home/m.romanov/thesis/benchmarking/datasets/UOB/maybridge-0006-610199923.png,Cc1nc[nH]c1C=O
/beegfs/home/m.romanov/thesis/benchmarking/datasets/UOB/maybridge-0006-627835855.png,CCCCc1ncc(C=O)[nH]1
/beegfs/home/m.romanov/thesis/benchmarking/datasets/UOB/maybridge-0006-789494731.png,O=Cc1ccoc1
/beegfs/home/m.romanov/thesis/benchmarking/datasets/UOB/maybridge-0006-830360115.png,CCc1nc(C=O)c(C)[nH]1
/beegfs/home/m.romanov/thesis/benchmarking/datasets/UOB/maybridge-0006-857072465.png,O=Cc1ccco1
/beegfs/home/m.romanov/thesis/benchmarking/datasets/UOB/maybridge-0006-92768713.png,Cc1ncc(C=O)[nH]1
/beegfs/home/m.romanov/thesis/benchmarking/datasets/UOB/maybridge-0006-979991098.png,O=Cc1ccc([N+](=O)[O-])o1
/beegfs/home/m.romanov/thesis/benchmarking/datasets/UOB/maybridge-0007-1000171633.png,O=Cc1ccc(Br)o1
/beegfs/home/m.romanov/thesis/benchmarking/datasets/UOB/maybridge-0007-215668734.png,Cc1cc(C=O)c(-c2ccccc2)o1
/beegfs/home/m.romanov/thesis/benchmarking/datasets/UOB/maybridge-0007-527646682.png,Cc1nnc(Sc2ccc(C=O)o2)n1C
/beegfs/home/m.romanov/thesis/benchmarking/datasets/UOB/maybridge-0007-527759649.png,O=Cc1ccc(C(F)(F)F)o1
/beegfs/home/m.romanov/thesis/benchmarking/datasets/UOB/maybridge-0007-65267313.png,Cc1oc(-c2ccccc2)cc1C=O
/beegfs/home/m.romanov/thesis/benchmarking/datasets/UOB/maybridge-0007-659329728.png,O=Cc1ccc(Oc2cccnc2)o1
/beegfs/home/m.romanov/thesis/benchmarking/datasets/UOB/maybridge-0007-752363562.png,O=Cc1ccc(Sc2ccccn2)o1
/beegfs/home/m.romanov/thesis/benchmarking/datasets/UOB/maybridge-0007-874528401.png,O=Cc1ccc(CN2C(=O)c3ccccc3C2=O)o1
/beegfs/home/m.romanov/thesis/benchmarking/datasets/UOB/maybridge-0007-891936742.png,NS(=O)(=O)c1ccc(-c2ccc(C=O)o2)cc1
/beegfs/home/m.romanov/thesis/benchmarking/datasets/UOB/maybridge-0007-914728550.png,COC(=O)c1cc(C=O)oc1C
/beegfs/home/m.romanov/thesis/benchmarking/datasets/UOB/maybridge-0007-964024908.png,COC(=O)c1sccc1-c1ccc(C=O)o1
/beegfs/home/m.romanov/thesis/benchmarking/datasets/UOB/maybridge-0008-1052247062.png,CCOC(=O)c1cc(-c2ccc(Cl)cc2)oc1C=O
/beegfs/home/m.romanov/thesis/benchmarking/datasets/UOB/maybridge-0008-1057253389.png,O=Cc1ccc(-c2ccc(C(F)(F)F)cc2Cl)o1
/beegfs/home/m.romanov/thesis/benchmarking/datasets/UOB/maybridge-0008-176979447.png,CCc1ccc(C=O)s1
/beegfs/home/m.romanov/thesis/benchmarking/datasets/UOB/maybridge-0008-41142559.png,O=Cc1ccc(-c2ccc(F)c(C(F)(F)F)c2)o1
/beegfs/home/m.romanov/thesis/benchmarking/datasets/UOB/maybridge-0008-524880020.png,O=Cc1ccc(-c2cc(C(F)(F)F)cc(C(F)(F)F)c2)o1
/beegfs/home/m.romanov/thesis/benchmarking/datasets/UOB/maybridge-0008-678510846.png,O=Cc1ccc(Cl)s1
/beegfs/home/m.romanov/thesis/benchmarking/datasets/UOB/maybridge-0008-807557087.png,O=Cc1ccc(-c2ccc(OC(F)(F)F)cc2)o1
/beegfs/home/m.romanov/thesis/benchmarking/datasets/UOB/maybridge-0008-845399475.png,Cc1csc(C=O)c1
/beegfs/home/m.romanov/thesis/benchmarking/datasets/UOB/maybridge-0008-971236867.png,O=Cc1ccc(-c2ccccc2OC(F)(F)F)o1
/beegfs/home/m.romanov/thesis/benchmarking/datasets/UOB/maybridge-0008-973322273.png,O=Cc1sccc1Cl
/beegfs/home/m.romanov/thesis/benchmarking/datasets/UOB/maybridge-0008-996095623.png,Cc1ccc(C=O)s1
/beegfs/home/m.romanov/thesis/benchmarking/datasets/UOB/maybridge-0009-123030958.png,O=Cc1ccc(-c2ccccc2)s1
/beegfs/home/m.romanov/thesis/benchmarking/datasets/UOB/maybridge-0009-172320571.png,CSc1ccc(C=O)s1
/beegfs/home/m.romanov/thesis/benchmarking/datasets/UOB/maybridge-0009-200340357.png,CC(=O)c1ccc(C=O)s1
/beegfs/home/m.romanov/thesis/benchmarking/datasets/UOB/maybridge-0009-389769516.png,O=Cc1ccc(-c2ccccn2)s1
/beegfs/home/m.romanov/thesis/benchmarking/datasets/UOB/maybridge-0009-539949066.png,O=Cc1ccc(-c2ccco2)s1
/beegfs/home/m.romanov/thesis/benchmarking/datasets/UOB/maybridge-0009-580355195.png,O=Cc1ccsc1Br
/beegfs/home/m.romanov/thesis/benchmarking/datasets/UOB/maybridge-0009-610553642.png,O=Cc1ccc(Br)s1
/beegfs/home/m.romanov/thesis/benchmarking/datasets/UOB/maybridge-0009-640640130.png,O=Cc1ccc(-c2cccs2)s1
/beegfs/home/m.romanov/thesis/benchmarking/datasets/UOB/maybridge-0009-817477328.png,O=Cc1ccc(N2CCOCC2)s1
/beegfs/home/m.romanov/thesis/benchmarking/datasets/UOB/maybridge-0009-905767877.png,O=Cc1sccc1-n1cccc1
/beegfs/home/m.romanov/thesis/benchmarking/datasets/UOB/maybridge-0009-952281617.png,O=Cc1cc(Br)cs1
/beegfs/home/m.romanov/thesis/benchmarking/datasets/UOB/maybridge-0009-988380419.png,O=Cc1sccc1Br
/beegfs/home/m.romanov/thesis/benchmarking/datasets/UOB/maybridge-0010-325438279.png,Cc1noc(C)c1C=O
/beegfs/home/m.romanov/thesis/benchmarking/datasets/UOB/maybridge-0010-368121303.png,O=Cc1cc(-c2cccs2)on1
/beegfs/home/m.romanov/thesis/benchmarking/datasets/UOB/maybridge-0010-380761131.png,Cc1nc(-c2ccc(C=O)s2)cs1
/beegfs/home/m.romanov/thesis/benchmarking/datasets/UOB/maybridge-0010-43973025.png,Cc1cc(C=O)no1
/beegfs/home/m.romanov/thesis/benchmarking/datasets/UOB/maybridge-0010-446438857.png,O=Cc1cc(-c2ccco2)on1
/beegfs/home/m.romanov/thesis/benchmarking/datasets/UOB/maybridge-0010-448403649.png,O=Cc1sccc1Oc1ccccc1
/beegfs/home/m.romanov/thesis/benchmarking/datasets/UOB/maybridge-0010-481945036.png,Cn1nc(-c2ccc(C=O)s2)cc1C(F)(F)F
/beegfs/home/m.romanov/thesis/benchmarking/datasets/UOB/maybridge-0010-547693915.png,O=Cc1ccc(C#Cc2ccccc2)s1
/beegfs/home/m.romanov/thesis/benchmarking/datasets/UOB/maybridge-0010-577638942.png,O=Cc1cc(-c2ccccc2)on1
/beegfs/home/m.romanov/thesis/benchmarking/datasets/UOB/maybridge-0010-698472571.png,COc1ccc(-c2ccc(C=O)s2)cc1
/beegfs/home/m.romanov/thesis/benchmarking/datasets/UOB/maybridge-0010-908946081.png,O=Cc1cc(C#Cc2ccccc2)cs1
/beegfs/home/m.romanov/thesis/benchmarking/datasets/UOB/maybridge-0011-141286342.png,O=Cc1csc(-c2ccccc2)n1
/beegfs/home/m.romanov/thesis/benchmarking/datasets/UOB/maybridge-0011-2114305.png,Cc1nc(C)c(C=O)s1
/beegfs/home/m.romanov/thesis/benchmarking/datasets/UOB/maybridge-0011-497934192.png,Cc1nc(C=O)cs1
/beegfs/home/m.romanov/thesis/benchmarking/datasets/UOB/maybridge-0011-5588874.png,Cc1noc(-c2ccccc2)c1C=O
/beegfs/home/m.romanov/thesis/benchmarking/datasets/UOB/maybridge-0011-676508865.png,Cc1nc(C=O)c(C)o1
/beegfs/home/m.romanov/thesis/benchmarking/datasets/UOB/maybridge-0011-677447266.png,O=Cc1csc(-c2cccc(Cl)c2)n1
/beegfs/home/m.romanov/thesis/benchmarking/datasets/UOB/maybridge-0011-742592288.png,Cc1nc(-c2ccccc2)c(C=O)s1
/beegfs/home/m.romanov/thesis/benchmarking/datasets/UOB/maybridge-0011-832137346.png,Cc1nc(-c2ccccc2)sc1C=O
/beegfs/home/m.romanov/thesis/benchmarking/datasets/UOB/maybridge-0011-854911220.png,Cc1oc(-c2ccccc2)nc1C=O
/beegfs/home/m.romanov/thesis/benchmarking/datasets/UOB/maybridge-0011-946299764.png,O=Cc1nccs1
/beegfs/home/m.romanov/thesis/benchmarking/datasets/UOB/maybridge-0011-983421880.png,Cc1onc(-c2ccccc2)c1C=O
/beegfs/home/m.romanov/thesis/benchmarking/datasets/UOB/maybridge-0012-1027165240.png,Cc1nc(C2CCN(C(=O)OC(C)(C)C)CC2)sc1C=O
/beegfs/home/m.romanov/thesis/benchmarking/datasets/UOB/maybridge-0012-1053729434.png,CC(C)(C)OC(=O)N1CCC(c2nc(C=O)cs2)CC1
/beegfs/home/m.romanov/thesis/benchmarking/datasets/UOB/maybridge-0012-110811163.png,O=Cc1sc(-c2ccccc2)nc1-c1ccccc1
/beegfs/home/m.romanov/thesis/benchmarking/datasets/UOB/maybridge-0012-135890793.png,N#Cc1cccc(C=O)c1
/beegfs/home/m.romanov/thesis/benchmarking/datasets/UOB/maybridge-0012-154509645.png,Cc1nc(-c2ccc(C(F)(F)F)cc2)sc1C=O
/beegfs/home/m.romanov/thesis/benchmarking/datasets/UOB/maybridge-0012-322584304.png,O=Cc1csc(-c2ccc(C(F)(F)F)cc2)n1
/beegfs/home/m.romanov/thesis/benchmarking/datasets/UOB/maybridge-0012-423484584.png,O=Cc1ccc(F)c(F)c1
/beegfs/home/m.romanov/thesis/benchmarking/datasets/UOB/maybridge-0012-473091589.png,O=Cc1cc(F)cc(F)c1
/beegfs/home/m.romanov/thesis/benchmarking/datasets/UOB/maybridge-0012-848353251.png,O=Cc1csnn1
/beegfs/home/m.romanov/thesis/benchmarking/datasets/UOB/maybridge-0012-900005443.png,N#Cc1ccc(C=O)cc1
/beegfs/home/m.romanov/thesis/benchmarking/datasets/UOB/maybridge-0013-146386987.png,O=Cc1cc(Cl)ccc1O
/beegfs/home/m.romanov/thesis/benchmarking/datasets/UOB/maybridge-0013-267661299.png,O=Cc1cccc(B(O)O)c1
/beegfs/home/m.romanov/thesis/benchmarking/datasets/UOB/maybridge-0013-320882374.png,O=Cc1ccc(F)c([N+](=O)[O-])c1
/beegfs/home/m.romanov/thesis/benchmarking/datasets/UOB/maybridge-0013-424012161.png,O=Cc1ccccc1B(O)O
/beegfs/home/m.romanov/thesis/benchmarking/datasets/UOB/maybridge-0013-492908237.png,O=Cc1ccc(B(O)O)cc1
/beegfs/home/m.romanov/thesis/benchmarking/datasets/UOB/maybridge-0013-518145400.png,O=Cc1cc(C(=O)O)ccc1F
/beegfs/home/m.romanov/thesis/benchmarking/datasets/UOB/maybridge-0013-594202473.png,COC(=O)c1ccccc1C=O
/beegfs/home/m.romanov/thesis/benchmarking/datasets/UOB/maybridge-0013-605710457.png,Cc1cc(Cl)cc(C=O)c1O
/beegfs/home/m.romanov/thesis/benchmarking/datasets/UOB/maybridge-0013-821825341.png,C=CCc1c(O)cccc1C=O
/beegfs/home/m.romanov/thesis/benchmarking/datasets/UOB/maybridge-0013-822073182.png,O=Cc1ccc([N+](=O)[O-])cc1
/beegfs/home/m.romanov/thesis/benchmarking/datasets/UOB/maybridge-0013-856800204.png,O=Cc1ccc(F)c(C(=O)O)c1
/beegfs/home/m.romanov/thesis/benchmarking/datasets/UOB/maybridge-0013-898367489.png,O=Cc1ccc(F)c(Cl)c1
/beegfs/home/m.romanov/thesis/benchmarking/datasets/UOB/maybridge-0014-1048104985.png,O=Cc1ccc(-n2cccn2)cc1
/beegfs/home/m.romanov/thesis/benchmarking/datasets/UOB/maybridge-0014-252210558.png,O=Cc1ccccc1-n1cccn1
/beegfs/home/m.romanov/thesis/benchmarking/datasets/UOB/maybridge-0014-296928925.png,O=Cc1ccc(-n2cncn2)cc1
/beegfs/home/m.romanov/thesis/benchmarking/datasets/UOB/maybridge-0014-383077642.png,O=Cc1cccc(-c2ccco2)c1
/beegfs/home/m.romanov/thesis/benchmarking/datasets/UOB/maybridge-0014-4590482.png,O=Cc1cccc(-n2cccc2)c1
/beegfs/home/m.romanov/thesis/benchmarking/datasets/UOB/maybridge-0014-562214752.png,O=Cc1cccc(-n2cncn2)c1
/beegfs/home/m.romanov/thesis/benchmarking/datasets/UOB/maybridge-0014-606624606.png,O=Cc1ccc(-n2ccnc2)cc1
/beegfs/home/m.romanov/thesis/benchmarking/datasets/UOB/maybridge-0014-650277359.png,O=Cc1ccccc1-c1ccco1
/beegfs/home/m.romanov/thesis/benchmarking/datasets/UOB/maybridge-0014-721645441.png,O=Cc1ccc(-c2ccco2)cc1
/beegfs/home/m.romanov/thesis/benchmarking/datasets/UOB/maybridge-0014-809766134.png,O=Cc1ccc(-n2cccc2)cc1
/beegfs/home/m.romanov/thesis/benchmarking/datasets/UOB/maybridge-0014-930215794.png,O=Cc1cccc(-n2cccn2)c1
/beegfs/home/m.romanov/thesis/benchmarking/datasets/UOB/maybridge-0014-968618703.png,O=Cc1ccccc1-n1cccc1
/beegfs/home/m.romanov/thesis/benchmarking/datasets/UOB/maybridge-0015-1009552449.png,COc1ccc(B(O)O)c(C=O)c1
/beegfs/home/m.romanov/thesis/benchmarking/datasets/UOB/maybridge-0015-237738299.png,O=Cc1ccccc1-c1cccnc1
/beegfs/home/m.romanov/thesis/benchmarking/datasets/UOB/maybridge-0015-284082264.png,O=Cc1ccc(C(F)(F)F)cc1
/beegfs/home/m.romanov/thesis/benchmarking/datasets/UOB/maybridge-0015-323111643.png,O=Cc1ccccc1N1CCCC1
/beegfs/home/m.romanov/thesis/benchmarking/datasets/UOB/maybridge-0015-594693849.png,O=Cc1cccc(N2CCCC2)c1
/beegfs/home/m.romanov/thesis/benchmarking/datasets/UOB/maybridge-0015-64069296.png,O=Cc1cccc(C(F)(F)F)c1
/beegfs/home/m.romanov/thesis/benchmarking/datasets/UOB/maybridge-0015-894374161.png,O=Cc1c(Cl)cccc1Cl
/beegfs/home/m.romanov/thesis/benchmarking/datasets/UOB/maybridge-0015-899867503.png,O=Cc1ccc(N2CCCC2)cc1
/beegfs/home/m.romanov/thesis/benchmarking/datasets/UOB/maybridge-0015-937902080.png,O=Cc1ccc(-c2ccccn2)cc1
/beegfs/home/m.romanov/thesis/benchmarking/datasets/UOB/maybridge-0015-965114951.png,O=Cc1cc(Cl)cc(Cl)c1
/beegfs/home/m.romanov/thesis/benchmarking/datasets/UOB/maybridge-0015-969875430.png,COc1ccc(C=O)c(B(O)O)c1
/beegfs/home/m.romanov/thesis/benchmarking/datasets/UOB/maybridge-0015-97806667.png,COc1ccc(C=O)cc1B(O)O
/beegfs/home/m.romanov/thesis/benchmarking/datasets/UOB/maybridge-0016-1006457936.png,O=Cc1cccc(-c2cccnc2)c1
/beegfs/home/m.romanov/thesis/benchmarking/datasets/UOB/maybridge-0016-117430849.png,O=Cc1cccc(-c2ccncc2)c1
/beegfs/home/m.romanov/thesis/benchmarking/datasets/UOB/maybridge-0016-135994828.png,O=Cc1ccc(-c2ncccn2)cc1
/beegfs/home/m.romanov/thesis/benchmarking/datasets/UOB/maybridge-0016-136928771.png,O=Cc1cccc(-c2ncccn2)c1
/beegfs/home/m.romanov/thesis/benchmarking/datasets/UOB/maybridge-0016-158600225.png,O=Cc1cccc(-c2cncnc2)c1
/beegfs/home/m.romanov/thesis/benchmarking/datasets/UOB/maybridge-0016-188977971.png,O=Cc1ccc(-c2ccncc2)cc1
/beegfs/home/m.romanov/thesis/benchmarking/datasets/UOB/maybridge-0016-204169291.png,O=Cc1ccc(-c2cccnc2)cc1
/beegfs/home/m.romanov/thesis/benchmarking/datasets/UOB/maybridge-0016-251054510.png,O=Cc1cccc(-c2ccccn2)c1
/beegfs/home/m.romanov/thesis/benchmarking/datasets/UOB/maybridge-0016-292915631.png,O=Cc1cccc(Cn2ccnc2)c1
/beegfs/home/m.romanov/thesis/benchmarking/datasets/UOB/maybridge-0016-448917352.png,CN(C)c1ccc(C=O)c(Cl)c1
/beegfs/home/m.romanov/thesis/benchmarking/datasets/UOB/maybridge-0016-601260046.png,O=Cc1ccc(-c2cncnc2)cc1
/beegfs/home/m.romanov/thesis/benchmarking/datasets/UOB/maybridge-0016-740287392.png,O=Cc1ccc(Cn2ccnc2)cc1
/beegfs/home/m.romanov/thesis/benchmarking/datasets/UOB/maybridge-0017-167532150.png,O=Cc1ccccc1-c1cccs1
/beegfs/home/m.romanov/thesis/benchmarking/datasets/UOB/maybridge-0017-177726269.png,O=Cc1cccc(Cn2cccn2)c1
/beegfs/home/m.romanov/thesis/benchmarking/datasets/UOB/maybridge-0017-214349897.png,O=Cc1ccc(Cn2cccn2)cc1
/beegfs/home/m.romanov/thesis/benchmarking/datasets/UOB/maybridge-0017-268849954.png,Cc1nc(-c2cccc(C=O)c2)no1
/beegfs/home/m.romanov/thesis/benchmarking/datasets/UOB/maybridge-0017-319472828.png,CCCCC#Cc1ccc(C=O)cc1
/beegfs/home/m.romanov/thesis/benchmarking/datasets/UOB/maybridge-0017-362472555.png,O=Cc1cccc(Cn2cncn2)c1
/beegfs/home/m.romanov/thesis/benchmarking/datasets/UOB/maybridge-0017-369715910.png,O=Cc1ccc(Cn2cncn2)cc1
/beegfs/home/m.romanov/thesis/benchmarking/datasets/UOB/maybridge-0017-46888424.png,O=Cc1cccc(-c2ccsc2)c1
/beegfs/home/m.romanov/thesis/benchmarking/datasets/UOB/maybridge-0017-540408336.png,Cc1nc(-c2ccc(C=O)cc2)no1
/beegfs/home/m.romanov/thesis/benchmarking/datasets/UOB/maybridge-0017-634698451.png,Cc1noc(-c2ccc(C=O)cc2)n1
/beegfs/home/m.romanov/thesis/benchmarking/datasets/UOB/maybridge-0017-789385626.png,O=Cc1ccccc1Cn1cncn1
/beegfs/home/m.romanov/thesis/benchmarking/datasets/UOB/maybridge-0017-966246654.png,O=Cc1cccc(-c2cccs2)c1
/beegfs/home/m.romanov/thesis/benchmarking/datasets/UOB/maybridge-0018-1020021179.png,O=Cc1ccc(-c2ccsc2)cc1
/beegfs/home/m.romanov/thesis/benchmarking/datasets/UOB/maybridge-0018-140609022.png,O=Cc1cccc(CN2CCCC2)c1
/beegfs/home/m.romanov/thesis/benchmarking/datasets/UOB/maybridge-0018-304482408.png,O=Cc1cccc(N2CCCCC2)c1
/beegfs/home/m.romanov/thesis/benchmarking/datasets/UOB/maybridge-0018-317333348.png,O=Cc1ccc(OC(F)(F)F)cc1
/beegfs/home/m.romanov/thesis/benchmarking/datasets/UOB/maybridge-0018-510488981.png,O=Cc1ccc(-c2cccs2)cc1
/beegfs/home/m.romanov/thesis/benchmarking/datasets/UOB/maybridge-0018-545854233.png,O=Cc1ccc(B2OCCCO2)cc1
/beegfs/home/m.romanov/thesis/benchmarking/datasets/UOB/maybridge-0018-561940504.png,O=Cc1ccc(-c2csnn2)cc1
/beegfs/home/m.romanov/thesis/benchmarking/datasets/UOB/maybridge-0018-562424523.png,O=Cc1ccc(N2CCCCC2)cc1
/beegfs/home/m.romanov/thesis/benchmarking/datasets/UOB/maybridge-0018-576018089.png,O=Cc1ccc(CN2CCCC2)cc1
/beegfs/home/m.romanov/thesis/benchmarking/datasets/UOB/maybridge-0018-719621192.png,O=Cc1ccc(N2CCCC2=O)cc1
/beegfs/home/m.romanov/thesis/benchmarking/datasets/UOB/maybridge-0018-784241472.png,O=Cc1ccc(-c2nccs2)cc1
/beegfs/home/m.romanov/thesis/benchmarking/datasets/UOB/maybridge-0018-977211378.png,O=Cc1cccc(-c2nccs2)c1
/beegfs/home/m.romanov/thesis/benchmarking/datasets/UOB/maybridge-0019-1000186923.png,O=Cc1cccc(N2CCOCC2)c1
/beegfs/home/m.romanov/thesis/benchmarking/datasets/UOB/maybridge-0019-176806044.png,O=Cc1cccc(CBr)c1
/beegfs/home/m.romanov/thesis/benchmarking/datasets/UOB/maybridge-0019-35864175.png,O=Cc1ccccc1N1CCOCC1
/beegfs/home/m.romanov/thesis/benchmarking/datasets/UOB/maybridge-0019-362080673.png,CN(C)c1ccc(C=O)c(F)c1C#N
/beegfs/home/m.romanov/thesis/benchmarking/datasets/UOB/maybridge-0019-4737843.png,O=Cc1ccc(CBr)cc1
/beegfs/home/m.romanov/thesis/benchmarking/datasets/UOB/maybridge-0019-741509041.png,O=Cc1ccc(N2CCOCC2)cc1
/beegfs/home/m.romanov/thesis/benchmarking/datasets/UOB/maybridge-0019-745569813.png,O=Cc1cc(Cl)c(O)c(Cl)c1
/beegfs/home/m.romanov/thesis/benchmarking/datasets/UOB/maybridge-0019-74665438.png,CN(C)CCOc1ccccc1C=O
/beegfs/home/m.romanov/thesis/benchmarking/datasets/UOB/maybridge-0019-828798206.png,CN(C)CCOc1ccc(C=O)cc1
/beegfs/home/m.romanov/thesis/benchmarking/datasets/UOB/maybridge-0019-88396830.png,O=Cc1ccccc1Oc1ccccn1
/beegfs/home/m.romanov/thesis/benchmarking/datasets/UOB/maybridge-0019-894531151.png,O=Cc1cccc(Oc2ccccn2)c1
/beegfs/home/m.romanov/thesis/benchmarking/datasets/UOB/maybridge-0019-998971625.png,O=Cc1ccccc1Oc1ccccc1
/beegfs/home/m.romanov/thesis/benchmarking/datasets/UOB/maybridge-0020-1042204686.png,Cc1nc(-c2cccc(C=O)c2)cs1
/beegfs/home/m.romanov/thesis/benchmarking/datasets/UOB/maybridge-0020-127030824.png,CN1CCN(c2ccc(C=O)cc2)CC1
/beegfs/home/m.romanov/thesis/benchmarking/datasets/UOB/maybridge-0020-366918320.png,O=Cc1ccc(CN2CCOCC2)cc1
/beegfs/home/m.romanov/thesis/benchmarking/datasets/UOB/maybridge-0020-395165554.png,CN1CCN(c2ccccc2C=O)CC1
/beegfs/home/m.romanov/thesis/benchmarking/datasets/UOB/maybridge-0020-396844892.png,O=Cc1cccc(CN2CCOCC2)c1
/beegfs/home/m.romanov/thesis/benchmarking/datasets/UOB/maybridge-0020-464292871.png,Cc1nc(-c2ccc(C=O)cc2)cs1
/beegfs/home/m.romanov/thesis/benchmarking/datasets/UOB/maybridge-0020-468303688.png,COc1ccc(C=O)c(Cl)c1OC
/beegfs/home/m.romanov/thesis/benchmarking/datasets/UOB/maybridge-0020-481946026.png,O=Cc1ccc(CN2CCCCC2)cc1
/beegfs/home/m.romanov/thesis/benchmarking/datasets/UOB/maybridge-0020-572491552.png,O=Cc1cccc(CN2CCCCC2)c1
/beegfs/home/m.romanov/thesis/benchmarking/datasets/UOB/maybridge-0020-623036472.png,O=Cc1ccc(Oc2ccccn2)cc1
/beegfs/home/m.romanov/thesis/benchmarking/datasets/UOB/maybridge-0020-780733807.png,O=Cc1ccccc1CN1CCOCC1
/beegfs/home/m.romanov/thesis/benchmarking/datasets/UOB/maybridge-0020-958271316.png,CS(=O)(=O)Nc1cccc(C=O)c1
/beegfs/home/m.romanov/thesis/benchmarking/datasets/UOB/maybridge-0021-1030826222.png,O=Cc1ccccc1COc1ccccc1
/beegfs/home/m.romanov/thesis/benchmarking/datasets/UOB/maybridge-0021-267172506.png,O=Cc1ccccc1-c1ccccc1C(=O)O
/beegfs/home/m.romanov/thesis/benchmarking/datasets/UOB/maybridge-0021-323604436.png,COc1ccc(C=O)cc1OC1CCCC1
/beegfs/home/m.romanov/thesis/benchmarking/datasets/UOB/maybridge-0021-325003476.png,CN1CCN(Cc2ccc(C=O)cc2)CC1
/beegfs/home/m.romanov/thesis/benchmarking/datasets/UOB/maybridge-0021-366654314.png,O=Cc1ccc(OC2CCOCC2)cc1
/beegfs/home/m.romanov/thesis/benchmarking/datasets/UOB/maybridge-0021-417599400.png,O=Cc1cccc(-c2ccccc2C(=O)O)c1
/beegfs/home/m.romanov/thesis/benchmarking/datasets/UOB/maybridge-0021-492357063.png,CN1CCCN(c2ccccc2C=O)CC1
/beegfs/home/m.romanov/thesis/benchmarking/datasets/UOB/maybridge-0021-584934288.png,CN1CCN(Cc2cccc(C=O)c2)CC1
/beegfs/home/m.romanov/thesis/benchmarking/datasets/UOB/maybridge-0021-68987840.png,CN1CCCN(c2ccc(C=O)cc2)CC1
/beegfs/home/m.romanov/thesis/benchmarking/datasets/UOB/maybridge-0021-739759701.png,[O:0]=[CH:0][c:0]1[cH:0][cH:0][cH:0][cH:0][c:0]1[O:0][CH:0]1[CH2:0][CH2:0][O:0][CH2:0][CH2:0]1
/beegfs/home/m.romanov/thesis/benchmarking/datasets/UOB/maybridge-0021-772713541.png,O=Cc1cccc(COc2ccccc2)c1
/beegfs/home/m.romanov/thesis/benchmarking/datasets/UOB/maybridge-0022-1011218110.png,O=Cc1ccc(-c2ccccc2C(=O)O)cc1
/beegfs/home/m.romanov/thesis/benchmarking/datasets/UOB/maybridge-0022-12069088.png,O=Cc1cccc(OCCN2CCOCC2)c1
/beegfs/home/m.romanov/thesis/benchmarking/datasets/UOB/maybridge-0022-176610855.png,COc1cc(Br)cc(C=O)c1O
/beegfs/home/m.romanov/thesis/benchmarking/datasets/UOB/maybridge-0022-347480004.png,CC(C)(C)OC(O)=NCc1cccc(C=O)c1
/beegfs/home/m.romanov/thesis/benchmarking/datasets/UOB/maybridge-0022-353946344.png,O=Cc1cccc(-c2ccc(C(=O)O)cc2)c1
/beegfs/home/m.romanov/thesis/benchmarking/datasets/UOB/maybridge-0022-354610863.png,O=Cc1cccc(-c2cccc(C(=O)O)c2)c1
/beegfs/home/m.romanov/thesis/benchmarking/datasets/UOB/maybridge-0022-439834137.png,O=Cc1ccc(-c2cccc(C(=O)O)c2)cc1
/beegfs/home/m.romanov/thesis/benchmarking/datasets/UOB/maybridge-0022-546187915.png,O=Cc1ccc(-c2cncc(C(=O)O)c2)cc1
/beegfs/home/m.romanov/thesis/benchmarking/datasets/UOB/maybridge-0022-591111495.png,O=Cc1ccc(OCCN2CCOCC2)cc1
/beegfs/home/m.romanov/thesis/benchmarking/datasets/UOB/maybridge-0022-602054893.png,CC(C)(C)OC(O)=NCc1ccc(C=O)cc1
/beegfs/home/m.romanov/thesis/benchmarking/datasets/UOB/maybridge-0022-937409063.png,O=Cc1ccccc1OCCN1CCOCC1
/beegfs/home/m.romanov/thesis/benchmarking/datasets/UOB/maybridge-0022-976119145.png,O=Cc1ccc(-c2ccc(C(=O)O)cc2)cc1
/beegfs/home/m.romanov/thesis/benchmarking/datasets/UOB/maybridge-0023-166546481.png,Cc1ccc(Sc2ccc(C=O)cc2[N+](=O)[O-])cc1
/beegfs/home/m.romanov/thesis/benchmarking/datasets/UOB/maybridge-0023-172899859.png,O=Cc1cccc(NS(=O)(=O)c2ccccc2)c1
/beegfs/home/m.romanov/thesis/benchmarking/datasets/UOB/maybridge-0023-343322713.png,O=Cc1cc([N+](=O)[O-])ccc1N1CCOCC1
/beegfs/home/m.romanov/thesis/benchmarking/datasets/UOB/maybridge-0023-438222536.png,CC(C)(C)c1csc(-c2ccc(C=O)cc2)n1
/beegfs/home/m.romanov/thesis/benchmarking/datasets/UOB/maybridge-0023-519484819.png,O=Cc1ccc(-c2ccc(C(F)(F)F)cn2)cc1
/beegfs/home/m.romanov/thesis/benchmarking/datasets/UOB/maybridge-0023-706051556.png,Cc1ccc(Sc2ccc([N+](=O)[O-])cc2C=O)cc1
/beegfs/home/m.romanov/thesis/benchmarking/datasets/UOB/maybridge-0023-708274164.png,O=Cc1ccc(OCc2ccccc2)c(Cl)c1
/beegfs/home/m.romanov/thesis/benchmarking/datasets/UOB/maybridge-0023-712869484.png,COc1cc(C=O)ccc1OCc1ccccc1
/beegfs/home/m.romanov/thesis/benchmarking/datasets/UOB/maybridge-0023-749563100.png,O=Cc1ccc(OCc2c(F)cccc2Cl)cc1
/beegfs/home/m.romanov/thesis/benchmarking/datasets/UOB/maybridge-0023-830576397.png,O=Cc1cc(O)ccc1I
/beegfs/home/m.romanov/thesis/benchmarking/datasets/UOB/maybridge-0023-870167930.png,O=Cc1cc(C(F)(F)F)ccc1N1CCOCC1
/beegfs/home/m.romanov/thesis/benchmarking/datasets/UOB/maybridge-0023-897036367.png,O=Cc1ccc(I)c(O)c1
/beegfs/home/m.romanov/thesis/benchmarking/datasets/UOB/maybridge-0024-12692643.png,N#CC(C=O)c1ccc(Cl)cc1
/beegfs/home/m.romanov/thesis/benchmarking/datasets/UOB/maybridge-0024-143363106.png,O=Cc1ccccc1N1CCN(c2ccc(C(F)(F)F)cn2)CC1
/beegfs/home/m.romanov/thesis/benchmarking/datasets/UOB/maybridge-0024-389424273.png,CC(C)(C)OC(=O)N1CCN(c2ccccc2C=O)CC1
/beegfs/home/m.romanov/thesis/benchmarking/datasets/UOB/maybridge-0024-678882078.png,CC(C)(C)OC(=O)N1CCN(Cc2cccc(C=O)c2)CC1
/beegfs/home/m.romanov/thesis/benchmarking/datasets/UOB/maybridge-0024-760712190.png,O=Cc1ccccn1
/beegfs/home/m.romanov/thesis/benchmarking/datasets/UOB/maybridge-0024-761654611.png,O=Cc1cc(Br)ccc1OC1CC2CN(Cc3ccccc3)C1C2Br
/beegfs/home/m.romanov/thesis/benchmarking/datasets/UOB/maybridge-0024-864514934.png,CC(C)(C)OC(=O)N1CCN(c2ccc(C=O)cc2)CC1
/beegfs/home/m.romanov/thesis/benchmarking/datasets/UOB/maybridge-0024-867203624.png,O=Cc1ccccc1N1CCN(Cc2ccccc2)CC1
/beegfs/home/m.romanov/thesis/benchmarking/datasets/UOB/maybridge-0024-961701516.png,CC(C)(C)OC(=O)N1CCN(Cc2ccc(C=O)cc2)CC1
/beegfs/home/m.romanov/thesis/benchmarking/datasets/UOB/maybridge-0025-104156850.png,O=Cc1ccncc1
/beegfs/home/m.romanov/thesis/benchmarking/datasets/UOB/maybridge-0025-11435304.png,O=Cc1ccnc(Cl)c1
/beegfs/home/m.romanov/thesis/benchmarking/datasets/UOB/maybridge-0025-131836339.png,O=Cc1cccnc1N1CCCC1
/beegfs/home/m.romanov/thesis/benchmarking/datasets/UOB/maybridge-0025-180977208.png,CCN(CC)c1ccc(C=O)cn1
/beegfs/home/m.romanov/thesis/benchmarking/datasets/UOB/maybridge-0025-292118070.png,O=Cc1ccnc(N2CCCC2)c1
/beegfs/home/m.romanov/thesis/benchmarking/datasets/UOB/maybridge-0025-392308024.png,O=Cc1ccc(-c2ccccc2)nc1
/beegfs/home/m.romanov/thesis/benchmarking/datasets/UOB/maybridge-0025-394537414.png,CSc1nc(C=O)ccc1C#N
/beegfs/home/m.romanov/thesis/benchmarking/datasets/UOB/maybridge-0025-494531084.png,O=Cc1cccc(Br)n1
/beegfs/home/m.romanov/thesis/benchmarking/datasets/UOB/maybridge-0025-502025152.png,O=Cc1cccc(N2CCCC2)n1
/beegfs/home/m.romanov/thesis/benchmarking/datasets/UOB/maybridge-0025-811755145.png,O=Cc1ncccc1F
/beegfs/home/m.romanov/thesis/benchmarking/datasets/UOB/maybridge-0025-903926702.png,O=Cc1cccnc1
/beegfs/home/m.romanov/thesis/benchmarking/datasets/UOB/maybridge-0025-952537317.png,O=Cc1ccc(N2CCCC2)nc1
/beegfs/home/m.romanov/thesis/benchmarking/datasets/UOB/maybridge-0026-167969881.png,O=Cc1ccnc(N2CCCCC2)c1
/beegfs/home/m.romanov/thesis/benchmarking/datasets/UOB/maybridge-0026-287522378.png,O=Cc1ccc(N2CCOCC2)nc1
/beegfs/home/m.romanov/thesis/benchmarking/datasets/UOB/maybridge-0026-298722160.png,O=Cc1ccc(N2CCCCC2)nc1
/beegfs/home/m.romanov/thesis/benchmarking/datasets/UOB/maybridge-0026-300647699.png,O=Cc1ccc(Oc2ccccc2)nc1
/beegfs/home/m.romanov/thesis/benchmarking/datasets/UOB/maybridge-0026-353001500.png,O=Cc1cccnc1N1CCOCC1
/beegfs/home/m.romanov/thesis/benchmarking/datasets/UOB/maybridge-0026-465514910.png,O=Cc1cccc(N2CCOCC2)n1
/beegfs/home/m.romanov/thesis/benchmarking/datasets/UOB/maybridge-0026-469882220.png,O=Cc1cc(Br)cnc1Br
/beegfs/home/m.romanov/thesis/benchmarking/datasets/UOB/maybridge-0026-504404946.png,CC(C)(C)C(=O)N=c1cc[nH]cc1C=O
/beegfs/home/m.romanov/thesis/benchmarking/datasets/UOB/maybridge-0026-579206894.png,O=Cc1ccnc(N2CCOCC2)c1
/beegfs/home/m.romanov/thesis/benchmarking/datasets/UOB/maybridge-0026-580208341.png,O=Cc1cccc(N2CCCCC2)n1
/beegfs/home/m.romanov/thesis/benchmarking/datasets/UOB/maybridge-0026-763085722.png,O=Cc1ccc(Br)cn1
/beegfs/home/m.romanov/thesis/benchmarking/datasets/UOB/maybridge-0026-989802847.png,CC(C)(C)C(=O)Nc1ncccc1C=O
/beegfs/home/m.romanov/thesis/benchmarking/datasets/UOB/maybridge-0027-108506470.png,O=CC1CCN(C(=O)OCc2ccccc2)CC1
/beegfs/home/m.romanov/thesis/benchmarking/datasets/UOB/maybridge-0027-112723827.png,O=CC1=COCCC1
/beegfs/home/m.romanov/thesis/benchmarking/datasets/UOB/maybridge-0027-172757872.png,Cc1cncc(N2CCC(C=O)CC2)n1
/beegfs/home/m.romanov/thesis/benchmarking/datasets/UOB/maybridge-0027-203369770.png,CC1CCN(CC(C)(C)C=O)CC1
/beegfs/home/m.romanov/thesis/benchmarking/datasets/UOB/maybridge-0027-390188669.png,Cn1c(C=O)cc2sccc21
/beegfs/home/m.romanov/thesis/benchmarking/datasets/UOB/maybridge-0027-596445342.png,O=Cc1cn2ccsc2n1
/beegfs/home/m.romanov/thesis/benchmarking/datasets/UOB/maybridge-0027-652497015.png,CC(C)(C)OC(=O)N1CCN(c2ccc(C=O)cn2)CC1
/beegfs/home/m.romanov/thesis/benchmarking/datasets/UOB/maybridge-0027-753608034.png,Cc1nc(-c2ccccc2)ncc1C=O
/beegfs/home/m.romanov/thesis/benchmarking/datasets/UOB/maybridge-0027-772821686.png,Cc1csc2sc(C=O)c(C)c12
/beegfs/home/m.romanov/thesis/benchmarking/datasets/UOB/maybridge-0027-903291824.png,COC(=O)c1cc2oc(C=O)cc2n1C
/beegfs/home/m.romanov/thesis/benchmarking/datasets/UOB/maybridge-0028-1022023043.png,O=Cc1c(-c2ccc(Cl)cc2)[nH]c2ccccc12
/beegfs/home/m.romanov/thesis/benchmarking/datasets/UOB/maybridge-0028-172062866.png,O=Cc1cn(Cc2ccccc2)c2ccccc12
/beegfs/home/m.romanov/thesis/benchmarking/datasets/UOB/maybridge-0028-260669313.png,O=Cc1c[nH]c2cc(Br)ccc12
/beegfs/home/m.romanov/thesis/benchmarking/datasets/UOB/maybridge-0028-263757204.png,O=Cc1c[nH]c2ccc(Br)cc12
/beegfs/home/m.romanov/thesis/benchmarking/datasets/UOB/maybridge-0028-311851133.png,O=Cc1c[nH]c2c(C(=O)O)cccc12
/beegfs/home/m.romanov/thesis/benchmarking/datasets/UOB/maybridge-0028-481660678.png,O=Cc1c[nH]c2ccc(Cl)cc12
/beegfs/home/m.romanov/thesis/benchmarking/datasets/UOB/maybridge-0028-600239597.png,Cc1[nH]c2ccc([N+](=O)[O-])cc2c1C=O
/beegfs/home/m.romanov/thesis/benchmarking/datasets/UOB/maybridge-0028-691241908.png,O=Cc1c[nH]c2ccc([N+](=O)[O-])cc12
/beegfs/home/m.romanov/thesis/benchmarking/datasets/UOB/maybridge-0028-697897375.png,Cc1[nH]c2ccccc2c1C=O
/beegfs/home/m.romanov/thesis/benchmarking/datasets/UOB/maybridge-0028-769788358.png,O=Cc1c(-c2ccccc2)nc2n1CCS2
/beegfs/home/m.romanov/thesis/benchmarking/datasets/UOB/maybridge-0028-83643773.png,O=Cc1c[nH]c2cccc(Br)c12
/beegfs/home/m.romanov/thesis/benchmarking/datasets/UOB/maybridge-0029-208975223.png,Cn1ccc2cc(C=O)ccc21
/beegfs/home/m.romanov/thesis/benchmarking/datasets/UOB/maybridge-0029-232168044.png,Cn1ccc2ccc(C=O)cc21
/beegfs/home/m.romanov/thesis/benchmarking/datasets/UOB/maybridge-0029-340353611.png,Cn1ccc2c(C=O)cccc21
/beegfs/home/m.romanov/thesis/benchmarking/datasets/UOB/maybridge-0029-41024032.png,COC(=O)c1ccc2c(C=O)cn(C(=O)OC(C)(C)C)c2c1
/beegfs/home/m.romanov/thesis/benchmarking/datasets/UOB/maybridge-0029-444572425.png,CCOC(=O)c1[nH]c2cc(Cl)cc(Cl)c2c1C=O
/beegfs/home/m.romanov/thesis/benchmarking/datasets/UOB/maybridge-0029-493255710.png,O=Cc1cccc2[nH]ccc12
/beegfs/home/m.romanov/thesis/benchmarking/datasets/UOB/maybridge-0029-495773016.png,Cc1ccc(S(=O)(=O)n2cc(C=O)c3ccccc32)cc1
/beegfs/home/m.romanov/thesis/benchmarking/datasets/UOB/maybridge-0029-645138162.png,Cn1nc2ccccc2c1C=O
/beegfs/home/m.romanov/thesis/benchmarking/datasets/UOB/maybridge-0029-757102356.png,O=Cc1cc2ccccc2n1S(=O)(=O)c1ccccc1
/beegfs/home/m.romanov/thesis/benchmarking/datasets/UOB/maybridge-0029-778346576.png,O=Cc1cn(S(=O)(=O)c2ccccc2)c2ccccc12
/beegfs/home/m.romanov/thesis/benchmarking/datasets/UOB/maybridge-0029-921977932.png,Cn1nc(C=O)c2ccccc21
/beegfs/home/m.romanov/thesis/benchmarking/datasets/UOB/maybridge-0030-1026693451.png,O=Cc1ccc2nccn2c1
/beegfs/home/m.romanov/thesis/benchmarking/datasets/UOB/maybridge-0030-334026676.png,O=Cc1ccc2occc2c1
/beegfs/home/m.romanov/thesis/benchmarking/datasets/UOB/maybridge-0030-462577237.png,O=Cc1cc2cc(Br)ccc2o1
/beegfs/home/m.romanov/thesis/benchmarking/datasets/UOB/maybridge-0030-525989349.png,Cc1nc2ccccn2c1C=O
/beegfs/home/m.romanov/thesis/benchmarking/datasets/UOB/maybridge-0030-57823781.png,O=CCc1coc2ccccc12
/beegfs/home/m.romanov/thesis/benchmarking/datasets/UOB/maybridge-0030-610371724.png,O=Cc1cc2ccccc2o1
/beegfs/home/m.romanov/thesis/benchmarking/datasets/UOB/maybridge-0030-650759429.png,Cn1c(C=O)nc2ccccc21
/beegfs/home/m.romanov/thesis/benchmarking/datasets/UOB/maybridge-0030-720507308.png,O=Cc1cn2ccccc2n1
/beegfs/home/m.romanov/thesis/benchmarking/datasets/UOB/maybridge-0030-722865632.png,O=Cc1cccc2c1OCC2
/beegfs/home/m.romanov/thesis/benchmarking/datasets/UOB/maybridge-0030-740091019.png,O=Cc1ccc2nc[nH]c2c1
/beegfs/home/m.romanov/thesis/benchmarking/datasets/UOB/maybridge-0030-837708938.png,Cn1nnc2cc(C=O)ccc21
/beegfs/home/m.romanov/thesis/benchmarking/datasets/UOB/maybridge-0030-845611576.png,O=Cc1ccc2c(c1)CCO2
/beegfs/home/m.romanov/thesis/benchmarking/datasets/UOB/maybridge-0031-1034221006.png,O=Cc1csc2ccc(Cl)cc12
/beegfs/home/m.romanov/thesis/benchmarking/datasets/UOB/maybridge-0031-1067587314.png,Cc1c(C=O)sc2ccccc12
/beegfs/home/m.romanov/thesis/benchmarking/datasets/UOB/maybridge-0031-161644794.png,O=Cc1csc2ccc(Br)cc12
/beegfs/home/m.romanov/thesis/benchmarking/datasets/UOB/maybridge-0031-183661644.png,Cc1ccc2sc(C=O)cc2c1
/beegfs/home/m.romanov/thesis/benchmarking/datasets/UOB/maybridge-0031-471594115.png,O=Cc1c(Br)sc2ccc(Cl)cc12
/beegfs/home/m.romanov/thesis/benchmarking/datasets/UOB/maybridge-0031-496272859.png,O=Cc1cc2c(cc1Br)OCO2
/beegfs/home/m.romanov/thesis/benchmarking/datasets/UOB/maybridge-0031-546732555.png,O=Cc1ccc2sccc2c1
/beegfs/home/m.romanov/thesis/benchmarking/datasets/UOB/maybridge-0031-719238041.png,O=Cc1cc2ccccc2s1
/beegfs/home/m.romanov/thesis/benchmarking/datasets/UOB/maybridge-0031-888855354.png,O=Cc1csc2ccccc12
/beegfs/home/m.romanov/thesis/benchmarking/datasets/UOB/maybridge-0031-949855781.png,O=Cc1cc(Br)cc2c1OCC2
/beegfs/home/m.romanov/thesis/benchmarking/datasets/UOB/maybridge-0031-976963945.png,CC1(C)Cc2cccc(C=O)c2O1
/beegfs/home/m.romanov/thesis/benchmarking/datasets/UOB/maybridge-0031-996481701.png,O=Cc1cccc2c1OCO2
/beegfs/home/m.romanov/thesis/benchmarking/datasets/UOB/maybridge-0032-1055154188.png,O=Cc1cc2nccnc2s1
/beegfs/home/m.romanov/thesis/benchmarking/datasets/UOB/maybridge-0032-263948909.png,CN(C)c1nc2ccccc2cc1C=O
/beegfs/home/m.romanov/thesis/benchmarking/datasets/UOB/maybridge-0032-266265990.png,O=Cc1cccc2cccnc12
/beegfs/home/m.romanov/thesis/benchmarking/datasets/UOB/maybridge-0032-326557089.png,O=Cc1sc(Br)c2c1OCCO2
/beegfs/home/m.romanov/thesis/benchmarking/datasets/UOB/maybridge-0032-340359928.png,O=Cc1ccc2nonc2c1
/beegfs/home/m.romanov/thesis/benchmarking/datasets/UOB/maybridge-0032-347173160.png,O=Cc1nc2ccccc2s1
/beegfs/home/m.romanov/thesis/benchmarking/datasets/UOB/maybridge-0032-395344128.png,O=Cc1cccc2nsnc12
/beegfs/home/m.romanov/thesis/benchmarking/datasets/UOB/maybridge-0032-516145029.png,O=Cc1cc2cccnc2s1
/beegfs/home/m.romanov/thesis/benchmarking/datasets/UOB/maybridge-0032-793597373.png,O=Cc1ccc2nsnc2c1
/beegfs/home/m.romanov/thesis/benchmarking/datasets/UOB/maybridge-0032-965423423.png,O=Cc1ccc2snnc2c1
/beegfs/home/m.romanov/thesis/benchmarking/datasets/UOB/maybridge-0032-972013081.png,O=Cc1scc2c1OCCO2
/beegfs/home/m.romanov/thesis/benchmarking/datasets/UOB/maybridge-0033-157002961.png,O=Cc1cccc2c1OCCO2
/beegfs/home/m.romanov/thesis/benchmarking/datasets/UOB/maybridge-0033-179673025.png,O=Cc1nc(-c2ccccc2Cl)c2cc(Cl)ccc2n1
/beegfs/home/m.romanov/thesis/benchmarking/datasets/UOB/maybridge-0033-262921028.png,O=CC1=C(Cl)c2cc(Cl)ccc2SC1
/beegfs/home/m.romanov/thesis/benchmarking/datasets/UOB/maybridge-0033-571342672.png,O=Cc1ccc2ncccc2c1
/beegfs/home/m.romanov/thesis/benchmarking/datasets/UOB/maybridge-0033-761224856.png,O=Cc1ccc2cccnc2n1
/beegfs/home/m.romanov/thesis/benchmarking/datasets/UOB/maybridge-0033-771046002.png,CC1(C)CCc2cc(C=O)ccc2O1
/beegfs/home/m.romanov/thesis/benchmarking/datasets/UOB/maybridge-0033-781821852.png,Cc1ccc2cc(C=O)ccc2n1
/beegfs/home/m.romanov/thesis/benchmarking/datasets/UOB/maybridge-0033-78195468.png,O=Cc1ccc2c(c1)OCCO2
/beegfs/home/m.romanov/thesis/benchmarking/datasets/UOB/maybridge-0033-865563773.png,O=Cc1cc(F)cc2c1OCOC2
/beegfs/home/m.romanov/thesis/benchmarking/datasets/UOB/maybridge-0033-882430545.png,O=CC1=Cc2ccccc2OC1
/beegfs/home/m.romanov/thesis/benchmarking/datasets/UOB/maybridge-0033-95463084.png,O=Cc1cnc2ccccc2n1
/beegfs/home/m.romanov/thesis/benchmarking/datasets/UOB/maybridge-0034-247422296.png,C/C(C=O)=C\N
/beegfs/home/m.romanov/thesis/benchmarking/datasets/UOB/maybridge-0034-285499597.png,CN1CCOc2cc(C=O)ccc21
/beegfs/home/m.romanov/thesis/benchmarking/datasets/UOB/maybridge-0034-33440082.png,O=Cc1cccc2c1OCCCO2
/beegfs/home/m.romanov/thesis/benchmarking/datasets/UOB/maybridge-0034-686414387.png,O=Cc1ccc2oc3ccccc3c2c1
/beegfs/home/m.romanov/thesis/benchmarking/datasets/UOB/maybridge-0034-705290245.png,O=Cc1ccc2c(c1)OCCCO2
/beegfs/home/m.romanov/thesis/benchmarking/datasets/UOB/maybridge-0034-916438308.png,O=Cc1nc2ccccc2c2ncccc12
/beegfs/home/m.romanov/thesis/benchmarking/datasets/UOB/maybridge-0035-191312652.png,O=S(=O)(Cl)c1sccc1C1OCCO1
/beegfs/home/m.romanov/thesis/benchmarking/datasets/UOB/maybridge-0035-205681197.png,COC(=O)c1cc(C#N)c(S)nc1C(OC)OC
/beegfs/home/m.romanov/thesis/benchmarking/datasets/UOB/maybridge-0035-217038974.png,O=S(=O)(Cl)c1ccc(C2OCCO2)s1
/beegfs/home/m.romanov/thesis/benchmarking/datasets/UOB/maybridge-0035-324744504.png,O=S(=O)(Cl)c1occc1C1OCCO1
/beegfs/home/m.romanov/thesis/benchmarking/datasets/UOB/maybridge-0035-644366050.png,COC(OC)c1ccnc(C)n1
/beegfs/home/m.romanov/thesis/benchmarking/datasets/UOB/maybridge-0035-730025057.png,NC(=S)c1ccc(C2OCCO2)cc1
/beegfs/home/m.romanov/thesis/benchmarking/datasets/UOB/maybridge-0035-73346711.png,Nc1cccc(C2OCCCO2)c1
/beegfs/home/m.romanov/thesis/benchmarking/datasets/UOB/maybridge-0035-745125897.png,COC(OC)c1ccc(C#N)c(S)n1
/beegfs/home/m.romanov/thesis/benchmarking/datasets/UOB/maybridge-0035-812243508.png,O=S(=O)(Cl)c1ccc(C2OCCO2)o1
/beegfs/home/m.romanov/thesis/benchmarking/datasets/UOB/maybridge-0036-482198196.png,CCOC(OCC)C(=N)S
/beegfs/home/m.romanov/thesis/benchmarking/datasets/UOB/maybridge-0036-659036199.png,CCOC(=O)C(OCC)OCC
/beegfs/home/m.romanov/thesis/benchmarking/datasets/UOB/maybridge-0036-776357307.png,COC(OC)N(C)C
/beegfs/home/m.romanov/thesis/benchmarking/datasets/UOB/maybridge-0036-800569939.png,COC(OC)C(=O)/C=C/N(C)C
/beegfs/home/m.romanov/thesis/benchmarking/datasets/UOB/maybridge-0036-883731824.png,CCOC(OCC)c1cc(Cl)nc(SCc2ccccc2)n1
/beegfs/home/m.romanov/thesis/benchmarking/datasets/UOB/maybridge-0036-943591615.png,COC(CN)OC
/beegfs/home/m.romanov/thesis/benchmarking/datasets/UOB/maybridge-0036-97099060.png,CC1(C)COC(C2CCNCC2)OC1.O=C(O)C(=O)O
/beegfs/home/m.romanov/thesis/benchmarking/datasets/UOB/maybridge-0037-1025422801.png,C#Cc1cccs1
/beegfs/home/m.romanov/thesis/benchmarking/datasets/UOB/maybridge-0037-12437299.png,C#Cc1ccc(OCCC)cc1
/beegfs/home/m.romanov/thesis/benchmarking/datasets/UOB/maybridge-0037-139219285.png,C#Cc1ccc(-c2cnco2)cc1
/beegfs/home/m.romanov/thesis/benchmarking/datasets/UOB/maybridge-0037-215604916.png,C#Cc1ccc(-c2ccccc2)cc1
/beegfs/home/m.romanov/thesis/benchmarking/datasets/UOB/maybridge-0037-526785039.png,O=Cc1ccc(C#Cc2ccccc2)s1
/beegfs/home/m.romanov/thesis/benchmarking/datasets/UOB/maybridge-0037-593037080.png,C#Cc1ccc(CCCC)cc1
/beegfs/home/m.romanov/thesis/benchmarking/datasets/UOB/maybridge-0037-603313261.png,O=Cc1cc(C#Cc2ccccc2)cs1
/beegfs/home/m.romanov/thesis/benchmarking/datasets/UOB/maybridge-0037-646007165.png,C#Cc1ccc(CCC)cc1
/beegfs/home/m.romanov/thesis/benchmarking/datasets/UOB/maybridge-0037-66641664.png,C#Cc1ccc(-c2ccccn2)s1
/beegfs/home/m.romanov/thesis/benchmarking/datasets/UOB/maybridge-0037-890617298.png,O=C(O)c1ccc(C#Cc2ccccc2)o1
/beegfs/home/m.romanov/thesis/benchmarking/datasets/UOB/maybridge-0037-995192589.png,C#Cc1ccc(OC)cc1
/beegfs/home/m.romanov/thesis/benchmarking/datasets/UOB/maybridge-0038-103932498.png,C#CCNC(=N)O
/beegfs/home/m.romanov/thesis/benchmarking/datasets/UOB/maybridge-0038-237169443.png,C#Cc1ccc2nccnc2c1
/beegfs/home/m.romanov/thesis/benchmarking/datasets/UOB/maybridge-0038-252751866.png,CCCCC#Cc1cncc(C(=O)O)c1
/beegfs/home/m.romanov/thesis/benchmarking/datasets/UOB/maybridge-0038-49173393.png,C#CC(=O)OCC
/beegfs/home/m.romanov/thesis/benchmarking/datasets/UOB/maybridge-0038-73849383.png,C#CCN1CCS(=O)(=O)CC1
/beegfs/home/m.romanov/thesis/benchmarking/datasets/UOB/maybridge-0038-7388334.png,O=C(O)c1cncc(C#Cc2ccccc2)c1
/beegfs/home/m.romanov/thesis/benchmarking/datasets/UOB/maybridge-0038-785865813.png,C#Cc1ccc(CCCCCC)cc1
/beegfs/home/m.romanov/thesis/benchmarking/datasets/UOB/maybridge-0038-907975410.png,N#Cc1cncc(C#Cc2ccccc2)c1
/beegfs/home/m.romanov/thesis/benchmarking/datasets/UOB/maybridge-0038-964926829.png,CCCCC#Cc1ccc(C=O)cc1
/beegfs/home/m.romanov/thesis/benchmarking/datasets/UOB/maybridge-0038-98174404.png,C#CC(=O)OC
/beegfs/home/m.romanov/thesis/benchmarking/datasets/UOB/maybridge-0038-999118918.png,C#CCOc1c(Cl)cccc1Cl
/beegfs/home/m.romanov/thesis/benchmarking/datasets/UOB/maybridge-0039-1046563186.png,Cl.N=C(N)c1cc(Cl)cc(Cl)c1
/beegfs/home/m.romanov/thesis/benchmarking/datasets/UOB/maybridge-0039-1071716748.png,Cc1nc(C(=N)N)cs1.Cl
/beegfs/home/m.romanov/thesis/benchmarking/datasets/UOB/maybridge-0039-12916969.png,Cl.N=C(N)c1ccsc1
/beegfs/home/m.romanov/thesis/benchmarking/datasets/UOB/maybridge-0039-179999723.png,Cl.N=C(N)c1ccoc1
/beegfs/home/m.romanov/thesis/benchmarking/datasets/UOB/maybridge-0039-549187902.png,Cc1cccc(C(=N)N)c1.Cl
/beegfs/home/m.romanov/thesis/benchmarking/datasets/UOB/maybridge-0039-574869421.png,Cl.N=C(N)C1CC1
/beegfs/home/m.romanov/thesis/benchmarking/datasets/UOB/maybridge-0039-736291733.png,Cl.N=C(N)c1cccs1
/beegfs/home/m.romanov/thesis/benchmarking/datasets/UOB/maybridge-0039-769726657.png,Cc1ccc(C(=N)N)cc1.Cl
/beegfs/home/m.romanov/thesis/benchmarking/datasets/UOB/maybridge-0039-833721898.png,CCOC(=O)/C=C/c1ccc(C(=N)N)cc1.Cl
/beegfs/home/m.romanov/thesis/benchmarking/datasets/UOB/maybridge-0039-856630324.png,N=C(N)c1ccc(Cl)cc1
/beegfs/home/m.romanov/thesis/benchmarking/datasets/UOB/maybridge-0040-1028469667.png,Cl.N=C(N)COc1ccccc1
/beegfs/home/m.romanov/thesis/benchmarking/datasets/UOB/maybridge-0040-1041394377.png,Cl.N=C(N)c1ccccn1
/beegfs/home/m.romanov/thesis/benchmarking/datasets/UOB/maybridge-0040-1196965.png,Cl.N=C(N)c1ccc(C(F)(F)F)cc1
/beegfs/home/m.romanov/thesis/benchmarking/datasets/UOB/maybridge-0040-194822866.png,Cl.N=C(N)COc1ccccc1Cl
/beegfs/home/m.romanov/thesis/benchmarking/datasets/UOB/maybridge-0040-246731426.png,N=C(N)c1ccncc1
/beegfs/home/m.romanov/thesis/benchmarking/datasets/UOB/maybridge-0040-428323656.png,CC(C)(C)c1ccc(OCC(=N)N)cc1.Cl
/beegfs/home/m.romanov/thesis/benchmarking/datasets/UOB/maybridge-0040-522737043.png,N=C(N)c1cccnc1
/beegfs/home/m.romanov/thesis/benchmarking/datasets/UOB/maybridge-0040-78101074.png,Cl.N=C(N)c1cc(C(F)(F)F)cc(C(F)(F)F)c1
/beegfs/home/m.romanov/thesis/benchmarking/datasets/UOB/maybridge-0040-789715446.png,Cl.N=C(N)CSc1ccccc1
/beegfs/home/m.romanov/thesis/benchmarking/datasets/UOB/maybridge-0040-91071010.png,Cl.N=C(N)Cc1c(Cl)cccc1Cl
/beegfs/home/m.romanov/thesis/benchmarking/datasets/UOB/maybridge-0041-140481125.png,CC(C)C(=N)N
/beegfs/home/m.romanov/thesis/benchmarking/datasets/UOB/maybridge-0041-487015617.png,Cl.N=C(N)c1csc2ccccc12
/beegfs/home/m.romanov/thesis/benchmarking/datasets/UOB/maybridge-0041-920656176.png,CC(C)(C)C(=N)N.Cl
/beegfs/home/m.romanov/thesis/benchmarking/datasets/UOB/maybridge-0041-985735884.png,CC(=N)N
/beegfs/home/m.romanov/thesis/benchmarking/datasets/UOB/maybridge-0042-423725235.png,N=C(NO)c1ccccc1
/beegfs/home/m.romanov/thesis/benchmarking/datasets/UOB/maybridge-0042-489982083.png,Cn1c(SCC(=N)NO)nnc1-c1ccc(C(C)(C)C)cc1
/beegfs/home/m.romanov/thesis/benchmarking/datasets/UOB/maybridge-0042-497438073.png,NC(=NO)c1ccc(Cl)cc1
/beegfs/home/m.romanov/thesis/benchmarking/datasets/UOB/maybridge-0042-620903501.png,N=C(CCN(Cc1ccco1)S(=O)(=O)c1ccc(Cl)cc1)NO
/beegfs/home/m.romanov/thesis/benchmarking/datasets/UOB/maybridge-0042-74480719.png,Cc1cccc(C(=N)NO)c1
/beegfs/home/m.romanov/thesis/benchmarking/datasets/UOB/maybridge-0042-774102620.png,N=C(NO)c1cccc(C(=O)O)c1
/beegfs/home/m.romanov/thesis/benchmarking/datasets/UOB/maybridge-0042-8207524.png,N=C(NO)c1cc(F)c(F)cc1F
/beegfs/home/m.romanov/thesis/benchmarking/datasets/UOB/maybridge-0042-869158189.png,COc1ccc(C(N)=NO)cc1
/beegfs/home/m.romanov/thesis/benchmarking/datasets/UOB/maybridge-0042-90756505.png,N=C(NO)c1cccc(Cl)c1
/beegfs/home/m.romanov/thesis/benchmarking/datasets/UOB/maybridge-0042-908181538.png,N=C(NO)C1CC1
/beegfs/home/m.romanov/thesis/benchmarking/datasets/UOB/maybridge-0043-1047359313.png,Cc1nc(COc2ccc(C(N)=NO)cc2)cs1
/beegfs/home/m.romanov/thesis/benchmarking/datasets/UOB/maybridge-0043-557495036.png,N=C(Cc1ccccc1)NO
/beegfs/home/m.romanov/thesis/benchmarking/datasets/UOB/maybridge-0043-56360413.png,N=C(Cc1ccc(F)cc1Cl)NO
/beegfs/home/m.romanov/thesis/benchmarking/datasets/UOB/maybridge-0043-586287921.png,N=C(NO)c1ccccc1OC(F)(F)F
/beegfs/home/m.romanov/thesis/benchmarking/datasets/UOB/maybridge-0043-620617860.png,N=C(NO)c1cccc(Cl)c1Cl
/beegfs/home/m.romanov/thesis/benchmarking/datasets/UOB/maybridge-0043-782364734.png,COC(=O)c1ccc(C(N)=NO)cc1
/beegfs/home/m.romanov/thesis/benchmarking/datasets/UOB/maybridge-0043-788610000.png,NC(=NO)c1ccc(C(F)(F)F)cc1
/beegfs/home/m.romanov/thesis/benchmarking/datasets/UOB/maybridge-0043-824407927.png,CCCOc1ccc(C(N)=NO)cc1
/beegfs/home/m.romanov/thesis/benchmarking/datasets/UOB/maybridge-0043-891912070.png,N=C(NO)c1c(Cl)cccc1Cl
/beegfs/home/m.romanov/thesis/benchmarking/datasets/UOB/maybridge-0043-922050263.png,NC(=NO)c1ccc(OC(F)(F)F)cc1
/beegfs/home/m.romanov/thesis/benchmarking/datasets/UOB/maybridge-0044-231136902.png,N=C(NO)c1cnccc1C(F)(F)F
/beegfs/home/m.romanov/thesis/benchmarking/datasets/UOB/maybridge-0044-325340749.png,N=C(NO)c1cccnc1
/beegfs/home/m.romanov/thesis/benchmarking/datasets/UOB/maybridge-0044-585404311.png,N=C(NO)c1ccc2ccccc2c1
/beegfs/home/m.romanov/thesis/benchmarking/datasets/UOB/maybridge-0044-599687721.png,N=C(NO)c1ccccn1
/beegfs/home/m.romanov/thesis/benchmarking/datasets/UOB/maybridge-0044-800019073.png,N=C(CS(=O)(=O)c1ccccc1)NO
/beegfs/home/m.romanov/thesis/benchmarking/datasets/UOB/maybridge-0044-80246501.png,Cc1cccnc1C(=N)NO
/beegfs/home/m.romanov/thesis/benchmarking/datasets/UOB/maybridge-0044-83642658.png,NC(=NO)c1ccncc1
/beegfs/home/m.romanov/thesis/benchmarking/datasets/UOB/maybridge-0044-853606843.png,Cc1ccc(S(=O)(=O)CC(=N)NO)cc1
/beegfs/home/m.romanov/thesis/benchmarking/datasets/UOB/maybridge-0044-935991192.png,N=C(COc1ccccc1)NO
/beegfs/home/m.romanov/thesis/benchmarking/datasets/UOB/maybridge-0044-9680666.png,N=C(CSc1ncccc1C(F)(F)F)NO
/beegfs/home/m.romanov/thesis/benchmarking/datasets/UOB/maybridge-0044-983785475.png,Cn1c(=O)c(C(=N)NO)cn(-c2ccccc2)c1=O
/beegfs/home/m.romanov/thesis/benchmarking/datasets/UOB/maybridge-0045-200838276.png,CCCC(=N)NO
/beegfs/home/m.romanov/thesis/benchmarking/datasets/UOB/maybridge-0045-694126897.png,CC(C)C(=N)NO
/beegfs/home/m.romanov/thesis/benchmarking/datasets/UOB/maybridge-0045-731197154.png,COc1ccc(C(N)=NO)c2ccccc12
/beegfs/home/m.romanov/thesis/benchmarking/datasets/UOB/maybridge-0046-132210112.png,CNCc1cc(C)n(C)n1
/beegfs/home/m.romanov/thesis/benchmarking/datasets/UOB/maybridge-0046-242078694.png,Cn1cccc1CN
/beegfs/home/m.romanov/thesis/benchmarking/datasets/UOB/maybridge-0046-243178405.png,Cn1nc(-c2ccccc2)cc1CN
/beegfs/home/m.romanov/thesis/benchmarking/datasets/UOB/maybridge-0046-362266081.png,Cc1cc(CN)n(C)n1
/beegfs/home/m.romanov/thesis/benchmarking/datasets/UOB/maybridge-0046-390431342.png,Cc1nn(C)c(C)c1CN
/beegfs/home/m.romanov/thesis/benchmarking/datasets/UOB/maybridge-0046-406943964.png,Cc1cc(CN)nn1C
/beegfs/home/m.romanov/thesis/benchmarking/datasets/UOB/maybridge-0046-434419532.png,Cn1nc(-c2cccs2)cc1CN
/beegfs/home/m.romanov/thesis/benchmarking/datasets/UOB/maybridge-0046-520302160.png,Cn1nc(CN)cc1-c1ccccc1
/beegfs/home/m.romanov/thesis/benchmarking/datasets/UOB/maybridge-0046-626039269.png,Cc1ccc(CN)n1C
/beegfs/home/m.romanov/thesis/benchmarking/datasets/UOB/maybridge-0046-639744379.png,CNCc1cc(-c2ccccc2)nn1C
/beegfs/home/m.romanov/thesis/benchmarking/datasets/UOB/maybridge-0047-105669466.png,NCCCC1C=NN=C1O
/beegfs/home/m.romanov/thesis/benchmarking/datasets/UOB/maybridge-0047-177002733.png,CC1CCC(C)N1
/beegfs/home/m.romanov/thesis/benchmarking/datasets/UOB/maybridge-0047-388528606.png,Cn1cncc1CN
/beegfs/home/m.romanov/thesis/benchmarking/datasets/UOB/maybridge-0047-501356991.png,Cc1nn(-c2ccccc2)c(C)c1CN
/beegfs/home/m.romanov/thesis/benchmarking/datasets/UOB/maybridge-0047-559299154.png,CNCc1cncn1C
/beegfs/home/m.romanov/thesis/benchmarking/datasets/UOB/maybridge-0047-667207496.png,Cn1cnc(CN)c1
/beegfs/home/m.romanov/thesis/benchmarking/datasets/UOB/maybridge-0047-744595570.png,Cc1n[nH]cc1CCCN
/beegfs/home/m.romanov/thesis/benchmarking/datasets/UOB/maybridge-0047-810419856.png,CC1C=CC(C)N1
/beegfs/home/m.romanov/thesis/benchmarking/datasets/UOB/maybridge-0047-864102084.png,Cc1nn(-c2ccccc2)nc1CN
/beegfs/home/m.romanov/thesis/benchmarking/datasets/UOB/maybridge-0047-978940071.png,CC(C)(N)CN1CCCC1
/beegfs/home/m.romanov/thesis/benchmarking/datasets/UOB/maybridge-0048-139482877.png,NCCN1CCN=C1O
/beegfs/home/m.romanov/thesis/benchmarking/datasets/UOB/maybridge-0048-295320393.png,N#CCCNCc1ccco1
/beegfs/home/m.romanov/thesis/benchmarking/datasets/UOB/maybridge-0048-356601468.png,Cl.NCc1ccoc1
/beegfs/home/m.romanov/thesis/benchmarking/datasets/UOB/maybridge-0048-500755610.png,Cc1occc1CN
/beegfs/home/m.romanov/thesis/benchmarking/datasets/UOB/maybridge-0048-615430194.png,CC(N)c1ccco1
/beegfs/home/m.romanov/thesis/benchmarking/datasets/UOB/maybridge-0048-693053227.png,CC1NC([N+](=O)[O-])C(Br)N1CC(=O)c1ccc(Cl)cc1
/beegfs/home/m.romanov/thesis/benchmarking/datasets/UOB/maybridge-0048-721504844.png,NCc1ccc(C(F)(F)F)o1
/beegfs/home/m.romanov/thesis/benchmarking/datasets/UOB/maybridge-0048-739152891.png,NCc1ccoc1
/beegfs/home/m.romanov/thesis/benchmarking/datasets/UOB/maybridge-0048-879443514.png,Cc1cc(CN)c(C(F)(F)F)o1
/beegfs/home/m.romanov/thesis/benchmarking/datasets/UOB/maybridge-0048-905921203.png,NCc1ccco1
/beegfs/home/m.romanov/thesis/benchmarking/datasets/UOB/maybridge-0048-919816600.png,Cc1cc(CN)c(C)o1
/beegfs/home/m.romanov/thesis/benchmarking/datasets/UOB/maybridge-0049-178006866.png,Cc1ccsc1CN
/beegfs/home/m.romanov/thesis/benchmarking/datasets/UOB/maybridge-0049-247004755.png,Cc1cc(CN)c(-c2ccccc2)o1
/beegfs/home/m.romanov/thesis/benchmarking/datasets/UOB/maybridge-0049-274732536.png,CNCc1ccc(-c2ccco2)s1
/beegfs/home/m.romanov/thesis/benchmarking/datasets/UOB/maybridge-0049-286276251.png,I.NC1CCOC1=O
/beegfs/home/m.romanov/thesis/benchmarking/datasets/UOB/maybridge-0049-295547487.png,CNCc1ccc(Oc2cccnc2)o1
/beegfs/home/m.romanov/thesis/benchmarking/datasets/UOB/maybridge-0049-366815543.png,N#CCCNCC1CCCO1
/beegfs/home/m.romanov/thesis/benchmarking/datasets/UOB/maybridge-0049-442391989.png,CNCc1cc(C)oc1-c1ccccc1
/beegfs/home/m.romanov/thesis/benchmarking/datasets/UOB/maybridge-0049-538128716.png,CNCc1cc(C)cs1
/beegfs/home/m.romanov/thesis/benchmarking/datasets/UOB/maybridge-0049-700503719.png,CN(C)Cc1ccc(CSCCN)o1
/beegfs/home/m.romanov/thesis/benchmarking/datasets/UOB/maybridge-0049-770142687.png,NCc1cccs1
/beegfs/home/m.romanov/thesis/benchmarking/datasets/UOB/maybridge-0049-810120493.png,Cc1csc(CN)c1
/beegfs/home/m.romanov/thesis/benchmarking/datasets/UOB/maybridge-0049-907110571.png,NCc1ccsc1
/beegfs/home/m.romanov/thesis/benchmarking/datasets/UOB/maybridge-0050-212821144.png,Cc1cc(CN)no1
/beegfs/home/m.romanov/thesis/benchmarking/datasets/UOB/maybridge-0050-255212852.png,NCc1ccc(-c2cccs2)s1
/beegfs/home/m.romanov/thesis/benchmarking/datasets/UOB/maybridge-0050-327604654.png,CNCc1cc(C)on1
/beegfs/home/m.romanov/thesis/benchmarking/datasets/UOB/maybridge-0050-433177818.png,Cl.Cl.NCc1ccc(-c2ccccn2)s1
/beegfs/home/m.romanov/thesis/benchmarking/datasets/UOB/maybridge-0050-538951765.png,NC1CCS(=O)(=O)C1
/beegfs/home/m.romanov/thesis/benchmarking/datasets/UOB/maybridge-0050-566189695.png,NCc1cc(-c2ccccc2)on1
/beegfs/home/m.romanov/thesis/benchmarking/datasets/UOB/maybridge-0050-672577316.png,CNCc1ccc(N2CCOCC2)s1
/beegfs/home/m.romanov/thesis/benchmarking/datasets/UOB/maybridge-0050-711576037.png,NCc1ccsc1Br
/beegfs/home/m.romanov/thesis/benchmarking/datasets/UOB/maybridge-0050-867934191.png,NCCc1cccs1
/beegfs/home/m.romanov/thesis/benchmarking/datasets/UOB/maybridge-0050-899440332.png,CN(C)C1(CN)CCSC1
/beegfs/home/m.romanov/thesis/benchmarking/datasets/UOB/maybridge-0050-973201444.png,CNCc1ccsc1Br
/beegfs/home/m.romanov/thesis/benchmarking/datasets/UOB/maybridge-0050-982538828.png,NCc1cc(-c2ccco2)on1
/beegfs/home/m.romanov/thesis/benchmarking/datasets/UOB/maybridge-0051-129618643.png,CNCc1cc(-c2ccco2)on1
/beegfs/home/m.romanov/thesis/benchmarking/datasets/UOB/maybridge-0051-219038454.png,CNCc1nc(-c2ccccc2)oc1C
/beegfs/home/m.romanov/thesis/benchmarking/datasets/UOB/maybridge-0051-242831907.png,CNCc1cc(-c2ccccc2)on1
/beegfs/home/m.romanov/thesis/benchmarking/datasets/UOB/maybridge-0051-249689960.png,CNCc1c(-c2ccccc2)noc1C
/beegfs/home/m.romanov/thesis/benchmarking/datasets/UOB/maybridge-0051-280285632.png,CNCc1csc(C)n1
/beegfs/home/m.romanov/thesis/benchmarking/datasets/UOB/maybridge-0051-40470966.png,CNCc1nc(C)oc1C
/beegfs/home/m.romanov/thesis/benchmarking/datasets/UOB/maybridge-0051-475040453.png,Cc1onc(-c2ccccc2)c1CN
/beegfs/home/m.romanov/thesis/benchmarking/datasets/UOB/maybridge-0051-560444332.png,Cc1oc(-c2ccccc2)nc1CN
/beegfs/home/m.romanov/thesis/benchmarking/datasets/UOB/maybridge-0051-655512475.png,NCc1cc(-c2cccs2)on1
/beegfs/home/m.romanov/thesis/benchmarking/datasets/UOB/maybridge-0051-799020677.png,Cc1nc(CN)c(C)o1
/beegfs/home/m.romanov/thesis/benchmarking/datasets/UOB/maybridge-0051-83417298.png,NCc1csc(-c2ccccc2)n1
/beegfs/home/m.romanov/thesis/benchmarking/datasets/UOB/maybridge-0052-121230171.png,NCc1csc(-c2cccs2)n1
/beegfs/home/m.romanov/thesis/benchmarking/datasets/UOB/maybridge-0052-162474237.png,Cc1nc(-c2ccc(C(F)(F)F)cc2)sc1CN
/beegfs/home/m.romanov/thesis/benchmarking/datasets/UOB/maybridge-0052-170848108.png,CNCc1sc(-c2ccccc2)nc1-c1ccccc1
/beegfs/home/m.romanov/thesis/benchmarking/datasets/UOB/maybridge-0052-302408903.png,Cc1nc(-c2ccccc2)sc1CN
/beegfs/home/m.romanov/thesis/benchmarking/datasets/UOB/maybridge-0052-356871514.png,CNCc1csc(-c2ccc(C(F)(F)F)cc2)n1
/beegfs/home/m.romanov/thesis/benchmarking/datasets/UOB/maybridge-0052-431977754.png,Cl.NCc1csc(-c2cccc(Cl)c2)n1.O
/beegfs/home/m.romanov/thesis/benchmarking/datasets/UOB/maybridge-0052-471276158.png,Cl.NCc1csc(-c2ccc(Cl)cc2)n1
/beegfs/home/m.romanov/thesis/benchmarking/datasets/UOB/maybridge-0052-503764688.png,CNCc1csc(-c2cccc(Cl)c2)n1
/beegfs/home/m.romanov/thesis/benchmarking/datasets/UOB/maybridge-0052-801590898.png,NCc1csc(-c2ccc(C(F)(F)F)cc2)n1
/beegfs/home/m.romanov/thesis/benchmarking/datasets/UOB/maybridge-0052-926967404.png,CNCc1sc(-c2ccccc2)nc1C
/beegfs/home/m.romanov/thesis/benchmarking/datasets/UOB/maybridge-0053-116954493.png,Cl.NCc1sc(-c2ccccc2)nc1-c1ccccc1
/beegfs/home/m.romanov/thesis/benchmarking/datasets/UOB/maybridge-0053-241651099.png,CNCc1ccc(F)cc1
/beegfs/home/m.romanov/thesis/benchmarking/datasets/UOB/maybridge-0053-355836058.png,NCc1c(N)cccc1F
/beegfs/home/m.romanov/thesis/benchmarking/datasets/UOB/maybridge-0053-399581470.png,CCc1ccc(CNC)cc1
/beegfs/home/m.romanov/thesis/benchmarking/datasets/UOB/maybridge-0053-531045064.png,CNCc1csc(C2CCN(C(=O)OC(C)(C)C)CC2)n1
/beegfs/home/m.romanov/thesis/benchmarking/datasets/UOB/maybridge-0053-562134086.png,Cc1cccc(CN)c1C
/beegfs/home/m.romanov/thesis/benchmarking/datasets/UOB/maybridge-0053-589061184.png,NCc1cccc(F)c1
/beegfs/home/m.romanov/thesis/benchmarking/datasets/UOB/maybridge-0053-602951772.png,NCc1ccc(F)cc1
/beegfs/home/m.romanov/thesis/benchmarking/datasets/UOB/maybridge-0053-621055369.png,CNCc1ccc(C)cc1
/beegfs/home/m.romanov/thesis/benchmarking/datasets/UOB/maybridge-0053-694698212.png,Cc1nc(CCN)cs1
/beegfs/home/m.romanov/thesis/benchmarking/datasets/UOB/maybridge-0053-970705784.png,NCc1ccccc1
/beegfs/home/m.romanov/thesis/benchmarking/datasets/UOB/maybridge-0054-1029436143.png,CNCc1ccccc1Cl
/beegfs/home/m.romanov/thesis/benchmarking/datasets/UOB/maybridge-0054-216551042.png,COc1ccc(OC)c(CN)c1
/beegfs/home/m.romanov/thesis/benchmarking/datasets/UOB/maybridge-0054-283660318.png,CNCc1cccc([N+](=O)[O-])c1
/beegfs/home/m.romanov/thesis/benchmarking/datasets/UOB/maybridge-0054-391066875.png,COc1cccc(OC)c1CN
/beegfs/home/m.romanov/thesis/benchmarking/datasets/UOB/maybridge-0054-412747701.png,CNCc1ccc(OC)cc1
/beegfs/home/m.romanov/thesis/benchmarking/datasets/UOB/maybridge-0054-435707714.png,CSc1ccccc1CN
/beegfs/home/m.romanov/thesis/benchmarking/datasets/UOB/maybridge-0054-551543764.png,NCc1ccc(-n2cccc2)cc1
/beegfs/home/m.romanov/thesis/benchmarking/datasets/UOB/maybridge-0054-640855386.png,Cc1ccc(CN)cc1Cl
/beegfs/home/m.romanov/thesis/benchmarking/datasets/UOB/maybridge-0054-696225990.png,CNCc1ccc(Cl)cc1
/beegfs/home/m.romanov/thesis/benchmarking/datasets/UOB/maybridge-0054-720034752.png,CNCc1cccc(Cl)c1
/beegfs/home/m.romanov/thesis/benchmarking/datasets/UOB/maybridge-0054-985950684.png,NCc1cccc(-n2cccc2)c1
/beegfs/home/m.romanov/thesis/benchmarking/datasets/UOB/maybridge-0054-997594765.png,NCc1ccc(F)c(Cl)c1
/beegfs/home/m.romanov/thesis/benchmarking/datasets/UOB/maybridge-0055-1071613750.png,NCc1ccccc1-n1cccn1
/beegfs/home/m.romanov/thesis/benchmarking/datasets/UOB/maybridge-0055-19048826.png,NCc1ccc(-c2ccco2)cc1
/beegfs/home/m.romanov/thesis/benchmarking/datasets/UOB/maybridge-0055-212675354.png,NCc1ccc(C(F)(F)F)cc1
/beegfs/home/m.romanov/thesis/benchmarking/datasets/UOB/maybridge-0055-223756716.png,NCc1cccc(-n2cccn2)c1
/beegfs/home/m.romanov/thesis/benchmarking/datasets/UOB/maybridge-0055-34751446.png,NCc1cc(Cl)cc(Cl)c1
/beegfs/home/m.romanov/thesis/benchmarking/datasets/UOB/maybridge-0055-392556255.png,NCc1cccc(-n2cncn2)c1
/beegfs/home/m.romanov/thesis/benchmarking/datasets/UOB/maybridge-0055-720854977.png,NCc1cc(Cl)ccc1Cl
/beegfs/home/m.romanov/thesis/benchmarking/datasets/UOB/maybridge-0055-788058964.png,NCc1ccccc1-c1ccco1
/beegfs/home/m.romanov/thesis/benchmarking/datasets/UOB/maybridge-0055-803333238.png,NCc1ccc(-n2cccn2)cc1
/beegfs/home/m.romanov/thesis/benchmarking/datasets/UOB/maybridge-0055-881794236.png,NCc1cccc(-c2ccco2)c1
/beegfs/home/m.romanov/thesis/benchmarking/datasets/UOB/maybridge-0055-932370610.png,NCc1ccc(N2CCCC2)cc1
/beegfs/home/m.romanov/thesis/benchmarking/datasets/UOB/maybridge-0055-957959891.png,NCc1ccccc1-n1cccc1
/beegfs/home/m.romanov/thesis/benchmarking/datasets/UOB/maybridge-0056-1057882567.png,Cn1ccc(-c2cccc(CN)c2)n1
/beegfs/home/m.romanov/thesis/benchmarking/datasets/UOB/maybridge-0056-160487463.png,CNCc1ccccc1-c1ccco1
/beegfs/home/m.romanov/thesis/benchmarking/datasets/UOB/maybridge-0056-170748531.png,NCc1ccc(-c2cccs2)cc1
/beegfs/home/m.romanov/thesis/benchmarking/datasets/UOB/maybridge-0056-1849377.png,CNCc1ccc(-c2ccco2)cc1
/beegfs/home/m.romanov/thesis/benchmarking/datasets/UOB/maybridge-0056-365503037.png,CNCc1ccc(C(F)(F)F)cc1
/beegfs/home/m.romanov/thesis/benchmarking/datasets/UOB/maybridge-0056-457249037.png,CNCc1cccc(-n2cncn2)c1
/beegfs/home/m.romanov/thesis/benchmarking/datasets/UOB/maybridge-0056-492280577.png,NCc1cccc(N2CCCC2)c1
/beegfs/home/m.romanov/thesis/benchmarking/datasets/UOB/maybridge-0056-640993275.png,CNCc1ccc(-n2ccnc2)cc1
/beegfs/home/m.romanov/thesis/benchmarking/datasets/UOB/maybridge-0056-683275823.png,CNCc1cccc(-c2ccco2)c1
/beegfs/home/m.romanov/thesis/benchmarking/datasets/UOB/maybridge-0056-726852523.png,CNCc1cccc(C(F)(F)F)c1
/beegfs/home/m.romanov/thesis/benchmarking/datasets/UOB/maybridge-0056-76246723.png,NCc1ccccc1N1CCCC1
/beegfs/home/m.romanov/thesis/benchmarking/datasets/UOB/maybridge-0056-904241499.png,NCc1cccc(Cn2cccn2)c1
/beegfs/home/m.romanov/thesis/benchmarking/datasets/UOB/maybridge-0057-1012820056.png,Cc1cc(Cl)cc(Cl)c1CN
/beegfs/home/m.romanov/thesis/benchmarking/datasets/UOB/maybridge-0057-169385925.png,NCc1ccc(-c2ccsc2)cc1
/beegfs/home/m.romanov/thesis/benchmarking/datasets/UOB/maybridge-0057-178255254.png,CNCc1ccc(N2CCCC2)cc1
/beegfs/home/m.romanov/thesis/benchmarking/datasets/UOB/maybridge-0057-318853436.png,NCc1cccc(-c2nccs2)c1
/beegfs/home/m.romanov/thesis/benchmarking/datasets/UOB/maybridge-0057-322822754.png,NCc1cccc(N2CCCCC2)c1
/beegfs/home/m.romanov/thesis/benchmarking/datasets/UOB/maybridge-0057-427260018.png,NCc1cccc(-c2ccsc2)c1
/beegfs/home/m.romanov/thesis/benchmarking/datasets/UOB/maybridge-0057-448269613.png,NCc1cccc(-c2cccs2)c1
/beegfs/home/m.romanov/thesis/benchmarking/datasets/UOB/maybridge-0057-499013567.png,CNCc1ccc(Cl)c(Cl)c1
/beegfs/home/m.romanov/thesis/benchmarking/datasets/UOB/maybridge-0057-582833491.png,NCc1ccccc1N1CCCCC1
/beegfs/home/m.romanov/thesis/benchmarking/datasets/UOB/maybridge-0057-75577173.png,CNCc1cccc(N2CCCC2)c1
/beegfs/home/m.romanov/thesis/benchmarking/datasets/UOB/maybridge-0057-900769145.png,NCc1ccc(-c2nccs2)cc1
/beegfs/home/m.romanov/thesis/benchmarking/datasets/UOB/maybridge-0057-910636984.png,CNCc1ccccc1N1CCCC1
/beegfs/home/m.romanov/thesis/benchmarking/datasets/UOB/maybridge-0058-178247609.png,CNCc1ccccc1-c1cccnc1
/beegfs/home/m.romanov/thesis/benchmarking/datasets/UOB/maybridge-0058-210737919.png,NCc1cccc(CN2CCCC2)c1
/beegfs/home/m.romanov/thesis/benchmarking/datasets/UOB/maybridge-0058-223282460.png,NCc1ccccc1OC(F)(F)F
/beegfs/home/m.romanov/thesis/benchmarking/datasets/UOB/maybridge-0058-236024754.png,CNCc1ccc(-c2ccncc2)cc1
/beegfs/home/m.romanov/thesis/benchmarking/datasets/UOB/maybridge-0058-254470861.png,CN(C)CCOc1ccc(CN)cc1
/beegfs/home/m.romanov/thesis/benchmarking/datasets/UOB/maybridge-0058-528638859.png,NCc1ccc(N2CCCCC2)cc1
/beegfs/home/m.romanov/thesis/benchmarking/datasets/UOB/maybridge-0058-57955845.png,CNCc1cccc(-c2cccnc2)c1
/beegfs/home/m.romanov/thesis/benchmarking/datasets/UOB/maybridge-0058-688847349.png,NCc1ccccc1N1CCOCC1
/beegfs/home/m.romanov/thesis/benchmarking/datasets/UOB/maybridge-0058-806066790.png,NCc1ccc(CN2CCCC2)cc1
/beegfs/home/m.romanov/thesis/benchmarking/datasets/UOB/maybridge-0058-837626712.png,NCc1ccc(N2CCOCC2)cc1
/beegfs/home/m.romanov/thesis/benchmarking/datasets/UOB/maybridge-0058-870159788.png,CN(C)CCOc1ccccc1CN
/beegfs/home/m.romanov/thesis/benchmarking/datasets/UOB/maybridge-0058-979167657.png,NCc1cccc(N2CCOCC2)c1
/beegfs/home/m.romanov/thesis/benchmarking/datasets/UOB/maybridge-0059-1038028026.png,CNCc1cccc(-c2ccncc2)c1
/beegfs/home/m.romanov/thesis/benchmarking/datasets/UOB/maybridge-0059-568407447.png,CNCc1cccc(Cn2cncn2)c1
/beegfs/home/m.romanov/thesis/benchmarking/datasets/UOB/maybridge-0059-592430181.png,CNCc1cccc(Cn2cccn2)c1
/beegfs/home/m.romanov/thesis/benchmarking/datasets/UOB/maybridge-0059-742285961.png,CNCc1cccc(-c2cncnc2)c1
/beegfs/home/m.romanov/thesis/benchmarking/datasets/UOB/maybridge-0059-751455540.png,CNCc1ccc(Cn2cccn2)cc1
/beegfs/home/m.romanov/thesis/benchmarking/datasets/UOB/maybridge-0059-753068831.png,COC(=O)c1cccc(CN)c1
/beegfs/home/m.romanov/thesis/benchmarking/datasets/UOB/maybridge-0059-761094454.png,CNCc1ccc([N+](=O)[O-])cc1
/beegfs/home/m.romanov/thesis/benchmarking/datasets/UOB/maybridge-0059-823648759.png,CNCc1ccc(-c2ccccn2)cc1
/beegfs/home/m.romanov/thesis/benchmarking/datasets/UOB/maybridge-0059-921955354.png,CNCc1ccc(-c2cncnc2)cc1
/beegfs/home/m.romanov/thesis/benchmarking/datasets/UOB/maybridge-0059-965974064.png,CNCc1ccccc1Cn1cncn1
/beegfs/home/m.romanov/thesis/benchmarking/datasets/UOB/maybridge-0059-975517463.png,CNCc1cccc(-c2noc(C)n2)c1
/beegfs/home/m.romanov/thesis/benchmarking/datasets/UOB/maybridge-0060-1004992770.png,CNCc1ccc(-c2nccs2)cc1
/beegfs/home/m.romanov/thesis/benchmarking/datasets/UOB/maybridge-0060-1005266947.png,CNCc1ccc(-c2noc(C)n2)cc1
/beegfs/home/m.romanov/thesis/benchmarking/datasets/UOB/maybridge-0060-1016365091.png,CNCc1ccc(-c2nc(C)no2)cc1
/beegfs/home/m.romanov/thesis/benchmarking/datasets/UOB/maybridge-0060-387272536.png,CNCc1ccc(N2CCCCC2)cc1
/beegfs/home/m.romanov/thesis/benchmarking/datasets/UOB/maybridge-0060-525163410.png,CNCc1cccc(-c2nccs2)c1
/beegfs/home/m.romanov/thesis/benchmarking/datasets/UOB/maybridge-0060-532872105.png,CNCc1cccc(-c2ccsc2)c1
/beegfs/home/m.romanov/thesis/benchmarking/datasets/UOB/maybridge-0060-605374826.png,CNCc1cccc(-c2cccs2)c1
/beegfs/home/m.romanov/thesis/benchmarking/datasets/UOB/maybridge-0060-749496584.png,CNCc1ccccc1-c1cccs1
/beegfs/home/m.romanov/thesis/benchmarking/datasets/UOB/maybridge-0060-846177069.png,CNCc1cccc(N2CCCCC2)c1
/beegfs/home/m.romanov/thesis/benchmarking/datasets/UOB/maybridge-0060-85767411.png,CNCc1cccc(CN2CCCC2)c1
/beegfs/home/m.romanov/thesis/benchmarking/datasets/UOB/maybridge-0060-875829240.png,CNCc1ccc(-c2ccsc2)cc1
/beegfs/home/m.romanov/thesis/benchmarking/datasets/UOB/maybridge-0060-886650665.png,CNCc1ccc(-c2cccs2)cc1
/beegfs/home/m.romanov/thesis/benchmarking/datasets/UOB/maybridge-0061-101617794.png,CNCc1cccc(N2CCOCC2)c1
/beegfs/home/m.romanov/thesis/benchmarking/datasets/UOB/maybridge-0061-1060783366.png,NCc1ccccc1OC1CCOCC1
/beegfs/home/m.romanov/thesis/benchmarking/datasets/UOB/maybridge-0061-225405833.png,NCc1cccc(CN2CCCCC2)c1
/beegfs/home/m.romanov/thesis/benchmarking/datasets/UOB/maybridge-0061-235690805.png,CNCc1ccc(CN2CCCC2)cc1
/beegfs/home/m.romanov/thesis/benchmarking/datasets/UOB/maybridge-0061-383080953.png,NCc1ccccc1CN1CCOCC1
/beegfs/home/m.romanov/thesis/benchmarking/datasets/UOB/maybridge-0061-425726456.png,CNCc1ccc(N2CCOCC2)cc1
/beegfs/home/m.romanov/thesis/benchmarking/datasets/UOB/maybridge-0061-472281031.png,CN1CCN(c2ccccc2CN)CC1
/beegfs/home/m.romanov/thesis/benchmarking/datasets/UOB/maybridge-0061-511047510.png,CN1CCN(c2cccc(CN)c2)CC1
/beegfs/home/m.romanov/thesis/benchmarking/datasets/UOB/maybridge-0061-681757939.png,CN1CCN(c2ccc(CN)cc2)CC1
/beegfs/home/m.romanov/thesis/benchmarking/datasets/UOB/maybridge-0061-694862726.png,NCc1ccc(CN2CCOCC2)cc1
/beegfs/home/m.romanov/thesis/benchmarking/datasets/UOB/maybridge-0061-932786717.png,NCc1cccc(CN2CCOCC2)c1
/beegfs/home/m.romanov/thesis/benchmarking/datasets/UOB/maybridge-0061-979367586.png,NCc1ccc(CN2CCCCC2)cc1
/beegfs/home/m.romanov/thesis/benchmarking/datasets/UOB/maybridge-0062-149991118.png,CNCc1ccc(Oc2ccccn2)cc1
/beegfs/home/m.romanov/thesis/benchmarking/datasets/UOB/maybridge-0062-152189942.png,CNCc1ccc(OCCN(C)C)cc1
/beegfs/home/m.romanov/thesis/benchmarking/datasets/UOB/maybridge-0062-198779763.png,CC1CCN(Cc2cccc(CN)c2)CC1
/beegfs/home/m.romanov/thesis/benchmarking/datasets/UOB/maybridge-0062-258959088.png,CNCc1cccc(CN2CCCCC2)c1
/beegfs/home/m.romanov/thesis/benchmarking/datasets/UOB/maybridge-0062-353336781.png,NCc1cccc(COc2ccccc2)c1
/beegfs/home/m.romanov/thesis/benchmarking/datasets/UOB/maybridge-0062-359703579.png,CNCc1ccccc1OCCN(C)C
/beegfs/home/m.romanov/thesis/benchmarking/datasets/UOB/maybridge-0062-462885159.png,NCc1ccccc1COc1ccccc1
/beegfs/home/m.romanov/thesis/benchmarking/datasets/UOB/maybridge-0062-580162103.png,CNCc1cccc(-c2csc(C)n2)c1
/beegfs/home/m.romanov/thesis/benchmarking/datasets/UOB/maybridge-0062-694667752.png,CNCc1cccc(Oc2ccccn2)c1
/beegfs/home/m.romanov/thesis/benchmarking/datasets/UOB/maybridge-0062-771899402.png,CNCc1ccccc1Oc1ccccc1
/beegfs/home/m.romanov/thesis/benchmarking/datasets/UOB/maybridge-0062-876732046.png,CNCc1cccc(Oc2ccccc2)c1
/beegfs/home/m.romanov/thesis/benchmarking/datasets/UOB/maybridge-0062-886189132.png,CNCc1ccc(Oc2ccccc2)cc1
/beegfs/home/m.romanov/thesis/benchmarking/datasets/UOB/maybridge-0063-1006617702.png,CNCc1cccc(CN2CCOCC2)c1
/beegfs/home/m.romanov/thesis/benchmarking/datasets/UOB/maybridge-0063-210480381.png,Cl.NCc1ccccc1-c1cccs1
/beegfs/home/m.romanov/thesis/benchmarking/datasets/UOB/maybridge-0063-222976238.png,CN1CCCN(c2ccc(CN)cc2)CC1
/beegfs/home/m.romanov/thesis/benchmarking/datasets/UOB/maybridge-0063-237782574.png,CN1CCCN(c2ccccc2CN)CC1
/beegfs/home/m.romanov/thesis/benchmarking/datasets/UOB/maybridge-0063-453246687.png,CN1CCN(Cc2ccc(CN)cc2)CC1
/beegfs/home/m.romanov/thesis/benchmarking/datasets/UOB/maybridge-0063-74533764.png,CNCc1ccccc1CN1CCOCC1
/beegfs/home/m.romanov/thesis/benchmarking/datasets/UOB/maybridge-0063-801936951.png,CN1CCN(Cc2ccccc2CN)CC1
/beegfs/home/m.romanov/thesis/benchmarking/datasets/UOB/maybridge-0063-831740107.png,CC(C)(C)OC(=O)Nc1ccc(CN)cc1
/beegfs/home/m.romanov/thesis/benchmarking/datasets/UOB/maybridge-0063-853333590.png,CNCc1ccccc1COc1ccccc1
/beegfs/home/m.romanov/thesis/benchmarking/datasets/UOB/maybridge-0063-929800610.png,Cl.NCc1ccc(Cn2cccn2)cc1
/beegfs/home/m.romanov/thesis/benchmarking/datasets/UOB/maybridge-0064-151896417.png,CN1CCCN(Cc2ccc(CN)cc2)CC1
/beegfs/home/m.romanov/thesis/benchmarking/datasets/UOB/maybridge-0064-204219582.png,CNCc1ccc(CN2CCN(C)CC2)cc1
/beegfs/home/m.romanov/thesis/benchmarking/datasets/UOB/maybridge-0064-220069769.png,CC(C)NCc1ccc(N2CCCCC2)cc1
/beegfs/home/m.romanov/thesis/benchmarking/datasets/UOB/maybridge-0064-220525205.png,Cl.NCc1ccc(Oc2ccccc2)cc1
/beegfs/home/m.romanov/thesis/benchmarking/datasets/UOB/maybridge-0064-324327332.png,CCCNCc1ccc(N2CCCCC2)cc1
/beegfs/home/m.romanov/thesis/benchmarking/datasets/UOB/maybridge-0064-452053707.png,NCc1cccc(OCCN2CCOCC2)c1
/beegfs/home/m.romanov/thesis/benchmarking/datasets/UOB/maybridge-0064-505469861.png,NCc1ccccc1OCCN1CCOCC1
/beegfs/home/m.romanov/thesis/benchmarking/datasets/UOB/maybridge-0064-55597146.png,Cl.NCc1ccccc1Oc1ccccc1
/beegfs/home/m.romanov/thesis/benchmarking/datasets/UOB/maybridge-0064-68408342.png,NCc1c(Cl)cccc1Oc1ccccc1
/beegfs/home/m.romanov/thesis/benchmarking/datasets/UOB/maybridge-0064-710832710.png,CNCc1ccc(N2CCCN(C)CC2)cc1
/beegfs/home/m.romanov/thesis/benchmarking/datasets/UOB/maybridge-0064-811832576.png,c1cc(N2CCCCC2)ccc1CNC1CC1
/beegfs/home/m.romanov/thesis/benchmarking/datasets/UOB/maybridge-0064-833622069.png,NCc1ccc(-c2csnn2)cc1
/beegfs/home/m.romanov/thesis/benchmarking/datasets/UOB/maybridge-0065-1057203743.png,Cl.Cl.NCc1ccccc1-c1cccnc1
/beegfs/home/m.romanov/thesis/benchmarking/datasets/UOB/maybridge-0065-431114461.png,NCc1ccc(OCCN2CCOCC2)cc1
/beegfs/home/m.romanov/thesis/benchmarking/datasets/UOB/maybridge-0065-593396984.png,CNCc1cc(C(F)(F)F)ccc1N1CCOCC1
/beegfs/home/m.romanov/thesis/benchmarking/datasets/UOB/maybridge-0065-663791141.png,CNCc1ccc(CN2CCCCC2)cc1.Cl.Cl
/beegfs/home/m.romanov/thesis/benchmarking/datasets/UOB/maybridge-0065-761572602.png,CC(C)(C)OC(=O)N1CCN(c2ccc(CN)cc2)CC1
/beegfs/home/m.romanov/thesis/benchmarking/datasets/UOB/maybridge-0065-77461313.png,CNCc1ccc(OCCN2CCOCC2)cc1
/beegfs/home/m.romanov/thesis/benchmarking/datasets/UOB/maybridge-0065-790739370.png,CNCc1cccc(OCCN2CCOCC2)c1
/beegfs/home/m.romanov/thesis/benchmarking/datasets/UOB/maybridge-0065-882853658.png,NCc1cc(C(F)(F)F)ccc1N1CCOCC1
/beegfs/home/m.romanov/thesis/benchmarking/datasets/UOB/maybridge-0065-93166127.png,CC(C)(C)OC(=O)N1CCN(c2ccccc2CN)CC1
/beegfs/home/m.romanov/thesis/benchmarking/datasets/UOB/maybridge-0066-1034265177.png,NC(Cc1ccc([N+](=O)[O-])cc1)C(=O)O
/beegfs/home/m.romanov/thesis/benchmarking/datasets/UOB/maybridge-0066-114151985.png,NCCOc1ccccc1
/beegfs/home/m.romanov/thesis/benchmarking/datasets/UOB/maybridge-0066-208034627.png,CNCc1ccc(N2CCN(C(=O)OC(C)(C)C)CC2)cc1
/beegfs/home/m.romanov/thesis/benchmarking/datasets/UOB/maybridge-0066-323151260.png,COc1ccc(CCNCCC#N)cc1OC
/beegfs/home/m.romanov/thesis/benchmarking/datasets/UOB/maybridge-0066-579464368.png,NC(Cc1ccc(B(O)O)cc1)C(=O)O
/beegfs/home/m.romanov/thesis/benchmarking/datasets/UOB/maybridge-0066-586553919.png,COc1cc(CC(N)C(=O)O)ccc1O
/beegfs/home/m.romanov/thesis/benchmarking/datasets/UOB/maybridge-0066-609484049.png,CNCc1cccc(CN2CCN(C(=O)OC(C)(C)C)CC2)c1
/beegfs/home/m.romanov/thesis/benchmarking/datasets/UOB/maybridge-0066-848035687.png,NCC(=O)c1ccc([N+](=O)[O-])cc1
/beegfs/home/m.romanov/thesis/benchmarking/datasets/UOB/maybridge-0066-881191064.png,CNCc1ccc(Cn2ccnc2)cc1.O=C(O)C(=O)O
/beegfs/home/m.romanov/thesis/benchmarking/datasets/UOB/maybridge-0066-967776758.png,O=[N+]([O-])c1ccc(C(O)CNCc2ccccc2)cc1
/beegfs/home/m.romanov/thesis/benchmarking/datasets/UOB/maybridge-0067-107419032.png,CNCc1ccncc1
/beegfs/home/m.romanov/thesis/benchmarking/datasets/UOB/maybridge-0067-366435948.png,NCc1ccncc1
/beegfs/home/m.romanov/thesis/benchmarking/datasets/UOB/maybridge-0067-509828369.png,NCCSCc1c(Cl)cccc1Cl
/beegfs/home/m.romanov/thesis/benchmarking/datasets/UOB/maybridge-0067-530666022.png,NCCSCc1c(F)cccc1Cl
/beegfs/home/m.romanov/thesis/benchmarking/datasets/UOB/maybridge-0067-540074259.png,NCCOc1ccccc1Cl
/beegfs/home/m.romanov/thesis/benchmarking/datasets/UOB/maybridge-0067-588221210.png,COc1ccc(OCCN)cc1.Cl
/beegfs/home/m.romanov/thesis/benchmarking/datasets/UOB/maybridge-0067-753080778.png,COc1ccc(OCCN)cc1
/beegfs/home/m.romanov/thesis/benchmarking/datasets/UOB/maybridge-0067-808796333.png,NC(CC1CCCCC1)C(=O)O
/beegfs/home/m.romanov/thesis/benchmarking/datasets/UOB/maybridge-0067-918109070.png,Cl.NCCOCc1ccccc1
/beegfs/home/m.romanov/thesis/benchmarking/datasets/UOB/maybridge-0067-941989862.png,CCC1CCC(N)CC1
/beegfs/home/m.romanov/thesis/benchmarking/datasets/UOB/maybridge-0067-975554407.png,CNCc1cccnc1
/beegfs/home/m.romanov/thesis/benchmarking/datasets/UOB/maybridge-0067-984200458.png,NCCNCc1ccccc1
/beegfs/home/m.romanov/thesis/benchmarking/datasets/UOB/maybridge-0068-1062218047.png,[NH2:0][CH2:0][c:0]1[cH:0][cH:0][cH:0][n:0][c:0]1[N:0]1[CH2:0][CH2:0][CH2:0][CH2:0]1
/beegfs/home/m.romanov/thesis/benchmarking/datasets/UOB/maybridge-0068-345469012.png,NCc1ccnc(N2CCCCC2)c1
/beegfs/home/m.romanov/thesis/benchmarking/datasets/UOB/maybridge-0068-428862464.png,CNCc1cccnc1N1CCCC1
/beegfs/home/m.romanov/thesis/benchmarking/datasets/UOB/maybridge-0068-46920870.png,NCc1ccc(-c2ccccc2)nc1
/beegfs/home/m.romanov/thesis/benchmarking/datasets/UOB/maybridge-0068-530422113.png,N#CCCNCc1ccncc1
/beegfs/home/m.romanov/thesis/benchmarking/datasets/UOB/maybridge-0068-533386302.png,CNCc1cccc(N2CCCC2)n1
/beegfs/home/m.romanov/thesis/benchmarking/datasets/UOB/maybridge-0068-575557946.png,CNCc1ccnc(N2CCCC2)c1
/beegfs/home/m.romanov/thesis/benchmarking/datasets/UOB/maybridge-0068-766366464.png,NCc1cccc(N2CCCC2)n1
/beegfs/home/m.romanov/thesis/benchmarking/datasets/UOB/maybridge-0068-82446211.png,NCc1ccnc(N2CCCC2)c1
/beegfs/home/m.romanov/thesis/benchmarking/datasets/UOB/maybridge-0068-899073733.png,NCc1cccc(N2CCCCC2)n1
/beegfs/home/m.romanov/thesis/benchmarking/datasets/UOB/maybridge-0068-980703790.png,CNCc1ncccc1F
/beegfs/home/m.romanov/thesis/benchmarking/datasets/UOB/maybridge-0069-1034411978.png,NCc1cccc(N2CCOCC2)n1
/beegfs/home/m.romanov/thesis/benchmarking/datasets/UOB/maybridge-0069-203667832.png,CNCc1cccc(N2CCOCC2)n1
/beegfs/home/m.romanov/thesis/benchmarking/datasets/UOB/maybridge-0069-322613893.png,Cl.Cl.NCc1ccc(-c2cccs2)nc1
/beegfs/home/m.romanov/thesis/benchmarking/datasets/UOB/maybridge-0069-500954288.png,CNCc1cccc(Br)n1
/beegfs/home/m.romanov/thesis/benchmarking/datasets/UOB/maybridge-0069-682750138.png,NC(c1ccccc1)c1ccccn1
/beegfs/home/m.romanov/thesis/benchmarking/datasets/UOB/maybridge-0069-740349439.png,NCc1ccnc(N2CCOCC2)c1
/beegfs/home/m.romanov/thesis/benchmarking/datasets/UOB/maybridge-0069-835862224.png,CNCc1ccnc(N2CCCCC2)c1
/beegfs/home/m.romanov/thesis/benchmarking/datasets/UOB/maybridge-0069-892716141.png,NCc1ccnc(N2CCSCC2)c1
/beegfs/home/m.romanov/thesis/benchmarking/datasets/UOB/maybridge-0069-970303173.png,CNCc1ccnc(N2CCOCC2)c1
/beegfs/home/m.romanov/thesis/benchmarking/datasets/UOB/maybridge-0069-982754212.png,Cl.NCc1ncc(C(F)(F)F)cc1Cl
/beegfs/home/m.romanov/thesis/benchmarking/datasets/UOB/maybridge-0070-115042521.png,CC1(C)CC(=O)CC(C)(C)N1
/beegfs/home/m.romanov/thesis/benchmarking/datasets/UOB/maybridge-0070-166846755.png,O=C(C1CCCNC1)N1CCCC1
/beegfs/home/m.romanov/thesis/benchmarking/datasets/UOB/maybridge-0070-301853369.png,CCOC(=O)C1CCNCC1
/beegfs/home/m.romanov/thesis/benchmarking/datasets/UOB/maybridge-0070-366918320.png,O=C(O)C1CCCNC1
/beegfs/home/m.romanov/thesis/benchmarking/datasets/UOB/maybridge-0070-396844892.png,OCC1CCNCC1
/beegfs/home/m.romanov/thesis/benchmarking/datasets/UOB/maybridge-0070-444288987.png,c1cncc(C2CCCCN2)c1
/beegfs/home/m.romanov/thesis/benchmarking/datasets/UOB/maybridge-0070-636165545.png,COc1ccccc1C1CCNCC1
/beegfs/home/m.romanov/thesis/benchmarking/datasets/UOB/maybridge-0070-687536391.png,O=C(C1CCNCC1)N1CCCC1
/beegfs/home/m.romanov/thesis/benchmarking/datasets/UOB/maybridge-0070-780733807.png,CNCCc1ccccn1
/beegfs/home/m.romanov/thesis/benchmarking/datasets/UOB/maybridge-0070-795363312.png,CC(C)(C)C1CCNCC1
/beegfs/home/m.romanov/thesis/benchmarking/datasets/UOB/maybridge-0071-165697485.png,Cl.O=C(c1ccccc1)C1CCNCC1
/beegfs/home/m.romanov/thesis/benchmarking/datasets/UOB/maybridge-0071-276931898.png,Cl.O=C(C1CCCCN1)N1CCCC1
/beegfs/home/m.romanov/thesis/benchmarking/datasets/UOB/maybridge-0071-291337919.png,OC1(c2ccc(Cl)cc2)CCNCC1
/beegfs/home/m.romanov/thesis/benchmarking/datasets/UOB/maybridge-0071-356402953.png,c1ccc2c(C3CCNCC3)c[nH]c2c1
/beegfs/home/m.romanov/thesis/benchmarking/datasets/UOB/maybridge-0071-425195893.png,O=C(C1CCNCC1)N1CCCCCC1
/beegfs/home/m.romanov/thesis/benchmarking/datasets/UOB/maybridge-0071-63234755.png,O=C(C1CCCNC1)N1CCCCCC1
/beegfs/home/m.romanov/thesis/benchmarking/datasets/UOB/maybridge-0071-700670801.png,O=C(C1CCNCC1)N1CCCCC1
/beegfs/home/m.romanov/thesis/benchmarking/datasets/UOB/maybridge-0071-71716389.png,Cc1ccc(C)n1CC1CCNCC1
/beegfs/home/m.romanov/thesis/benchmarking/datasets/UOB/maybridge-0071-878165078.png,OC1CC(c2ccccc2)NC2(CCCC2)C1
/beegfs/home/m.romanov/thesis/benchmarking/datasets/UOB/maybridge-0071-981626850.png,CC(C)(C)OC(O)=NCC1CCNCC1
/beegfs/home/m.romanov/thesis/benchmarking/datasets/UOB/maybridge-0072-372193655.png,Cl.O=C(C1CCCCN1)N1CCCCC1
/beegfs/home/m.romanov/thesis/benchmarking/datasets/UOB/maybridge-0072-382017992.png,O=C(C1CCCNC1)N1CCCCC1
/beegfs/home/m.romanov/thesis/benchmarking/datasets/UOB/maybridge-0072-467328836.png,O=C(C1CCCCN1)N1CCOCC1
/beegfs/home/m.romanov/thesis/benchmarking/datasets/UOB/maybridge-0072-494170596.png,O=C(C1CCNCC1)N1CCOCC1
/beegfs/home/m.romanov/thesis/benchmarking/datasets/UOB/maybridge-0072-531009567.png,Cl.c1ccc2c(c1)nnn2C1CCNCC1
/beegfs/home/m.romanov/thesis/benchmarking/datasets/UOB/maybridge-0072-699004990.png,CC1CCN(C(=O)C2CCCCN2)CC1.Cl
/beegfs/home/m.romanov/thesis/benchmarking/datasets/UOB/maybridge-0072-795170324.png,Cl.O=C(c1ccc(F)cc1)C1CCNCC1
/beegfs/home/m.romanov/thesis/benchmarking/datasets/UOB/maybridge-0072-893374828.png,CC(O)=Nc1ccc(C(=O)C2CCNCC2)cc1
/beegfs/home/m.romanov/thesis/benchmarking/datasets/UOB/maybridge-0072-895100960.png,Cl.O=C(c1cccs1)C1CCNCC1
/beegfs/home/m.romanov/thesis/benchmarking/datasets/UOB/maybridge-0073-146825212.png,CC1CCN(C(=O)C2CCCNC2)CC1.Cl
/beegfs/home/m.romanov/thesis/benchmarking/datasets/UOB/maybridge-0073-299645146.png,Cl.Fc1ccc2onc(C3CCNCC3)c2c1
/beegfs/home/m.romanov/thesis/benchmarking/datasets/UOB/maybridge-0073-373410597.png,CC1CCN(C(=O)C2CCNCC2)CC1
/beegfs/home/m.romanov/thesis/benchmarking/datasets/UOB/maybridge-0073-417082122.png,CN1CCN(C(=O)C2CCCNC2)CC1.Cl.Cl
/beegfs/home/m.romanov/thesis/benchmarking/datasets/UOB/maybridge-0073-517736351.png,COc1ccc(C(=O)C2CCNCC2)cc1.Cl
/beegfs/home/m.romanov/thesis/benchmarking/datasets/UOB/maybridge-0073-66491285.png,Cl.O=C(c1ccc(Cl)cc1)C1CCNCC1
/beegfs/home/m.romanov/thesis/benchmarking/datasets/UOB/maybridge-0073-729613864.png,CC1(C)COC(C2CCNCC2)OC1.O=C(O)C(=O)O
/beegfs/home/m.romanov/thesis/benchmarking/datasets/UOB/maybridge-0073-808331944.png,Cl.FC(F)(F)c1ccc2c(c1)nnn2C1CCNCC1
/beegfs/home/m.romanov/thesis/benchmarking/datasets/UOB/maybridge-0074-140081400.png,NCC1CCN(Cc2ccccc2)CC1
/beegfs/home/m.romanov/thesis/benchmarking/datasets/UOB/maybridge-0074-268943347.png,CCN1CCC(CN)CC1
/beegfs/home/m.romanov/thesis/benchmarking/datasets/UOB/maybridge-0074-394752780.png,CN1C(C)(C)CC(N)CC1(C)C
/beegfs/home/m.romanov/thesis/benchmarking/datasets/UOB/maybridge-0074-598971189.png,CNCC1CCN(c2cncc(C)n2)CC1
/beegfs/home/m.romanov/thesis/benchmarking/datasets/UOB/maybridge-0074-637098794.png,CN1CCC(CN)CC1
/beegfs/home/m.romanov/thesis/benchmarking/datasets/UOB/maybridge-0074-656928714.png,FC(F)(F)c1cc(NCCC2CCCCN2)cc(C(F)(F)F)c1
/beegfs/home/m.romanov/thesis/benchmarking/datasets/UOB/maybridge-0074-731335194.png,CN1CCCCC1CN
/beegfs/home/m.romanov/thesis/benchmarking/datasets/UOB/maybridge-0074-779289548.png,CC(C)(C)OC(=O)N1CCC(CN)CC1
/beegfs/home/m.romanov/thesis/benchmarking/datasets/UOB/maybridge-0074-823808547.png,Cc1cncc(N2CCC(CN)CC2)n1
/beegfs/home/m.romanov/thesis/benchmarking/datasets/UOB/maybridge-0075-1065441200.png,NCC1CCN(C(=O)OCc2ccccc2)CC1
/beegfs/home/m.romanov/thesis/benchmarking/datasets/UOB/maybridge-0075-1067858078.png,CNCC1CCN(C(=O)OCc2ccccc2)CC1
/beegfs/home/m.romanov/thesis/benchmarking/datasets/UOB/maybridge-0075-208039923.png,c1ccc(N2CCNCC2)nc1
/beegfs/home/m.romanov/thesis/benchmarking/datasets/UOB/maybridge-0075-313466535.png,c1cnc(N2CCNCC2)nc1
/beegfs/home/m.romanov/thesis/benchmarking/datasets/UOB/maybridge-0075-429569171.png,CC(C)(N)CN1CCCCC1
/beegfs/home/m.romanov/thesis/benchmarking/datasets/UOB/maybridge-0075-464694745.png,NCCN1CCC(Cc2ccccc2)CC1
/beegfs/home/m.romanov/thesis/benchmarking/datasets/UOB/maybridge-0075-599534253.png,Nc1ccccc1N1CCNCC1
/beegfs/home/m.romanov/thesis/benchmarking/datasets/UOB/maybridge-0075-616271268.png,Cc1cncc(N2CCNCC2)n1
/beegfs/home/m.romanov/thesis/benchmarking/datasets/UOB/maybridge-0075-672167766.png,CC1CNC(C)CN1
/beegfs/home/m.romanov/thesis/benchmarking/datasets/UOB/maybridge-0075-781190225.png,CC1CCN(CC(C)(C)N)CC1
/beegfs/home/m.romanov/thesis/benchmarking/datasets/UOB/maybridge-0076-1036234941.png,c1cc2occc2c(N2CCNCC2)n1
/beegfs/home/m.romanov/thesis/benchmarking/datasets/UOB/maybridge-0076-1039688370.png,N#Cc1ccc(N2CCNCC2)nc1
/beegfs/home/m.romanov/thesis/benchmarking/datasets/UOB/maybridge-0076-170926376.png,Cc1cccc(N2CCNCC2)c1C
/beegfs/home/m.romanov/thesis/benchmarking/datasets/UOB/maybridge-0076-196487303.png,CC(C)(C)OC(=O)N1CCNCC1
/beegfs/home/m.romanov/thesis/benchmarking/datasets/UOB/maybridge-0076-247948576.png,CCOC(=O)CC1NCCN=C1O
/beegfs/home/m.romanov/thesis/benchmarking/datasets/UOB/maybridge-0076-323668651.png,Cc1ccc(C)n1CCN1CCNCC1
/beegfs/home/m.romanov/thesis/benchmarking/datasets/UOB/maybridge-0076-326159097.png,Cl.Cl.O=C(O)C1CNCCN1
/beegfs/home/m.romanov/thesis/benchmarking/datasets/UOB/maybridge-0076-630081187.png,Fc1ccc(N2CCNCC2)cc1
/beegfs/home/m.romanov/thesis/benchmarking/datasets/UOB/maybridge-0076-681429255.png,Cc1ccc(N2CCNCC2)cc1C
/beegfs/home/m.romanov/thesis/benchmarking/datasets/UOB/maybridge-0076-686324904.png,N#Cc1cccnc1N1CCNCC1
/beegfs/home/m.romanov/thesis/benchmarking/datasets/UOB/maybridge-0076-794776150.png,N#Cc1ccc(N2CCNCC2)cc1
/beegfs/home/m.romanov/thesis/benchmarking/datasets/UOB/maybridge-0077-121055644.png,FC(F)(F)c1cccnc1N1CCNCC1
/beegfs/home/m.romanov/thesis/benchmarking/datasets/UOB/maybridge-0077-138028968.png,Clc1cncc(Cl)c1N1CCNCC1
/beegfs/home/m.romanov/thesis/benchmarking/datasets/UOB/maybridge-0077-185450158.png,c1ccc(-c2nsc(N3CCNCC3)n2)cc1
/beegfs/home/m.romanov/thesis/benchmarking/datasets/UOB/maybridge-0077-481901952.png,Fc1cccc(Cl)c1CN1CCNCC1
/beegfs/home/m.romanov/thesis/benchmarking/datasets/UOB/maybridge-0077-488452661.png,Cc1ccc(Cl)cc1N1CCNCC1
/beegfs/home/m.romanov/thesis/benchmarking/datasets/UOB/maybridge-0077-53992644.png,Clc1ccc2c(N3CCNCC3)ccnc2c1
/beegfs/home/m.romanov/thesis/benchmarking/datasets/UOB/maybridge-0077-617782159.png,COc1cccc(N2CCNCC2)c1
/beegfs/home/m.romanov/thesis/benchmarking/datasets/UOB/maybridge-0077-719575864.png,Cc1ccccc1N1CCNCC1
/beegfs/home/m.romanov/thesis/benchmarking/datasets/UOB/maybridge-0077-726270699.png,Cc1cc(N2CCNCC2)c2ccccc2n1
/beegfs/home/m.romanov/thesis/benchmarking/datasets/UOB/maybridge-0077-79793101.png,FC(F)(F)c1ccc(N2CCNCC2)nc1
/beegfs/home/m.romanov/thesis/benchmarking/datasets/UOB/maybridge-0077-90967360.png,FC(F)(F)c1cccc(N2CCNCC2)n1
/beegfs/home/m.romanov/thesis/benchmarking/datasets/UOB/maybridge-0078-1005572931.png,NCC1CCCCO1
/beegfs/home/m.romanov/thesis/benchmarking/datasets/UOB/maybridge-0078-202413218.png,NCCCN1CCN(Cc2c(F)cccc2Cl)CC1
/beegfs/home/m.romanov/thesis/benchmarking/datasets/UOB/maybridge-0078-247169784.png,NCCN1CCN(Cc2ccccc2)CC1
/beegfs/home/m.romanov/thesis/benchmarking/datasets/UOB/maybridge-0078-270140056.png,FC(F)(F)c1cnc(N2CCNCC2)c(Cl)c1
/beegfs/home/m.romanov/thesis/benchmarking/datasets/UOB/maybridge-0078-285412367.png,Cc1ccc2nc(C(F)(F)F)cc(N3CCNCC3)c2c1
/beegfs/home/m.romanov/thesis/benchmarking/datasets/UOB/maybridge-0078-567516917.png,NCC1CCOCC1
/beegfs/home/m.romanov/thesis/benchmarking/datasets/UOB/maybridge-0078-569571857.png,Fc1ccc(C(c2ccc(F)cc2)N2CCNCC2)cc1
/beegfs/home/m.romanov/thesis/benchmarking/datasets/UOB/maybridge-0078-73982164.png,Br.Br.Oc1ccc(N2CCNCC2)cc1
/beegfs/home/m.romanov/thesis/benchmarking/datasets/UOB/maybridge-0078-846678309.png,NS(=O)(=O)c1cc([N+](=O)[O-])c(N2CCNCC2)s1
/beegfs/home/m.romanov/thesis/benchmarking/datasets/UOB/maybridge-0078-860391106.png,O=[N+]([O-])c1cc(C(F)(F)F)ccc1N1CCNCC1
/beegfs/home/m.romanov/thesis/benchmarking/datasets/UOB/maybridge-0079-1040849263.png,Cc1cncc(N2CCCNCC2)n1
/beegfs/home/m.romanov/thesis/benchmarking/datasets/UOB/maybridge-0079-11227393.png,c1ccc(CN2CCCNCC2)cc1
/beegfs/home/m.romanov/thesis/benchmarking/datasets/UOB/maybridge-0079-155927969.png,C1CNCCNC1
/beegfs/home/m.romanov/thesis/benchmarking/datasets/UOB/maybridge-0079-276359478.png,N#CCCNCCCN1CCOCC1
/beegfs/home/m.romanov/thesis/benchmarking/datasets/UOB/maybridge-0079-469129546.png,OCCN1CCCNCC1
/beegfs/home/m.romanov/thesis/benchmarking/datasets/UOB/maybridge-0079-557255913.png,O=C1c2ccccc2C(=O)N1CC1CNCCO1
/beegfs/home/m.romanov/thesis/benchmarking/datasets/UOB/maybridge-0079-692519382.png,CCOC(=O)C1CSCCN1
/beegfs/home/m.romanov/thesis/benchmarking/datasets/UOB/maybridge-0079-751833764.png,CC(C)(CN)CN1CCCCCC1
/beegfs/home/m.romanov/thesis/benchmarking/datasets/UOB/maybridge-0079-927786612.png,NCC1CN(Cc2ccccc2)CCO1
/beegfs/home/m.romanov/thesis/benchmarking/datasets/UOB/maybridge-0079-939714435.png,CC(C)(N)CN1CCOCC1
/beegfs/home/m.romanov/thesis/benchmarking/datasets/UOB/maybridge-0079-96133277.png,NC1CCSCC1
/beegfs/home/m.romanov/thesis/benchmarking/datasets/UOB/maybridge-0080-244767553.png,Fc1cccc(Cl)c1CN1CCCNCC1
/beegfs/home/m.romanov/thesis/benchmarking/datasets/UOB/maybridge-0080-254764860.png,CC(C)(C)OC(=O)N1CCCNCC1
/beegfs/home/m.romanov/thesis/benchmarking/datasets/UOB/maybridge-0080-269512110.png,N#Cc1cccnc1N1CCCNCC1
/beegfs/home/m.romanov/thesis/benchmarking/datasets/UOB/maybridge-0080-287643576.png,FC(F)(F)c1cnc(N2CCCNCC2)c(Cl)c1
/beegfs/home/m.romanov/thesis/benchmarking/datasets/UOB/maybridge-0080-324805973.png,N#Cc1ccc(N2CCCNCC2)nc1
/beegfs/home/m.romanov/thesis/benchmarking/datasets/UOB/maybridge-0080-441162773.png,c1ccc(-c2nsc(N3CCCNCC3)n2)cc1
/beegfs/home/m.romanov/thesis/benchmarking/datasets/UOB/maybridge-0080-51488685.png,Fc1ccc(CN2CCCNCC2)cc1
/beegfs/home/m.romanov/thesis/benchmarking/datasets/UOB/maybridge-0080-516608798.png,O=C(c1cccs1)N1CCCNCC1
/beegfs/home/m.romanov/thesis/benchmarking/datasets/UOB/maybridge-0080-536716538.png,Cc1cc(C)c(CN2CCCNCC2)c(C)c1
/beegfs/home/m.romanov/thesis/benchmarking/datasets/UOB/maybridge-0080-578245205.png,FC(F)(F)c1ccnc(N2CCCNCC2)n1
/beegfs/home/m.romanov/thesis/benchmarking/datasets/UOB/maybridge-0080-641577569.png,O=[N+]([O-])c1ccc(N2CCCNCC2)nc1
/beegfs/home/m.romanov/thesis/benchmarking/datasets/UOB/maybridge-0080-794994934.png,Brc1ccc(CN2CCCNCC2)cc1
/beegfs/home/m.romanov/thesis/benchmarking/datasets/UOB/maybridge-0081-234710758.png,NC(Cc1c[nH]c2cc(F)ccc12)C(=O)O
/beegfs/home/m.romanov/thesis/benchmarking/datasets/UOB/maybridge-0081-354219329.png,NC(Cc1c[nH]c2ccc(O)cc12)C(=O)O
/beegfs/home/m.romanov/thesis/benchmarking/datasets/UOB/maybridge-0081-368499956.png,CNCc1cc2sccc2n1C.Cl
/beegfs/home/m.romanov/thesis/benchmarking/datasets/UOB/maybridge-0081-447386087.png,Cc1ccc2[nH]cc(CCN)c2c1.Cl
/beegfs/home/m.romanov/thesis/benchmarking/datasets/UOB/maybridge-0081-502231410.png,CC1(C)C2CCC1(C)C(N)C2.Cl
/beegfs/home/m.romanov/thesis/benchmarking/datasets/UOB/maybridge-0081-548606364.png,NC1Cc2ccccc2C1
/beegfs/home/m.romanov/thesis/benchmarking/datasets/UOB/maybridge-0081-564798057.png,Fc1cc(Br)ccc1CN1CCCNCC1
/beegfs/home/m.romanov/thesis/benchmarking/datasets/UOB/maybridge-0081-61577741.png,NC(Cc1c[nH]c2ccc(F)cc12)C(=O)O
/beegfs/home/m.romanov/thesis/benchmarking/datasets/UOB/maybridge-0081-791370687.png,CC12CCC(C1)C(C)(C)C2N.Cl
/beegfs/home/m.romanov/thesis/benchmarking/datasets/UOB/maybridge-0081-938626746.png,NCc1c[nH]c2ccccc12.O=C(O)C(=O)O
/beegfs/home/m.romanov/thesis/benchmarking/datasets/UOB/maybridge-0082-1040849263.png,CNCc1nn(C)c2ccccc12
/beegfs/home/m.romanov/thesis/benchmarking/datasets/UOB/maybridge-0082-11227393.png,Cn1nc(CN)c2ccccc21
/beegfs/home/m.romanov/thesis/benchmarking/datasets/UOB/maybridge-0082-155927969.png,CNCc1ccc2c(ccn2C)c1
/beegfs/home/m.romanov/thesis/benchmarking/datasets/UOB/maybridge-0082-276359478.png,Cn1ccc2cc(CN)ccc21
/beegfs/home/m.romanov/thesis/benchmarking/datasets/UOB/maybridge-0082-469129546.png,CNCc1ccc2ccn(C)c2c1
/beegfs/home/m.romanov/thesis/benchmarking/datasets/UOB/maybridge-0082-472041340.png,CNCc1nc2ccccc2n1C
/beegfs/home/m.romanov/thesis/benchmarking/datasets/UOB/maybridge-0082-555751857.png,CNCc1ccc2nc[nH]c2c1.O=C(O)C(=O)O.O=C(O)C(=O)O
/beegfs/home/m.romanov/thesis/benchmarking/datasets/UOB/maybridge-0082-692519382.png,Cn1ccc2c(CN)cccc21
/beegfs/home/m.romanov/thesis/benchmarking/datasets/UOB/maybridge-0082-751833764.png,Cn1ccc2ccc(CN)cc21
/beegfs/home/m.romanov/thesis/benchmarking/datasets/UOB/maybridge-0082-754768586.png,Cn1c(CN)nc2ccccc21
/beegfs/home/m.romanov/thesis/benchmarking/datasets/UOB/maybridge-0082-939714435.png,COC(=O)C(C)(N)Cc1c[nH]c2ccccc12
/beegfs/home/m.romanov/thesis/benchmarking/datasets/UOB/maybridge-0083-1035464002.png,Cl.NCC1Cc2ccccc2O1
/beegfs/home/m.romanov/thesis/benchmarking/datasets/UOB/maybridge-0083-182597042.png,CNCc1c(C)nc2ccccn12
/beegfs/home/m.romanov/thesis/benchmarking/datasets/UOB/maybridge-0083-316853996.png,CCOC(=O)c1cn2c(n1)CNCC2.Cl.Cl
/beegfs/home/m.romanov/thesis/benchmarking/datasets/UOB/maybridge-0083-422549750.png,CNCc1ccc2nccn2c1
/beegfs/home/m.romanov/thesis/benchmarking/datasets/UOB/maybridge-0083-435744422.png,CN1C2CCC1CC(N)C2.Cl.Cl
/beegfs/home/m.romanov/thesis/benchmarking/datasets/UOB/maybridge-0083-473946836.png,CC1(C)Cc2cccc(CN)c2O1
/beegfs/home/m.romanov/thesis/benchmarking/datasets/UOB/maybridge-0083-554404333.png,NCCc1coc2ccccc12
/beegfs/home/m.romanov/thesis/benchmarking/datasets/UOB/maybridge-0083-808426854.png,NCc1cc2cc(Br)ccc2o1
/beegfs/home/m.romanov/thesis/benchmarking/datasets/UOB/maybridge-0083-863441682.png,NCc1ccc2occc2c1
/beegfs/home/m.romanov/thesis/benchmarking/datasets/UOB/maybridge-0083-933384530.png,NCc1ccc2nccn2c1
/beegfs/home/m.romanov/thesis/benchmarking/datasets/UOB/maybridge-0084-1002707619.png,CNCc1cccc2c1OC(C)(C)C2
/beegfs/home/m.romanov/thesis/benchmarking/datasets/UOB/maybridge-0084-177863871.png,NCc1csc2ccc(Br)cc12
/beegfs/home/m.romanov/thesis/benchmarking/datasets/UOB/maybridge-0084-18502609.png,NCc1ccc2c(c1)OCO2
/beegfs/home/m.romanov/thesis/benchmarking/datasets/UOB/maybridge-0084-247761613.png,CNCc1cc2ccccc2s1.Cl
/beegfs/home/m.romanov/thesis/benchmarking/datasets/UOB/maybridge-0084-280277242.png,NCCc1cccc2c1OCC2
/beegfs/home/m.romanov/thesis/benchmarking/datasets/UOB/maybridge-0084-368750820.png,NCc1csc2ccc(Cl)cc12
/beegfs/home/m.romanov/thesis/benchmarking/datasets/UOB/maybridge-0084-432736518.png,NCc1cc2ccccc2s1
/beegfs/home/m.romanov/thesis/benchmarking/datasets/UOB/maybridge-0084-453372216.png,Cl.NCc1csc2ccccc12
/beegfs/home/m.romanov/thesis/benchmarking/datasets/UOB/maybridge-0084-473068394.png,NCc1ccc2c(c1)CCO2
/beegfs/home/m.romanov/thesis/benchmarking/datasets/UOB/maybridge-0084-682467678.png,CNCc1ccc2c(c1)OCO2
/beegfs/home/m.romanov/thesis/benchmarking/datasets/UOB/maybridge-0084-764862724.png,NCc1ccc2sccc2c1
/beegfs/home/m.romanov/thesis/benchmarking/datasets/UOB/maybridge-0085-1017196127.png,CNCc1scc2c1OCCO2
/beegfs/home/m.romanov/thesis/benchmarking/datasets/UOB/maybridge-0085-1030815168.png,NCCSc1cc(C(F)(F)F)nc2ccccc12
/beegfs/home/m.romanov/thesis/benchmarking/datasets/UOB/maybridge-0085-119382315.png,CNCc1sc(Br)c2c1OCCO2
/beegfs/home/m.romanov/thesis/benchmarking/datasets/UOB/maybridge-0085-231380411.png,COc1ccc(C2NCCc3sccc32)cc1
/beegfs/home/m.romanov/thesis/benchmarking/datasets/UOB/maybridge-0085-57034753.png,CNCc1ccc2ncccc2c1
/beegfs/home/m.romanov/thesis/benchmarking/datasets/UOB/maybridge-0085-582274331.png,CNCc1cc2cccnc2s1
/beegfs/home/m.romanov/thesis/benchmarking/datasets/UOB/maybridge-0085-64839275.png,Cl.NCc1cccc2nsnc12
/beegfs/home/m.romanov/thesis/benchmarking/datasets/UOB/maybridge-0085-653161283.png,NCc1nc2ccccc2s1
/beegfs/home/m.romanov/thesis/benchmarking/datasets/UOB/maybridge-0085-725213792.png,O=C(O)C1Cc2cc(O)ccc2CN1
/beegfs/home/m.romanov/thesis/benchmarking/datasets/UOB/maybridge-0085-993263229.png,NCC1OCCc2sccc21
/beegfs/home/m.romanov/thesis/benchmarking/datasets/UOB/maybridge-0086-1006005922.png,NCc1ccc2c(c1)OCCCO2
/beegfs/home/m.romanov/thesis/benchmarking/datasets/UOB/maybridge-0086-1027645503.png,Cl.NCc1cccc2c1OCCO2
/beegfs/home/m.romanov/thesis/benchmarking/datasets/UOB/maybridge-0086-128498353.png,NCC1COc2ccccc2O1
/beegfs/home/m.romanov/thesis/benchmarking/datasets/UOB/maybridge-0086-300665739.png,NCc1ccc2c(c1)OCCO2
/beegfs/home/m.romanov/thesis/benchmarking/datasets/UOB/maybridge-0086-306868644.png,CC(C)NCC1COc2ccccc2O1
/beegfs/home/m.romanov/thesis/benchmarking/datasets/UOB/maybridge-0086-48293727.png,Cl.NCc1cc(F)cc2c1OCOC2
/beegfs/home/m.romanov/thesis/benchmarking/datasets/UOB/maybridge-0086-684608860.png,CN1CCN(C)c2cc(CN)ccc21
/beegfs/home/m.romanov/thesis/benchmarking/datasets/UOB/maybridge-0086-691303398.png,Cl.NCc1cccc2c1OCCCO2
/beegfs/home/m.romanov/thesis/benchmarking/datasets/UOB/maybridge-0086-895740908.png,[CH3:0][C:0]([CH3:0])([CH3:0])[NH:0][C:0](=[O:0])[C@@H:0]1[CH2:0][C@@H:0]2[CH2:0][CH2:0][CH2:0][CH2:0][C@@H:0]2[CH2:0][NH:0]1
/beegfs/home/m.romanov/thesis/benchmarking/datasets/UOB/maybridge-0087-1002951041.png,C=CCOC(O)=NCCN
/beegfs/home/m.romanov/thesis/benchmarking/datasets/UOB/maybridge-0087-192203438.png,C=CCOC(O)=NCCNC
/beegfs/home/m.romanov/thesis/benchmarking/datasets/UOB/maybridge-0087-362027015.png,CCOC(=O)CCN.Cl
/beegfs/home/m.romanov/thesis/benchmarking/datasets/UOB/maybridge-0087-652989294.png,CCC(CC)CN
/beegfs/home/m.romanov/thesis/benchmarking/datasets/UOB/maybridge-0087-675612649.png,CSCCN
/beegfs/home/m.romanov/thesis/benchmarking/datasets/UOB/maybridge-0087-690148462.png,COC(CN)OC
/beegfs/home/m.romanov/thesis/benchmarking/datasets/UOB/maybridge-0087-712106780.png,CCC(C)CN
/beegfs/home/m.romanov/thesis/benchmarking/datasets/UOB/maybridge-0087-781150442.png,CC(N)C12CC3CC(CC(C3)C1)C2.Cl
/beegfs/home/m.romanov/thesis/benchmarking/datasets/UOB/maybridge-0087-910361984.png,NCCSCCO
/beegfs/home/m.romanov/thesis/benchmarking/datasets/UOB/maybridge-0087-93310593.png,CC(C)(C)OC(O)=NCCN
/beegfs/home/m.romanov/thesis/benchmarking/datasets/UOB/maybridge-0088-1010028314.png,Cn1ncc(C=O)c1N
/beegfs/home/m.romanov/thesis/benchmarking/datasets/UOB/maybridge-0088-130223995.png,COC(=O)c1cc(N)cn1C.Cl
/beegfs/home/m.romanov/thesis/benchmarking/datasets/UOB/maybridge-0088-264888029.png,Cn1nccc1N
/beegfs/home/m.romanov/thesis/benchmarking/datasets/UOB/maybridge-0088-295092678.png,Cc1nn(C)c(C)c1N
/beegfs/home/m.romanov/thesis/benchmarking/datasets/UOB/maybridge-0088-402948878.png,Cc1cc(=N)[nH][nH]1
/beegfs/home/m.romanov/thesis/benchmarking/datasets/UOB/maybridge-0088-491967457.png,N=c1[nH][nH]cc1C(=O)O
/beegfs/home/m.romanov/thesis/benchmarking/datasets/UOB/maybridge-0088-760124483.png,Cn1cc(C=O)c(=N)[nH]1
/beegfs/home/m.romanov/thesis/benchmarking/datasets/UOB/maybridge-0088-783185117.png,Cc1cc(N)n(C)n1
/beegfs/home/m.romanov/thesis/benchmarking/datasets/UOB/maybridge-0088-972749721.png,Nc1cc(O)n[nH]1
/beegfs/home/m.romanov/thesis/benchmarking/datasets/UOB/maybridge-0088-992206211.png,Cn1ccc(=N)[nH]1
/beegfs/home/m.romanov/thesis/benchmarking/datasets/UOB/maybridge-0089-1017400257.png,N=c1cc(-c2cccs2)[nH][nH]1
/beegfs/home/m.romanov/thesis/benchmarking/datasets/UOB/maybridge-0089-262305312.png,Cc1ccc(-c2cc(=N)[nH][nH]2)cc1
/beegfs/home/m.romanov/thesis/benchmarking/datasets/UOB/maybridge-0089-294515705.png,Cn1nc(C(C)(C)C)cc1N
/beegfs/home/m.romanov/thesis/benchmarking/datasets/UOB/maybridge-0089-331152891.png,CC(C)(C)c1cc(=N)[nH][nH]1
/beegfs/home/m.romanov/thesis/benchmarking/datasets/UOB/maybridge-0089-437392870.png,Cn1nc(C2CC2)cc1N
/beegfs/home/m.romanov/thesis/benchmarking/datasets/UOB/maybridge-0089-536645501.png,N=c1cc(-c2ccco2)[nH][nH]1
/beegfs/home/m.romanov/thesis/benchmarking/datasets/UOB/maybridge-0089-559673522.png,N=c1cc(-c2ccccc2)[nH][nH]1
/beegfs/home/m.romanov/thesis/benchmarking/datasets/UOB/maybridge-0089-56399327.png,Cc1cc(N)n(C)n1.Cl
/beegfs/home/m.romanov/thesis/benchmarking/datasets/UOB/maybridge-0089-621532520.png,Cn1nc(-c2ccccc2)cc1N
/beegfs/home/m.romanov/thesis/benchmarking/datasets/UOB/maybridge-0089-802177581.png,CCOC(=O)c1cnn(C)c1N
/beegfs/home/m.romanov/thesis/benchmarking/datasets/UOB/maybridge-0089-883598424.png,Cn1ncc(C(=N)O)c1N
/beegfs/home/m.romanov/thesis/benchmarking/datasets/UOB/maybridge-0090-1036206314.png,Nc1cc(-c2ccccc2)nn1-c1ccccc1
/beegfs/home/m.romanov/thesis/benchmarking/datasets/UOB/maybridge-0090-1040354805.png,Cc1nn(C)c(N2CCOCC2)c1N
/beegfs/home/m.romanov/thesis/benchmarking/datasets/UOB/maybridge-0090-255846400.png,Cn1ncc(Br)c1N
/beegfs/home/m.romanov/thesis/benchmarking/datasets/UOB/maybridge-0090-370270810.png,N=c1cc(-c2ccc(Cl)cc2)[nH][nH]1
/beegfs/home/m.romanov/thesis/benchmarking/datasets/UOB/maybridge-0090-457556032.png,N=c1[nH][nH]c(-c2ccccc2)c1Br
/beegfs/home/m.romanov/thesis/benchmarking/datasets/UOB/maybridge-0090-73857721.png,Cn1nc(C(F)(F)F)c(-c2ccccc2)c1N
/beegfs/home/m.romanov/thesis/benchmarking/datasets/UOB/maybridge-0090-895549112.png,Cn1nc(-c2ccc(Cl)cc2)cc1N
/beegfs/home/m.romanov/thesis/benchmarking/datasets/UOB/maybridge-0090-969786836.png,N#Cc1c(-c2ccc(Cl)cc2)[nH][nH]c1=N
/beegfs/home/m.romanov/thesis/benchmarking/datasets/UOB/maybridge-0090-973816945.png,Cn1nc(-c2cccs2)cc1N
/beegfs/home/m.romanov/thesis/benchmarking/datasets/UOB/maybridge-0091-146386987.png,CC(C)(C)n1nc(-c2ccc(Cl)cc2)c(C#N)c1N
/beegfs/home/m.romanov/thesis/benchmarking/datasets/UOB/maybridge-0091-256920395.png,Cc1csc(N)c1C(N)=O
/beegfs/home/m.romanov/thesis/benchmarking/datasets/UOB/maybridge-0091-320882374.png,N#Cc1ccsc1N
/beegfs/home/m.romanov/thesis/benchmarking/datasets/UOB/maybridge-0091-518145400.png,N#Cc1cc(-c2ccccc2)oc1N
/beegfs/home/m.romanov/thesis/benchmarking/datasets/UOB/maybridge-0091-594202473.png,CSc1nc(=N)n(C)[nH]1
/beegfs/home/m.romanov/thesis/benchmarking/datasets/UOB/maybridge-0091-605710457.png,CC(=O)c1sccc1N
/beegfs/home/m.romanov/thesis/benchmarking/datasets/UOB/maybridge-0091-821825341.png,CCOC(=O)c1cnn(-c2c([N+](=O)[O-])c(C)nn2C)c1N
/beegfs/home/m.romanov/thesis/benchmarking/datasets/UOB/maybridge-0091-822073182.png,CCOC(=O)c1cnn(-c2ccc(F)cc2)c1N
/beegfs/home/m.romanov/thesis/benchmarking/datasets/UOB/maybridge-0091-856800204.png,N=c1nc(S)[nH][nH]1
/beegfs/home/m.romanov/thesis/benchmarking/datasets/UOB/maybridge-0091-898367489.png,CCOC(=O)c1cnn(-c2ccc([N+](=O)[O-])cc2)c1N
/beegfs/home/m.romanov/thesis/benchmarking/datasets/UOB/maybridge-0092-1007127820.png,COC(=O)c1cscc1N
/beegfs/home/m.romanov/thesis/benchmarking/datasets/UOB/maybridge-0092-182635151.png,COC(=O)c1sc(C(C)(C)C)cc1N
/beegfs/home/m.romanov/thesis/benchmarking/datasets/UOB/maybridge-0092-187152619.png,CCOC(=O)c1c(N)sc(C)c1C
/beegfs/home/m.romanov/thesis/benchmarking/datasets/UOB/maybridge-0092-339990049.png,COC(=O)c1ccsc1N
/beegfs/home/m.romanov/thesis/benchmarking/datasets/UOB/maybridge-0092-350103751.png,COC(=O)c1scc(C)c1N
/beegfs/home/m.romanov/thesis/benchmarking/datasets/UOB/maybridge-0092-435877384.png,COC(=O)c1sccc1N
/beegfs/home/m.romanov/thesis/benchmarking/datasets/UOB/maybridge-0092-527558727.png,COC(=O)c1cscc1N
/beegfs/home/m.romanov/thesis/benchmarking/datasets/UOB/maybridge-0092-742696904.png,CC(C)(C)c1cc(N)c(C(N)=O)s1
/beegfs/home/m.romanov/thesis/benchmarking/datasets/UOB/maybridge-0092-879319175.png,COC(=O)c1scc(C#N)c1N
/beegfs/home/m.romanov/thesis/benchmarking/datasets/UOB/maybridge-0092-920531422.png,CCOC(=O)c1c(C)csc1N
/beegfs/home/m.romanov/thesis/benchmarking/datasets/UOB/maybridge-0093-1067000271.png,Cc1csc(N)c1-c1nc2ccccc2s1
/beegfs/home/m.romanov/thesis/benchmarking/datasets/UOB/maybridge-0093-337426212.png,CC(C)S(=O)(=O)c1csc(C(=O)O)c1N
/beegfs/home/m.romanov/thesis/benchmarking/datasets/UOB/maybridge-0093-353902073.png,CCOC(=O)c1c(-c2ccco2)csc1N
/beegfs/home/m.romanov/thesis/benchmarking/datasets/UOB/maybridge-0093-45693789.png,COC(=O)c1scc(S(C)(=O)=O)c1N
/beegfs/home/m.romanov/thesis/benchmarking/datasets/UOB/maybridge-0093-473719625.png,COC(=O)c1sc(-c2ccc(F)cc2)cc1N
/beegfs/home/m.romanov/thesis/benchmarking/datasets/UOB/maybridge-0093-526696883.png,Nc1cscc1S(=O)(=O)c1ccccc1
/beegfs/home/m.romanov/thesis/benchmarking/datasets/UOB/maybridge-0093-584771162.png,N#Cc1sc(-c2ccc(F)cc2)cc1N
/beegfs/home/m.romanov/thesis/benchmarking/datasets/UOB/maybridge-0093-586779236.png,COC(=O)c1sc(SC)c(C#N)c1N
/beegfs/home/m.romanov/thesis/benchmarking/datasets/UOB/maybridge-0093-743205636.png,COC(=O)c1sc(-c2ccccc2)cc1N
/beegfs/home/m.romanov/thesis/benchmarking/datasets/UOB/maybridge-0093-914536231.png,Nc1csc(C(F)(F)F)c1-c1ccccc1
/beegfs/home/m.romanov/thesis/benchmarking/datasets/UOB/maybridge-0094-1061649174.png,COC(=O)c1sc(N2CCCCC2)c(C#N)c1N
/beegfs/home/m.romanov/thesis/benchmarking/datasets/UOB/maybridge-0094-187287741.png,CCOC(=O)c1c(-c2ccc(OC)cc2)csc1N
/beegfs/home/m.romanov/thesis/benchmarking/datasets/UOB/maybridge-0094-356665438.png,CCOC(=O)c1c(-c2ccc(Cl)cc2)csc1N
/beegfs/home/m.romanov/thesis/benchmarking/datasets/UOB/maybridge-0094-421594354.png,CCOC(=O)c1c(-c2cccs2)csc1N
/beegfs/home/m.romanov/thesis/benchmarking/datasets/UOB/maybridge-0094-550337178.png,COC(=O)c1sc(-c2ccc(Cl)cc2)cc1N
/beegfs/home/m.romanov/thesis/benchmarking/datasets/UOB/maybridge-0094-671131245.png,COC(=O)c1scc(S(=O)(=O)C(C)C)c1N
/beegfs/home/m.romanov/thesis/benchmarking/datasets/UOB/maybridge-0094-692789046.png,CC(=O)c1sc(-c2ccc(Cl)cc2)cc1N
/beegfs/home/m.romanov/thesis/benchmarking/datasets/UOB/maybridge-0094-717543408.png,CC(C)(C)c1ccc(-c2cc(N)c(C(N)=O)s2)cc1
/beegfs/home/m.romanov/thesis/benchmarking/datasets/UOB/maybridge-0094-826882130.png,CCOC(=O)c1c(N)sc(C)c1-c1ccccc1
/beegfs/home/m.romanov/thesis/benchmarking/datasets/UOB/maybridge-0094-887148720.png,Nc1c(S(=O)(=O)c2ccccc2)csc1C(=O)O
/beegfs/home/m.romanov/thesis/benchmarking/datasets/UOB/maybridge-0095-200163973.png,CCOC(=O)c1c(-c2ccc(-c3ccccc3)cc2)csc1N
/beegfs/home/m.romanov/thesis/benchmarking/datasets/UOB/maybridge-0095-369278045.png,Nc1c(C(=O)O)sc(C(F)(F)F)c1-c1ccccc1
/beegfs/home/m.romanov/thesis/benchmarking/datasets/UOB/maybridge-0095-425127637.png,COC(=O)c1sc(SC)c(S(=O)(=O)C(C)C)c1N
/beegfs/home/m.romanov/thesis/benchmarking/datasets/UOB/maybridge-0095-506658264.png,Cc1cc(N)on1
/beegfs/home/m.romanov/thesis/benchmarking/datasets/UOB/maybridge-0095-526962569.png,COC(=O)c1sc(C(F)(F)F)c(-c2ccccc2)c1N
/beegfs/home/m.romanov/thesis/benchmarking/datasets/UOB/maybridge-0095-545468740.png,N#Cc1co[nH]c1=N
/beegfs/home/m.romanov/thesis/benchmarking/datasets/UOB/maybridge-0095-557156644.png,CCOC(=O)c1c(-c2ccc(Br)cc2)csc1N
/beegfs/home/m.romanov/thesis/benchmarking/datasets/UOB/maybridge-0095-564620461.png,COC(=O)c1sc(-c2ccc(C(C)(C)C)cc2)cc1N
/beegfs/home/m.romanov/thesis/benchmarking/datasets/UOB/maybridge-0095-567174568.png,CCOC(=O)c1sc(SC)c(S(C)(=O)=O)c1N
/beegfs/home/m.romanov/thesis/benchmarking/datasets/UOB/maybridge-0095-625943738.png,COC(=O)c1scc(S(=O)(=O)Cc2ccco2)c1N
/beegfs/home/m.romanov/thesis/benchmarking/datasets/UOB/maybridge-0096-120241448.png,CCOC(=O)c1c(C)nsc1N
/beegfs/home/m.romanov/thesis/benchmarking/datasets/UOB/maybridge-0096-219361904.png,Cc1noc(C)c1N
/beegfs/home/m.romanov/thesis/benchmarking/datasets/UOB/maybridge-0096-266919872.png,Cc1onc(-c2ccccc2)c1N
/beegfs/home/m.romanov/thesis/benchmarking/datasets/UOB/maybridge-0096-426812539.png,CCOC(=O)c1sc(=N)[nH]c1C
/beegfs/home/m.romanov/thesis/benchmarking/datasets/UOB/maybridge-0096-570485418.png,Cc1noc(N)c1[N+](=O)[O-]
/beegfs/home/m.romanov/thesis/benchmarking/datasets/UOB/maybridge-0096-614976394.png,Nc1oncc1-c1ccccn1
/beegfs/home/m.romanov/thesis/benchmarking/datasets/UOB/maybridge-0096-790347487.png,CCOC(=O)c1csc(=N)[nH]1
/beegfs/home/m.romanov/thesis/benchmarking/datasets/UOB/maybridge-0096-824564764.png,Cc1o[nH]c(=N)c1Br
/beegfs/home/m.romanov/thesis/benchmarking/datasets/UOB/maybridge-0096-902234690.png,Cc1coc(=N)[nH]1
/beegfs/home/m.romanov/thesis/benchmarking/datasets/UOB/maybridge-0096-929014287.png,Br.Cc1[nH]c(=N)sc1C
/beegfs/home/m.romanov/thesis/benchmarking/datasets/UOB/maybridge-0096-952483461.png,Cc1noc(N)c1C
/beegfs/home/m.romanov/thesis/benchmarking/datasets/UOB/maybridge-0097-141125285.png,Nc1snnc1-c1ccccc1
/beegfs/home/m.romanov/thesis/benchmarking/datasets/UOB/maybridge-0097-16390945.png,N=c1[nH]c(-c2ccc(F)c(F)c2)cs1
/beegfs/home/m.romanov/thesis/benchmarking/datasets/UOB/maybridge-0097-292482490.png,N=c1[nH]c(-c2ccc(Br)s2)cs1
/beegfs/home/m.romanov/thesis/benchmarking/datasets/UOB/maybridge-0097-440254514.png,N=c1nc(-c2ccc(Cl)cc2)s[nH]1
/beegfs/home/m.romanov/thesis/benchmarking/datasets/UOB/maybridge-0097-442062614.png,N=c1nc(-c2ccccc2)s[nH]1
/beegfs/home/m.romanov/thesis/benchmarking/datasets/UOB/maybridge-0097-450704955.png,N=c1[nH]ncs1
/beegfs/home/m.romanov/thesis/benchmarking/datasets/UOB/maybridge-0097-733358028.png,CCOC(=O)c1c[nH]c(=NCc2ccccc2)s1
/beegfs/home/m.romanov/thesis/benchmarking/datasets/UOB/maybridge-0097-854816750.png,Nc1snnc1-c1ccc(Cl)cc1
/beegfs/home/m.romanov/thesis/benchmarking/datasets/UOB/maybridge-0097-863510047.png,Br.CC(C)(C)c1[nH]c(=N)sc1Br
/beegfs/home/m.romanov/thesis/benchmarking/datasets/UOB/maybridge-0097-943411288.png,Nc1snnc1-c1ccc(C(F)(F)F)cc1
/beegfs/home/m.romanov/thesis/benchmarking/datasets/UOB/maybridge-0097-996418342.png,O=C(O)c1c[nH]c(=NCc2ccccc2)s1
/beegfs/home/m.romanov/thesis/benchmarking/datasets/UOB/maybridge-0098-1010280986.png,CC(C)(C)OC(=O)C(C)(C)Sc1n[nH]c(=N)s1
/beegfs/home/m.romanov/thesis/benchmarking/datasets/UOB/maybridge-0098-128189836.png,COc1cccc(N)c1
/beegfs/home/m.romanov/thesis/benchmarking/datasets/UOB/maybridge-0098-247130828.png,N=c1[nH]nc(Br)s1
/beegfs/home/m.romanov/thesis/benchmarking/datasets/UOB/maybridge-0098-304323097.png,Nc1ccc(N)cc1
/beegfs/home/m.romanov/thesis/benchmarking/datasets/UOB/maybridge-0098-327046756.png,Cc1n[nH]c(=N)s1
/beegfs/home/m.romanov/thesis/benchmarking/datasets/UOB/maybridge-0098-64806223.png,Cc1cc(Sc2n[nH]c(=N)s2)c2ccccc2n1
/beegfs/home/m.romanov/thesis/benchmarking/datasets/UOB/maybridge-0098-691911401.png,N=c1[nH]nc(SCC(O)=Nc2ccc3c(c2)OCO3)s1
/beegfs/home/m.romanov/thesis/benchmarking/datasets/UOB/maybridge-0098-704366149.png,Cc1cccc(N)c1N
/beegfs/home/m.romanov/thesis/benchmarking/datasets/UOB/maybridge-0098-725242437.png,Cc1ccc(F)cc1N
/beegfs/home/m.romanov/thesis/benchmarking/datasets/UOB/maybridge-0098-757356783.png,CN=c1[nH]nc(C(F)(F)F)s1
/beegfs/home/m.romanov/thesis/benchmarking/datasets/UOB/maybridge-0098-877935404.png,N=c1[nH]nc(Sc2ncccc2[N+](=O)[O-])s1
/beegfs/home/m.romanov/thesis/benchmarking/datasets/UOB/maybridge-0099-1000095251.png,CC(=O)c1ccc(N)cc1O
/beegfs/home/m.romanov/thesis/benchmarking/datasets/UOB/maybridge-0099-106990991.png,NCc1c(N)cccc1F
/beegfs/home/m.romanov/thesis/benchmarking/datasets/UOB/maybridge-0099-178801099.png,CNc1ccc(C#N)cc1N
/beegfs/home/m.romanov/thesis/benchmarking/datasets/UOB/maybridge-0099-620340275.png,CNc1cccc(Cl)c1
/beegfs/home/m.romanov/thesis/benchmarking/datasets/UOB/maybridge-0099-622008451.png,Cc1ccc(C(=O)O)c(N)c1
/beegfs/home/m.romanov/thesis/benchmarking/datasets/UOB/maybridge-0099-638714906.png,N#Cc1c(N)cccc1Cl
/beegfs/home/m.romanov/thesis/benchmarking/datasets/UOB/maybridge-0099-643979570.png,Cc1ccc(C(=N)O)c(N)c1
/beegfs/home/m.romanov/thesis/benchmarking/datasets/UOB/maybridge-0099-656704521.png,Cc1ccc(C#N)c(N)c1
/beegfs/home/m.romanov/thesis/benchmarking/datasets/UOB/maybridge-0099-672862050.png,COC(=O)c1cccc(N)c1
/beegfs/home/m.romanov/thesis/benchmarking/datasets/UOB/maybridge-0099-863651602.png,N#Cc1ccc(N)c(N)c1
/beegfs/home/m.romanov/thesis/benchmarking/datasets/UOB/maybridge-0099-91185879.png,CC(C)(C)c1ccc(N)cc1
/beegfs/home/m.romanov/thesis/benchmarking/datasets/UOB/maybridge-0099-969894892.png,CC(C)(C)c1cccc(N)c1
/beegfs/home/m.romanov/thesis/benchmarking/datasets/UOB/maybridge-0100-133345658.png,Nc1ccc(-n2cccc2)cc1
/beegfs/home/m.romanov/thesis/benchmarking/datasets/UOB/maybridge-0100-15565642.png,Nc1cccc(-c2ccco2)c1
/beegfs/home/m.romanov/thesis/benchmarking/datasets/UOB/maybridge-0100-159133960.png,Nc1cccc(F)c1C(=O)O
/beegfs/home/m.romanov/thesis/benchmarking/datasets/UOB/maybridge-0100-406849684.png,N#Cc1ccc(N)c(Cl)c1
/beegfs/home/m.romanov/thesis/benchmarking/datasets/UOB/maybridge-0100-51240458.png,Nc1cccc(-n2cccc2)c1
/beegfs/home/m.romanov/thesis/benchmarking/datasets/UOB/maybridge-0100-5508107.png,COc1cc(N)cc(OC)c1
/beegfs/home/m.romanov/thesis/benchmarking/datasets/UOB/maybridge-0100-565503410.png,Cc1cc(N)c(N)cc1Cl
/beegfs/home/m.romanov/thesis/benchmarking/datasets/UOB/maybridge-0100-625161180.png,Nc1ccccc1-n1ccnc1
/beegfs/home/m.romanov/thesis/benchmarking/datasets/UOB/maybridge-0100-668247712.png,Nc1ccccc1-c1ccco1
/beegfs/home/m.romanov/thesis/benchmarking/datasets/UOB/maybridge-0100-712414028.png,Nc1ccc(F)cc1[N+](=O)[O-]
/beegfs/home/m.romanov/thesis/benchmarking/datasets/UOB/maybridge-0100-816939598.png,Nc1ccccc1-n1cccn1
/beegfs/home/m.romanov/thesis/benchmarking/datasets/UOB/maybridge-0100-853908413.png,Nc1ccc(-c2ccco2)cc1
/beegfs/home/m.romanov/thesis/benchmarking/datasets/UOB/maybridge-0101-133845522.png,Nc1ccc(-n2cccn2)cc1
/beegfs/home/m.romanov/thesis/benchmarking/datasets/UOB/maybridge-0101-176200720.png,Nc1ccc(-n2cncn2)cc1
/beegfs/home/m.romanov/thesis/benchmarking/datasets/UOB/maybridge-0101-277501233.png,Nc1cc(O)cc(O)c1
/beegfs/home/m.romanov/thesis/benchmarking/datasets/UOB/maybridge-0101-514953900.png,Nc1ccc(C(F)(F)F)cc1
/beegfs/home/m.romanov/thesis/benchmarking/datasets/UOB/maybridge-0101-631992304.png,Nc1cc(F)c(Cl)cc1N
/beegfs/home/m.romanov/thesis/benchmarking/datasets/UOB/maybridge-0101-765914012.png,Nc1ccc(-c2cnco2)cc1
/beegfs/home/m.romanov/thesis/benchmarking/datasets/UOB/maybridge-0101-87364269.png,Nc1cccc(-c2cnco2)c1
/beegfs/home/m.romanov/thesis/benchmarking/datasets/UOB/maybridge-0101-908861275.png,Nc1ccccc1C(F)(F)F
/beegfs/home/m.romanov/thesis/benchmarking/datasets/UOB/maybridge-0101-92596921.png,Nc1cccc(-n2cncn2)c1
/beegfs/home/m.romanov/thesis/benchmarking/datasets/UOB/maybridge-0101-929396354.png,Nc1ccccc1-c1cnco1
/beegfs/home/m.romanov/thesis/benchmarking/datasets/UOB/maybridge-0101-943529324.png,Nc1ccccc1N1CCCC1
/beegfs/home/m.romanov/thesis/benchmarking/datasets/UOB/maybridge-0101-963521188.png,Nc1cccc(N2CCCC2)c1
/beegfs/home/m.romanov/thesis/benchmarking/datasets/UOB/maybridge-0102-1047073308.png,CC(O)=Nc1cc(N)ccc1C
/beegfs/home/m.romanov/thesis/benchmarking/datasets/UOB/maybridge-0102-1056545257.png,CNc1ccc(C(C)=O)cc1N
/beegfs/home/m.romanov/thesis/benchmarking/datasets/UOB/maybridge-0102-1065710465.png,Nc1ccccc1-c1cccnc1
/beegfs/home/m.romanov/thesis/benchmarking/datasets/UOB/maybridge-0102-13469027.png,Nc1cccc(-c2ccncc2)c1
/beegfs/home/m.romanov/thesis/benchmarking/datasets/UOB/maybridge-0102-179423801.png,CC(=O)N(C)c1ccc(N)cc1
/beegfs/home/m.romanov/thesis/benchmarking/datasets/UOB/maybridge-0102-200223080.png,CC(O)=Nc1ccc(N)cc1C
/beegfs/home/m.romanov/thesis/benchmarking/datasets/UOB/maybridge-0102-210952982.png,CCCCc1ccc(N)c(C)c1
/beegfs/home/m.romanov/thesis/benchmarking/datasets/UOB/maybridge-0102-551040592.png,COC(=O)c1ccc(N)c(C)c1
/beegfs/home/m.romanov/thesis/benchmarking/datasets/UOB/maybridge-0102-573539101.png,CCNc1ccc(C(=O)O)cc1
/beegfs/home/m.romanov/thesis/benchmarking/datasets/UOB/maybridge-0102-641517505.png,COC(=O)c1ccc(N)c(N)c1
/beegfs/home/m.romanov/thesis/benchmarking/datasets/UOB/maybridge-0102-689806343.png,Nc1cccc(-c2cccnc2)c1
/beegfs/home/m.romanov/thesis/benchmarking/datasets/UOB/maybridge-0102-896660177.png,CC(C)(C)c1ccc(N)c(N)c1
/beegfs/home/m.romanov/thesis/benchmarking/datasets/UOB/maybridge-0103-1068504796.png,Cn1cnnc1-c1cccc(N)c1
/beegfs/home/m.romanov/thesis/benchmarking/datasets/UOB/maybridge-0103-179821607.png,CSc1ccc(Cl)cc1N
/beegfs/home/m.romanov/thesis/benchmarking/datasets/UOB/maybridge-0103-191328473.png,Nc1ccc(Cn2cccn2)cc1
/beegfs/home/m.romanov/thesis/benchmarking/datasets/UOB/maybridge-0103-312917314.png,Nc1ccc(Cn2ccnc2)cc1
/beegfs/home/m.romanov/thesis/benchmarking/datasets/UOB/maybridge-0103-323292040.png,Nc1cccc(Cn2cccn2)c1
/beegfs/home/m.romanov/thesis/benchmarking/datasets/UOB/maybridge-0103-345529181.png,Nc1cccc(Cn2cncn2)c1
/beegfs/home/m.romanov/thesis/benchmarking/datasets/UOB/maybridge-0103-433909381.png,Nc1cccc(S(N)(=O)=O)c1
/beegfs/home/m.romanov/thesis/benchmarking/datasets/UOB/maybridge-0103-615420417.png,Nc1cccc(-c2cncnc2)c1
/beegfs/home/m.romanov/thesis/benchmarking/datasets/UOB/maybridge-0103-673919124.png,Nc1cccc(Cn2ccnc2)c1
/beegfs/home/m.romanov/thesis/benchmarking/datasets/UOB/maybridge-0103-6768367.png,Nc1cc(F)c([N+](=O)[O-])cc1N
/beegfs/home/m.romanov/thesis/benchmarking/datasets/UOB/maybridge-0103-696957755.png,Nc1ccc(-c2cccnc2)cc1
/beegfs/home/m.romanov/thesis/benchmarking/datasets/UOB/maybridge-0103-913473438.png,Cn1cnnc1-c1ccc(N)cc1
/beegfs/home/m.romanov/thesis/benchmarking/datasets/UOB/maybridge-0104-1047447947.png,Nc1ccc(Cn2cncn2)cc1
/beegfs/home/m.romanov/thesis/benchmarking/datasets/UOB/maybridge-0104-185866175.png,Cc1nc(-c2cccc(N)c2)no1
/beegfs/home/m.romanov/thesis/benchmarking/datasets/UOB/maybridge-0104-242498640.png,Nc1ccc(C(F)(F)F)cc1N
/beegfs/home/m.romanov/thesis/benchmarking/datasets/UOB/maybridge-0104-44349052.png,CNc1ccc(Cl)cc1Cl
/beegfs/home/m.romanov/thesis/benchmarking/datasets/UOB/maybridge-0104-463767617.png,CNc1ccc(Cl)c(Cl)c1
/beegfs/home/m.romanov/thesis/benchmarking/datasets/UOB/maybridge-0104-590513107.png,Nc1ccccc1-c1cccs1
/beegfs/home/m.romanov/thesis/benchmarking/datasets/UOB/maybridge-0104-639343763.png,Nc1cccc(N2CCCCC2)c1
/beegfs/home/m.romanov/thesis/benchmarking/datasets/UOB/maybridge-0104-668271661.png,Nc1ccccc1Cn1cncn1
/beegfs/home/m.romanov/thesis/benchmarking/datasets/UOB/maybridge-0104-686419233.png,Cc1nc(-c2ccc(N)cc2)no1
/beegfs/home/m.romanov/thesis/benchmarking/datasets/UOB/maybridge-0104-786786487.png,Nc1cccc(-c2cccs2)c1
/beegfs/home/m.romanov/thesis/benchmarking/datasets/UOB/maybridge-0104-861459301.png,Nc1cccc(-c2ccsc2)c1
/beegfs/home/m.romanov/thesis/benchmarking/datasets/UOB/maybridge-0104-861652663.png,Nc1ccc(N2CCCCC2)cc1
/beegfs/home/m.romanov/thesis/benchmarking/datasets/UOB/maybridge-0105-1057334047.png,Nc1cccc(OC(F)(F)F)c1
/beegfs/home/m.romanov/thesis/benchmarking/datasets/UOB/maybridge-0105-108282452.png,Nc1cc(Cl)cc(Cl)c1O
/beegfs/home/m.romanov/thesis/benchmarking/datasets/UOB/maybridge-0105-284645643.png,Nc1ccccc1N1CCOCC1
/beegfs/home/m.romanov/thesis/benchmarking/datasets/UOB/maybridge-0105-351037816.png,Nc1ccc(OC(F)(F)F)cc1
/beegfs/home/m.romanov/thesis/benchmarking/datasets/UOB/maybridge-0105-493166946.png,Nc1cc(F)ccc1-n1ccnc1
/beegfs/home/m.romanov/thesis/benchmarking/datasets/UOB/maybridge-0105-553687768.png,CCCCCCc1ccc(N)cc1
/beegfs/home/m.romanov/thesis/benchmarking/datasets/UOB/maybridge-0105-618280883.png,Nc1ccc(CN2CCCC2)cc1
/beegfs/home/m.romanov/thesis/benchmarking/datasets/UOB/maybridge-0105-680554710.png,Cc1cc(C(C)(C)C)cc(C)c1N
/beegfs/home/m.romanov/thesis/benchmarking/datasets/UOB/maybridge-0105-815100247.png,Nc1ccc(-c2csnn2)cc1
/beegfs/home/m.romanov/thesis/benchmarking/datasets/UOB/maybridge-0105-880448738.png,Nc1cccc(CN2CCCC2)c1
/beegfs/home/m.romanov/thesis/benchmarking/datasets/UOB/maybridge-0105-888425101.png,Nc1cc(Cl)c(Cl)cc1N
/beegfs/home/m.romanov/thesis/benchmarking/datasets/UOB/maybridge-0105-9181428.png,Nc1ccccc1N1CCNCC1
/beegfs/home/m.romanov/thesis/benchmarking/datasets/UOB/maybridge-0106-125657137.png,Nc1cccc(C2OCCCO2)c1
/beegfs/home/m.romanov/thesis/benchmarking/datasets/UOB/maybridge-0106-353593581.png,Cc1nccc(-c2cccc(N)c2)n1
/beegfs/home/m.romanov/thesis/benchmarking/datasets/UOB/maybridge-0106-396947729.png,CC(C)(C)c1ccc(N)c(Cl)c1
/beegfs/home/m.romanov/thesis/benchmarking/datasets/UOB/maybridge-0106-44759623.png,Nc1cccc(N2CCOCC2)c1
/beegfs/home/m.romanov/thesis/benchmarking/datasets/UOB/maybridge-0106-475774867.png,CN(C)CCOc1ccc(N)cc1
/beegfs/home/m.romanov/thesis/benchmarking/datasets/UOB/maybridge-0106-6194668.png,Cc1cc(C(=O)O)cc(Cl)c1N
/beegfs/home/m.romanov/thesis/benchmarking/datasets/UOB/maybridge-0106-623935478.png,Nc1ccc(N2CCOCC2)cc1
/beegfs/home/m.romanov/thesis/benchmarking/datasets/UOB/maybridge-0106-63712868.png,COc1cc(OC)c(N)c(OC)c1
/beegfs/home/m.romanov/thesis/benchmarking/datasets/UOB/maybridge-0106-649048583.png,Nc1ccc(Cc2ccncc2)cc1
/beegfs/home/m.romanov/thesis/benchmarking/datasets/UOB/maybridge-0106-756914298.png,CN(C)CCOc1ccccc1N
/beegfs/home/m.romanov/thesis/benchmarking/datasets/UOB/maybridge-0106-809030947.png,CCOC(=O)Cc1ccc(N)cc1
/beegfs/home/m.romanov/thesis/benchmarking/datasets/UOB/maybridge-0106-823642962.png,COC(=O)c1ccc(N)cc1OC
/beegfs/home/m.romanov/thesis/benchmarking/datasets/UOB/maybridge-0107-1036306848.png,Nc1ccc(Br)cc1N
/beegfs/home/m.romanov/thesis/benchmarking/datasets/UOB/maybridge-0107-202482294.png,N#Cc1ccc(N)cc1C(F)(F)F
/beegfs/home/m.romanov/thesis/benchmarking/datasets/UOB/maybridge-0107-253650370.png,COC(=O)c1ccc(N)cc1
/beegfs/home/m.romanov/thesis/benchmarking/datasets/UOB/maybridge-0107-271865356.png,Cc1cc(C)n(-c2ccc(N)cc2)n1
/beegfs/home/m.romanov/thesis/benchmarking/datasets/UOB/maybridge-0107-42475201.png,Nc1cccc(Oc2ccccn2)c1
/beegfs/home/m.romanov/thesis/benchmarking/datasets/UOB/maybridge-0107-502134623.png,Nc1cccc(CN2CCCCC2)c1
/beegfs/home/m.romanov/thesis/benchmarking/datasets/UOB/maybridge-0107-770676728.png,Nc1cc(Cl)c(F)cc1[N+](=O)[O-]
/beegfs/home/m.romanov/thesis/benchmarking/datasets/UOB/maybridge-0107-788733844.png,Nc1ccc(CN2CCCCC2)cc1
/beegfs/home/m.romanov/thesis/benchmarking/datasets/UOB/maybridge-0107-850309160.png,Cc1nc(-c2cccc(N)c2)cs1
/beegfs/home/m.romanov/thesis/benchmarking/datasets/UOB/maybridge-0107-912715856.png,Cc1cc(N)ccc1C(C)C
/beegfs/home/m.romanov/thesis/benchmarking/datasets/UOB/maybridge-0107-949151251.png,Nc1cccc(B(O)O)c1
/beegfs/home/m.romanov/thesis/benchmarking/datasets/UOB/maybridge-0107-989033962.png,Cc1nc(-c2ccc(N)cc2)cs1
/beegfs/home/m.romanov/thesis/benchmarking/datasets/UOB/maybridge-0108-1013741880.png,CC(C)(C)OC(=O)c1cccc(N)c1
/beegfs/home/m.romanov/thesis/benchmarking/datasets/UOB/maybridge-0108-123012509.png,CCOC(=O)c1ccc(NC)c(N)c1
/beegfs/home/m.romanov/thesis/benchmarking/datasets/UOB/maybridge-0108-125864901.png,CN1CCN(c2cccc(N)c2)CC1
/beegfs/home/m.romanov/thesis/benchmarking/datasets/UOB/maybridge-0108-132556360.png,Nc1ccccc1OC1CCOCC1
/beegfs/home/m.romanov/thesis/benchmarking/datasets/UOB/maybridge-0108-141250361.png,Nc1ccccc1CN1CCOCC1
/beegfs/home/m.romanov/thesis/benchmarking/datasets/UOB/maybridge-0108-431864259.png,CN1CCN(c2ccc(N)cc2)CC1
/beegfs/home/m.romanov/thesis/benchmarking/datasets/UOB/maybridge-0108-448123597.png,Nc1ccc(CN2CCOCC2)cc1
/beegfs/home/m.romanov/thesis/benchmarking/datasets/UOB/maybridge-0108-57689004.png,CNc1ccc(OC(F)(F)F)cc1
/beegfs/home/m.romanov/thesis/benchmarking/datasets/UOB/maybridge-0108-579143159.png,Nc1cccc(CN2CCOCC2)c1
/beegfs/home/m.romanov/thesis/benchmarking/datasets/UOB/maybridge-0108-620494177.png,Nc1c([N+](=O)[O-])cc(F)c(F)c1F
/beegfs/home/m.romanov/thesis/benchmarking/datasets/UOB/maybridge-0108-946267284.png,CNc1ccccc1OC(F)(F)F
/beegfs/home/m.romanov/thesis/benchmarking/datasets/UOB/maybridge-0108-957264560.png,CN1CCN(c2ccccc2N)CC1
/beegfs/home/m.romanov/thesis/benchmarking/datasets/UOB/maybridge-0109-149872913.png,N#Cc1ccc(N)c(OC(F)(F)F)c1
/beegfs/home/m.romanov/thesis/benchmarking/datasets/UOB/maybridge-0109-24129417.png,Cc1ccc(N)cc1NS(C)(=O)=O
/beegfs/home/m.romanov/thesis/benchmarking/datasets/UOB/maybridge-0109-311167948.png,CN1CCN(Cc2ccccc2N)CC1
/beegfs/home/m.romanov/thesis/benchmarking/datasets/UOB/maybridge-0109-34129364.png,Cc1cc(Br)cc(N)c1N
/beegfs/home/m.romanov/thesis/benchmarking/datasets/UOB/maybridge-0109-494686281.png,CCNc1ccc(OC(F)(F)F)cc1
/beegfs/home/m.romanov/thesis/benchmarking/datasets/UOB/maybridge-0109-6156886.png,Nc1ccccc1-c1nc2ccccc2[nH]1
/beegfs/home/m.romanov/thesis/benchmarking/datasets/UOB/maybridge-0109-680518646.png,COC(=O)c1ccc(C(=O)OC)c(N)c1
/beegfs/home/m.romanov/thesis/benchmarking/datasets/UOB/maybridge-0109-684534243.png,Nc1cccc(COc2ccccc2)c1
/beegfs/home/m.romanov/thesis/benchmarking/datasets/UOB/maybridge-0109-692243577.png,Nc1ccccc1COc1ccccc1
/beegfs/home/m.romanov/thesis/benchmarking/datasets/UOB/maybridge-0109-721184950.png,Nc1cccc(C(=O)c2ccccc2)c1
/beegfs/home/m.romanov/thesis/benchmarking/datasets/UOB/maybridge-0109-851885009.png,COC(=O)c1cccc(C(=O)O)c1N
/beegfs/home/m.romanov/thesis/benchmarking/datasets/UOB/maybridge-0109-856400323.png,Nc1cc(Cl)c(Cl)cc1[N+](=O)[O-]
/beegfs/home/m.romanov/thesis/benchmarking/datasets/UOB/maybridge-0110-1055073702.png,Cc1c(Br)cc(N)c(N)c1C
/beegfs/home/m.romanov/thesis/benchmarking/datasets/UOB/maybridge-0110-154332817.png,CNc1ccc(C(F)(F)F)cc1[N+](=O)[O-]
/beegfs/home/m.romanov/thesis/benchmarking/datasets/UOB/maybridge-0110-17039755.png,Nc1ccc(-c2cn3c(n2)SCC3)cc1
/beegfs/home/m.romanov/thesis/benchmarking/datasets/UOB/maybridge-0110-26285040.png,Nc1ccc(Br)cc1[N+](=O)[O-]
/beegfs/home/m.romanov/thesis/benchmarking/datasets/UOB/maybridge-0110-34181467.png,Nc1ccc(S(=O)(=O)NCCO)cc1
/beegfs/home/m.romanov/thesis/benchmarking/datasets/UOB/maybridge-0110-508646933.png,Nc1ccc(Br)cc1C(=O)O
/beegfs/home/m.romanov/thesis/benchmarking/datasets/UOB/maybridge-0110-593551860.png,Nc1cc(C(F)(F)F)cc(Cl)c1N
/beegfs/home/m.romanov/thesis/benchmarking/datasets/UOB/maybridge-0110-778266064.png,Cc1ccc(N)cc1OCc1ccccc1
/beegfs/home/m.romanov/thesis/benchmarking/datasets/UOB/maybridge-0110-784214825.png,CC(O)=Nc1ccc(C(F)(F)F)cc1N
/beegfs/home/m.romanov/thesis/benchmarking/datasets/UOB/maybridge-0110-903835678.png,Nc1c(Br)cccc1C(=O)O
/beegfs/home/m.romanov/thesis/benchmarking/datasets/UOB/maybridge-0110-983428161.png,Nc1ccc(Cl)cc1OC(F)(F)F
/beegfs/home/m.romanov/thesis/benchmarking/datasets/UOB/maybridge-0110-997323035.png,Nc1ccc(N2CCOCC2)c(Cl)c1
/beegfs/home/m.romanov/thesis/benchmarking/datasets/UOB/maybridge-0111-1069587735.png,Cc1cc(I)ccc1N
/beegfs/home/m.romanov/thesis/benchmarking/datasets/UOB/maybridge-0111-223904859.png,Cc1cc(Br)c(N)c([N+](=O)[O-])c1
/beegfs/home/m.romanov/thesis/benchmarking/datasets/UOB/maybridge-0111-369076952.png,Nc1ccc(C(=O)O)cc1OC(F)(F)F
/beegfs/home/m.romanov/thesis/benchmarking/datasets/UOB/maybridge-0111-430066354.png,Nc1ccc(C(F)(F)F)cc1Br
/beegfs/home/m.romanov/thesis/benchmarking/datasets/UOB/maybridge-0111-470621039.png,Nc1ccccc1OCCN1CCOCC1
/beegfs/home/m.romanov/thesis/benchmarking/datasets/UOB/maybridge-0111-480141170.png,Nc1cccc(OCCN2CCOCC2)c1
/beegfs/home/m.romanov/thesis/benchmarking/datasets/UOB/maybridge-0111-512233467.png,Nc1c(Cl)cc(C(F)(F)F)cc1Cl
/beegfs/home/m.romanov/thesis/benchmarking/datasets/UOB/maybridge-0111-617615078.png,Nc1ccc(OCCN2CCOCC2)cc1
/beegfs/home/m.romanov/thesis/benchmarking/datasets/UOB/maybridge-0111-669649663.png,Nc1cccc(S(=O)(=O)N2CCCC2)c1
/beegfs/home/m.romanov/thesis/benchmarking/datasets/UOB/maybridge-0111-845943338.png,Nc1ccc(-n2cnc(Cl)c2Cl)cc1
/beegfs/home/m.romanov/thesis/benchmarking/datasets/UOB/maybridge-0111-882209092.png,Nc1ccc(OC(F)(F)F)cc1[N+](=O)[O-]
/beegfs/home/m.romanov/thesis/benchmarking/datasets/UOB/maybridge-0111-891219463.png,Nc1ccc(CN2CCS(=O)(=O)CC2)cc1
/beegfs/home/m.romanov/thesis/benchmarking/datasets/UOB/maybridge-0112-1008614252.png,CCOC(=O)c1cnn(-c2ccc(N)cc2)c1C
/beegfs/home/m.romanov/thesis/benchmarking/datasets/UOB/maybridge-0112-154956296.png,Nc1cc(C(F)(F)F)ccc1N1CCOCC1
/beegfs/home/m.romanov/thesis/benchmarking/datasets/UOB/maybridge-0112-155496172.png,Nc1ccc(S(=O)(=O)N2CCOCC2)cc1
/beegfs/home/m.romanov/thesis/benchmarking/datasets/UOB/maybridge-0112-258986885.png,Nc1ccc(S(=O)(=O)N2CCCCC2)cc1
/beegfs/home/m.romanov/thesis/benchmarking/datasets/UOB/maybridge-0112-474135608.png,Nc1ccc(I)cc1Cl
/beegfs/home/m.romanov/thesis/benchmarking/datasets/UOB/maybridge-0112-560654361.png,Nc1cccc(S(=O)(=O)N2CCCCC2)c1
/beegfs/home/m.romanov/thesis/benchmarking/datasets/UOB/maybridge-0112-6340114.png,Nc1cccc(S(=O)(=O)N2CCOCC2)c1
/beegfs/home/m.romanov/thesis/benchmarking/datasets/UOB/maybridge-0112-66871866.png,Nc1c(Cl)cc(C(F)(F)F)cc1[N+](=O)[O-]
/beegfs/home/m.romanov/thesis/benchmarking/datasets/UOB/maybridge-0112-707136851.png,Nc1cc(Cl)c(C(F)(F)F)cc1[N+](=O)[O-]
/beegfs/home/m.romanov/thesis/benchmarking/datasets/UOB/maybridge-0112-826173059.png,Cn1cc(Br)c(-c2cccc(N)c2)n1
/beegfs/home/m.romanov/thesis/benchmarking/datasets/UOB/maybridge-0112-922016884.png,Nc1ccc(Br)c(Cl)c1Cl
/beegfs/home/m.romanov/thesis/benchmarking/datasets/UOB/maybridge-0113-1037016745.png,N#Cc1ccc(Oc2ccc(C(F)(F)F)cc2N)cc1
/beegfs/home/m.romanov/thesis/benchmarking/datasets/UOB/maybridge-0113-246101170.png,CCOC(=O)C1CCN(Cc2cccc(N)c2)CC1
/beegfs/home/m.romanov/thesis/benchmarking/datasets/UOB/maybridge-0113-423736498.png,Nc1cc(C(F)(F)F)cc(Br)c1N
/beegfs/home/m.romanov/thesis/benchmarking/datasets/UOB/maybridge-0113-535628955.png,Nc1ccc(OC(F)(F)F)cc1Br
/beegfs/home/m.romanov/thesis/benchmarking/datasets/UOB/maybridge-0113-662442513.png,CC(C)(C)c1cc(C(C)(C)C)n(-c2ccc(N)cc2)n1
/beegfs/home/m.romanov/thesis/benchmarking/datasets/UOB/maybridge-0113-718251417.png,Nc1ccc(Cl)cc1C(O)=NCc1cccs1
/beegfs/home/m.romanov/thesis/benchmarking/datasets/UOB/maybridge-0113-832109094.png,Nc1ccc(Br)cc1OC(F)(F)F
/beegfs/home/m.romanov/thesis/benchmarking/datasets/UOB/maybridge-0113-841705286.png,CC(C)(C)OC(=O)N1CCN(c2ccccc2N)CC1
/beegfs/home/m.romanov/thesis/benchmarking/datasets/UOB/maybridge-0113-847728136.png,Nc1c(Cl)cc(C(F)(F)F)cc1Br
/beegfs/home/m.romanov/thesis/benchmarking/datasets/UOB/maybridge-0113-995846580.png,Cc1c(Br)cc(Br)c(N)c1C
/beegfs/home/m.romanov/thesis/benchmarking/datasets/UOB/maybridge-0114-101088316.png,Nc1c(Br)cc(C(F)(F)F)cc1[N+](=O)[O-]
/beegfs/home/m.romanov/thesis/benchmarking/datasets/UOB/maybridge-0114-1055122907.png,CC(C)(C)OC(=O)N1CCN(Cc2cccc(N)c2)CC1
/beegfs/home/m.romanov/thesis/benchmarking/datasets/UOB/maybridge-0114-325576822.png,CCOC(=O)CNc1ccc(I)cc1
/beegfs/home/m.romanov/thesis/benchmarking/datasets/UOB/maybridge-0114-533403235.png,COc1ccc(NC2CCN(C(=O)OC(C)(C)C)CC2)cc1
/beegfs/home/m.romanov/thesis/benchmarking/datasets/UOB/maybridge-0114-657585007.png,CC(C)(C)OC(=O)N1CCC(Oc2ccccc2N)CC1
/beegfs/home/m.romanov/thesis/benchmarking/datasets/UOB/maybridge-0114-69237736.png,Nc1ccccc1NC1CCN(Cc2ccccc2)CC1
/beegfs/home/m.romanov/thesis/benchmarking/datasets/UOB/maybridge-0114-872112621.png,Nc1c(Br)cc(Br)cc1C(=O)O
/beegfs/home/m.romanov/thesis/benchmarking/datasets/UOB/maybridge-0114-90223520.png,Cc1cc(Br)c(N)cc1OCc1ccccc1
/beegfs/home/m.romanov/thesis/benchmarking/datasets/UOB/maybridge-0115-1027846630.png,FC(F)(F)c1cc(NCCC2CCCCN2)cc(C(F)(F)F)c1
/beegfs/home/m.romanov/thesis/benchmarking/datasets/UOB/maybridge-0115-257882293.png,COc1ccccc1-c1nc(CSc2ccccc2N)no1
/beegfs/home/m.romanov/thesis/benchmarking/datasets/UOB/maybridge-0115-268176197.png,CN1CCCN(c2ccc(N)cc2)CC1.Cl.Cl.Cl.O
/beegfs/home/m.romanov/thesis/benchmarking/datasets/UOB/maybridge-0115-436555794.png,CCOC(=O)c1cc(I)c(N)c(I)c1
/beegfs/home/m.romanov/thesis/benchmarking/datasets/UOB/maybridge-0115-444565781.png,Cc1cc(S(=O)(=O)Cc2ccc(N)cc2)c(C)cc1Cl
/beegfs/home/m.romanov/thesis/benchmarking/datasets/UOB/maybridge-0115-599629407.png,CC(C)(C)OC(O)=NCCNc1ccc(C(F)(F)F)cc1N
/beegfs/home/m.romanov/thesis/benchmarking/datasets/UOB/maybridge-0115-613737475.png,Nc1cc(C(F)(F)F)c(C(F)(F)F)cc1Br
/beegfs/home/m.romanov/thesis/benchmarking/datasets/UOB/maybridge-0115-758911792.png,Nc1c(Br)cc(Br)cc1C(F)(F)F
/beegfs/home/m.romanov/thesis/benchmarking/datasets/UOB/maybridge-0115-916424230.png,Cc1ccc2nc(-c3ccc(N)cc3)sc2c1S(=O)(=O)O
/beegfs/home/m.romanov/thesis/benchmarking/datasets/UOB/maybridge-0115-953623461.png,Cc1ccc(=N)[nH]c1
/beegfs/home/m.romanov/thesis/benchmarking/datasets/UOB/maybridge-0116-1022850339.png,COC(=O)c1cccnc1N
/beegfs/home/m.romanov/thesis/benchmarking/datasets/UOB/maybridge-0116-149163444.png,Nc1cc(Cl)nc(Cl)c1
/beegfs/home/m.romanov/thesis/benchmarking/datasets/UOB/maybridge-0116-163299728.png,Nc1cnccc1C(=O)O
/beegfs/home/m.romanov/thesis/benchmarking/datasets/UOB/maybridge-0116-170268528.png,Nc1ccc(Cl)nc1Cl
/beegfs/home/m.romanov/thesis/benchmarking/datasets/UOB/maybridge-0116-241939391.png,Nc1cc(Cl)cnc1Cl
/beegfs/home/m.romanov/thesis/benchmarking/datasets/UOB/maybridge-0116-499620070.png,N=c1ccc(C(F)(F)F)c[nH]1
/beegfs/home/m.romanov/thesis/benchmarking/datasets/UOB/maybridge-0116-582657937.png,Nc1ccnc(Cl)c1
/beegfs/home/m.romanov/thesis/benchmarking/datasets/UOB/maybridge-0116-649310274.png,COC(=O)c1ccc(=N)[nH]c1
/beegfs/home/m.romanov/thesis/benchmarking/datasets/UOB/maybridge-0116-698607258.png,Nc1cnccc1C(F)(F)F
/beegfs/home/m.romanov/thesis/benchmarking/datasets/UOB/maybridge-0116-830403260.png,N=c1ccc(CO)c[nH]1
/beegfs/home/m.romanov/thesis/benchmarking/datasets/UOB/maybridge-0116-90202230.png,Cc1[nH]c(=N)ccc1C#N
/beegfs/home/m.romanov/thesis/benchmarking/datasets/UOB/maybridge-0116-954264759.png,COc1ncccc1N
/beegfs/home/m.romanov/thesis/benchmarking/datasets/UOB/maybridge-0117-105650205.png,Nc1cccnc1Oc1ccc(F)cc1F
/beegfs/home/m.romanov/thesis/benchmarking/datasets/UOB/maybridge-0117-164364481.png,Nc1ccc(N2CCOCC2)nc1
/beegfs/home/m.romanov/thesis/benchmarking/datasets/UOB/maybridge-0117-16532891.png,Nc1ccc(-c2ccccc2)nc1
/beegfs/home/m.romanov/thesis/benchmarking/datasets/UOB/maybridge-0117-286025532.png,Cc1cc(Br)c[nH]c1=N
/beegfs/home/m.romanov/thesis/benchmarking/datasets/UOB/maybridge-0117-365507992.png,Nc1ccc(Oc2ccccc2)nc1
/beegfs/home/m.romanov/thesis/benchmarking/datasets/UOB/maybridge-0117-518264280.png,Cc1[nH]c(=N)ccc1Br
/beegfs/home/m.romanov/thesis/benchmarking/datasets/UOB/maybridge-0117-610585630.png,Nc1ncc(C(F)(F)F)cc1Cl
/beegfs/home/m.romanov/thesis/benchmarking/datasets/UOB/maybridge-0117-720134008.png,Cc1cnc(N)c(Br)c1
/beegfs/home/m.romanov/thesis/benchmarking/datasets/UOB/maybridge-0117-750658917.png,Nc1ccc(-c2cccs2)nc1
/beegfs/home/m.romanov/thesis/benchmarking/datasets/UOB/maybridge-0117-760545168.png,Nc1cccnc1N1CCOCC1
/beegfs/home/m.romanov/thesis/benchmarking/datasets/UOB/maybridge-0117-876471134.png,Nc1c(C(F)(F)F)cc(Cl)nc1Cl
/beegfs/home/m.romanov/thesis/benchmarking/datasets/UOB/maybridge-0118-1069035473.png,COc1cc(N)ncn1
/beegfs/home/m.romanov/thesis/benchmarking/datasets/UOB/maybridge-0118-400195185.png,Cc1nc(N)c(Br)cc1Br
/beegfs/home/m.romanov/thesis/benchmarking/datasets/UOB/maybridge-0118-433787694.png,COc1cc(OC)[nH]c(=N)n1
/beegfs/home/m.romanov/thesis/benchmarking/datasets/UOB/maybridge-0118-500765886.png,Cc1nc(Cl)[nH]c(=N)c1N
/beegfs/home/m.romanov/thesis/benchmarking/datasets/UOB/maybridge-0118-54434599.png,N=c1ccc(Br)n[nH]1
/beegfs/home/m.romanov/thesis/benchmarking/datasets/UOB/maybridge-0118-547154517.png,N#Cc1c[nH]c(Cl)nc1=N
/beegfs/home/m.romanov/thesis/benchmarking/datasets/UOB/maybridge-0118-549722698.png,Cc1nc(=N)c(C#N)c[nH]1
/beegfs/home/m.romanov/thesis/benchmarking/datasets/UOB/maybridge-0118-661022304.png,Nc1ccc(Sc2cc(Cl)ccc2Cl)nc1
/beegfs/home/m.romanov/thesis/benchmarking/datasets/UOB/maybridge-0118-801723825.png,CSc1nc(=N)c(C#N)c[nH]1
/beegfs/home/m.romanov/thesis/benchmarking/datasets/UOB/maybridge-0118-846411868.png,Nc1ncc(Br)cc1Br
/beegfs/home/m.romanov/thesis/benchmarking/datasets/UOB/maybridge-0118-941997635.png,N=c1ccc(Cl)n[nH]1
/beegfs/home/m.romanov/thesis/benchmarking/datasets/UOB/maybridge-0118-955141148.png,N=c1ccnc(S)[nH]1
/beegfs/home/m.romanov/thesis/benchmarking/datasets/UOB/maybridge-0119-132973406.png,CSc1nc(-c2ccc(C)cc2)[nH]c(=N)c1C#N
/beegfs/home/m.romanov/thesis/benchmarking/datasets/UOB/maybridge-0119-175665774.png,CCOC(=O)c1cnc(S)[nH]c1=N
/beegfs/home/m.romanov/thesis/benchmarking/datasets/UOB/maybridge-0119-29095669.png,N#Cc1c[nH]c(Br)nc1=N
/beegfs/home/m.romanov/thesis/benchmarking/datasets/UOB/maybridge-0119-495469240.png,COc1ccc(-c2cc(C(F)(F)F)nc(=N)[nH]2)cc1
/beegfs/home/m.romanov/thesis/benchmarking/datasets/UOB/maybridge-0119-504065841.png,CC(C)(C)S(=O)(=O)c1c[nH]c(=N)[nH]c1=N
/beegfs/home/m.romanov/thesis/benchmarking/datasets/UOB/maybridge-0119-575097047.png,CCOC(=O)c1c[nH]c(=N)nc1C
/beegfs/home/m.romanov/thesis/benchmarking/datasets/UOB/maybridge-0119-683857827.png,N=c1nc(-c2cc(-c3cccc(C(F)(F)F)c3)no2)cc[nH]1
/beegfs/home/m.romanov/thesis/benchmarking/datasets/UOB/maybridge-0119-725548355.png,N=c1nc(C(F)(F)F)cc(-c2ccccc2)[nH]1
/beegfs/home/m.romanov/thesis/benchmarking/datasets/UOB/maybridge-0119-849758628.png,CC(C)S(=O)(=O)c1cnc(-c2cccnc2)[nH]c1=N
/beegfs/home/m.romanov/thesis/benchmarking/datasets/UOB/maybridge-0119-950573207.png,CCSc1nc(N)c(Br)c(O)n1
/beegfs/home/m.romanov/thesis/benchmarking/datasets/UOB/maybridge-0120-143619142.png,CCOc1nc(=N)[nH]c(=NC)[nH]1
/beegfs/home/m.romanov/thesis/benchmarking/datasets/UOB/maybridge-0120-363235396.png,N=c1nnc(-c2ccccc2)c(-c2ccccc2)[nH]1
/beegfs/home/m.romanov/thesis/benchmarking/datasets/UOB/maybridge-0120-477906048.png,N=c1nc(C(F)(F)F)cc(-c2ccc(Br)cc2)[nH]1
/beegfs/home/m.romanov/thesis/benchmarking/datasets/UOB/maybridge-0120-566441527.png,Cc1nc(O)[nH]c(=N)n1
/beegfs/home/m.romanov/thesis/benchmarking/datasets/UOB/maybridge-0120-65108651.png,CSc1nc(C(C)C)nc(=N)[nH]1
/beegfs/home/m.romanov/thesis/benchmarking/datasets/UOB/maybridge-0120-665662295.png,Nc1cnc(Br)cn1
/beegfs/home/m.romanov/thesis/benchmarking/datasets/UOB/maybridge-0120-709960176.png,COc1nc(=N)nc(SC)[nH]1
/beegfs/home/m.romanov/thesis/benchmarking/datasets/UOB/maybridge-0120-812297298.png,N=c1nncc[nH]1
/beegfs/home/m.romanov/thesis/benchmarking/datasets/UOB/maybridge-0120-822822140.png,COc1ccc2cc(-c3cc(C(F)(F)F)nc(=N)[nH]3)ccc2c1
/beegfs/home/m.romanov/thesis/benchmarking/datasets/UOB/maybridge-0120-844494069.png,CSc1nc(C(C)(C)C)nc(=N)[nH]1
/beegfs/home/m.romanov/thesis/benchmarking/datasets/UOB/maybridge-0120-87673148.png,N=c1nc(S)[nH]c(S)n1
/beegfs/home/m.romanov/thesis/benchmarking/datasets/UOB/maybridge-0121-1014419417.png,Nc1ccc2c(c1)CCC2=O
/beegfs/home/m.romanov/thesis/benchmarking/datasets/UOB/maybridge-0121-271040750.png,Cc1cc2cc(N)ccc2[nH]1
/beegfs/home/m.romanov/thesis/benchmarking/datasets/UOB/maybridge-0121-414007445.png,Nc1ccc2c(ccn2Cc2ccccc2)c1
/beegfs/home/m.romanov/thesis/benchmarking/datasets/UOB/maybridge-0121-510017710.png,Cc1ccc(S(=O)(=O)C2C=Cc3cc(N)ccc32)cc1.Cl
/beegfs/home/m.romanov/thesis/benchmarking/datasets/UOB/maybridge-0121-541006079.png,N=c1nc(C23CC4CC(CC(C4)C2)C3)nc(O)[nH]1
/beegfs/home/m.romanov/thesis/benchmarking/datasets/UOB/maybridge-0121-605968757.png,CCSc1nc(C(C)C)nc(=N)[nH]1
/beegfs/home/m.romanov/thesis/benchmarking/datasets/UOB/maybridge-0121-727759191.png,Cn1ccc2cc(N)ccc21
/beegfs/home/m.romanov/thesis/benchmarking/datasets/UOB/maybridge-0121-773282943.png,CSc1nc(-c2cccs2)[nH]c(=N)n1
/beegfs/home/m.romanov/thesis/benchmarking/datasets/UOB/maybridge-0121-830979879.png,Cl.N=C(O)c1c[nH]c2ccc(N)cc12
/beegfs/home/m.romanov/thesis/benchmarking/datasets/UOB/maybridge-0121-927752342.png,CSc1nc(C23CC4CC(CC(C4)C2)C3)nc(=N)[nH]1
/beegfs/home/m.romanov/thesis/benchmarking/datasets/UOB/maybridge-0122-103406911.png,Nc1ccc2[nH]ncc2c1
/beegfs/home/m.romanov/thesis/benchmarking/datasets/UOB/maybridge-0122-116493633.png,Nc1cccc2c1C(=O)N=C2O
/beegfs/home/m.romanov/thesis/benchmarking/datasets/UOB/maybridge-0122-152023266.png,CC1(C)Oc2ccc(N)cc2O1.Cl
/beegfs/home/m.romanov/thesis/benchmarking/datasets/UOB/maybridge-0122-207576512.png,N=C(O)c1cnn2c1NCC=C2c1cccc(C(F)(F)F)c1
/beegfs/home/m.romanov/thesis/benchmarking/datasets/UOB/maybridge-0122-271096461.png,COC(=O)C1Cc2ccccc2N1
/beegfs/home/m.romanov/thesis/benchmarking/datasets/UOB/maybridge-0122-322249342.png,Nc1ccc2occc2c1
/beegfs/home/m.romanov/thesis/benchmarking/datasets/UOB/maybridge-0122-497128787.png,Nc1ccc2c(c1)C(=O)OC2
/beegfs/home/m.romanov/thesis/benchmarking/datasets/UOB/maybridge-0122-502072489.png,OCC1Cc2ccccc2N1
/beegfs/home/m.romanov/thesis/benchmarking/datasets/UOB/maybridge-0122-578529170.png,CSc1nc(=N)[nH]c2[nH]cnc12
/beegfs/home/m.romanov/thesis/benchmarking/datasets/UOB/maybridge-0122-609502226.png,CC1(C)Cc2cccc(N)c2O1
/beegfs/home/m.romanov/thesis/benchmarking/datasets/UOB/maybridge-0122-674977805.png,Nc1ccc2nc(S)[nH]c2c1
/beegfs/home/m.romanov/thesis/benchmarking/datasets/UOB/maybridge-0122-6946358.png,Nc1ccc2sccc2c1
/beegfs/home/m.romanov/thesis/benchmarking/datasets/UOB/maybridge-0123-1048619367.png,Nc1cccc2nonc12
/beegfs/home/m.romanov/thesis/benchmarking/datasets/UOB/maybridge-0123-207835622.png,N=c1[nH]sc2ccc([N+](=O)[O-])cc12
/beegfs/home/m.romanov/thesis/benchmarking/datasets/UOB/maybridge-0123-292557416.png,Nc1ccc2ncoc2c1
/beegfs/home/m.romanov/thesis/benchmarking/datasets/UOB/maybridge-0123-545161507.png,COc1cccc2o[nH]c(=N)c12
/beegfs/home/m.romanov/thesis/benchmarking/datasets/UOB/maybridge-0123-551698804.png,Nc1ccc2c(c1)CS(=O)(=O)C2
/beegfs/home/m.romanov/thesis/benchmarking/datasets/UOB/maybridge-0123-552106680.png,Nc1cc(Cl)c2nonc2c1[N+](=O)[O-]
/beegfs/home/m.romanov/thesis/benchmarking/datasets/UOB/maybridge-0123-628802632.png,Nc1ccc2scnc2c1
/beegfs/home/m.romanov/thesis/benchmarking/datasets/UOB/maybridge-0123-681598386.png,N=c1[nH]oc2ccccc12
/beegfs/home/m.romanov/thesis/benchmarking/datasets/UOB/maybridge-0123-891158634.png,CCOC(=O)c1c(N)sc2c1CCCC2
/beegfs/home/m.romanov/thesis/benchmarking/datasets/UOB/maybridge-0123-968374406.png,COC(=O)c1cc2cc(N)ccc2s1
/beegfs/home/m.romanov/thesis/benchmarking/datasets/UOB/maybridge-0123-97853212.png,Nc1ccc2c(c1)S(=O)(=O)C=C2
/beegfs/home/m.romanov/thesis/benchmarking/datasets/UOB/maybridge-0124-1058482436.png,CN1CCc2c(sc(N)c2C#N)C1
/beegfs/home/m.romanov/thesis/benchmarking/datasets/UOB/maybridge-0124-274494307.png,CCOC(=O)c1sc2ncccc2c1N
/beegfs/home/m.romanov/thesis/benchmarking/datasets/UOB/maybridge-0124-288264864.png,CSc1nc2ccc(N)cc2s1
/beegfs/home/m.romanov/thesis/benchmarking/datasets/UOB/maybridge-0124-385286133.png,Nc1c(C(=O)O)sc2nccnc12
/beegfs/home/m.romanov/thesis/benchmarking/datasets/UOB/maybridge-0124-497265561.png,Cc1cc(C)c2c(N)c(C(N)=O)sc2n1
/beegfs/home/m.romanov/thesis/benchmarking/datasets/UOB/maybridge-0124-59048686.png,Nc1ccc2nsnc2c1
/beegfs/home/m.romanov/thesis/benchmarking/datasets/UOB/maybridge-0124-646494645.png,Nc1ccc2ncsc2c1
/beegfs/home/m.romanov/thesis/benchmarking/datasets/UOB/maybridge-0124-685331916.png,CC(=O)c1sc2nc(-c3cccs3)cc(C(F)(F)F)c2c1N
/beegfs/home/m.romanov/thesis/benchmarking/datasets/UOB/maybridge-0124-780059698.png,Cc1nc2ccc(N)cc2s1
/beegfs/home/m.romanov/thesis/benchmarking/datasets/UOB/maybridge-0124-896900684.png,Nc1c(C(=O)O)sc2ncccc12
/beegfs/home/m.romanov/thesis/benchmarking/datasets/UOB/maybridge-0124-982610362.png,Nc1csc2nccnc12
/beegfs/home/m.romanov/thesis/benchmarking/datasets/UOB/maybridge-0125-1017382906.png,Nc1ccc2c(c1)CCCC2=O
/beegfs/home/m.romanov/thesis/benchmarking/datasets/UOB/maybridge-0125-257213741.png,N=c1ccc2ccccc2[nH]1
/beegfs/home/m.romanov/thesis/benchmarking/datasets/UOB/maybridge-0125-347741128.png,Cc1ccc2cc(N)ccc2n1
/beegfs/home/m.romanov/thesis/benchmarking/datasets/UOB/maybridge-0125-363513951.png,Nc1cc2ccccc2cn1
/beegfs/home/m.romanov/thesis/benchmarking/datasets/UOB/maybridge-0125-375425314.png,Cc1cc2c(N)cccc2nn1
/beegfs/home/m.romanov/thesis/benchmarking/datasets/UOB/maybridge-0125-412383488.png,Nc1nc(Br)c2ccccc2c1Cc1ccccc1
/beegfs/home/m.romanov/thesis/benchmarking/datasets/UOB/maybridge-0125-41492278.png,Cc1nc2ccccc2c(C(=O)O)c1N
/beegfs/home/m.romanov/thesis/benchmarking/datasets/UOB/maybridge-0125-543284614.png,Nc1cc2ccccc2c(Br)n1
/beegfs/home/m.romanov/thesis/benchmarking/datasets/UOB/maybridge-0125-599876698.png,CCOC(=O)c1c(N)sc2c1CCN(C(=O)OC(C)(C)C)C2
/beegfs/home/m.romanov/thesis/benchmarking/datasets/UOB/maybridge-0125-635944389.png,CCOC(=O)c1c(N)sc2c1CCCCC2
/beegfs/home/m.romanov/thesis/benchmarking/datasets/UOB/maybridge-0126-199069868.png,OCC1CNc2ccccc2O1
/beegfs/home/m.romanov/thesis/benchmarking/datasets/UOB/maybridge-0126-213298490.png,COC(=O)C1CCc2ccccc2N1.Cl
/beegfs/home/m.romanov/thesis/benchmarking/datasets/UOB/maybridge-0126-340274919.png,N#CC1CNc2ccccc2O1
/beegfs/home/m.romanov/thesis/benchmarking/datasets/UOB/maybridge-0126-446758296.png,CCOC(=O)C1=C(N)Oc2ccc(Br)cc2C1C(C#N)C(=O)OCC
/beegfs/home/m.romanov/thesis/benchmarking/datasets/UOB/maybridge-0126-599037960.png,Nc1ccc2nccnc2c1
/beegfs/home/m.romanov/thesis/benchmarking/datasets/UOB/maybridge-0126-655837542.png,Nc1ccc2c(c1)OCCO2
/beegfs/home/m.romanov/thesis/benchmarking/datasets/UOB/maybridge-0126-71068270.png,O=C(O)C1CNc2ccccc2O1
/beegfs/home/m.romanov/thesis/benchmarking/datasets/UOB/maybridge-0126-718618661.png,N=c1nc2ncc(CO)nc2c(N)[nH]1
/beegfs/home/m.romanov/thesis/benchmarking/datasets/UOB/maybridge-0126-766665448.png,CSc1nc2ccccc2c(=N)[nH]1
/beegfs/home/m.romanov/thesis/benchmarking/datasets/UOB/maybridge-0126-776907754.png,Cc1cccc2c1NCCC2
/beegfs/home/m.romanov/thesis/benchmarking/datasets/UOB/maybridge-0126-871550456.png,O=C(O)c1ccc2c(c1)CCCN2
/beegfs/home/m.romanov/thesis/benchmarking/datasets/UOB/maybridge-0126-889711397.png,Nc1ccc2c(c1)COCO2
/beegfs/home/m.romanov/thesis/benchmarking/datasets/UOB/maybridge-0127-14150246.png,Nc1ccc2oc3c(c2c1)CCCC3
/beegfs/home/m.romanov/thesis/benchmarking/datasets/UOB/maybridge-0127-164630678.png,Nc1ccc(O)c2c1C(=O)c1c(O)ccc(N)c1C2=O
/beegfs/home/m.romanov/thesis/benchmarking/datasets/UOB/maybridge-0127-29676604.png,Nc1ccc2c(c1)OCCCO2
/beegfs/home/m.romanov/thesis/benchmarking/datasets/UOB/maybridge-0127-382046635.png,Br.N=C1Nc2cccc3cccc(c23)N1
/beegfs/home/m.romanov/thesis/benchmarking/datasets/UOB/maybridge-0127-532864415.png,c1cnc2c(c1)OCCN2
/beegfs/home/m.romanov/thesis/benchmarking/datasets/UOB/maybridge-0127-559279364.png,Brc1cnc2c(c1)OCCN2
/beegfs/home/m.romanov/thesis/benchmarking/datasets/UOB/maybridge-0127-818263241.png,Br.COc1ccc2c(c1)CCc1sc(=N)[nH]c1-2
/beegfs/home/m.romanov/thesis/benchmarking/datasets/UOB/maybridge-0127-878900995.png,Nc1ccc2c(c1)N1CCN=C1S2
/beegfs/home/m.romanov/thesis/benchmarking/datasets/UOB/maybridge-0127-961258703.png,CC1Sc2ccc(Cl)cc2-c2nc(=N)[nH]cc21
/beegfs/home/m.romanov/thesis/benchmarking/datasets/UOB/maybridge-0127-970378449.png,CC1CC(O)=Nc2ccccc2N1
/beegfs/home/m.romanov/thesis/benchmarking/datasets/UOB/maybridge-0128-166993882.png,CC(C)(C)OC(=O)Nc1cccs1
/beegfs/home/m.romanov/thesis/benchmarking/datasets/UOB/maybridge-0128-339751982.png,Cn1cc(N=C(O)OC(C)(C)C)cc1C(=O)O
/beegfs/home/m.romanov/thesis/benchmarking/datasets/UOB/maybridge-0128-410163450.png,Cn1c(S)nnc1CN=C(O)OC(C)(C)C
/beegfs/home/m.romanov/thesis/benchmarking/datasets/UOB/maybridge-0128-5153287.png,CC(C)(C)OC(O)=NC1(C(=O)O)CC1
/beegfs/home/m.romanov/thesis/benchmarking/datasets/UOB/maybridge-0128-569813104.png,CC(C)(C)OC(O)=Nc1ccsc1
/beegfs/home/m.romanov/thesis/benchmarking/datasets/UOB/maybridge-0128-688802272.png,CCOC(=O)C1CCC(C(=O)OCC)N1Cc1ccccc1
/beegfs/home/m.romanov/thesis/benchmarking/datasets/UOB/maybridge-0128-76515673.png,CC(C)(C)OC(=O)Nc1ccco1
/beegfs/home/m.romanov/thesis/benchmarking/datasets/UOB/maybridge-0128-842642978.png,CC(C)(C)OC(O)=NCc1nnc(S)n1C1CC1
/beegfs/home/m.romanov/thesis/benchmarking/datasets/UOB/maybridge-0128-866832518.png,CC(C)(C)OC(=O)N1CC(=O)CC1C(=O)O
/beegfs/home/m.romanov/thesis/benchmarking/datasets/UOB/maybridge-0129-118317891.png,CC(C)(C)OC(O)=NCc1ccc(CO)cc1
/beegfs/home/m.romanov/thesis/benchmarking/datasets/UOB/maybridge-0129-147386681.png,CCOC(=O)c1c[nH]c(=NCc2ccccc2)s1
/beegfs/home/m.romanov/thesis/benchmarking/datasets/UOB/maybridge-0129-206778332.png,CC(C)(C)OC(=O)Nc1ccc(C(=O)O)cc1
/beegfs/home/m.romanov/thesis/benchmarking/datasets/UOB/maybridge-0129-426538714.png,CC(C)(C)OC(O)=NCc1cccc(CO)c1
/beegfs/home/m.romanov/thesis/benchmarking/datasets/UOB/maybridge-0129-43773604.png,CC(C)(C)OC(O)=NCc1ccc(C(=O)O)cc1
/beegfs/home/m.romanov/thesis/benchmarking/datasets/UOB/maybridge-0129-518343436.png,O=C(O)c1c[nH]c(=NCc2ccccc2)s1
/beegfs/home/m.romanov/thesis/benchmarking/datasets/UOB/maybridge-0129-612211223.png,CC(C)(C)OC(O)=NCc1ccsc1Br
/beegfs/home/m.romanov/thesis/benchmarking/datasets/UOB/maybridge-0129-721928833.png,CC(C)(C)OC(O)=NCc1ccc(C=O)cc1
/beegfs/home/m.romanov/thesis/benchmarking/datasets/UOB/maybridge-0129-766537648.png,CC(C)(C)OC(O)=NCc1cccc(C=O)c1
/beegfs/home/m.romanov/thesis/benchmarking/datasets/UOB/maybridge-0129-820735039.png,CC(C)(C)OC(O)=NCc1ccc(Br)s1
/beegfs/home/m.romanov/thesis/benchmarking/datasets/UOB/maybridge-0129-874748187.png,CC(C)(C)OC(=O)Nc1ccc(CN)cc1
/beegfs/home/m.romanov/thesis/benchmarking/datasets/UOB/maybridge-0130-11558150.png,CC(C)(C)OC(O)=NCc1ncccc1F
/beegfs/home/m.romanov/thesis/benchmarking/datasets/UOB/maybridge-0130-178108697.png,CC(C)(C)OC(O)=NCCNc1ccc(C(F)(F)F)cc1N
/beegfs/home/m.romanov/thesis/benchmarking/datasets/UOB/maybridge-0130-203248465.png,NCC1CCN(Cc2ccccc2)CC1
/beegfs/home/m.romanov/thesis/benchmarking/datasets/UOB/maybridge-0130-341129150.png,CC(C)(C)OC(O)=NC(Cc1cccc(F)c1)C(=O)O
/beegfs/home/m.romanov/thesis/benchmarking/datasets/UOB/maybridge-0130-465626203.png,O=C1CCN(Cc2ccccc2)CC1
/beegfs/home/m.romanov/thesis/benchmarking/datasets/UOB/maybridge-0130-743627328.png,OCC1CCN(Cc2ccccc2)CC1
/beegfs/home/m.romanov/thesis/benchmarking/datasets/UOB/maybridge-0130-79973804.png,CC(C)(C)OC(=O)N1CCC(=O)CC1
/beegfs/home/m.romanov/thesis/benchmarking/datasets/UOB/maybridge-0130-801456829.png,CC(C)(C)OC(O)=NCc1ccccc1Br
/beegfs/home/m.romanov/thesis/benchmarking/datasets/UOB/maybridge-0130-834747884.png,CC(C)(C)OC(O)=NC1(C(=O)O)CCCCC1
/beegfs/home/m.romanov/thesis/benchmarking/datasets/UOB/maybridge-0130-887791412.png,O=[N+]([O-])c1ccc(C(O)CNCc2ccccc2)cc1
/beegfs/home/m.romanov/thesis/benchmarking/datasets/UOB/maybridge-0131-208058919.png,O=C(OCc1ccccc1)N1CCCC(O)C1
/beegfs/home/m.romanov/thesis/benchmarking/datasets/UOB/maybridge-0131-233716581.png,CC(C)(C)OC(=O)N1CCC(CCCO)CC1
/beegfs/home/m.romanov/thesis/benchmarking/datasets/UOB/maybridge-0131-326617137.png,Cl.OC1CCCN(Cc2ccccc2)C1
/beegfs/home/m.romanov/thesis/benchmarking/datasets/UOB/maybridge-0131-405406465.png,CC(C)(C)OC(=O)N1CCC(C(=N)S)CC1
/beegfs/home/m.romanov/thesis/benchmarking/datasets/UOB/maybridge-0131-566659251.png,CC(C)(C)OC(=O)N1CCC(C(=N)O)CC1
/beegfs/home/m.romanov/thesis/benchmarking/datasets/UOB/maybridge-0131-630385006.png,O=C(OCc1ccccc1)N1CCC(O)CC1
/beegfs/home/m.romanov/thesis/benchmarking/datasets/UOB/maybridge-0131-744601223.png,CC(C)(C)OC(=O)N1CCCC(C(=O)O)C1
/beegfs/home/m.romanov/thesis/benchmarking/datasets/UOB/maybridge-0131-87864750.png,CC(C)(C)OC(=O)N1CCC(CN)CC1
/beegfs/home/m.romanov/thesis/benchmarking/datasets/UOB/maybridge-0132-128137422.png,O=C(OCc1ccccc1)N1CCC(CO)CC1
/beegfs/home/m.romanov/thesis/benchmarking/datasets/UOB/maybridge-0132-242840715.png,O=CC1CCN(C(=O)OCc2ccccc2)CC1
/beegfs/home/m.romanov/thesis/benchmarking/datasets/UOB/maybridge-0132-433719497.png,NCC1CCN(C(=O)OCc2ccccc2)CC1
/beegfs/home/m.romanov/thesis/benchmarking/datasets/UOB/maybridge-0132-443586273.png,O=C=NC1CCN(C(=O)OCc2ccccc2)CC1
/beegfs/home/m.romanov/thesis/benchmarking/datasets/UOB/maybridge-0132-696194183.png,N=C(O)C1CCN(C(=O)OCc2ccccc2)CC1
/beegfs/home/m.romanov/thesis/benchmarking/datasets/UOB/maybridge-0132-821265827.png,CCOC(=O)C1CCN(Cc2ccccc2)CC1
/beegfs/home/m.romanov/thesis/benchmarking/datasets/UOB/maybridge-0132-889461930.png,O=C(OCc1ccccc1)N1CCCC(CO)C1
/beegfs/home/m.romanov/thesis/benchmarking/datasets/UOB/maybridge-0133-118073832.png,O=C(O)C1CCN(C(=O)OCc2ccccc2)CC1
/beegfs/home/m.romanov/thesis/benchmarking/datasets/UOB/maybridge-0133-224303236.png,Nc1ccccc1NC1CCN(Cc2ccccc2)CC1
/beegfs/home/m.romanov/thesis/benchmarking/datasets/UOB/maybridge-0133-706111301.png,CNCC1CCN(C(=O)OCc2ccccc2)CC1
/beegfs/home/m.romanov/thesis/benchmarking/datasets/UOB/maybridge-0133-717743957.png,O=C(O)C1CCCN(C(=O)OCc2ccccc2)C1
/beegfs/home/m.romanov/thesis/benchmarking/datasets/UOB/maybridge-0133-735561899.png,O=C(Cl)C1CCN(C(=O)OCc2ccccc2)CC1
/beegfs/home/m.romanov/thesis/benchmarking/datasets/UOB/maybridge-0133-9354310.png,O=C(Cl)C1CCCN(C(=O)OCc2ccccc2)C1
/beegfs/home/m.romanov/thesis/benchmarking/datasets/UOB/maybridge-0134-230911240.png,CC(C)(C)OC(=O)N1CCC(Oc2ccccc2N)CC1
/beegfs/home/m.romanov/thesis/benchmarking/datasets/UOB/maybridge-0134-30949158.png,O=C(OCc1ccccc1)N1CCC(Br)CC1
/beegfs/home/m.romanov/thesis/benchmarking/datasets/UOB/maybridge-0134-351460707.png,CC(C)(C)OC(=O)N1CCC(c2nc(CO)cs2)CC1
/beegfs/home/m.romanov/thesis/benchmarking/datasets/UOB/maybridge-0134-428160821.png,CC(C)(C)OC(=O)N1CCC(c2nc(C=O)cs2)CC1
/beegfs/home/m.romanov/thesis/benchmarking/datasets/UOB/maybridge-0134-434633389.png,CC(C)(C)OC(O)=NCC1CCN(Cc2ccccc2)CC1
/beegfs/home/m.romanov/thesis/benchmarking/datasets/UOB/maybridge-0134-860252649.png,CC(C)(C)OC(=O)N1CCC(C(=O)c2ccc(F)cc2)CC1
/beegfs/home/m.romanov/thesis/benchmarking/datasets/UOB/maybridge-0134-938533430.png,COc1ccc(NC2CCN(C(=O)OC(C)(C)C)CC2)cc1
/beegfs/home/m.romanov/thesis/benchmarking/datasets/UOB/maybridge-0135-116413934.png,Cc1nc(C2CCN(C(=O)OC(C)(C)C)CC2)sc1C=O
/beegfs/home/m.romanov/thesis/benchmarking/datasets/UOB/maybridge-0135-276365145.png,CC(C)(C)OC(=O)N1CCC(c2nc(C(=O)O)cs2)CC1
/beegfs/home/m.romanov/thesis/benchmarking/datasets/UOB/maybridge-0135-447001906.png,CNCc1csc(C2CCN(C(=O)OC(C)(C)C)CC2)n1
/beegfs/home/m.romanov/thesis/benchmarking/datasets/UOB/maybridge-0135-56112675.png,Cc1nc(C2CCN(C(=O)OC(C)(C)C)CC2)sc1CO
/beegfs/home/m.romanov/thesis/benchmarking/datasets/UOB/maybridge-0135-756152435.png,CC(C)(C)OC(=O)N1CCCC(Oc2ccccc2[N+](=O)[O-])C1
/beegfs/home/m.romanov/thesis/benchmarking/datasets/UOB/maybridge-0135-860901841.png,O=C(OCc1ccccc1)N1CCC(CBr)CC1
/beegfs/home/m.romanov/thesis/benchmarking/datasets/UOB/maybridge-0135-918786203.png,CC(C)(C)OC(=O)N1CCCC(Oc2ccc([N+](=O)[O-])cc2)C1
/beegfs/home/m.romanov/thesis/benchmarking/datasets/UOB/maybridge-0135-984327762.png,CC(C)(C)OC(=O)N1CCC(Oc2ccc(C(=O)O)cc2)CC1
/beegfs/home/m.romanov/thesis/benchmarking/datasets/UOB/maybridge-0136-1044109275.png,CCOC(=O)c1csc(C2CCN(C(=O)OC(C)(C)C)CC2)n1
/beegfs/home/m.romanov/thesis/benchmarking/datasets/UOB/maybridge-0136-111226916.png,CC(C)(C)OC(=O)N1CCC(Oc2ccccc2[N+](=O)[O-])CC1
/beegfs/home/m.romanov/thesis/benchmarking/datasets/UOB/maybridge-0136-370425983.png,Cc1sc(C2CCN(C(=O)OC(C)(C)C)CC2)nc1CC(=O)O
/beegfs/home/m.romanov/thesis/benchmarking/datasets/UOB/maybridge-0136-577476398.png,CCOC(=O)c1sc(C2CCN(C(=O)OC(C)(C)C)CC2)nc1C
/beegfs/home/m.romanov/thesis/benchmarking/datasets/UOB/maybridge-0136-630948775.png,CC(C)(C)OC(O)=NC1CCN(c2ccc(C#N)cc2)CC1
/beegfs/home/m.romanov/thesis/benchmarking/datasets/UOB/maybridge-0136-64136598.png,Cc1nc(C2CCN(C(=O)OC(C)(C)C)CC2)sc1C(=O)O
/beegfs/home/m.romanov/thesis/benchmarking/datasets/UOB/maybridge-0136-7427233.png,CC(C)(C)OC(=O)N1CCC(Oc2ccc([N+](=O)[O-])cc2)CC1
/beegfs/home/m.romanov/thesis/benchmarking/datasets/UOB/maybridge-0136-87225683.png,CC(C)(C)[Si](C)(C)OCC1CN(Cc2ccccc2)CCC1=O
/beegfs/home/m.romanov/thesis/benchmarking/datasets/UOB/maybridge-0136-986387756.png,O=C(O)C1CCCCN1C(=O)OCC1c2ccccc2-c2ccccc21
/beegfs/home/m.romanov/thesis/benchmarking/datasets/UOB/maybridge-0137-1066170794.png,CC(C)(C)OC(=O)N1CCN(c2cc(C#N)ccn2)CC1
/beegfs/home/m.romanov/thesis/benchmarking/datasets/UOB/maybridge-0137-209715696.png,O=Cc1ccccc1N1CCN(Cc2ccccc2)CC1
/beegfs/home/m.romanov/thesis/benchmarking/datasets/UOB/maybridge-0137-239793765.png,O=C(OCc1ccccc1)N1CCN=C(O)C1
/beegfs/home/m.romanov/thesis/benchmarking/datasets/UOB/maybridge-0137-365120832.png,CC(C)(C)OC(=O)N1CCN(CCO)CC1
/beegfs/home/m.romanov/thesis/benchmarking/datasets/UOB/maybridge-0137-391798521.png,CC(C)(C)OC(O)=NCC1CCNCC1
/beegfs/home/m.romanov/thesis/benchmarking/datasets/UOB/maybridge-0137-574116560.png,CC(C)(C)OC(=O)N1CCNCC1
/beegfs/home/m.romanov/thesis/benchmarking/datasets/UOB/maybridge-0137-580287811.png,NCCN1CCN(Cc2ccccc2)CC1
/beegfs/home/m.romanov/thesis/benchmarking/datasets/UOB/maybridge-0137-739805975.png,CC(C)(C)OC(=O)N1CCN(c2ccccc2N)CC1
/beegfs/home/m.romanov/thesis/benchmarking/datasets/UOB/maybridge-0137-805385526.png,CC(C)(C)OC(=O)N1CCN(c2ccc(C#N)cc2)CC1
/beegfs/home/m.romanov/thesis/benchmarking/datasets/UOB/maybridge-0138-141171384.png,CC(C)(C)OC(=O)N1CCN(c2ccc(C=O)cn2)CC1
/beegfs/home/m.romanov/thesis/benchmarking/datasets/UOB/maybridge-0138-212125341.png,CC(C)(C)OC(=O)N1CCN(c2ccccc2CN)CC1
/beegfs/home/m.romanov/thesis/benchmarking/datasets/UOB/maybridge-0138-21374268.png,CC(C)(C)OC(=O)N1CCN(c2ccccc2C=O)CC1
/beegfs/home/m.romanov/thesis/benchmarking/datasets/UOB/maybridge-0138-255573056.png,CC(C)(C)OC(=O)N1CCN(c2ccc(CO)cc2)CC1
/beegfs/home/m.romanov/thesis/benchmarking/datasets/UOB/maybridge-0138-309483739.png,CC(C)(C)OC(=O)N1CCN(c2ccc(CO)cn2)CC1
/beegfs/home/m.romanov/thesis/benchmarking/datasets/UOB/maybridge-0138-472428623.png,CC(C)(C)OC(=O)N1CCN(c2ccc(C=O)cc2)CC1
/beegfs/home/m.romanov/thesis/benchmarking/datasets/UOB/maybridge-0138-671790656.png,CC(C)(C)OC(=O)N1CCN(c2ccccc2CO)CC1
/beegfs/home/m.romanov/thesis/benchmarking/datasets/UOB/maybridge-0138-759700636.png,CC(C)(C)OC(=O)N1CCN(Cc2cccc(N)c2)CC1
/beegfs/home/m.romanov/thesis/benchmarking/datasets/UOB/maybridge-0138-962620022.png,CC(C)(C)OC(=O)N1CCN(c2ccc(CN)cc2)CC1
/beegfs/home/m.romanov/thesis/benchmarking/datasets/UOB/maybridge-0139-176593477.png,CNCc1ccc(N2CCN(C(=O)OC(C)(C)C)CC2)cc1
/beegfs/home/m.romanov/thesis/benchmarking/datasets/UOB/maybridge-0139-302762149.png,CC(C)(C)OC(=O)N1CCN(c2ccccc2C(=O)O)CC1
/beegfs/home/m.romanov/thesis/benchmarking/datasets/UOB/maybridge-0139-580917607.png,CC(C)(C)OC(=O)N1CCN(Cc2ccc(CO)cc2)CC1
/beegfs/home/m.romanov/thesis/benchmarking/datasets/UOB/maybridge-0139-592677007.png,CC(C)(C)OC(=O)N1CCN(Cc2ccc(C=O)cc2)CC1
/beegfs/home/m.romanov/thesis/benchmarking/datasets/UOB/maybridge-0139-684695631.png,CC(C)(C)OC(=O)N1CCN(Cc2cccc(CO)c2)CC1
/beegfs/home/m.romanov/thesis/benchmarking/datasets/UOB/maybridge-0139-708592450.png,CC(C)(C)OC(=O)N1CCN(Cc2cccc(C=O)c2)CC1
/beegfs/home/m.romanov/thesis/benchmarking/datasets/UOB/maybridge-0139-903240647.png,CC(C)(C)OC(=O)N1CCN(c2ccc(C(=O)O)cc2)CC1
/beegfs/home/m.romanov/thesis/benchmarking/datasets/UOB/maybridge-0140-142074920.png,CC(C)(C)OC(=O)N1CCN(Cc2ccc(C(=O)O)cc2)CC1
/beegfs/home/m.romanov/thesis/benchmarking/datasets/UOB/maybridge-0140-22309971.png,CNCc1cccc(CN2CCN(C(=O)OC(C)(C)C)CC2)c1
/beegfs/home/m.romanov/thesis/benchmarking/datasets/UOB/maybridge-0140-70748387.png,CC(C)(C)OC(=O)N1CCN(c2ccc(C(=O)O)cn2)CC1
/beegfs/home/m.romanov/thesis/benchmarking/datasets/UOB/maybridge-0140-815524112.png,CC(C)(C)OC(=O)N1CCN(Cc2cccc(C(=O)O)c2)CC1
/beegfs/home/m.romanov/thesis/benchmarking/datasets/UOB/maybridge-0140-900788794.png,CC(C)(C)OC(=O)N1CCN(c2cc(C(=O)O)ccn2)CC1
/beegfs/home/m.romanov/thesis/benchmarking/datasets/UOB/maybridge-0140-995676043.png,COC(=O)c1ccc(N2CCN(C(=O)OC(C)(C)C)CC2)cc1
/beegfs/home/m.romanov/thesis/benchmarking/datasets/UOB/maybridge-0141-1016733118.png,CC(C)(C)OC(=O)N1CCN(Cc2ccc(Br)cc2)CC1
/beegfs/home/m.romanov/thesis/benchmarking/datasets/UOB/maybridge-0141-38188010.png,COC(=O)c1ccc(CN2CCN(C(=O)OC(C)(C)C)CC2)cc1
/beegfs/home/m.romanov/thesis/benchmarking/datasets/UOB/maybridge-0141-611291787.png,CCOC(=O)C1CN(Cc2ccccc2)CCN1Cc1ccccc1
/beegfs/home/m.romanov/thesis/benchmarking/datasets/UOB/maybridge-0141-700302014.png,I.N=C(N)N1CCN(Cc2ccccc2)CC1
/beegfs/home/m.romanov/thesis/benchmarking/datasets/UOB/maybridge-0141-712787784.png,CC(C)(C)OC(=O)N1CCN(Cc2cccc([N+](=O)[O-])c2)CC1
/beegfs/home/m.romanov/thesis/benchmarking/datasets/UOB/maybridge-0141-8503415.png,Cl.Cl.c1ccc(CN2CCN(c3cccc4[nH]ccc34)CC2)cc1
/beegfs/home/m.romanov/thesis/benchmarking/datasets/UOB/maybridge-0141-989576621.png,C=CCC(=O)N1CCN(C(=O)OCC2c3ccccc3-c3ccccc32)CC1
/beegfs/home/m.romanov/thesis/benchmarking/datasets/UOB/maybridge-0142-1019593949.png,C=CCOC(=O)N1CCN(C(=O)OCC2c3ccccc3-c3ccccc32)C(C(=O)O)C1
/beegfs/home/m.romanov/thesis/benchmarking/datasets/UOB/maybridge-0142-144166687.png,CC(C)(C)OC(=O)N1CCN(c2ccc(B3OC(C)(C)C(C)(C)O3)cc2)CC1
/beegfs/home/m.romanov/thesis/benchmarking/datasets/UOB/maybridge-0142-179236102.png,CC(C)(C)OC(=O)N1CCN(c2ccc(B3OC(C)(C)C(C)(C)O3)cn2)CC1
/beegfs/home/m.romanov/thesis/benchmarking/datasets/UOB/maybridge-0142-282820173.png,CC(C)(C)OC(=O)N1CCN(c2ccc(I)cc2)CC1
/beegfs/home/m.romanov/thesis/benchmarking/datasets/UOB/maybridge-0142-388932028.png,CC(C)(C)OC(=O)N1CCN(c2ccc(I)cn2)CC1
/beegfs/home/m.romanov/thesis/benchmarking/datasets/UOB/maybridge-0142-583585587.png,CC(C)(C)OC(=O)N1CCN(C(=O)OCC2c3ccccc3-c3ccccc32)CC1C(=O)O
/beegfs/home/m.romanov/thesis/benchmarking/datasets/UOB/maybridge-0142-847405087.png,CC(C)(C)OC(=O)N1CCN(Cc2cccc(I)c2)CC1
/beegfs/home/m.romanov/thesis/benchmarking/datasets/UOB/maybridge-0143-158767443.png,OCC1CN(Cc2ccccc2)CCO1
/beegfs/home/m.romanov/thesis/benchmarking/datasets/UOB/maybridge-0143-240625644.png,O=S1(=O)CCN(Cc2ccccc2)CC1
/beegfs/home/m.romanov/thesis/benchmarking/datasets/UOB/maybridge-0143-284729297.png,CC(C)(C)OC(=O)N1CCSCC1C(=O)O
/beegfs/home/m.romanov/thesis/benchmarking/datasets/UOB/maybridge-0143-50860845.png,CC(C)(C)OC(=O)N1CCN(C(=O)OCC2c3ccccc3-c3ccccc32)C(C(=O)O)C1
/beegfs/home/m.romanov/thesis/benchmarking/datasets/UOB/maybridge-0143-638177537.png,ClCC1CN(Cc2ccccc2)CCO1
/beegfs/home/m.romanov/thesis/benchmarking/datasets/UOB/maybridge-0143-779286976.png,O=C(O)C1CN(Cc2ccccc2)CCO1
/beegfs/home/m.romanov/thesis/benchmarking/datasets/UOB/maybridge-0143-80094580.png,NCC1CN(Cc2ccccc2)CCO1
/beegfs/home/m.romanov/thesis/benchmarking/datasets/UOB/maybridge-0143-956182035.png,c1ccc(CN2CCCNCC2)cc1
/beegfs/home/m.romanov/thesis/benchmarking/datasets/UOB/maybridge-0144-1050789302.png,CC(C)(C)OC(=O)N1CCCN(c2cccc(O)c2)CC1
/beegfs/home/m.romanov/thesis/benchmarking/datasets/UOB/maybridge-0144-1050978266.png,NCCNCc1ccccc1
/beegfs/home/m.romanov/thesis/benchmarking/datasets/UOB/maybridge-0144-1056521218.png,O=Cc1cc(Br)ccc1OC1CC2CN(Cc3ccccc3)C1C2Br
/beegfs/home/m.romanov/thesis/benchmarking/datasets/UOB/maybridge-0144-230702425.png,CCOC(=O)c1c(N)sc2c1CCN(C(=O)OC(C)(C)C)C2
/beegfs/home/m.romanov/thesis/benchmarking/datasets/UOB/maybridge-0144-236307494.png,CC(C)(C)OC(=O)N1CCC2(CC1)N=C(O)c1cc(Br)ccc1O2
/beegfs/home/m.romanov/thesis/benchmarking/datasets/UOB/maybridge-0144-339736934.png,O=C(OCc1ccccc1)N1c2ccccc2CC1CO
/beegfs/home/m.romanov/thesis/benchmarking/datasets/UOB/maybridge-0144-504993347.png,CC(C)(C)OC(=O)N1CCCNCC1
/beegfs/home/m.romanov/thesis/benchmarking/datasets/UOB/maybridge-0144-592937057.png,O=C1CC2CCC(C1)N2Cc1ccccc1
/beegfs/home/m.romanov/thesis/benchmarking/datasets/UOB/maybridge-0144-774585644.png,CC(C)(C)OC(=O)N1C2CCC1CC(=O)C2
/beegfs/home/m.romanov/thesis/benchmarking/datasets/UOB/maybridge-0145-230597201.png,CC(C)(C)OC(O)=NCCN
/beegfs/home/m.romanov/thesis/benchmarking/datasets/UOB/maybridge-0145-44806706.png,CC(C)(C)OC(O)=NCCC(=N)S
/beegfs/home/m.romanov/thesis/benchmarking/datasets/UOB/maybridge-0145-606493118.png,CC(C)(C)OC(O)=NCC(=N)S
/beegfs/home/m.romanov/thesis/benchmarking/datasets/UOB/maybridge-0145-608478785.png,CC(C)(C)OC(O)=NCCC#N
/beegfs/home/m.romanov/thesis/benchmarking/datasets/UOB/maybridge-0146-1001748758.png,Cc1cc(C)c(C=O)[nH]1
/beegfs/home/m.romanov/thesis/benchmarking/datasets/UOB/maybridge-0146-1051842559.png,COC(=O)c1c(C)[nH]c(C)c1C=O
/beegfs/home/m.romanov/thesis/benchmarking/datasets/UOB/maybridge-0146-168910552.png,CC(=O)c1cc[nH]c1
/beegfs/home/m.romanov/thesis/benchmarking/datasets/UOB/maybridge-0146-198812009.png,CCOC(=O)c1[nH]c(C)c(CO)c1C
/beegfs/home/m.romanov/thesis/benchmarking/datasets/UOB/maybridge-0146-322276804.png,NNC(=O)c1ccc[nH]1
/beegfs/home/m.romanov/thesis/benchmarking/datasets/UOB/maybridge-0146-334964556.png,Cc1cc(C(=O)O)c(C)[nH]1
/beegfs/home/m.romanov/thesis/benchmarking/datasets/UOB/maybridge-0146-358537844.png,O=Cc1ccc[nH]1
/beegfs/home/m.romanov/thesis/benchmarking/datasets/UOB/maybridge-0146-548299272.png,CCOC(=O)c1[nH]c(C)c(C=O)c1C
/beegfs/home/m.romanov/thesis/benchmarking/datasets/UOB/maybridge-0146-668208385.png,COC(=O)c1cc(C)[nH]c1C
/beegfs/home/m.romanov/thesis/benchmarking/datasets/UOB/maybridge-0146-939773242.png,CC(=O)c1[nH]c(C)cc1C
/beegfs/home/m.romanov/thesis/benchmarking/datasets/UOB/maybridge-0147-1002661500.png,O=[N+]([O-])c1cc[nH]n1
/beegfs/home/m.romanov/thesis/benchmarking/datasets/UOB/maybridge-0147-120689496.png,Cc1cc(=N)[nH][nH]1
/beegfs/home/m.romanov/thesis/benchmarking/datasets/UOB/maybridge-0147-129780843.png,CCOC(=O)c1[nH]c(C)c(C(C)=O)c1C
/beegfs/home/m.romanov/thesis/benchmarking/datasets/UOB/maybridge-0147-243004862.png,Cc1n[nH]cc1CCCN
/beegfs/home/m.romanov/thesis/benchmarking/datasets/UOB/maybridge-0147-299031815.png,CC(C)(C)c1cc(=N)[nH][nH]1
/beegfs/home/m.romanov/thesis/benchmarking/datasets/UOB/maybridge-0147-343738979.png,Nc1cc(O)n[nH]1
/beegfs/home/m.romanov/thesis/benchmarking/datasets/UOB/maybridge-0147-450443413.png,CCOC(=O)c1[nH]c(C)c(S(=O)(=O)Cl)c1C
/beegfs/home/m.romanov/thesis/benchmarking/datasets/UOB/maybridge-0147-515150703.png,FC(F)(F)c1cc[nH]n1
/beegfs/home/m.romanov/thesis/benchmarking/datasets/UOB/maybridge-0147-618970318.png,N=c1[nH][nH]cc1C(=O)O
/beegfs/home/m.romanov/thesis/benchmarking/datasets/UOB/maybridge-0147-7425798.png,Cc1cc(C(=O)O)n[nH]1
/beegfs/home/m.romanov/thesis/benchmarking/datasets/UOB/maybridge-0147-74295229.png,CCOC(=O)c1[nH]c(C)c(Br)c1C
/beegfs/home/m.romanov/thesis/benchmarking/datasets/UOB/maybridge-0147-989277900.png,Cc1n[nH]c(C)c1C(=O)O
/beegfs/home/m.romanov/thesis/benchmarking/datasets/UOB/maybridge-0148-1035602821.png,c1ccc(-c2cc[nH]n2)cc1
/beegfs/home/m.romanov/thesis/benchmarking/datasets/UOB/maybridge-0148-260208142.png,CCOC(=O)c1cc(C)[nH]n1
/beegfs/home/m.romanov/thesis/benchmarking/datasets/UOB/maybridge-0148-321893557.png,N=c1cc(-c2cccs2)[nH][nH]1
/beegfs/home/m.romanov/thesis/benchmarking/datasets/UOB/maybridge-0148-518478623.png,CC(=O)c1cc[nH]n1
/beegfs/home/m.romanov/thesis/benchmarking/datasets/UOB/maybridge-0148-615012432.png,N#Cc1n[nH]cc1Br
/beegfs/home/m.romanov/thesis/benchmarking/datasets/UOB/maybridge-0148-653792976.png,OCc1cc(-c2ccco2)n[nH]1
/beegfs/home/m.romanov/thesis/benchmarking/datasets/UOB/maybridge-0148-667704728.png,c1ccc(-c2cc[nH]n2)nc1
/beegfs/home/m.romanov/thesis/benchmarking/datasets/UOB/maybridge-0148-806453072.png,N=c1cc(-c2ccccc2)[nH][nH]1
/beegfs/home/m.romanov/thesis/benchmarking/datasets/UOB/maybridge-0148-874195856.png,Cc1cc(C(=O)NN)n[nH]1
/beegfs/home/m.romanov/thesis/benchmarking/datasets/UOB/maybridge-0148-887810912.png,N=c1cc(-c2ccco2)[nH][nH]1
/beegfs/home/m.romanov/thesis/benchmarking/datasets/UOB/maybridge-0148-894050277.png,Cc1n[nH]cc1Br
/beegfs/home/m.romanov/thesis/benchmarking/datasets/UOB/maybridge-0148-915543553.png,CCOC(=O)c1c(C)n[nH]c1C
/beegfs/home/m.romanov/thesis/benchmarking/datasets/UOB/maybridge-0149-131037747.png,O=C(O)c1cccc(-c2cc[nH]n2)c1
/beegfs/home/m.romanov/thesis/benchmarking/datasets/UOB/maybridge-0149-430702738.png,O=Cc1n[nH]cc1Br
/beegfs/home/m.romanov/thesis/benchmarking/datasets/UOB/maybridge-0149-464139468.png,Cc1ccc(-c2cc(=N)[nH][nH]2)cc1
/beegfs/home/m.romanov/thesis/benchmarking/datasets/UOB/maybridge-0149-509938350.png,O=C(O)c1cc(-c2ccco2)[nH]n1
/beegfs/home/m.romanov/thesis/benchmarking/datasets/UOB/maybridge-0149-573807673.png,O=Cc1c[nH]nc1-c1cccs1
/beegfs/home/m.romanov/thesis/benchmarking/datasets/UOB/maybridge-0149-640470870.png,Clc1ccc(-c2cc[nH]n2)cc1
/beegfs/home/m.romanov/thesis/benchmarking/datasets/UOB/maybridge-0149-708761786.png,O=C(O)c1cc(-c2ccccc2)[nH]n1
/beegfs/home/m.romanov/thesis/benchmarking/datasets/UOB/maybridge-0149-855937887.png,OCc1cc(-c2cccs2)n[nH]1
/beegfs/home/m.romanov/thesis/benchmarking/datasets/UOB/maybridge-0149-873755979.png,O=Cc1c[nH]nc1-c1ccc(F)cc1
/beegfs/home/m.romanov/thesis/benchmarking/datasets/UOB/maybridge-0149-87818161.png,Cc1n[nH]c(C)c1Br
/beegfs/home/m.romanov/thesis/benchmarking/datasets/UOB/maybridge-0149-887331566.png,O=Cc1c[nH]nc1-c1ccccc1
/beegfs/home/m.romanov/thesis/benchmarking/datasets/UOB/maybridge-0150-267834526.png,Cc1n[nH]c(C)c1-c1ccccc1C(=O)O
/beegfs/home/m.romanov/thesis/benchmarking/datasets/UOB/maybridge-0150-280485792.png,O=C(O)c1cc(-c2cccs2)[nH]n1
/beegfs/home/m.romanov/thesis/benchmarking/datasets/UOB/maybridge-0150-281267569.png,CSc1cc(-c2ccc(F)cc2)[nH]n1
/beegfs/home/m.romanov/thesis/benchmarking/datasets/UOB/maybridge-0150-284090190.png,N=c1cc(-c2ccc(Cl)cc2)[nH][nH]1
/beegfs/home/m.romanov/thesis/benchmarking/datasets/UOB/maybridge-0150-348700595.png,Cc1n[nH]c(C)c1CCBr
/beegfs/home/m.romanov/thesis/benchmarking/datasets/UOB/maybridge-0150-416707896.png,O=C(O)c1cc(-c2cccc(O)c2)[nH]n1
/beegfs/home/m.romanov/thesis/benchmarking/datasets/UOB/maybridge-0150-559868617.png,CCOC(=O)c1cc(-c2ccco2)[nH]n1
/beegfs/home/m.romanov/thesis/benchmarking/datasets/UOB/maybridge-0150-57887412.png,FC(F)(F)c1cc(C(F)(F)F)[nH]n1
/beegfs/home/m.romanov/thesis/benchmarking/datasets/UOB/maybridge-0150-723770697.png,CCOC(=O)c1cc(C(C)(C)C)n[nH]1
/beegfs/home/m.romanov/thesis/benchmarking/datasets/UOB/maybridge-0150-802030069.png,COc1ccc(-c2n[nH]cc2C=O)cc1
/beegfs/home/m.romanov/thesis/benchmarking/datasets/UOB/maybridge-0151-101222904.png,O=Cc1cnc[nH]1
/beegfs/home/m.romanov/thesis/benchmarking/datasets/UOB/maybridge-0151-1068206116.png,CSc1ccc([N+](=O)[O-])cc1-c1cc[nH]n1
/beegfs/home/m.romanov/thesis/benchmarking/datasets/UOB/maybridge-0151-163937856.png,Cc1ncc(C=O)[nH]1
/beegfs/home/m.romanov/thesis/benchmarking/datasets/UOB/maybridge-0151-411181785.png,COc1ccc2cc(-c3cc[nH]n3)ccc2c1
/beegfs/home/m.romanov/thesis/benchmarking/datasets/UOB/maybridge-0151-461740013.png,Cc1n[nH]c(C)c1Oc1ccc(Cl)cc1
/beegfs/home/m.romanov/thesis/benchmarking/datasets/UOB/maybridge-0151-533019777.png,N#Cc1c(-c2ccc(Cl)cc2)[nH][nH]c1=N
/beegfs/home/m.romanov/thesis/benchmarking/datasets/UOB/maybridge-0151-687677389.png,O=Cc1c[nH]nc1-c1ccc(C(F)(F)F)cc1
/beegfs/home/m.romanov/thesis/benchmarking/datasets/UOB/maybridge-0151-780689562.png,Cc1nc[nH]c1C=O
/beegfs/home/m.romanov/thesis/benchmarking/datasets/UOB/maybridge-0151-826307195.png,O=Cc1ncc[nH]1
/beegfs/home/m.romanov/thesis/benchmarking/datasets/UOB/maybridge-0151-885928056.png,N=c1[nH][nH]c(-c2ccccc2)c1Br
/beegfs/home/m.romanov/thesis/benchmarking/datasets/UOB/maybridge-0151-934026618.png,CCOC(=O)c1cc(-c2cccs2)[nH]n1
/beegfs/home/m.romanov/thesis/benchmarking/datasets/UOB/maybridge-0152-1044510284.png,OCc1ncc[nH]1
/beegfs/home/m.romanov/thesis/benchmarking/datasets/UOB/maybridge-0152-11370823.png,CCOC(=O)c1cnc(S)[nH]1
/beegfs/home/m.romanov/thesis/benchmarking/datasets/UOB/maybridge-0152-337431527.png,CCc1ncc(C)[nH]1
/beegfs/home/m.romanov/thesis/benchmarking/datasets/UOB/maybridge-0152-353092046.png,N=C(S)c1cnc[nH]1
/beegfs/home/m.romanov/thesis/benchmarking/datasets/UOB/maybridge-0152-407439167.png,CCCCc1ncc(C=O)[nH]1
/beegfs/home/m.romanov/thesis/benchmarking/datasets/UOB/maybridge-0152-420347427.png,O=C(O)c1cnc[nH]1
/beegfs/home/m.romanov/thesis/benchmarking/datasets/UOB/maybridge-0152-450655379.png,CCCCc1nc(C=O)c(Cl)[nH]1
/beegfs/home/m.romanov/thesis/benchmarking/datasets/UOB/maybridge-0152-470605709.png,Cl.OCc1cnc[nH]1
/beegfs/home/m.romanov/thesis/benchmarking/datasets/UOB/maybridge-0152-622163638.png,CC(O)=NCCc1cnc[nH]1
/beegfs/home/m.romanov/thesis/benchmarking/datasets/UOB/maybridge-0152-628991045.png,Cc1ncc(C(=N)S)[nH]1
/beegfs/home/m.romanov/thesis/benchmarking/datasets/UOB/maybridge-0152-717811702.png,CCc1nc(C=O)c(C)[nH]1
/beegfs/home/m.romanov/thesis/benchmarking/datasets/UOB/maybridge-0152-946331447.png,O=C(O)c1ncc[nH]1
/beegfs/home/m.romanov/thesis/benchmarking/datasets/UOB/maybridge-0153-102772916.png,Cc1cccc2cc[nH]c12
/beegfs/home/m.romanov/thesis/benchmarking/datasets/UOB/maybridge-0153-342903099.png,COC(=O)c1cc2occc2[nH]1
/beegfs/home/m.romanov/thesis/benchmarking/datasets/UOB/maybridge-0153-399286203.png,CC(C)(C)C1=NN=C(O)C1
/beegfs/home/m.romanov/thesis/benchmarking/datasets/UOB/maybridge-0153-413667684.png,Brc1n[nH]c(Br)n1
/beegfs/home/m.romanov/thesis/benchmarking/datasets/UOB/maybridge-0153-51551230.png,N=c1nc(S)[nH][nH]1
/beegfs/home/m.romanov/thesis/benchmarking/datasets/UOB/maybridge-0153-637545166.png,CCCCc1nc(CO)c(Cl)[nH]1
/beegfs/home/m.romanov/thesis/benchmarking/datasets/UOB/maybridge-0153-762299788.png,O=C(Cl)c1cc2sccc2[nH]1
/beegfs/home/m.romanov/thesis/benchmarking/datasets/UOB/maybridge-0153-864920914.png,Cc1nc(Br)c([N+](=O)[O-])[nH]1
/beegfs/home/m.romanov/thesis/benchmarking/datasets/UOB/maybridge-0153-872645569.png,O=C(O)c1cc2sccc2[nH]1
/beegfs/home/m.romanov/thesis/benchmarking/datasets/UOB/maybridge-0153-890420777.png,Cc1ncc(I)[nH]1
/beegfs/home/m.romanov/thesis/benchmarking/datasets/UOB/maybridge-0153-946675580.png,O=C(O)c1cnc(-c2ccccc2)[nH]1
/beegfs/home/m.romanov/thesis/benchmarking/datasets/UOB/maybridge-0154-119146011.png,N#Cc1c[nH]c2ccccc12
/beegfs/home/m.romanov/thesis/benchmarking/datasets/UOB/maybridge-0154-28219636.png,OCc1c[nH]c2ccccc12
/beegfs/home/m.romanov/thesis/benchmarking/datasets/UOB/maybridge-0154-394406578.png,O=C(O)c1cccc2cc[nH]c12
/beegfs/home/m.romanov/thesis/benchmarking/datasets/UOB/maybridge-0154-394709793.png,O=C(O)Cc1c[nH]c2ccccc12
/beegfs/home/m.romanov/thesis/benchmarking/datasets/UOB/maybridge-0154-462252465.png,OCc1cccc2[nH]ccc12
/beegfs/home/m.romanov/thesis/benchmarking/datasets/UOB/maybridge-0154-474303316.png,O=C(O)c1cccc2[nH]ccc12
/beegfs/home/m.romanov/thesis/benchmarking/datasets/UOB/maybridge-0154-624619823.png,O=C(O)c1c[nH]c2ccccc12
/beegfs/home/m.romanov/thesis/benchmarking/datasets/UOB/maybridge-0154-665471069.png,Cc1cc2cc(N)ccc2[nH]1
/beegfs/home/m.romanov/thesis/benchmarking/datasets/UOB/maybridge-0154-719136631.png,O=[N+]([O-])c1ccc2[nH]ccc2c1
/beegfs/home/m.romanov/thesis/benchmarking/datasets/UOB/maybridge-0154-803573843.png,O=Cc1cccc2[nH]ccc12
/beegfs/home/m.romanov/thesis/benchmarking/datasets/UOB/maybridge-0154-930307871.png,Cc1[nH]c2ccccc2c1C=O
/beegfs/home/m.romanov/thesis/benchmarking/datasets/UOB/maybridge-0154-991659677.png,NN=C(O)c1cccc2cc[nH]c12
/beegfs/home/m.romanov/thesis/benchmarking/datasets/UOB/maybridge-0155-110968340.png,COC(=O)c1cc2ccccc2[nH]1
/beegfs/home/m.romanov/thesis/benchmarking/datasets/UOB/maybridge-0155-163770849.png,Cc1[nH]c2ccc(C(=O)O)cc2c1C
/beegfs/home/m.romanov/thesis/benchmarking/datasets/UOB/maybridge-0155-276863674.png,c1ccc2c(C3CCNCC3)c[nH]c2c1
/beegfs/home/m.romanov/thesis/benchmarking/datasets/UOB/maybridge-0155-336758691.png,Brc1cccc2cc[nH]c12
/beegfs/home/m.romanov/thesis/benchmarking/datasets/UOB/maybridge-0155-409643856.png,O=Cc1c[nH]c2ccc(Cl)cc12
/beegfs/home/m.romanov/thesis/benchmarking/datasets/UOB/maybridge-0155-437088973.png,CC(=O)CCc1c[nH]c2ccccc12
/beegfs/home/m.romanov/thesis/benchmarking/datasets/UOB/maybridge-0155-471130880.png,Cc1[nH]c2cc(C(=O)O)ccc2c1C
/beegfs/home/m.romanov/thesis/benchmarking/datasets/UOB/maybridge-0155-560148281.png,COC(=O)c1c[nH]c2ccccc12
/beegfs/home/m.romanov/thesis/benchmarking/datasets/UOB/maybridge-0155-597502451.png,O=Cc1c[nH]c2ccc([N+](=O)[O-])cc12
/beegfs/home/m.romanov/thesis/benchmarking/datasets/UOB/maybridge-0155-79368585.png,Cc1[nH]c2ccc([N+](=O)[O-])cc2c1C=O
/beegfs/home/m.romanov/thesis/benchmarking/datasets/UOB/maybridge-0155-835815330.png,O=Cc1c[nH]c2c(C(=O)O)cccc12
/beegfs/home/m.romanov/thesis/benchmarking/datasets/UOB/maybridge-0155-838309288.png,COC(=O)c1cccc2cc[nH]c12
/beegfs/home/m.romanov/thesis/benchmarking/datasets/UOB/maybridge-0156-1064000072.png,NC(Cc1c[nH]c2ccc(F)cc12)C(=O)O
/beegfs/home/m.romanov/thesis/benchmarking/datasets/UOB/maybridge-0156-142443494.png,O=C(O)c1cc2cccc([N+](=O)[O-])c2[nH]1
/beegfs/home/m.romanov/thesis/benchmarking/datasets/UOB/maybridge-0156-216176267.png,Cc1ccc2[nH]cc(CCN)c2c1.Cl
/beegfs/home/m.romanov/thesis/benchmarking/datasets/UOB/maybridge-0156-252607602.png,NC(Cc1c[nH]c2ccc(O)cc12)C(=O)O
/beegfs/home/m.romanov/thesis/benchmarking/datasets/UOB/maybridge-0156-292668129.png,COc1ccc2[nH]cc(CCN(C)C)c2c1
/beegfs/home/m.romanov/thesis/benchmarking/datasets/UOB/maybridge-0156-571266037.png,O=Cc1c[nH]c2ccc(Br)cc12
/beegfs/home/m.romanov/thesis/benchmarking/datasets/UOB/maybridge-0156-573658073.png,NC(Cc1c[nH]c2cc(F)ccc12)C(=O)O
/beegfs/home/m.romanov/thesis/benchmarking/datasets/UOB/maybridge-0156-612214220.png,COc1ccc2[nH]cc(CN(C)C)c2c1
/beegfs/home/m.romanov/thesis/benchmarking/datasets/UOB/maybridge-0156-68299287.png,O=Cc1c[nH]c2cccc(Br)c12
/beegfs/home/m.romanov/thesis/benchmarking/datasets/UOB/maybridge-0156-704499552.png,Cl.N=C(O)c1c[nH]c2ccc(N)cc12
/beegfs/home/m.romanov/thesis/benchmarking/datasets/UOB/maybridge-0157-1032051861.png,CCOC(=O)c1cc2cc(OC(F)(F)F)ccc2[nH]1
/beegfs/home/m.romanov/thesis/benchmarking/datasets/UOB/maybridge-0157-1033668463.png,NCc1c[nH]c2ccccc12.O=C(O)C(=O)O
/beegfs/home/m.romanov/thesis/benchmarking/datasets/UOB/maybridge-0157-172268001.png,Clc1ccc(-c2cc3ccccc3[nH]2)cc1
/beegfs/home/m.romanov/thesis/benchmarking/datasets/UOB/maybridge-0157-263948097.png,O=C(O)c1cc2cc(OCc3ccccc3)ccc2[nH]1
/beegfs/home/m.romanov/thesis/benchmarking/datasets/UOB/maybridge-0157-278591624.png,COC(=O)C(C)(N)Cc1c[nH]c2ccccc12
/beegfs/home/m.romanov/thesis/benchmarking/datasets/UOB/maybridge-0157-416635633.png,O=Cc1c[nH]c2cc(Br)ccc12
/beegfs/home/m.romanov/thesis/benchmarking/datasets/UOB/maybridge-0157-557003490.png,O=Cc1c(-c2ccc(Cl)cc2)[nH]c2ccccc12
/beegfs/home/m.romanov/thesis/benchmarking/datasets/UOB/maybridge-0157-560591029.png,CCOC(=O)CSc1c(C)[nH]c2ccccc12
/beegfs/home/m.romanov/thesis/benchmarking/datasets/UOB/maybridge-0157-666657010.png,O=C(Cl)c1cc2c(Cl)cc(Cl)cc2[nH]1
/beegfs/home/m.romanov/thesis/benchmarking/datasets/UOB/maybridge-0157-757918008.png,O=C(O)c1cc2cc(OC(F)(F)F)ccc2[nH]1
/beegfs/home/m.romanov/thesis/benchmarking/datasets/UOB/maybridge-0157-87318830.png,O=S(=O)([O-])Oc1c[nH]c2ccccc12.[K+]
/beegfs/home/m.romanov/thesis/benchmarking/datasets/UOB/maybridge-0158-160552035.png,O=C(O)c1[nH]c2ccc([N+](=O)[O-])cc2c1-c1ccccc1
/beegfs/home/m.romanov/thesis/benchmarking/datasets/UOB/maybridge-0158-170144560.png,O=C(O)c1n[nH]c2ccccc12
/beegfs/home/m.romanov/thesis/benchmarking/datasets/UOB/maybridge-0158-250323063.png,Brc1ccc2[nH]ncc2c1
/beegfs/home/m.romanov/thesis/benchmarking/datasets/UOB/maybridge-0158-336614938.png,COC(=O)c1ccc2c(I)c[nH]c2c1
/beegfs/home/m.romanov/thesis/benchmarking/datasets/UOB/maybridge-0158-342982510.png,Cl.Cl.c1ccc(CN2CCN(c3cccc4[nH]ccc34)CC2)cc1
/beegfs/home/m.romanov/thesis/benchmarking/datasets/UOB/maybridge-0158-434044458.png,CCOC(=O)c1cc2cc(OCc3ccccc3)ccc2[nH]1
/beegfs/home/m.romanov/thesis/benchmarking/datasets/UOB/maybridge-0158-497065796.png,CCOC(=O)c1[nH]c2cc(Cl)cc(Cl)c2c1C=O
/beegfs/home/m.romanov/thesis/benchmarking/datasets/UOB/maybridge-0158-758325746.png,CN(C)Cc1c[nH]c2ccc(OCc3ccccc3)cc12
/beegfs/home/m.romanov/thesis/benchmarking/datasets/UOB/maybridge-0158-957251216.png,Nc1ccc2[nH]ncc2c1
/beegfs/home/m.romanov/thesis/benchmarking/datasets/UOB/maybridge-0158-975276220.png,O=[N+]([O-])c1cccc2c[nH]nc12
/beegfs/home/m.romanov/thesis/benchmarking/datasets/UOB/maybridge-0159-1045965087.png,COC(=O)c1ccc2nc[nH]c2c1
/beegfs/home/m.romanov/thesis/benchmarking/datasets/UOB/maybridge-0159-151854548.png,Nc1ccc2nc(S)[nH]c2c1
/beegfs/home/m.romanov/thesis/benchmarking/datasets/UOB/maybridge-0159-163867487.png,COc1ccc2nc(S)[nH]c2c1
/beegfs/home/m.romanov/thesis/benchmarking/datasets/UOB/maybridge-0159-169427374.png,Oc1nc2ccccc2[nH]1
/beegfs/home/m.romanov/thesis/benchmarking/datasets/UOB/maybridge-0159-209581843.png,Sc1nc2ccccc2[nH]1
/beegfs/home/m.romanov/thesis/benchmarking/datasets/UOB/maybridge-0159-229497774.png,Brc1ccc2nc[nH]c2c1
/beegfs/home/m.romanov/thesis/benchmarking/datasets/UOB/maybridge-0159-473919712.png,Cc1nc2ccc(C(=O)O)cc2[nH]1
/beegfs/home/m.romanov/thesis/benchmarking/datasets/UOB/maybridge-0159-55742923.png,O=C(O)c1nc2ccccc2[nH]1
/beegfs/home/m.romanov/thesis/benchmarking/datasets/UOB/maybridge-0159-721946579.png,O=C(O)c1n[nH]c2ccc(Br)cc12
/beegfs/home/m.romanov/thesis/benchmarking/datasets/UOB/maybridge-0159-779395659.png,O=S(=O)(O)c1nc2ccccc2[nH]1
/beegfs/home/m.romanov/thesis/benchmarking/datasets/UOB/maybridge-0159-829607137.png,Clc1nc2ccccc2[nH]1
/beegfs/home/m.romanov/thesis/benchmarking/datasets/UOB/maybridge-0159-959983207.png,Brc1nc2ccccc2[nH]1
/beegfs/home/m.romanov/thesis/benchmarking/datasets/UOB/maybridge-0160-104723528.png,FC(F)(F)c1cc(Br)c2[nH]cnc2c1
/beegfs/home/m.romanov/thesis/benchmarking/datasets/UOB/maybridge-0160-1048089496.png,Sc1nc2cc(Cl)c(Cl)cc2[nH]1
/beegfs/home/m.romanov/thesis/benchmarking/datasets/UOB/maybridge-0160-326807098.png,O=Cc1ccc2nc[nH]c2c1
/beegfs/home/m.romanov/thesis/benchmarking/datasets/UOB/maybridge-0160-360813429.png,Nc1ccccc1-c1nc2ccccc2[nH]1
/beegfs/home/m.romanov/thesis/benchmarking/datasets/UOB/maybridge-0160-481549222.png,OCc1ccc2nc[nH]c2c1
/beegfs/home/m.romanov/thesis/benchmarking/datasets/UOB/maybridge-0160-537872869.png,c1ncc2nc[nH]c2n1
/beegfs/home/m.romanov/thesis/benchmarking/datasets/UOB/maybridge-0160-546429216.png,FC(F)(F)c1ccc2nc(S)[nH]c2c1
/beegfs/home/m.romanov/thesis/benchmarking/datasets/UOB/maybridge-0160-555611884.png,O=C(O)c1ccc2nn[nH]c2c1
/beegfs/home/m.romanov/thesis/benchmarking/datasets/UOB/maybridge-0160-57943738.png,CNCc1ccc2nc[nH]c2c1.O=C(O)C(=O)O.O=C(O)C(=O)O
/beegfs/home/m.romanov/thesis/benchmarking/datasets/UOB/maybridge-0160-898486458.png,OCCCc1nc2ccc(C(F)(F)F)cc2[nH]1
/beegfs/home/m.romanov/thesis/benchmarking/datasets/UOB/maybridge-0160-920229489.png,CC(C)(C)OC(=O)c1[nH]nc2nc(F)ccc12
/beegfs/home/m.romanov/thesis/benchmarking/datasets/UOB/maybridge-0161-246084679.png,CN(C)c1ncnc2[nH]cnc12
/beegfs/home/m.romanov/thesis/benchmarking/datasets/UOB/maybridge-0161-327850246.png,Sc1nc(S)c2nc[nH]c2n1
/beegfs/home/m.romanov/thesis/benchmarking/datasets/UOB/maybridge-0161-343810503.png,CCc1[nH]nc2c1C(c1ccccc1)C(C#N)=C(N)O2
/beegfs/home/m.romanov/thesis/benchmarking/datasets/UOB/maybridge-0161-438117816.png,Cc1c(CCO)c(=O)n2c([nH]c3ccccc32)c1C#N
/beegfs/home/m.romanov/thesis/benchmarking/datasets/UOB/maybridge-0161-500041970.png,COc1ncnc2[nH]cnc12
/beegfs/home/m.romanov/thesis/benchmarking/datasets/UOB/maybridge-0161-588735259.png,Oc1ncnc2n[nH]cc12
/beegfs/home/m.romanov/thesis/benchmarking/datasets/UOB/maybridge-0161-626229237.png,O=C(O)c1ccc2[nH]c3c(c2c1)CCCC3
/beegfs/home/m.romanov/thesis/benchmarking/datasets/UOB/maybridge-0161-674929435.png,Cc1cc(=O)oc2n[nH]c(C)c12
/beegfs/home/m.romanov/thesis/benchmarking/datasets/UOB/maybridge-0161-705993546.png,CSc1nc(=N)[nH]c2[nH]cnc12
/beegfs/home/m.romanov/thesis/benchmarking/datasets/UOB/maybridge-0161-894017624.png,Brc1ccc2[nH]c3ccccc3c2c1
/beegfs/home/m.romanov/thesis/benchmarking/datasets/UOB/maybridge-0161-960340356.png,c1ccc2c(c1)[nH]c1cnccc12
/beegfs/home/m.romanov/thesis/benchmarking/datasets/UOB/maybridge-0162-1029050392.png,CSc1ncc(C=O)n1Cc1ccccc1
/beegfs/home/m.romanov/thesis/benchmarking/datasets/UOB/maybridge-0162-318124214.png,Cc1nn(C(=O)OC(C)(C)C)c(C)c1I
/beegfs/home/m.romanov/thesis/benchmarking/datasets/UOB/maybridge-0162-338979714.png,Cc1nn(C(=O)OC(C)(C)C)c(C)c1C=O
/beegfs/home/m.romanov/thesis/benchmarking/datasets/UOB/maybridge-0162-432361581.png,CC(C)(C)c1cc(C(=O)O)n(Cc2ccccc2)n1
/beegfs/home/m.romanov/thesis/benchmarking/datasets/UOB/maybridge-0162-477117602.png,OCc1nccn1Cc1ccccc1
/beegfs/home/m.romanov/thesis/benchmarking/datasets/UOB/maybridge-0162-616251572.png,O=S(=O)(c1ccccc1)n1cccc1
/beegfs/home/m.romanov/thesis/benchmarking/datasets/UOB/maybridge-0162-877868049.png,CSc1ncc(CO)n1Cc1ccccc1
/beegfs/home/m.romanov/thesis/benchmarking/datasets/UOB/maybridge-0162-950304205.png,CC(C)(C)c1cc(C(=O)Cl)n(Cc2ccccc2)n1
/beegfs/home/m.romanov/thesis/benchmarking/datasets/UOB/maybridge-0162-950991623.png,ClCc1nccn1Cc1ccccc1
/beegfs/home/m.romanov/thesis/benchmarking/datasets/UOB/maybridge-0163-103004364.png,O=Cc1cn(Cc2ccccc2)c2ccccc12
/beegfs/home/m.romanov/thesis/benchmarking/datasets/UOB/maybridge-0163-1053442223.png,Brc1nc(Br)n(Cc2ccccc2)n1
/beegfs/home/m.romanov/thesis/benchmarking/datasets/UOB/maybridge-0163-292815497.png,CSc1ncc(C(=O)O)n1Cc1ccccc1
/beegfs/home/m.romanov/thesis/benchmarking/datasets/UOB/maybridge-0163-382358832.png,COC(=O)c1cc2ccccc2n1C(=O)OC(C)(C)C
/beegfs/home/m.romanov/thesis/benchmarking/datasets/UOB/maybridge-0163-403177319.png,Nc1ccc2c(ccn2Cc2ccccc2)c1
/beegfs/home/m.romanov/thesis/benchmarking/datasets/UOB/maybridge-0163-644500554.png,Fc1nc(Br)nn1Cc1ccccc1
/beegfs/home/m.romanov/thesis/benchmarking/datasets/UOB/maybridge-0163-688610918.png,CC(C)(C)OC(=O)n1c(B(O)O)cc2ccccc21
/beegfs/home/m.romanov/thesis/benchmarking/datasets/UOB/maybridge-0163-732970012.png,O=Cc1cc2ccccc2n1S(=O)(=O)c1ccccc1
/beegfs/home/m.romanov/thesis/benchmarking/datasets/UOB/maybridge-0163-900207720.png,Cc1c(C(=O)O)nnn1Cc1ccccc1
/beegfs/home/m.romanov/thesis/benchmarking/datasets/UOB/maybridge-0163-96382066.png,CSc1ncc(C(=O)Cl)n1Cc1ccccc1.Cl
/beegfs/home/m.romanov/thesis/benchmarking/datasets/UOB/maybridge-0164-1010427190.png,Cc1ccc(S(=O)(=O)n2cc(C=O)c3ccccc32)cc1
/beegfs/home/m.romanov/thesis/benchmarking/datasets/UOB/maybridge-0164-1042956600.png,O=Cc1cn(S(=O)(=O)c2ccccc2)c2ccccc12
/beegfs/home/m.romanov/thesis/benchmarking/datasets/UOB/maybridge-0164-1628169.png,O=S(=O)(c1ccccc1)n1cc(CO)c2ccccc21
/beegfs/home/m.romanov/thesis/benchmarking/datasets/UOB/maybridge-0164-300618251.png,COc1ccc2c(c1)cc(B(O)O)n2C(=O)OC(C)(C)C
/beegfs/home/m.romanov/thesis/benchmarking/datasets/UOB/maybridge-0164-511035576.png,O=C(O)c1cc2ccccc2n1S(=O)(=O)c1ccccc1
/beegfs/home/m.romanov/thesis/benchmarking/datasets/UOB/maybridge-0164-872860901.png,O=S(=O)(c1ccccc1)n1cc(B(O)O)c2ccccc21
/beegfs/home/m.romanov/thesis/benchmarking/datasets/UOB/maybridge-0164-932051670.png,O=S(=O)(c1ccccc1)n1c(CO)cc2ccccc21
/beegfs/home/m.romanov/thesis/benchmarking/datasets/UOB/maybridge-0164-985631614.png,O=S(=O)(c1ccccc1)n1c(B(O)O)cc2ccccc21
/beegfs/home/m.romanov/thesis/benchmarking/datasets/UOB/maybridge-0165-179410317.png,COC(=O)c1ccc2c(C=O)cn(C(=O)OC(C)(C)C)c2c1
/beegfs/home/m.romanov/thesis/benchmarking/datasets/UOB/maybridge-0165-284747550.png,CC(C)(C)OC(=O)n1c(B(O)O)cc2cc(Br)ccc21
/beegfs/home/m.romanov/thesis/benchmarking/datasets/UOB/maybridge-0165-393332238.png,O=C(Cl)c1cn(S(=O)(=O)c2ccccc2)c2ccccc12
/beegfs/home/m.romanov/thesis/benchmarking/datasets/UOB/maybridge-0165-409292138.png,O=S(=O)(c1ccccc1)n1cc(Br)c2ccccc21
/beegfs/home/m.romanov/thesis/benchmarking/datasets/UOB/maybridge-0165-622383459.png,CC(C)(C)OC(=O)n1cc(C(=O)O)c2c(Br)cccc21
/beegfs/home/m.romanov/thesis/benchmarking/datasets/UOB/maybridge-0165-755311581.png,O=C(Cl)c1cc2ccccc2n1S(=O)(=O)c1ccccc1
/beegfs/home/m.romanov/thesis/benchmarking/datasets/UOB/maybridge-0165-815295816.png,Cc1ccc(S(=O)(=O)C2C=Cc3cc(N)ccc32)cc1.Cl
/beegfs/home/m.romanov/thesis/benchmarking/datasets/UOB/maybridge-0165-889482707.png,O=C(O)c1cn(S(=O)(=O)c2ccccc2)c2ccccc12
/beegfs/home/m.romanov/thesis/benchmarking/datasets/UOB/maybridge-0166-1065810709.png,O=S(=O)(c1ccccc1)n1c(CBr)cc2ccccc21
/beegfs/home/m.romanov/thesis/benchmarking/datasets/UOB/maybridge-0166-307320677.png,CC(C)[Si](C(C)C)(C(C)C)n1ccc2c(B3OC(C)(C)C(C)(C)O3)cccc21
/beegfs/home/m.romanov/thesis/benchmarking/datasets/UOB/maybridge-0166-310417297.png,CC(C)[Si](C(C)C)(C(C)C)n1ccc2cc(B3OC(C)(C)C(C)(C)O3)ccc21
/beegfs/home/m.romanov/thesis/benchmarking/datasets/UOB/maybridge-0166-319130543.png,COC(=O)c1ccc2c(I)cn(C(=O)OC(C)(C)C)c2c1
/beegfs/home/m.romanov/thesis/benchmarking/datasets/UOB/maybridge-0166-439357670.png,CC(C)[Si](C(C)C)(C(C)C)n1ccc2cc(Br)ccc21
/beegfs/home/m.romanov/thesis/benchmarking/datasets/UOB/maybridge-0166-443070334.png,Cc1ccc(S(=O)(=O)n2cc(/C=C/C(=O)O)c3ccccc32)cc1
/beegfs/home/m.romanov/thesis/benchmarking/datasets/UOB/maybridge-0166-873157069.png,CC(C)[Si](C(C)C)(C(C)C)n1ccc2c(Br)cccc21
/beegfs/home/m.romanov/thesis/benchmarking/datasets/UOB/maybridge-0166-903010593.png,CC(C)(C)OC(=O)n1cc(C(=O)O)c2cc(Br)ccc21
/beegfs/home/m.romanov/thesis/benchmarking/datasets/UOB/maybridge-0167-371393925.png,CC(C)(C)OC(=O)N1c2ccccc2CC1C(=O)O
/beegfs/home/m.romanov/thesis/benchmarking/datasets/UOB/maybridge-0167-475177714.png,O=S(=O)(c1ccccc1)n1ccc2cc(Br)ccc21
/beegfs/home/m.romanov/thesis/benchmarking/datasets/UOB/maybridge-0167-535740516.png,COC(=O)C1Cc2ccccc2N1C(=O)OC(C)(C)C
/beegfs/home/m.romanov/thesis/benchmarking/datasets/UOB/maybridge-0167-675000352.png,CC(C)(C)OC(=O)N1c2ccccc2CC1CO
/beegfs/home/m.romanov/thesis/benchmarking/datasets/UOB/maybridge-0167-706209257.png,CC(C)(C)OC(=O)n1ncc2cc(Br)ccc21
/beegfs/home/m.romanov/thesis/benchmarking/datasets/UOB/maybridge-0167-88955472.png,CC(C)(C)OC(=O)n1ncc2cc(B3OC(C)(C)C(C)(C)O3)ccc21
/beegfs/home/m.romanov/thesis/benchmarking/datasets/UOB/maybridge-0168-1012464461.png,Cc1nn(C)c(C)c1B1OC(C)(C)C(C)(C)O1
/beegfs/home/m.romanov/thesis/benchmarking/datasets/UOB/maybridge-0168-103626709.png,Cc1c(B2OC(C)(C)C(C)(C)O2)cnn1-c1ccccc1
/beegfs/home/m.romanov/thesis/benchmarking/datasets/UOB/maybridge-0168-121184069.png,OB(O)c1cccs1
/beegfs/home/m.romanov/thesis/benchmarking/datasets/UOB/maybridge-0168-157100769.png,O=Cc1ccc(B(O)O)o1
/beegfs/home/m.romanov/thesis/benchmarking/datasets/UOB/maybridge-0168-407199559.png,OB(O)c1ccc(Cl)s1
/beegfs/home/m.romanov/thesis/benchmarking/datasets/UOB/maybridge-0168-463291814.png,OB(O)c1ccoc1
/beegfs/home/m.romanov/thesis/benchmarking/datasets/UOB/maybridge-0168-600478695.png,Cc1csc(B(O)O)c1
/beegfs/home/m.romanov/thesis/benchmarking/datasets/UOB/maybridge-0168-662912220.png,O=C(O)c1ccsc1B(O)O
/beegfs/home/m.romanov/thesis/benchmarking/datasets/UOB/maybridge-0168-87323748.png,Cc1ccc(B(O)O)s1
/beegfs/home/m.romanov/thesis/benchmarking/datasets/UOB/maybridge-0169-1034130261.png,Cc1onc(-c2ccccc2)c1B(O)O
/beegfs/home/m.romanov/thesis/benchmarking/datasets/UOB/maybridge-0169-166942656.png,CC1N=C(c2ccccc2)SC1B1OC(C)(C)C(C)(C)O1
/beegfs/home/m.romanov/thesis/benchmarking/datasets/UOB/maybridge-0169-177233857.png,Cc1nc(-c2ccc(C(F)(F)F)cc2)sc1B1OC(C)(C)C(C)(C)O1
/beegfs/home/m.romanov/thesis/benchmarking/datasets/UOB/maybridge-0169-209721587.png,OB(O)c1ccc(Br)s1
/beegfs/home/m.romanov/thesis/benchmarking/datasets/UOB/maybridge-0169-301466034.png,O=C(O)c1ccc(B(O)O)s1
/beegfs/home/m.romanov/thesis/benchmarking/datasets/UOB/maybridge-0169-42354286.png,OB(O)c1ccccc1
/beegfs/home/m.romanov/thesis/benchmarking/datasets/UOB/maybridge-0169-436566846.png,Cc1nc(C)c(B2OC(C)(C)C(C)(C)O2)s1
/beegfs/home/m.romanov/thesis/benchmarking/datasets/UOB/maybridge-0169-750503183.png,Cc1noc(C)c1B(O)O
/beegfs/home/m.romanov/thesis/benchmarking/datasets/UOB/maybridge-0169-93741211.png,Cc1ccccc1B(O)O
/beegfs/home/m.romanov/thesis/benchmarking/datasets/UOB/maybridge-0169-951583718.png,OB(O)c1ccc(-c2ccccc2)s1
/beegfs/home/m.romanov/thesis/benchmarking/datasets/UOB/maybridge-0170-1049328439.png,O=Cc1ccccc1B(O)O
/beegfs/home/m.romanov/thesis/benchmarking/datasets/UOB/maybridge-0170-16319166.png,OB(O)c1ccc(F)cc1
/beegfs/home/m.romanov/thesis/benchmarking/datasets/UOB/maybridge-0170-17140079.png,OB(O)c1cccc(O)c1
/beegfs/home/m.romanov/thesis/benchmarking/datasets/UOB/maybridge-0170-193984768.png,OB(O)c1ccccc1F
/beegfs/home/m.romanov/thesis/benchmarking/datasets/UOB/maybridge-0170-198405803.png,OB(O)c1cccc(F)c1
/beegfs/home/m.romanov/thesis/benchmarking/datasets/UOB/maybridge-0170-215233855.png,O=Cc1ccc(B(O)O)cc1
/beegfs/home/m.romanov/thesis/benchmarking/datasets/UOB/maybridge-0170-242477788.png,O=Cc1cccc(B(O)O)c1
/beegfs/home/m.romanov/thesis/benchmarking/datasets/UOB/maybridge-0170-481073719.png,N#Cc1ccc(B(O)O)cc1
/beegfs/home/m.romanov/thesis/benchmarking/datasets/UOB/maybridge-0170-519653056.png,Cc1ccc(B(O)O)cc1C
/beegfs/home/m.romanov/thesis/benchmarking/datasets/UOB/maybridge-0170-566523864.png,C=Cc1ccc(B(O)O)cc1
/beegfs/home/m.romanov/thesis/benchmarking/datasets/UOB/maybridge-0170-577667518.png,N#Cc1cccc(B(O)O)c1
/beegfs/home/m.romanov/thesis/benchmarking/datasets/UOB/maybridge-0170-716303005.png,Cc1ccc(B(O)O)cc1
/beegfs/home/m.romanov/thesis/benchmarking/datasets/UOB/maybridge-0171-148817082.png,OB(O)c1ccc(F)c(F)c1
/beegfs/home/m.romanov/thesis/benchmarking/datasets/UOB/maybridge-0171-326343866.png,OB(O)c1ccc(F)cc1F
/beegfs/home/m.romanov/thesis/benchmarking/datasets/UOB/maybridge-0171-427592029.png,COc1ccc(B(O)O)cc1
/beegfs/home/m.romanov/thesis/benchmarking/datasets/UOB/maybridge-0171-427870485.png,OB(O)c1cc(F)ccc1F
/beegfs/home/m.romanov/thesis/benchmarking/datasets/UOB/maybridge-0171-544556450.png,OB(O)c1ccccc1Cl
/beegfs/home/m.romanov/thesis/benchmarking/datasets/UOB/maybridge-0171-580405695.png,OB(O)c1cccc(Cl)c1
/beegfs/home/m.romanov/thesis/benchmarking/datasets/UOB/maybridge-0171-585148969.png,CCc1ccc(B(O)O)cc1
/beegfs/home/m.romanov/thesis/benchmarking/datasets/UOB/maybridge-0171-611559633.png,OB(O)c1c(F)cccc1F
/beegfs/home/m.romanov/thesis/benchmarking/datasets/UOB/maybridge-0171-657858269.png,Cc1cc(C)cc(B(O)O)c1
/beegfs/home/m.romanov/thesis/benchmarking/datasets/UOB/maybridge-0171-6815869.png,OB(O)c1ccc(Cl)cc1
/beegfs/home/m.romanov/thesis/benchmarking/datasets/UOB/maybridge-0171-995636970.png,OB(O)c1cccc(F)c1F
/beegfs/home/m.romanov/thesis/benchmarking/datasets/UOB/maybridge-0172-212053966.png,CCOc1ccc(B(O)O)cc1
/beegfs/home/m.romanov/thesis/benchmarking/datasets/UOB/maybridge-0172-35688920.png,COc1ccc(B(O)O)c(C=O)c1
/beegfs/home/m.romanov/thesis/benchmarking/datasets/UOB/maybridge-0172-400477676.png,Cc1cc(C)c(B(O)O)c(C)c1
/beegfs/home/m.romanov/thesis/benchmarking/datasets/UOB/maybridge-0172-448263066.png,COC(=O)c1ccc(B(O)O)cc1
/beegfs/home/m.romanov/thesis/benchmarking/datasets/UOB/maybridge-0172-510400853.png,CC(=O)c1cccc(B(O)O)c1
/beegfs/home/m.romanov/thesis/benchmarking/datasets/UOB/maybridge-0172-557050935.png,CSc1ccc(B(O)O)cc1
/beegfs/home/m.romanov/thesis/benchmarking/datasets/UOB/maybridge-0172-661735858.png,COc1ccc(C=O)cc1B(O)O
/beegfs/home/m.romanov/thesis/benchmarking/datasets/UOB/maybridge-0172-709971191.png,CC(C)(C)c1ccc(B(O)O)cc1
/beegfs/home/m.romanov/thesis/benchmarking/datasets/UOB/maybridge-0172-734616994.png,OB(O)c1ccc(B(O)O)cc1
/beegfs/home/m.romanov/thesis/benchmarking/datasets/UOB/maybridge-0172-785529701.png,OB(O)c1cc(F)cc(F)c1
/beegfs/home/m.romanov/thesis/benchmarking/datasets/UOB/maybridge-0172-871145087.png,CC(=O)c1ccc(B(O)O)cc1
/beegfs/home/m.romanov/thesis/benchmarking/datasets/UOB/maybridge-0172-955896825.png,CSc1cccc(B(O)O)c1
/beegfs/home/m.romanov/thesis/benchmarking/datasets/UOB/maybridge-0173-1000911966.png,COc1ccc(B(O)O)c(OC)c1
/beegfs/home/m.romanov/thesis/benchmarking/datasets/UOB/maybridge-0173-135208475.png,OB(O)c1cccc(-c2ccccc2)c1
/beegfs/home/m.romanov/thesis/benchmarking/datasets/UOB/maybridge-0173-211527023.png,COc1ccc(C=O)c(B(O)O)c1
/beegfs/home/m.romanov/thesis/benchmarking/datasets/UOB/maybridge-0173-241250584.png,OB(O)c1cccc(C(F)(F)F)c1
/beegfs/home/m.romanov/thesis/benchmarking/datasets/UOB/maybridge-0173-386995663.png,OB(O)c1c(Cl)cccc1Cl
/beegfs/home/m.romanov/thesis/benchmarking/datasets/UOB/maybridge-0173-474463399.png,O=Cc1ccc(B2OCCCO2)cc1
/beegfs/home/m.romanov/thesis/benchmarking/datasets/UOB/maybridge-0173-500978523.png,CCOC(=O)c1cccc(B(O)O)c1
/beegfs/home/m.romanov/thesis/benchmarking/datasets/UOB/maybridge-0173-505869336.png,COc1cccc(OC)c1B(O)O
/beegfs/home/m.romanov/thesis/benchmarking/datasets/UOB/maybridge-0173-767199000.png,OB(O)c1ccccc1C(F)(F)F
/beegfs/home/m.romanov/thesis/benchmarking/datasets/UOB/maybridge-0173-794604063.png,OB(O)c1ccc(Cl)c(Cl)c1
/beegfs/home/m.romanov/thesis/benchmarking/datasets/UOB/maybridge-0173-862988584.png,COc1ccc(OC)c(B(O)O)c1
/beegfs/home/m.romanov/thesis/benchmarking/datasets/UOB/maybridge-0173-923558510.png,Nc1cccc(B(O)O)c1
/beegfs/home/m.romanov/thesis/benchmarking/datasets/UOB/maybridge-0174-197628517.png,OB(O)c1cccc(OC(F)(F)F)c1
/beegfs/home/m.romanov/thesis/benchmarking/datasets/UOB/maybridge-0174-214445705.png,CC(C)OC(=O)c1cccc(B(O)O)c1
/beegfs/home/m.romanov/thesis/benchmarking/datasets/UOB/maybridge-0174-214794500.png,OB(O)c1ccc(OC2CCCCO2)cc1
/beegfs/home/m.romanov/thesis/benchmarking/datasets/UOB/maybridge-0174-260423857.png,OB(O)c1ccc(N2CCOCC2)cc1
/beegfs/home/m.romanov/thesis/benchmarking/datasets/UOB/maybridge-0174-32658327.png,CS(=O)(=O)c1ccc(B(O)O)cc1
/beegfs/home/m.romanov/thesis/benchmarking/datasets/UOB/maybridge-0174-441342552.png,OB(O)c1ccc(OC(F)(F)F)cc1
/beegfs/home/m.romanov/thesis/benchmarking/datasets/UOB/maybridge-0174-485319513.png,OB(O)c1ccc(-c2cccs2)cc1
/beegfs/home/m.romanov/thesis/benchmarking/datasets/UOB/maybridge-0174-486587309.png,OB(O)c1cccc(OCc2ccccc2)c1
/beegfs/home/m.romanov/thesis/benchmarking/datasets/UOB/maybridge-0174-627454327.png,OB(O)c1cccc(Br)c1
/beegfs/home/m.romanov/thesis/benchmarking/datasets/UOB/maybridge-0174-738379370.png,OB(O)c1ccc(Br)cc1
/beegfs/home/m.romanov/thesis/benchmarking/datasets/UOB/maybridge-0174-985950255.png,NC(Cc1ccc(B(O)O)cc1)C(=O)O
/beegfs/home/m.romanov/thesis/benchmarking/datasets/UOB/maybridge-0175-1320082.png,CC1(C)OB(c2cccc(-n3cccn3)c2)OC1(C)C
/beegfs/home/m.romanov/thesis/benchmarking/datasets/UOB/maybridge-0175-26987845.png,OB(O)c1ccc(OCc2ccccc2)c(F)c1
/beegfs/home/m.romanov/thesis/benchmarking/datasets/UOB/maybridge-0175-287112795.png,OB(O)c1ccc(OCc2ccccc2)cc1F
/beegfs/home/m.romanov/thesis/benchmarking/datasets/UOB/maybridge-0175-313160186.png,CC1(C)OB(c2ccc(N3CCCC3)cc2)OC1(C)C
/beegfs/home/m.romanov/thesis/benchmarking/datasets/UOB/maybridge-0175-439682122.png,CC1(C)OB(c2ccc(-c3ccco3)cc2)OC1(C)C
/beegfs/home/m.romanov/thesis/benchmarking/datasets/UOB/maybridge-0175-593332755.png,CC1(C)OB(c2cccc(N3CCCC3)c2)OC1(C)C
/beegfs/home/m.romanov/thesis/benchmarking/datasets/UOB/maybridge-0175-764029995.png,OB(O)c1cccc(I)c1
/beegfs/home/m.romanov/thesis/benchmarking/datasets/UOB/maybridge-0175-772923281.png,CC1(C)OB(c2ccccc2-c2ccco2)OC1(C)C
/beegfs/home/m.romanov/thesis/benchmarking/datasets/UOB/maybridge-0175-88261888.png,OB(O)c1ccc(I)cc1
/beegfs/home/m.romanov/thesis/benchmarking/datasets/UOB/maybridge-0175-893720800.png,CC1(C)OB(c2cccc(-c3ccco3)c2)OC1(C)C
/beegfs/home/m.romanov/thesis/benchmarking/datasets/UOB/maybridge-0176-1001970030.png,CC1(C)OB(c2cccc(N3CCCCC3)c2)OC1(C)C
/beegfs/home/m.romanov/thesis/benchmarking/datasets/UOB/maybridge-0176-1063168715.png,CC1(C)COB(c2ccccc2CBr)OC1
/beegfs/home/m.romanov/thesis/benchmarking/datasets/UOB/maybridge-0176-133554977.png,CC1(C)OB(c2cccc(N3CCOCC3)c2)OC1(C)C
/beegfs/home/m.romanov/thesis/benchmarking/datasets/UOB/maybridge-0176-343332886.png,CC1(C)OB(c2ccc(CN3CCCCC3)cc2)OC1(C)C
/beegfs/home/m.romanov/thesis/benchmarking/datasets/UOB/maybridge-0176-359213278.png,CC1(C)OB(c2ccc(N3CCCCC3)cc2)OC1(C)C
/beegfs/home/m.romanov/thesis/benchmarking/datasets/UOB/maybridge-0176-755511793.png,C[N+](C)(C)Cc1ccc(B(O)O)cc1.[Br-]
/beegfs/home/m.romanov/thesis/benchmarking/datasets/UOB/maybridge-0176-765839755.png,CC1(C)OB(c2ccc(CN3CCCC3)cc2)OC1(C)C
/beegfs/home/m.romanov/thesis/benchmarking/datasets/UOB/maybridge-0176-780121955.png,CC1(C)OB(c2cccc(CN3CCCC3)c2)OC1(C)C
/beegfs/home/m.romanov/thesis/benchmarking/datasets/UOB/maybridge-0176-797545221.png,CC1(C)OB(c2cccc(CN3CCCCC3)c2)OC1(C)C
/beegfs/home/m.romanov/thesis/benchmarking/datasets/UOB/maybridge-0176-904536113.png,Cc1nc(-c2ccc(B3OC(C)(C)C(C)(C)O3)cc2)cs1
/beegfs/home/m.romanov/thesis/benchmarking/datasets/UOB/maybridge-0177-319730222.png,OB(O)/C=C\c1ccccc1
/beegfs/home/m.romanov/thesis/benchmarking/datasets/UOB/maybridge-0177-384816351.png,OB(O)c1cccnc1
/beegfs/home/m.romanov/thesis/benchmarking/datasets/UOB/maybridge-0177-460751338.png,CC(C)(C)OC(=O)N1CCN(c2ccc(B3OC(C)(C)C(C)(C)O3)cc2)CC1
/beegfs/home/m.romanov/thesis/benchmarking/datasets/UOB/maybridge-0177-760249651.png,CC1(C)OB(c2cccc(CN3CCOCC3)c2)OC1(C)C
/beegfs/home/m.romanov/thesis/benchmarking/datasets/UOB/maybridge-0177-791557409.png,CC1(C)OB(c2ccc(CN3CCOCC3)cc2)OC1(C)C
/beegfs/home/m.romanov/thesis/benchmarking/datasets/UOB/maybridge-0177-893648000.png,CC1(C)OB(c2ccccc2CN2CCOCC2)OC1(C)C
/beegfs/home/m.romanov/thesis/benchmarking/datasets/UOB/maybridge-0177-904889265.png,CC1(C)OB(c2cc(C(F)(F)F)ccc2N2CCOCC2)OC1(C)C
/beegfs/home/m.romanov/thesis/benchmarking/datasets/UOB/maybridge-0177-925546193.png,OB(O)c1ccncc1
/beegfs/home/m.romanov/thesis/benchmarking/datasets/UOB/maybridge-0178-1012949780.png,OB(O)c1cncnc1
/beegfs/home/m.romanov/thesis/benchmarking/datasets/UOB/maybridge-0178-130245227.png,CC(C)(C)OC(=O)N1CCN(c2ccc(B3OC(C)(C)C(C)(C)O3)cn2)CC1
/beegfs/home/m.romanov/thesis/benchmarking/datasets/UOB/maybridge-0178-538666577.png,CC(C)(C)Oc1ncc(B(O)O)c(OC(C)(C)C)n1
/beegfs/home/m.romanov/thesis/benchmarking/datasets/UOB/maybridge-0178-833474830.png,COc1ccc(B(O)O)cn1
/beegfs/home/m.romanov/thesis/benchmarking/datasets/UOB/maybridge-0178-835309902.png,CC1(C)OB(c2ccc(N3CCOCC3)nc2)OC1(C)C
/beegfs/home/m.romanov/thesis/benchmarking/datasets/UOB/maybridge-0178-893024220.png,CC1(C)COB(c2cccnc2)OC1
/beegfs/home/m.romanov/thesis/benchmarking/datasets/UOB/maybridge-0178-914567895.png,CC1(C)OB(c2ccc(Cl)nc2)OC1(C)C
/beegfs/home/m.romanov/thesis/benchmarking/datasets/UOB/maybridge-0178-941417848.png,OB(O)c1cc(Br)cnc1Br
/beegfs/home/m.romanov/thesis/benchmarking/datasets/UOB/maybridge-0178-944676287.png,CC1(C)OB(c2ccc(Br)nc2)OC1(C)C
/beegfs/home/m.romanov/thesis/benchmarking/datasets/UOB/maybridge-0179-1035926528.png,CC(C)(C)OC(=O)n1c(B(O)O)cc2ccccc21
/beegfs/home/m.romanov/thesis/benchmarking/datasets/UOB/maybridge-0179-311670207.png,COc1ccc2c(c1)cc(B(O)O)n2C(=O)OC(C)(C)C
/beegfs/home/m.romanov/thesis/benchmarking/datasets/UOB/maybridge-0179-53374284.png,CC(C)(C)OC(=O)n1c(B(O)O)cc2cc(Br)ccc21
/beegfs/home/m.romanov/thesis/benchmarking/datasets/UOB/maybridge-0179-660727841.png,O=S(=O)(c1ccccc1)n1cc(B(O)O)c2ccccc21
/beegfs/home/m.romanov/thesis/benchmarking/datasets/UOB/maybridge-0179-829062970.png,Cn1ccc2c(B3OC(C)(C)C(C)(C)O3)cccc21
/beegfs/home/m.romanov/thesis/benchmarking/datasets/UOB/maybridge-0179-845858782.png,OB(O)c1cnc(O)nc1O
/beegfs/home/m.romanov/thesis/benchmarking/datasets/UOB/maybridge-0179-864647643.png,Cn1ccc2cc(B3OC(C)(C)C(C)(C)O3)ccc21
/beegfs/home/m.romanov/thesis/benchmarking/datasets/UOB/maybridge-0179-983792590.png,O=S(=O)(c1ccccc1)n1c(B(O)O)cc2ccccc21
/beegfs/home/m.romanov/thesis/benchmarking/datasets/UOB/maybridge-0180-1048019238.png,CC(C)(C)OC(=O)n1ncc2cc(B3OC(C)(C)C(C)(C)O3)ccc21
/beegfs/home/m.romanov/thesis/benchmarking/datasets/UOB/maybridge-0180-1065529322.png,Cn1ccc2ccc(B3OC(C)(C)C(C)(C)O3)cc21
/beegfs/home/m.romanov/thesis/benchmarking/datasets/UOB/maybridge-0180-137533616.png,OB(O)c1ccc2c(c1)CCO2
/beegfs/home/m.romanov/thesis/benchmarking/datasets/UOB/maybridge-0180-360406116.png,CC1(C)OB(c2ccc3occc3c2)OC1(C)C
/beegfs/home/m.romanov/thesis/benchmarking/datasets/UOB/maybridge-0180-631971373.png,CC(C)[Si](C(C)C)(C(C)C)n1ccc2cc(B3OC(C)(C)C(C)(C)O3)ccc21
/beegfs/home/m.romanov/thesis/benchmarking/datasets/UOB/maybridge-0180-683697390.png,OB(O)c1csc2ccccc12
/beegfs/home/m.romanov/thesis/benchmarking/datasets/UOB/maybridge-0180-727454675.png,OB(O)c1cc2ccccc2s1
/beegfs/home/m.romanov/thesis/benchmarking/datasets/UOB/maybridge-0180-953434052.png,CC(C)[Si](C(C)C)(C(C)C)n1ccc2c(B3OC(C)(C)C(C)(C)O3)cccc21
/beegfs/home/m.romanov/thesis/benchmarking/datasets/UOB/maybridge-0180-974271841.png,OB(O)c1cc(Br)cc2c1OCC2
/beegfs/home/m.romanov/thesis/benchmarking/datasets/UOB/maybridge-0181-1039011440.png,CC1(C)OB(c2ccc3sccc3c2)OC1(C)C
/beegfs/home/m.romanov/thesis/benchmarking/datasets/UOB/maybridge-0181-17041139.png,OB(O)c1cccc2ccccc12
/beegfs/home/m.romanov/thesis/benchmarking/datasets/UOB/maybridge-0181-202891458.png,OB(O)c1cnc2ccccc2c1
/beegfs/home/m.romanov/thesis/benchmarking/datasets/UOB/maybridge-0181-226375573.png,OB(O)c1ccc2ccccc2c1
/beegfs/home/m.romanov/thesis/benchmarking/datasets/UOB/maybridge-0181-307935955.png,Cc1ccc2sc(B(O)O)cc2c1
/beegfs/home/m.romanov/thesis/benchmarking/datasets/UOB/maybridge-0181-719151678.png,COC(=O)c1cc2cc(B3OC(C)(C)C(C)(C)O3)ccc2s1
/beegfs/home/m.romanov/thesis/benchmarking/datasets/UOB/maybridge-0181-853389824.png,CC1(C)OB(c2scc3c2OCCO3)OC1(C)C
/beegfs/home/m.romanov/thesis/benchmarking/datasets/UOB/maybridge-0181-915081774.png,OB(O)c1cccc2cccnc12
/beegfs/home/m.romanov/thesis/benchmarking/datasets/UOB/maybridge-0181-926778490.png,OB(O)c1ccc2cc(OCc3ccccc3)ccc2c1
/beegfs/home/m.romanov/thesis/benchmarking/datasets/UOB/maybridge-0181-967405898.png,CC1(C)COB(c2cncc3ccccc23)OC1
/beegfs/home/m.romanov/thesis/benchmarking/datasets/UOB/maybridge-0182-1057143445.png,CN1CCOc2cc(B3OC(C)(C)C(C)(C)O3)ccc21
/beegfs/home/m.romanov/thesis/benchmarking/datasets/UOB/maybridge-0182-342784917.png,CCCCCCB(O)O
/beegfs/home/m.romanov/thesis/benchmarking/datasets/UOB/maybridge-0182-477374731.png,OB(O)c1ccc2sc3ccccc3c2c1
/beegfs/home/m.romanov/thesis/benchmarking/datasets/UOB/maybridge-0182-602269246.png,OB(O)c1cccc2c1oc1ccccc12
/beegfs/home/m.romanov/thesis/benchmarking/datasets/UOB/maybridge-0182-610150206.png,OB(O)c1ccc2c(c1)OCCO2
/beegfs/home/m.romanov/thesis/benchmarking/datasets/UOB/maybridge-0182-655925757.png,OB(O)c1cccc2c1sc1ccccc12
/beegfs/home/m.romanov/thesis/benchmarking/datasets/UOB/maybridge-0182-680716719.png,OB(O)c1cccc2c1Sc1ccccc1S2
/beegfs/home/m.romanov/thesis/benchmarking/datasets/UOB/maybridge-0182-892294568.png,OB(O)c1cccc2c1Oc1ccccc1S2
/beegfs/home/m.romanov/thesis/benchmarking/datasets/UOB/maybridge-0182-924370721.png,OB(O)c1ccc2c(c1)OCCCO2
/beegfs/home/m.romanov/thesis/benchmarking/datasets/UOB/maybridge-0183-1020167955.png,Cn1c(C(=O)O)ccc1S(N)(=O)=O
/beegfs/home/m.romanov/thesis/benchmarking/datasets/UOB/maybridge-0183-1026940131.png,CC(C)(C)OC(O)=NC1(C(=O)O)CC1
/beegfs/home/m.romanov/thesis/benchmarking/datasets/UOB/maybridge-0183-234927710.png,Cc1cc(C(=O)O)c(C)n1C1CC1
/beegfs/home/m.romanov/thesis/benchmarking/datasets/UOB/maybridge-0183-311498010.png,COC(=O)C1(C)CCC(C(=O)O)C1(C)C
/beegfs/home/m.romanov/thesis/benchmarking/datasets/UOB/maybridge-0183-319151766.png,O=C(O)C1CN(C(c2ccccc2)c2ccccc2)C1
/beegfs/home/m.romanov/thesis/benchmarking/datasets/UOB/maybridge-0183-483054114.png,Cc1cc(C(=O)O)c(C)[nH]1
/beegfs/home/m.romanov/thesis/benchmarking/datasets/UOB/maybridge-0183-574952018.png,Cc1cc(C(=O)O)c(C)n1Cc1cccs1
/beegfs/home/m.romanov/thesis/benchmarking/datasets/UOB/maybridge-0183-619276787.png,Cc1cc(C(=O)O)c(C)n1C
/beegfs/home/m.romanov/thesis/benchmarking/datasets/UOB/maybridge-0183-811899395.png,Cc1cc(C(=O)O)c(C)n1Cc1ccncc1
/beegfs/home/m.romanov/thesis/benchmarking/datasets/UOB/maybridge-0184-1051958815.png,Cn1nccc1C(=O)O
/beegfs/home/m.romanov/thesis/benchmarking/datasets/UOB/maybridge-0184-155356318.png,Cc1c(C(=O)O)cc(-c2ccccc2)n1CCCN1CCOCC1
/beegfs/home/m.romanov/thesis/benchmarking/datasets/UOB/maybridge-0184-413984158.png,Cc1cc(C(=O)O)nn1C
/beegfs/home/m.romanov/thesis/benchmarking/datasets/UOB/maybridge-0184-455325470.png,Cc1n[nH]c(C)c1C(=O)O
/beegfs/home/m.romanov/thesis/benchmarking/datasets/UOB/maybridge-0184-466866186.png,Cc1cc(C(=O)O)n[nH]1
/beegfs/home/m.romanov/thesis/benchmarking/datasets/UOB/maybridge-0184-613416985.png,Cn1ccc(C(=O)O)n1
/beegfs/home/m.romanov/thesis/benchmarking/datasets/UOB/maybridge-0184-7626934.png,Cc1c(C(=O)O)cc(-c2ccccc2)n1-c1ccccc1
/beegfs/home/m.romanov/thesis/benchmarking/datasets/UOB/maybridge-0184-810325385.png,N=c1[nH][nH]cc1C(=O)O
/beegfs/home/m.romanov/thesis/benchmarking/datasets/UOB/maybridge-0184-834316788.png,Cn1cc(N=C(O)OC(C)(C)C)cc1C(=O)O
/beegfs/home/m.romanov/thesis/benchmarking/datasets/UOB/maybridge-0184-980725853.png,Cc1cc(C(=O)O)n(C)n1
/beegfs/home/m.romanov/thesis/benchmarking/datasets/UOB/maybridge-0185-190730326.png,O=C(O)c1ccnn1-c1ccccc1
/beegfs/home/m.romanov/thesis/benchmarking/datasets/UOB/maybridge-0185-230345535.png,O=C(O)c1cc(-c2ccccc2)[nH]n1
/beegfs/home/m.romanov/thesis/benchmarking/datasets/UOB/maybridge-0185-487672723.png,CCn1nc(C)cc1C(=O)O
/beegfs/home/m.romanov/thesis/benchmarking/datasets/UOB/maybridge-0185-586299602.png,O=C(O)c1cc(-c2ccco2)[nH]n1
/beegfs/home/m.romanov/thesis/benchmarking/datasets/UOB/maybridge-0185-631735283.png,Cc1nn(C)c(C)c1C(=O)O
/beegfs/home/m.romanov/thesis/benchmarking/datasets/UOB/maybridge-0185-719998818.png,Cn1nc(C(C)(C)C)cc1C(=O)O
/beegfs/home/m.romanov/thesis/benchmarking/datasets/UOB/maybridge-0185-726553774.png,Cn1nc(-c2ccco2)cc1C(=O)O
/beegfs/home/m.romanov/thesis/benchmarking/datasets/UOB/maybridge-0185-742082012.png,Cc1cc(C(=O)O)n(C(C)(C)C)n1
/beegfs/home/m.romanov/thesis/benchmarking/datasets/UOB/maybridge-0185-823184915.png,Cc1nn(C)c(Cl)c1C(=O)O
/beegfs/home/m.romanov/thesis/benchmarking/datasets/UOB/maybridge-0185-841744502.png,Cn1nc(C(=O)O)cc1-c1ccco1
/beegfs/home/m.romanov/thesis/benchmarking/datasets/UOB/maybridge-0186-151595856.png,Cn1nc(C(=O)O)cc1-c1cccs1
/beegfs/home/m.romanov/thesis/benchmarking/datasets/UOB/maybridge-0186-184032619.png,Cn1ncc(C(=O)O)c1-c1ccccc1
/beegfs/home/m.romanov/thesis/benchmarking/datasets/UOB/maybridge-0186-392837868.png,Cn1cc(Br)c(C(=O)O)n1
/beegfs/home/m.romanov/thesis/benchmarking/datasets/UOB/maybridge-0186-423099798.png,O=C(O)c1cc(-c2cccs2)[nH]n1
/beegfs/home/m.romanov/thesis/benchmarking/datasets/UOB/maybridge-0186-576681689.png,Cn1cc(C(=O)O)c(C(F)(F)F)n1
/beegfs/home/m.romanov/thesis/benchmarking/datasets/UOB/maybridge-0186-702423146.png,Cn1nc(C(=O)O)cc1-c1ccccc1
/beegfs/home/m.romanov/thesis/benchmarking/datasets/UOB/maybridge-0186-715457207.png,Cn1nc(-c2cccs2)cc1C(=O)O
/beegfs/home/m.romanov/thesis/benchmarking/datasets/UOB/maybridge-0186-857086332.png,Cn1nc(-c2ccccc2)cc1C(=O)O
/beegfs/home/m.romanov/thesis/benchmarking/datasets/UOB/maybridge-0186-880088001.png,Cc1c(C(=O)O)cnn1-c1ccccc1
/beegfs/home/m.romanov/thesis/benchmarking/datasets/UOB/maybridge-0186-977377900.png,O=C(O)c1cc(-c2cccc(O)c2)[nH]n1
/beegfs/home/m.romanov/thesis/benchmarking/datasets/UOB/maybridge-0187-229648792.png,COc1ccc(-n2ncc(C(=O)O)c2C)cc1
/beegfs/home/m.romanov/thesis/benchmarking/datasets/UOB/maybridge-0187-442873169.png,CCCc1c(C(=O)O)cnn1-c1ccccc1
/beegfs/home/m.romanov/thesis/benchmarking/datasets/UOB/maybridge-0187-606187868.png,Cn1nc(C(F)(F)F)c(C(=O)O)c1Cl
/beegfs/home/m.romanov/thesis/benchmarking/datasets/UOB/maybridge-0187-608974061.png,Cc1nn(-c2ccccc2)c(C)c1C(=O)O
/beegfs/home/m.romanov/thesis/benchmarking/datasets/UOB/maybridge-0187-654731680.png,Cc1nn(C)c(C(=O)O)c1Br
/beegfs/home/m.romanov/thesis/benchmarking/datasets/UOB/maybridge-0187-867546033.png,Cc1ccccc1-n1ncc(C(=O)O)c1C
/beegfs/home/m.romanov/thesis/benchmarking/datasets/UOB/maybridge-0187-934232824.png,CCn1nc(C)c(Br)c1C(=O)O
/beegfs/home/m.romanov/thesis/benchmarking/datasets/UOB/maybridge-0187-934910619.png,Cc1c(C(=O)O)cnn1-c1ccc(F)cc1
/beegfs/home/m.romanov/thesis/benchmarking/datasets/UOB/maybridge-0188-1025427586.png,CCCc1c(C(=O)O)cnn1-c1cc(Cl)cc(Cl)c1
/beegfs/home/m.romanov/thesis/benchmarking/datasets/UOB/maybridge-0188-244808540.png,O=C(O)c1cnn(-c2ccc(Cl)cc2)c1C(F)(F)F
/beegfs/home/m.romanov/thesis/benchmarking/datasets/UOB/maybridge-0188-250095510.png,O=C(O)c1cnc[nH]1
/beegfs/home/m.romanov/thesis/benchmarking/datasets/UOB/maybridge-0188-293331136.png,O=C(O)c1cnn(-c2ccccc2)c1C(F)(F)F
/beegfs/home/m.romanov/thesis/benchmarking/datasets/UOB/maybridge-0188-372523793.png,Cc1c(C(=O)O)cnn1-c1ccc(Cl)cc1
/beegfs/home/m.romanov/thesis/benchmarking/datasets/UOB/maybridge-0188-484626924.png,O=C(O)c1ncc[nH]1
/beegfs/home/m.romanov/thesis/benchmarking/datasets/UOB/maybridge-0188-738277107.png,Cn1cncc1C(=O)O
/beegfs/home/m.romanov/thesis/benchmarking/datasets/UOB/maybridge-0188-96705596.png,CC(C)(C)c1cc(C(=O)O)n(Cc2ccccc2)n1
/beegfs/home/m.romanov/thesis/benchmarking/datasets/UOB/maybridge-0188-989000760.png,CCCc1c(C(=O)O)cnn1-c1ccc(Cl)cc1
/beegfs/home/m.romanov/thesis/benchmarking/datasets/UOB/maybridge-0189-1065158744.png,O=C(O)CCn1ccnc1
/beegfs/home/m.romanov/thesis/benchmarking/datasets/UOB/maybridge-0189-192926406.png,Cc1c(C(=O)O)nnn1Cc1ccccc1
/beegfs/home/m.romanov/thesis/benchmarking/datasets/UOB/maybridge-0189-29586677.png,O=C(O)c1cnc(-c2ccccc2)[nH]1
/beegfs/home/m.romanov/thesis/benchmarking/datasets/UOB/maybridge-0189-318725260.png,Cn1c(Br)nc(C(=O)O)c1C(=O)O
/beegfs/home/m.romanov/thesis/benchmarking/datasets/UOB/maybridge-0189-464889409.png,Cn1ccnc1C(=O)O
/beegfs/home/m.romanov/thesis/benchmarking/datasets/UOB/maybridge-0189-676113473.png,O=C(O)Cn1ccnc1
/beegfs/home/m.romanov/thesis/benchmarking/datasets/UOB/maybridge-0189-771518421.png,Cc1nn(-c2ccccc2)nc1C(=O)O
/beegfs/home/m.romanov/thesis/benchmarking/datasets/UOB/maybridge-0189-809823030.png,Cn1cnc(C(=O)O)c1
/beegfs/home/m.romanov/thesis/benchmarking/datasets/UOB/maybridge-0189-834290991.png,Cc1c(C(=O)O)nnn1-c1cccc(C(F)(F)F)c1
/beegfs/home/m.romanov/thesis/benchmarking/datasets/UOB/maybridge-0189-985470394.png,CSc1ncc(C(=O)O)n1Cc1ccccc1
/beegfs/home/m.romanov/thesis/benchmarking/datasets/UOB/maybridge-0190-16207214.png,O=C(O)c1ccoc1
/beegfs/home/m.romanov/thesis/benchmarking/datasets/UOB/maybridge-0190-219463229.png,O=C(O)C1CC(=O)N(Cc2ccco2)C1
/beegfs/home/m.romanov/thesis/benchmarking/datasets/UOB/maybridge-0190-371371626.png,O=C(O)C1CC(=O)N(Cc2ccc(F)cc2)C1
/beegfs/home/m.romanov/thesis/benchmarking/datasets/UOB/maybridge-0190-392878545.png,O=C(O)CCn1cncn1
/beegfs/home/m.romanov/thesis/benchmarking/datasets/UOB/maybridge-0190-425057245.png,Cc1cc(C(=O)O)oc1C
/beegfs/home/m.romanov/thesis/benchmarking/datasets/UOB/maybridge-0190-821020402.png,Cc1c(C(=O)O)nnn1Cc1ccc(Br)cc1
/beegfs/home/m.romanov/thesis/benchmarking/datasets/UOB/maybridge-0190-828493079.png,O=C(O)C1CC(=O)N(Cc2cccs2)C1
/beegfs/home/m.romanov/thesis/benchmarking/datasets/UOB/maybridge-0190-922592012.png,CC(=O)N1CCCC1C(=O)O
/beegfs/home/m.romanov/thesis/benchmarking/datasets/UOB/maybridge-0190-944901015.png,Cc1occc1C(=O)O
/beegfs/home/m.romanov/thesis/benchmarking/datasets/UOB/maybridge-0190-961398484.png,CC(C)(C)OC(=O)N1CC(=O)CC1C(=O)O
/beegfs/home/m.romanov/thesis/benchmarking/datasets/UOB/maybridge-0191-177592753.png,Cc1ccc(-c2cc(C(=O)O)c(C)o2)cc1
/beegfs/home/m.romanov/thesis/benchmarking/datasets/UOB/maybridge-0191-190966754.png,O=C(O)c1ccc(Oc2ccccc2)o1
/beegfs/home/m.romanov/thesis/benchmarking/datasets/UOB/maybridge-0191-375658044.png,Cc1cc(C(=O)O)c(C(F)(F)F)o1
/beegfs/home/m.romanov/thesis/benchmarking/datasets/UOB/maybridge-0191-384627690.png,O=C(O)c1ccc(Oc2cccnc2)o1
/beegfs/home/m.romanov/thesis/benchmarking/datasets/UOB/maybridge-0191-442116940.png,Cc1oc(S(=O)(=O)N(C)C)cc1C(=O)O
/beegfs/home/m.romanov/thesis/benchmarking/datasets/UOB/maybridge-0191-523647092.png,COc1cccc(-c2ccc(C(=O)O)o2)c1
/beegfs/home/m.romanov/thesis/benchmarking/datasets/UOB/maybridge-0191-550725354.png,O=C(O)c1ccc(C#Cc2ccccc2)o1
/beegfs/home/m.romanov/thesis/benchmarking/datasets/UOB/maybridge-0191-604660103.png,O=C(O)c1ccc(Br)o1
/beegfs/home/m.romanov/thesis/benchmarking/datasets/UOB/maybridge-0191-725747440.png,Cc1oc(-c2ccc(Cl)cc2)cc1C(=O)O
/beegfs/home/m.romanov/thesis/benchmarking/datasets/UOB/maybridge-0191-886404246.png,Cc1cc(C(=O)O)c(-c2ccccc2)o1
/beegfs/home/m.romanov/thesis/benchmarking/datasets/UOB/maybridge-0191-930407079.png,Cc1oc(-c2ccccc2)cc1C(=O)O
/beegfs/home/m.romanov/thesis/benchmarking/datasets/UOB/maybridge-0191-977083383.png,COc1ccc(-c2ccc(C(=O)O)o2)cc1
/beegfs/home/m.romanov/thesis/benchmarking/datasets/UOB/maybridge-0192-104203990.png,O=C(O)c1cc(-c2ccc(Cl)cc2)oc1C(F)(F)F
/beegfs/home/m.romanov/thesis/benchmarking/datasets/UOB/maybridge-0192-109510881.png,Cc1ccc(C(=O)O)s1
/beegfs/home/m.romanov/thesis/benchmarking/datasets/UOB/maybridge-0192-271422107.png,O=C(O)c1ccsc1
/beegfs/home/m.romanov/thesis/benchmarking/datasets/UOB/maybridge-0192-291690556.png,Cc1csc(C(=O)O)c1
/beegfs/home/m.romanov/thesis/benchmarking/datasets/UOB/maybridge-0192-312260521.png,Cc1oc(S(=O)(=O)N2CCCCC2)cc1C(=O)O
/beegfs/home/m.romanov/thesis/benchmarking/datasets/UOB/maybridge-0192-578191340.png,Cc1oc(S(=O)(=O)N2CCOCC2)cc1C(=O)O
/beegfs/home/m.romanov/thesis/benchmarking/datasets/UOB/maybridge-0192-630631966.png,COc1cscc1C(=O)O
/beegfs/home/m.romanov/thesis/benchmarking/datasets/UOB/maybridge-0192-74621171.png,O=C(O)CCc1ccco1
/beegfs/home/m.romanov/thesis/benchmarking/datasets/UOB/maybridge-0192-801782703.png,O=C(O)C1CCCO1
/beegfs/home/m.romanov/thesis/benchmarking/datasets/UOB/maybridge-0192-819507286.png,Cc1ccsc1C(=O)O
/beegfs/home/m.romanov/thesis/benchmarking/datasets/UOB/maybridge-0192-867893244.png,O=C(O)c1cc(-c2ccc(Br)cc2)oc1C(F)(F)F
/beegfs/home/m.romanov/thesis/benchmarking/datasets/UOB/maybridge-0193-116493633.png,O=C(O)c1csc([N+](=O)[O-])c1
/beegfs/home/m.romanov/thesis/benchmarking/datasets/UOB/maybridge-0193-152023266.png,O=C(O)c1sccc1-n1cccc1
/beegfs/home/m.romanov/thesis/benchmarking/datasets/UOB/maybridge-0193-271096461.png,O=C(O)c1ccc(B(O)O)s1
/beegfs/home/m.romanov/thesis/benchmarking/datasets/UOB/maybridge-0193-322249342.png,CSc1ccc(C(=O)O)s1
/beegfs/home/m.romanov/thesis/benchmarking/datasets/UOB/maybridge-0193-497128787.png,COc1c(C(=O)O)csc1Cl
/beegfs/home/m.romanov/thesis/benchmarking/datasets/UOB/maybridge-0193-502072489.png,O=C(O)c1ccsc1B(O)O
/beegfs/home/m.romanov/thesis/benchmarking/datasets/UOB/maybridge-0193-507072394.png,O=C(O)c1ccc(-c2ccccc2)s1
/beegfs/home/m.romanov/thesis/benchmarking/datasets/UOB/maybridge-0193-578529170.png,O=C(O)c1sccc1Cl
/beegfs/home/m.romanov/thesis/benchmarking/datasets/UOB/maybridge-0193-609502226.png,CC(O)=Nc1ccsc1C(=O)O
/beegfs/home/m.romanov/thesis/benchmarking/datasets/UOB/maybridge-0193-645992035.png,CS(=O)(=O)c1ccc(C(=O)O)s1
/beegfs/home/m.romanov/thesis/benchmarking/datasets/UOB/maybridge-0193-6946358.png,O=C(O)c1ccc(-c2ccco2)s1
/beegfs/home/m.romanov/thesis/benchmarking/datasets/UOB/maybridge-0193-854282747.png,O=C(O)c1ccc(-c2ccccn2)s1
/beegfs/home/m.romanov/thesis/benchmarking/datasets/UOB/maybridge-0194-1025519084.png,O=C(O)c1ccc(-c2cccs2)s1
/beegfs/home/m.romanov/thesis/benchmarking/datasets/UOB/maybridge-0194-1070549927.png,COc1c(C(=O)O)csc1Br
/beegfs/home/m.romanov/thesis/benchmarking/datasets/UOB/maybridge-0194-255822080.png,CC(C)S(=O)(=O)c1csc(C(=O)O)c1N
/beegfs/home/m.romanov/thesis/benchmarking/datasets/UOB/maybridge-0194-480831615.png,O=C(O)c1ccc(Br)s1
/beegfs/home/m.romanov/thesis/benchmarking/datasets/UOB/maybridge-0194-536624017.png,O=C(O)c1cc(Br)cs1
/beegfs/home/m.romanov/thesis/benchmarking/datasets/UOB/maybridge-0194-53668528.png,O=C(O)c1ccsc1Br
/beegfs/home/m.romanov/thesis/benchmarking/datasets/UOB/maybridge-0194-630811312.png,O=C(O)c1sccc1Br
/beegfs/home/m.romanov/thesis/benchmarking/datasets/UOB/maybridge-0194-696085772.png,Cc1nc(-c2ccc(C(=O)O)s2)cs1
/beegfs/home/m.romanov/thesis/benchmarking/datasets/UOB/maybridge-0194-895263069.png,O=C(O)c1ccc(N2CCOCC2)s1
/beegfs/home/m.romanov/thesis/benchmarking/datasets/UOB/maybridge-0194-967897877.png,CS(=O)(=O)c1csc(C(=O)O)c1Cl
/beegfs/home/m.romanov/thesis/benchmarking/datasets/UOB/maybridge-0194-969333779.png,O=C(O)c1cscc1Sc1ccc(Cl)cc1
/beegfs/home/m.romanov/thesis/benchmarking/datasets/UOB/maybridge-0195-1040266310.png,Nc1c(C(=O)O)sc(C(F)(F)F)c1-c1ccccc1
/beegfs/home/m.romanov/thesis/benchmarking/datasets/UOB/maybridge-0195-251968467.png,O=C(O)Cc1ccc(C(=O)CCl)s1
/beegfs/home/m.romanov/thesis/benchmarking/datasets/UOB/maybridge-0195-343781191.png,COc1ccc(-c2c(C(=O)O)sc(SC)c2C#N)cc1
/beegfs/home/m.romanov/thesis/benchmarking/datasets/UOB/maybridge-0195-372517557.png,O=C(O)c1ccno1
/beegfs/home/m.romanov/thesis/benchmarking/datasets/UOB/maybridge-0195-422822274.png,O=C(O)c1cc(-c2ccccc2)c(C(F)(F)F)s1
/beegfs/home/m.romanov/thesis/benchmarking/datasets/UOB/maybridge-0195-453507139.png,O=C(O)CCc1cccs1
/beegfs/home/m.romanov/thesis/benchmarking/datasets/UOB/maybridge-0195-519805941.png,Cc1nocc1C(=O)O
/beegfs/home/m.romanov/thesis/benchmarking/datasets/UOB/maybridge-0195-69090040.png,Cc1c(S(=O)(=O)c2ccc(Cl)cc2)csc1C(=O)O
/beegfs/home/m.romanov/thesis/benchmarking/datasets/UOB/maybridge-0195-724741665.png,O=C(O)c1cscc1S(=O)(=O)c1ccc(Cl)cc1
/beegfs/home/m.romanov/thesis/benchmarking/datasets/UOB/maybridge-0195-737467535.png,Nc1c(S(=O)(=O)c2ccccc2)csc1C(=O)O
/beegfs/home/m.romanov/thesis/benchmarking/datasets/UOB/maybridge-0195-807525082.png,CSc1sc(C(=O)O)c(-c2ccc(Cl)cc2)c1C#N
/beegfs/home/m.romanov/thesis/benchmarking/datasets/UOB/maybridge-0196-1024050362.png,Cc1oncc1C(=O)O
/beegfs/home/m.romanov/thesis/benchmarking/datasets/UOB/maybridge-0196-1035844019.png,Cc1onc(-c2ccc(F)cc2)c1C(=O)O
/beegfs/home/m.romanov/thesis/benchmarking/datasets/UOB/maybridge-0196-169798055.png,Cc1noc(-c2ccccc2)c1C(=O)O
/beegfs/home/m.romanov/thesis/benchmarking/datasets/UOB/maybridge-0196-366778621.png,O=C(O)c1cc(-c2ccco2)on1
/beegfs/home/m.romanov/thesis/benchmarking/datasets/UOB/maybridge-0196-482500748.png,Cc1cc(C(=O)O)no1
/beegfs/home/m.romanov/thesis/benchmarking/datasets/UOB/maybridge-0196-486689474.png,Cc1cc(-c2onc(C)c2C(=O)O)no1
/beegfs/home/m.romanov/thesis/benchmarking/datasets/UOB/maybridge-0196-726617057.png,O=C(O)c1cc(-c2cccs2)on1
/beegfs/home/m.romanov/thesis/benchmarking/datasets/UOB/maybridge-0196-798835496.png,Cc1noc(C)c1C(=O)O
/beegfs/home/m.romanov/thesis/benchmarking/datasets/UOB/maybridge-0196-938814830.png,Cc1nc(-c2cc(C(=O)O)no2)cs1
/beegfs/home/m.romanov/thesis/benchmarking/datasets/UOB/maybridge-0196-953043795.png,Cc1onc(-c2ccccc2)c1C(=O)O
/beegfs/home/m.romanov/thesis/benchmarking/datasets/UOB/maybridge-0196-999825072.png,O=C(O)c1cc(-c2ccccc2)on1
/beegfs/home/m.romanov/thesis/benchmarking/datasets/UOB/maybridge-0197-1054598789.png,Cc1ncoc1C(=O)O
/beegfs/home/m.romanov/thesis/benchmarking/datasets/UOB/maybridge-0197-286709689.png,Cc1nc(C(=O)O)c(C)o1
/beegfs/home/m.romanov/thesis/benchmarking/datasets/UOB/maybridge-0197-327414577.png,Cc1onc(-c2c(F)cccc2Cl)c1C(=O)O
/beegfs/home/m.romanov/thesis/benchmarking/datasets/UOB/maybridge-0197-390955178.png,COc1ccc(-c2ocnc2C(=O)O)cc1
/beegfs/home/m.romanov/thesis/benchmarking/datasets/UOB/maybridge-0197-49874193.png,Cc1oc(-c2ccccc2)nc1C(=O)O
/beegfs/home/m.romanov/thesis/benchmarking/datasets/UOB/maybridge-0197-50934919.png,O=C(O)c1ncoc1-c1ccccc1
/beegfs/home/m.romanov/thesis/benchmarking/datasets/UOB/maybridge-0197-547578245.png,Cc1onc(-c2c(Cl)cccc2Cl)c1C(=O)O
/beegfs/home/m.romanov/thesis/benchmarking/datasets/UOB/maybridge-0197-646115893.png,COc1ccc(-c2noc(C)c2C(=O)O)cc1
/beegfs/home/m.romanov/thesis/benchmarking/datasets/UOB/maybridge-0197-761590108.png,Cc1oc(-c2ccccc2)nc1CC(=O)O
/beegfs/home/m.romanov/thesis/benchmarking/datasets/UOB/maybridge-0197-886864313.png,Cc1nnsc1-c1onc(C)c1C(=O)O
/beegfs/home/m.romanov/thesis/benchmarking/datasets/UOB/maybridge-0198-164960109.png,Cc1nc(C(=O)O)cs1
/beegfs/home/m.romanov/thesis/benchmarking/datasets/UOB/maybridge-0198-214981682.png,Cc1ncsc1C(=O)O
/beegfs/home/m.romanov/thesis/benchmarking/datasets/UOB/maybridge-0198-234046075.png,O=C(O)c1csc(-c2cccs2)n1
/beegfs/home/m.romanov/thesis/benchmarking/datasets/UOB/maybridge-0198-349728731.png,O=C(O)CCc1nc(-c2ccccc2)c(-c2ccccc2)o1
/beegfs/home/m.romanov/thesis/benchmarking/datasets/UOB/maybridge-0198-350842091.png,O=C(O)c1csc(-c2cccnc2)n1
/beegfs/home/m.romanov/thesis/benchmarking/datasets/UOB/maybridge-0198-358269992.png,O=C(O)c1cnon1
/beegfs/home/m.romanov/thesis/benchmarking/datasets/UOB/maybridge-0198-396572833.png,Cc1ccc(-c2nc(C(=O)O)cs2)cc1
/beegfs/home/m.romanov/thesis/benchmarking/datasets/UOB/maybridge-0198-673678928.png,Cc1nc(C)c(C(=O)O)s1
/beegfs/home/m.romanov/thesis/benchmarking/datasets/UOB/maybridge-0198-691945188.png,O=C(O)c1csc(-c2ccccc2)n1
/beegfs/home/m.romanov/thesis/benchmarking/datasets/UOB/maybridge-0198-812309559.png,O=C(O)c1csc(-c2ccncc2)n1
/beegfs/home/m.romanov/thesis/benchmarking/datasets/UOB/maybridge-0198-851129650.png,O=C(O)c1nsc(Cl)c1Cl
/beegfs/home/m.romanov/thesis/benchmarking/datasets/UOB/maybridge-0199-34044247.png,Cc1nc(-c2ccccc2)c(C(=O)O)s1
/beegfs/home/m.romanov/thesis/benchmarking/datasets/UOB/maybridge-0199-434623675.png,Cc1nc(-c2ccccc2)sc1C(=O)O
/beegfs/home/m.romanov/thesis/benchmarking/datasets/UOB/maybridge-0199-469031298.png,Cc1nc(-c2cnccn2)sc1C(=O)O
/beegfs/home/m.romanov/thesis/benchmarking/datasets/UOB/maybridge-0199-477147341.png,O=C(O)c1c[nH]c(=NCc2ccccc2)s1
/beegfs/home/m.romanov/thesis/benchmarking/datasets/UOB/maybridge-0199-589256352.png,O=C(O)c1csc(-c2ccc3c(c2)CCO3)n1
/beegfs/home/m.romanov/thesis/benchmarking/datasets/UOB/maybridge-0199-602212255.png,Cc1nc(Br)sc1C(=O)O
/beegfs/home/m.romanov/thesis/benchmarking/datasets/UOB/maybridge-0199-65132884.png,Cc1nc(-c2ccc(Cl)cc2)sc1C(=O)O
/beegfs/home/m.romanov/thesis/benchmarking/datasets/UOB/maybridge-0199-680645122.png,O=C(O)c1csc(-c2cccc(Cl)c2)n1
/beegfs/home/m.romanov/thesis/benchmarking/datasets/UOB/maybridge-0199-693681978.png,Cc1nc(-c2ccc3c(c2)CCO3)sc1C(=O)O
/beegfs/home/m.romanov/thesis/benchmarking/datasets/UOB/maybridge-0199-816263651.png,O=C(O)c1csc(-c2ccc(C(F)(F)F)cc2)n1
/beegfs/home/m.romanov/thesis/benchmarking/datasets/UOB/maybridge-0200-1024995424.png,Cc1sc(C2CCN(C(=O)OC(C)(C)C)CC2)nc1CC(=O)O
/beegfs/home/m.romanov/thesis/benchmarking/datasets/UOB/maybridge-0200-1054380842.png,Cc1nnsc1C(=O)O
/beegfs/home/m.romanov/thesis/benchmarking/datasets/UOB/maybridge-0200-16805186.png,O=C(O)c1sc(-c2ccccc2)nc1-c1ccccc1
/beegfs/home/m.romanov/thesis/benchmarking/datasets/UOB/maybridge-0200-283590861.png,O=C(O)c1csnn1
/beegfs/home/m.romanov/thesis/benchmarking/datasets/UOB/maybridge-0200-423885403.png,Cc1nc(CC(=O)O)cs1
/beegfs/home/m.romanov/thesis/benchmarking/datasets/UOB/maybridge-0200-442966786.png,Cc1nc(-c2ccc(C(F)(F)F)cc2)sc1C(=O)O
/beegfs/home/m.romanov/thesis/benchmarking/datasets/UOB/maybridge-0200-455177756.png,Cc1nc(C2CCN(C(=O)OC(C)(C)C)CC2)sc1C(=O)O
/beegfs/home/m.romanov/thesis/benchmarking/datasets/UOB/maybridge-0200-47262058.png,CC(C)(C)OC(=O)N1CCC(c2nc(C(=O)O)cs2)CC1
/beegfs/home/m.romanov/thesis/benchmarking/datasets/UOB/maybridge-0200-568114041.png,O=C(O)c1csc(-c2cccc(Cl)c2Cl)n1
/beegfs/home/m.romanov/thesis/benchmarking/datasets/UOB/maybridge-0200-830444295.png,Cc1nc(CC(=O)O)c(C)s1
/beegfs/home/m.romanov/thesis/benchmarking/datasets/UOB/maybridge-0201-441757903.png,Cc1ccc(C(=O)O)cc1Cl
/beegfs/home/m.romanov/thesis/benchmarking/datasets/UOB/maybridge-0201-458422809.png,Cc1cc(Cl)ccc1C(=O)O
/beegfs/home/m.romanov/thesis/benchmarking/datasets/UOB/maybridge-0201-478498953.png,O=C(O)C1CSC(c2cccnc2)=N1
/beegfs/home/m.romanov/thesis/benchmarking/datasets/UOB/maybridge-0201-635635482.png,C/N=C1/SC(CC(=O)O)C(=O)N1C
/beegfs/home/m.romanov/thesis/benchmarking/datasets/UOB/maybridge-0201-640066942.png,O=C(O)c1snnc1-c1ccccc1
/beegfs/home/m.romanov/thesis/benchmarking/datasets/UOB/maybridge-0201-756670522.png,O=Cc1cc(C(=O)O)ccc1F
/beegfs/home/m.romanov/thesis/benchmarking/datasets/UOB/maybridge-0201-809577012.png,Nc1cccc(F)c1C(=O)O
/beegfs/home/m.romanov/thesis/benchmarking/datasets/UOB/maybridge-0201-814519556.png,O=C(O)CSc1nnc(S)s1
/beegfs/home/m.romanov/thesis/benchmarking/datasets/UOB/maybridge-0201-820093584.png,O=Cc1ccc(F)c(C(=O)O)c1
/beegfs/home/m.romanov/thesis/benchmarking/datasets/UOB/maybridge-0201-919028153.png,CCNc1ccc(C(=O)O)cc1
/beegfs/home/m.romanov/thesis/benchmarking/datasets/UOB/maybridge-0201-983617281.png,Cc1ccc(C(=O)O)c(N)c1
/beegfs/home/m.romanov/thesis/benchmarking/datasets/UOB/maybridge-0202-310556039.png,O=C(O)c1ccc(-n2cccc2)cc1
/beegfs/home/m.romanov/thesis/benchmarking/datasets/UOB/maybridge-0202-317694834.png,N=C(NO)c1cccc(C(=O)O)c1
/beegfs/home/m.romanov/thesis/benchmarking/datasets/UOB/maybridge-0202-405728036.png,COc1cc(OC)cc(C(=O)O)c1
/beegfs/home/m.romanov/thesis/benchmarking/datasets/UOB/maybridge-0202-42680325.png,O=C(O)c1cccc(-n2cccc2)c1
/beegfs/home/m.romanov/thesis/benchmarking/datasets/UOB/maybridge-0202-495536514.png,O=C(O)c1cccc(-c2ccco2)c1
/beegfs/home/m.romanov/thesis/benchmarking/datasets/UOB/maybridge-0202-551766383.png,O=C(O)c1ccc(F)c(F)c1F
/beegfs/home/m.romanov/thesis/benchmarking/datasets/UOB/maybridge-0202-613857599.png,O=C(O)c1ccc([N+](=O)[O-])cc1F
/beegfs/home/m.romanov/thesis/benchmarking/datasets/UOB/maybridge-0202-685507786.png,O=C(O)c1cc(O)ccc1[N+](=O)[O-]
/beegfs/home/m.romanov/thesis/benchmarking/datasets/UOB/maybridge-0202-865517136.png,O=C(O)c1ccccc1-c1ccco1
/beegfs/home/m.romanov/thesis/benchmarking/datasets/UOB/maybridge-0202-908776729.png,O=C(O)c1ccccc1-n1cccc1
/beegfs/home/m.romanov/thesis/benchmarking/datasets/UOB/maybridge-0202-956848151.png,Cc1cc(C(=O)O)cc(Cl)c1N
/beegfs/home/m.romanov/thesis/benchmarking/datasets/UOB/maybridge-0202-980601206.png,O=C(O)c1ccc(F)c(Cl)c1
/beegfs/home/m.romanov/thesis/benchmarking/datasets/UOB/maybridge-0203-1017526004.png,O=C(O)c1cccc(-n2cccn2)c1
/beegfs/home/m.romanov/thesis/benchmarking/datasets/UOB/maybridge-0203-124165833.png,O=C(O)c1ccccc1-n1cccn1
/beegfs/home/m.romanov/thesis/benchmarking/datasets/UOB/maybridge-0203-141485373.png,O=C(O)c1cccc(-c2cc[nH]n2)c1
/beegfs/home/m.romanov/thesis/benchmarking/datasets/UOB/maybridge-0203-259521061.png,O=C(O)c1ccc(-n2ccnc2)cc1
/beegfs/home/m.romanov/thesis/benchmarking/datasets/UOB/maybridge-0203-289503314.png,O=C(O)c1ccccc1-n1ccnc1
/beegfs/home/m.romanov/thesis/benchmarking/datasets/UOB/maybridge-0203-396426232.png,O=C(O)c1cccc(-n2ccnc2)c1
/beegfs/home/m.romanov/thesis/benchmarking/datasets/UOB/maybridge-0203-498917777.png,O=C(O)c1cccc(-c2cnco2)c1
/beegfs/home/m.romanov/thesis/benchmarking/datasets/UOB/maybridge-0203-535376317.png,O=C(O)c1ccc(-n2cccn2)cc1
/beegfs/home/m.romanov/thesis/benchmarking/datasets/UOB/maybridge-0203-612793137.png,O=C(O)c1ccc(-c2cnco2)cc1
/beegfs/home/m.romanov/thesis/benchmarking/datasets/UOB/maybridge-0203-724243465.png,O=C(O)c1ccc(-n2cncn2)cc1
/beegfs/home/m.romanov/thesis/benchmarking/datasets/UOB/maybridge-0203-774963140.png,O=C(O)c1cccc(-n2cncn2)c1
/beegfs/home/m.romanov/thesis/benchmarking/datasets/UOB/maybridge-0203-941185835.png,O=C(O)c1ccc(-c2ccco2)cc1
/beegfs/home/m.romanov/thesis/benchmarking/datasets/UOB/maybridge-0204-1032641497.png,O=C(O)c1cccc(-c2ccncc2)c1
/beegfs/home/m.romanov/thesis/benchmarking/datasets/UOB/maybridge-0204-141933690.png,O=C(O)c1cccc(N2CCCC2)c1
/beegfs/home/m.romanov/thesis/benchmarking/datasets/UOB/maybridge-0204-229962448.png,O=C(O)c1cc(Cl)cc(Cl)c1
/beegfs/home/m.romanov/thesis/benchmarking/datasets/UOB/maybridge-0204-309278222.png,O=C(O)c1ccc(-c2cccnc2)cc1
/beegfs/home/m.romanov/thesis/benchmarking/datasets/UOB/maybridge-0204-495078965.png,O=C(O)c1cccc(-c2cccnc2)c1
/beegfs/home/m.romanov/thesis/benchmarking/datasets/UOB/maybridge-0204-681756754.png,O=C(O)c1cc(F)c(F)c(F)c1F
/beegfs/home/m.romanov/thesis/benchmarking/datasets/UOB/maybridge-0204-68905304.png,CC(=O)Oc1c(C)cccc1C(=O)O
/beegfs/home/m.romanov/thesis/benchmarking/datasets/UOB/maybridge-0204-796160901.png,COC(=O)c1cccc(C(=O)O)c1N
/beegfs/home/m.romanov/thesis/benchmarking/datasets/UOB/maybridge-0204-922907568.png,O=C(O)c1cccc(-c2ccccn2)c1
/beegfs/home/m.romanov/thesis/benchmarking/datasets/UOB/maybridge-0204-924381274.png,O=C(O)c1ccc(-c2ccncc2)cc1
/beegfs/home/m.romanov/thesis/benchmarking/datasets/UOB/maybridge-0204-963333331.png,O=C(O)c1ccc(N2CCCC2)cc1
/beegfs/home/m.romanov/thesis/benchmarking/datasets/UOB/maybridge-0204-982605007.png,O=C(O)c1ccccc1-c1cccnc1
/beegfs/home/m.romanov/thesis/benchmarking/datasets/UOB/maybridge-0205-109740051.png,O=C(O)c1ccccc1Cn1cncn1
/beegfs/home/m.romanov/thesis/benchmarking/datasets/UOB/maybridge-0205-15359405.png,O=C(O)c1ccc(Cn2cncn2)cc1
/beegfs/home/m.romanov/thesis/benchmarking/datasets/UOB/maybridge-0205-173915134.png,Cc1nc(-c2cccc(C(=O)O)c2)no1
/beegfs/home/m.romanov/thesis/benchmarking/datasets/UOB/maybridge-0205-347195195.png,O=C(O)c1ccc(-c2cncnc2)cc1
/beegfs/home/m.romanov/thesis/benchmarking/datasets/UOB/maybridge-0205-490858104.png,O=C(O)c1cccc(Cn2cncn2)c1
/beegfs/home/m.romanov/thesis/benchmarking/datasets/UOB/maybridge-0205-526627807.png,O=C(O)c1cccc(-c2ncccn2)c1
/beegfs/home/m.romanov/thesis/benchmarking/datasets/UOB/maybridge-0205-545275685.png,O=C(O)c1cccc(-c2cncnc2)c1
/beegfs/home/m.romanov/thesis/benchmarking/datasets/UOB/maybridge-0205-641788020.png,O=C(O)c1ccc(Cn2cccn2)cc1
/beegfs/home/m.romanov/thesis/benchmarking/datasets/UOB/maybridge-0205-6496439.png,O=C(O)c1cccc(Cn2cccn2)c1
/beegfs/home/m.romanov/thesis/benchmarking/datasets/UOB/maybridge-0205-69029292.png,NS(=O)(=O)c1ccc(C(=O)O)cc1
/beegfs/home/m.romanov/thesis/benchmarking/datasets/UOB/maybridge-0205-834889767.png,Cn1ccc(-c2cccc(C(=O)O)c2)n1
/beegfs/home/m.romanov/thesis/benchmarking/datasets/UOB/maybridge-0206-174995646.png,O=C(O)c1cccc(-c2ccsc2)c1
/beegfs/home/m.romanov/thesis/benchmarking/datasets/UOB/maybridge-0206-265873584.png,Cc1noc(-c2ccccc2C(=O)O)n1
/beegfs/home/m.romanov/thesis/benchmarking/datasets/UOB/maybridge-0206-308887349.png,O=C(O)c1cccc(N2CCCCC2)c1
/beegfs/home/m.romanov/thesis/benchmarking/datasets/UOB/maybridge-0206-339509330.png,O=C(O)c1ccc(-c2ccsc2)cc1
/beegfs/home/m.romanov/thesis/benchmarking/datasets/UOB/maybridge-0206-3564600.png,O=C(O)c1ccc(CN2CCCC2)cc1
/beegfs/home/m.romanov/thesis/benchmarking/datasets/UOB/maybridge-0206-390522102.png,O=C(O)c1ccc(N2CCCCC2)cc1
/beegfs/home/m.romanov/thesis/benchmarking/datasets/UOB/maybridge-0206-603197777.png,Cc1noc(-c2ccc(C(=O)O)cc2)n1
/beegfs/home/m.romanov/thesis/benchmarking/datasets/UOB/maybridge-0206-700599988.png,O=C(O)c1ccc(-c2cccs2)cc1
/beegfs/home/m.romanov/thesis/benchmarking/datasets/UOB/maybridge-0206-758077806.png,O=C(O)c1ccccc1-c1cccs1
/beegfs/home/m.romanov/thesis/benchmarking/datasets/UOB/maybridge-0206-970374795.png,O=C(O)c1ccc(-c2nccs2)cc1
/beegfs/home/m.romanov/thesis/benchmarking/datasets/UOB/maybridge-0206-98149745.png,Cc1nc(-c2ccc(C(=O)O)cc2)no1
/beegfs/home/m.romanov/thesis/benchmarking/datasets/UOB/maybridge-0206-991759577.png,O=C(O)c1ccccc1OC(F)(F)F
/beegfs/home/m.romanov/thesis/benchmarking/datasets/UOB/maybridge-0207-1028845717.png,Nc1c(Br)cccc1C(=O)O
/beegfs/home/m.romanov/thesis/benchmarking/datasets/UOB/maybridge-0207-111620513.png,O=C(O)c1cccc(Oc2ccccn2)c1
/beegfs/home/m.romanov/thesis/benchmarking/datasets/UOB/maybridge-0207-156645010.png,O=C(O)c1ccccc1N1CCOCC1
/beegfs/home/m.romanov/thesis/benchmarking/datasets/UOB/maybridge-0207-287566782.png,CC(O)=Nc1cc(Cl)ccc1C(=O)O
/beegfs/home/m.romanov/thesis/benchmarking/datasets/UOB/maybridge-0207-380588988.png,O=C(O)c1ccc(-c2csnn2)cc1
/beegfs/home/m.romanov/thesis/benchmarking/datasets/UOB/maybridge-0207-415502671.png,O=C(O)c1cc(C(F)(F)F)ccc1F
/beegfs/home/m.romanov/thesis/benchmarking/datasets/UOB/maybridge-0207-479390220.png,O=C(O)c1ccc(N2CCOCC2)cc1
/beegfs/home/m.romanov/thesis/benchmarking/datasets/UOB/maybridge-0207-483924699.png,O=C(O)c1ccc(Oc2ccccn2)cc1
/beegfs/home/m.romanov/thesis/benchmarking/datasets/UOB/maybridge-0207-491541740.png,Cc1ccc(C)n1-c1ccccc1C(=O)O
/beegfs/home/m.romanov/thesis/benchmarking/datasets/UOB/maybridge-0207-495576569.png,O=C(O)c1cccc(N2CCOCC2)c1
/beegfs/home/m.romanov/thesis/benchmarking/datasets/UOB/maybridge-0207-553422313.png,CN(C)CCOc1ccccc1C(=O)O
/beegfs/home/m.romanov/thesis/benchmarking/datasets/UOB/maybridge-0207-956868079.png,Nc1ccc(Br)cc1C(=O)O
/beegfs/home/m.romanov/thesis/benchmarking/datasets/UOB/maybridge-0208-104203990.png,Cc1cc(C)n(-c2ccc(C(=O)O)cc2)n1
/beegfs/home/m.romanov/thesis/benchmarking/datasets/UOB/maybridge-0208-109510881.png,CN1CCN(c2ccccc2C(=O)O)CC1
/beegfs/home/m.romanov/thesis/benchmarking/datasets/UOB/maybridge-0208-237680151.png,Nc1ccc(C(=O)O)cc1OC(F)(F)F
/beegfs/home/m.romanov/thesis/benchmarking/datasets/UOB/maybridge-0208-271422107.png,Cc1nc(-c2ccc(C(=O)O)cc2)cs1
/beegfs/home/m.romanov/thesis/benchmarking/datasets/UOB/maybridge-0208-291690556.png,O=C(O)c1ccc(CN2CCCCC2)cc1
/beegfs/home/m.romanov/thesis/benchmarking/datasets/UOB/maybridge-0208-312260521.png,O=C(O)c1ccc(-c2ccccc2F)cc1
/beegfs/home/m.romanov/thesis/benchmarking/datasets/UOB/maybridge-0208-578191340.png,Cc1n[nH]c(C)c1-c1ccccc1C(=O)O
/beegfs/home/m.romanov/thesis/benchmarking/datasets/UOB/maybridge-0208-630631966.png,CN1CCN(c2cccc(C(=O)O)c2)CC1
/beegfs/home/m.romanov/thesis/benchmarking/datasets/UOB/maybridge-0208-74621171.png,O=C(O)c1ccc(C(=O)C(F)(F)F)cc1
/beegfs/home/m.romanov/thesis/benchmarking/datasets/UOB/maybridge-0208-801782703.png,Cc1nc(-c2cccc(C(=O)O)c2)cs1
/beegfs/home/m.romanov/thesis/benchmarking/datasets/UOB/maybridge-0208-819507286.png,CN1CCN(c2ccc(C(=O)O)cc2)CC1
/beegfs/home/m.romanov/thesis/benchmarking/datasets/UOB/maybridge-0208-867893244.png,COc1ccc(C(=O)O)c(Cl)c1OC
/beegfs/home/m.romanov/thesis/benchmarking/datasets/UOB/maybridge-0209-258986885.png,O=C([O-])c1ccccc1CN1CCOCC1.[Li+]
/beegfs/home/m.romanov/thesis/benchmarking/datasets/UOB/maybridge-0209-391085634.png,O=Cc1ccc(-c2ccccc2C(=O)O)cc1
/beegfs/home/m.romanov/thesis/benchmarking/datasets/UOB/maybridge-0209-452729979.png,O=C(O)c1ccccc1OC1CCOCC1
/beegfs/home/m.romanov/thesis/benchmarking/datasets/UOB/maybridge-0209-478833904.png,O=Cc1cccc(-c2cccc(C(=O)O)c2)c1
/beegfs/home/m.romanov/thesis/benchmarking/datasets/UOB/maybridge-0209-560654361.png,O=Cc1ccc(-c2ccc(C(=O)O)cc2)cc1
/beegfs/home/m.romanov/thesis/benchmarking/datasets/UOB/maybridge-0209-635658112.png,O=Cc1cccc(-c2ccc(C(=O)O)cc2)c1
/beegfs/home/m.romanov/thesis/benchmarking/datasets/UOB/maybridge-0209-66871866.png,O=C(O)c1cccc(COc2ccccc2)c1
/beegfs/home/m.romanov/thesis/benchmarking/datasets/UOB/maybridge-0209-739981547.png,O=C(O)c1ccc(CN2CCOCC2)cc1
/beegfs/home/m.romanov/thesis/benchmarking/datasets/UOB/maybridge-0209-945521675.png,O=Cc1ccc(-c2cccc(C(=O)O)c2)cc1
/beegfs/home/m.romanov/thesis/benchmarking/datasets/UOB/maybridge-0209-951680626.png,O=Cc1cccc(-c2ccccc2C(=O)O)c1
/beegfs/home/m.romanov/thesis/benchmarking/datasets/UOB/maybridge-0209-95170525.png,O=C(O)c1ccc(OC2CCOCC2)cc1
/beegfs/home/m.romanov/thesis/benchmarking/datasets/UOB/maybridge-0209-959624246.png,O=Cc1ccccc1-c1ccccc1C(=O)O
/beegfs/home/m.romanov/thesis/benchmarking/datasets/UOB/maybridge-0210-1039553507.png,COc1ccc(C(=O)O)cc1OC1CCCC1
/beegfs/home/m.romanov/thesis/benchmarking/datasets/UOB/maybridge-0210-193762978.png,Cc1cccc(N=C(O)C(F)(F)F)c1C(=O)O
/beegfs/home/m.romanov/thesis/benchmarking/datasets/UOB/maybridge-0210-411370806.png,CC(C)(C)OC(O)=NCc1ccc(C(=O)O)cc1
/beegfs/home/m.romanov/thesis/benchmarking/datasets/UOB/maybridge-0210-430483158.png,Cl.O=C(O)c1cccc(CN2CCCC2)c1
/beegfs/home/m.romanov/thesis/benchmarking/datasets/UOB/maybridge-0210-45313479.png,O=C(O)c1ccccc1I
/beegfs/home/m.romanov/thesis/benchmarking/datasets/UOB/maybridge-0210-574568038.png,O=C(O)c1cc([N+](=O)[O-])ccc1N1CCOCC1
/beegfs/home/m.romanov/thesis/benchmarking/datasets/UOB/maybridge-0210-586421963.png,Cl.O=C(O)c1ccc(Cn2ccnc2)cc1
/beegfs/home/m.romanov/thesis/benchmarking/datasets/UOB/maybridge-0210-721834003.png,CS(=O)(=O)c1ccc(C(=O)O)c(Cl)c1
/beegfs/home/m.romanov/thesis/benchmarking/datasets/UOB/maybridge-0210-878135550.png,Cl.O=C(O)c1cccc(Cn2ccnc2)c1
/beegfs/home/m.romanov/thesis/benchmarking/datasets/UOB/maybridge-0210-944917038.png,CC(C)(C)OC(=O)Nc1ccc(C(=O)O)cc1
/beegfs/home/m.romanov/thesis/benchmarking/datasets/UOB/maybridge-0210-948884664.png,O=C(O)c1ccccc1C(=O)c1ccc(F)cc1
/beegfs/home/m.romanov/thesis/benchmarking/datasets/UOB/maybridge-0210-962705495.png,O=C(O)c1cc(S(=O)(=O)Cl)ccc1O
/beegfs/home/m.romanov/thesis/benchmarking/datasets/UOB/maybridge-0211-15189613.png,CCOc1c(Nc2ccc(C(=O)O)cc2)c(=O)c1=O
/beegfs/home/m.romanov/thesis/benchmarking/datasets/UOB/maybridge-0211-192657183.png,O=C(O)c1ccc(CN2CCS(=O)(=O)CC2)cc1
/beegfs/home/m.romanov/thesis/benchmarking/datasets/UOB/maybridge-0211-200872611.png,O=C(O)c1ccc(Cn2cnc3ccccc32)cc1
/beegfs/home/m.romanov/thesis/benchmarking/datasets/UOB/maybridge-0211-315463061.png,O=C(O)c1cc(C(F)(F)F)ccc1N1CCOCC1
/beegfs/home/m.romanov/thesis/benchmarking/datasets/UOB/maybridge-0211-464773695.png,CN1CCCN(c2ccc(C(=O)O)cc2)CC1.Cl
/beegfs/home/m.romanov/thesis/benchmarking/datasets/UOB/maybridge-0211-588498571.png,Cl.O=C(O)c1cccc(CN2CCOCC2)c1
/beegfs/home/m.romanov/thesis/benchmarking/datasets/UOB/maybridge-0211-678173263.png,O=C(O)c1cccc(CN2CCCCC2)c1
/beegfs/home/m.romanov/thesis/benchmarking/datasets/UOB/maybridge-0211-749712882.png,O=C(O)c1ccccc1CS(=O)c1ccccc1
/beegfs/home/m.romanov/thesis/benchmarking/datasets/UOB/maybridge-0211-975420274.png,O=C(O)c1ccc(I)c(O)c1
/beegfs/home/m.romanov/thesis/benchmarking/datasets/UOB/maybridge-0211-988163233.png,O=C(O)c1ccc(-n2ccc(C(F)(F)F)n2)cc1
/beegfs/home/m.romanov/thesis/benchmarking/datasets/UOB/maybridge-0212-261886723.png,CC(C)(C)OC(=O)N1CCN(c2ccccc2C(=O)O)CC1
/beegfs/home/m.romanov/thesis/benchmarking/datasets/UOB/maybridge-0212-288614462.png,Cc1ccc(Sc2ccc(C(=O)O)cc2[N+](=O)[O-])cc1
/beegfs/home/m.romanov/thesis/benchmarking/datasets/UOB/maybridge-0212-454547143.png,Cc1nn(Cc2cccc(C(=O)O)c2)c(C)c1Br
/beegfs/home/m.romanov/thesis/benchmarking/datasets/UOB/maybridge-0212-482309694.png,CN1CCN(Cc2ccc(C(=O)O)cc2)CC1
/beegfs/home/m.romanov/thesis/benchmarking/datasets/UOB/maybridge-0212-544304965.png,CC(C)(C)OC(=O)N1CCN(Cc2ccc(C(=O)O)cc2)CC1
/beegfs/home/m.romanov/thesis/benchmarking/datasets/UOB/maybridge-0212-620703200.png,O=C(O)c1cccc(I)c1C(=O)O
/beegfs/home/m.romanov/thesis/benchmarking/datasets/UOB/maybridge-0212-644363184.png,CC(C)(C)OC(=O)N1CCN(c2ccc(C(=O)O)cc2)CC1
/beegfs/home/m.romanov/thesis/benchmarking/datasets/UOB/maybridge-0212-645623790.png,Cc1c(C)c(C)c(C(=O)c2ccccc2C(=O)O)c(C)c1C
/beegfs/home/m.romanov/thesis/benchmarking/datasets/UOB/maybridge-0212-903606424.png,Nc1c(Br)cc(Br)cc1C(=O)O
/beegfs/home/m.romanov/thesis/benchmarking/datasets/UOB/maybridge-0213-117743545.png,CC(C)(C)OC(=O)N1CCN(Cc2cccc(C(=O)O)c2)CC1
/beegfs/home/m.romanov/thesis/benchmarking/datasets/UOB/maybridge-0213-167491046.png,Cc1ccc(C)c(C(O)C(=O)O)c1
/beegfs/home/m.romanov/thesis/benchmarking/datasets/UOB/maybridge-0213-258802980.png,O=C(O)c1ccc(S(=O)(=O)c2cc(Cl)ccc2Cl)c([N+](=O)[O-])c1
/beegfs/home/m.romanov/thesis/benchmarking/datasets/UOB/maybridge-0213-460297456.png,O=C(O)c1cc(Br)c(C(=O)O)cc1Br
/beegfs/home/m.romanov/thesis/benchmarking/datasets/UOB/maybridge-0213-517602785.png,CC(C)(C)OC(=O)N1CCC(Oc2ccc(C(=O)O)cc2)CC1
/beegfs/home/m.romanov/thesis/benchmarking/datasets/UOB/maybridge-0213-564878923.png,Cc1ccc(S(=O)(=O)c2ccc(C(=O)O)cc2[N+](=O)[O-])cc1
/beegfs/home/m.romanov/thesis/benchmarking/datasets/UOB/maybridge-0213-628193581.png,C/C(=N/OCc1cccc(C(=O)O)c1)c1ccc(Cl)c(Cl)c1
/beegfs/home/m.romanov/thesis/benchmarking/datasets/UOB/maybridge-0213-701394251.png,O=C(O)Cc1ccc(F)cc1
/beegfs/home/m.romanov/thesis/benchmarking/datasets/UOB/maybridge-0213-779292729.png,O=C(O)C(O)c1ccccc1
/beegfs/home/m.romanov/thesis/benchmarking/datasets/UOB/maybridge-0213-838067384.png,O=C(O)Cc1cc(F)cc(F)c1
/beegfs/home/m.romanov/thesis/benchmarking/datasets/UOB/maybridge-0214-1000215599.png,O=C(O)C(c1ccccc1)(c1ccccc1)c1ccccc1
/beegfs/home/m.romanov/thesis/benchmarking/datasets/UOB/maybridge-0214-1015953626.png,COc1ccccc1CCC(=O)O
/beegfs/home/m.romanov/thesis/benchmarking/datasets/UOB/maybridge-0214-132144011.png,CC(C)(Oc1ccc(C#N)cc1)C(=O)O
/beegfs/home/m.romanov/thesis/benchmarking/datasets/UOB/maybridge-0214-223886268.png,O=C(O)Cc1ccc([N+](=O)[O-])cc1
/beegfs/home/m.romanov/thesis/benchmarking/datasets/UOB/maybridge-0214-271399097.png,O=C(O)Cc1ccc(Br)cc1
/beegfs/home/m.romanov/thesis/benchmarking/datasets/UOB/maybridge-0214-526836226.png,O=C(O)C(O)c1ccccc1Cl
/beegfs/home/m.romanov/thesis/benchmarking/datasets/UOB/maybridge-0214-536455230.png,O=C(O)CSc1ccc(F)cc1
/beegfs/home/m.romanov/thesis/benchmarking/datasets/UOB/maybridge-0214-601072665.png,O=C(O)Cc1ccc(OC(F)(F)F)cc1
/beegfs/home/m.romanov/thesis/benchmarking/datasets/UOB/maybridge-0214-632785953.png,COc1cc(CC(=O)O)c([N+](=O)[O-])cc1OC
/beegfs/home/m.romanov/thesis/benchmarking/datasets/UOB/maybridge-0214-658406756.png,O=C(O)Cc1ccccc1[N+](=O)[O-]
/beegfs/home/m.romanov/thesis/benchmarking/datasets/UOB/maybridge-0214-659265833.png,O=C(O)Cc1cc(C(F)(F)F)cc(C(F)(F)F)c1
/beegfs/home/m.romanov/thesis/benchmarking/datasets/UOB/maybridge-0214-819417023.png,O=C(O)/C=C\c1ccccc1[N+](=O)[O-]
/beegfs/home/m.romanov/thesis/benchmarking/datasets/UOB/maybridge-0215-12030990.png,N=C(N)NC(Cc1ccccc1)C(=O)O
/beegfs/home/m.romanov/thesis/benchmarking/datasets/UOB/maybridge-0215-122298759.png,O=C(O)CC(CC(=O)O)c1ccc(C(F)(F)F)cc1
/beegfs/home/m.romanov/thesis/benchmarking/datasets/UOB/maybridge-0215-430960729.png,CC(C)(Oc1ccc(C(C)(C)C)cc1)C(=O)O
/beegfs/home/m.romanov/thesis/benchmarking/datasets/UOB/maybridge-0215-484902425.png,O=C(O)COc1ccc(OC(F)(F)F)cc1
/beegfs/home/m.romanov/thesis/benchmarking/datasets/UOB/maybridge-0215-533762703.png,NC(Cc1ccc([N+](=O)[O-])cc1)C(=O)O
/beegfs/home/m.romanov/thesis/benchmarking/datasets/UOB/maybridge-0215-647304980.png,O=C(O)/C=C\c1ccc(Cl)c([N+](=O)[O-])c1
/beegfs/home/m.romanov/thesis/benchmarking/datasets/UOB/maybridge-0215-652302505.png,O=C(O)CCc1ccc(Cl)cc1Cl
/beegfs/home/m.romanov/thesis/benchmarking/datasets/UOB/maybridge-0215-682948833.png,CC(O)=NC(Cc1ccccc1)C(=O)O
/beegfs/home/m.romanov/thesis/benchmarking/datasets/UOB/maybridge-0215-734377063.png,CC(Oc1ccc(OC(F)(F)F)cc1)C(=O)O
/beegfs/home/m.romanov/thesis/benchmarking/datasets/UOB/maybridge-0215-781103923.png,COc1cc(CC(N)C(=O)O)ccc1O
/beegfs/home/m.romanov/thesis/benchmarking/datasets/UOB/maybridge-0215-829465317.png,O=C(O)/C=C\c1ccc(OC(F)(F)F)cc1
/beegfs/home/m.romanov/thesis/benchmarking/datasets/UOB/maybridge-0215-971046717.png,NC(Cc1ccc(B(O)O)cc1)C(=O)O
/beegfs/home/m.romanov/thesis/benchmarking/datasets/UOB/maybridge-0216-1054472384.png,O=C(O)C1CCC(C(F)(F)F)CC1
/beegfs/home/m.romanov/thesis/benchmarking/datasets/UOB/maybridge-0216-223752481.png,O=C(O)CCCc1ccc(Br)cc1
/beegfs/home/m.romanov/thesis/benchmarking/datasets/UOB/maybridge-0216-250601854.png,O=C(O)CCOC(C(=O)c1ccccc1)c1ccccc1
/beegfs/home/m.romanov/thesis/benchmarking/datasets/UOB/maybridge-0216-358677381.png,CC(C)(C)OC(O)=NC(Cc1cccc(F)c1)C(=O)O
/beegfs/home/m.romanov/thesis/benchmarking/datasets/UOB/maybridge-0216-449351703.png,O=C(O)CCC(=O)c1ccc(Br)cc1
/beegfs/home/m.romanov/thesis/benchmarking/datasets/UOB/maybridge-0216-478532541.png,O=C(O)CSCCOc1ccccc1
/beegfs/home/m.romanov/thesis/benchmarking/datasets/UOB/maybridge-0216-496608975.png,O=C(O)CCOc1ccc(Cl)cc1
/beegfs/home/m.romanov/thesis/benchmarking/datasets/UOB/maybridge-0216-514747086.png,O=C(O)C1CCC(c2ccc(Cl)cc2)CC1
/beegfs/home/m.romanov/thesis/benchmarking/datasets/UOB/maybridge-0216-618559946.png,CC1(C(=O)O)CCCCC1
/beegfs/home/m.romanov/thesis/benchmarking/datasets/UOB/maybridge-0216-763438950.png,CC(C)(C)OC(O)=NC1(C(=O)O)CCCCC1
/beegfs/home/m.romanov/thesis/benchmarking/datasets/UOB/maybridge-0216-887232327.png,Cc1ccc(C(=O)CCC(=O)O)cc1
/beegfs/home/m.romanov/thesis/benchmarking/datasets/UOB/maybridge-0217-120700705.png,O=C(O)c1ccnc(Cl)c1
/beegfs/home/m.romanov/thesis/benchmarking/datasets/UOB/maybridge-0217-179239481.png,Cc1ccncc1C(=O)O
/beegfs/home/m.romanov/thesis/benchmarking/datasets/UOB/maybridge-0217-223655705.png,O=C(O)c1cccc(Cl)n1
/beegfs/home/m.romanov/thesis/benchmarking/datasets/UOB/maybridge-0217-348572601.png,O=C(O)c1ccc(Cl)nc1
/beegfs/home/m.romanov/thesis/benchmarking/datasets/UOB/maybridge-0217-372206807.png,Cc1cc(C(=O)O)cc(Cl)n1
/beegfs/home/m.romanov/thesis/benchmarking/datasets/UOB/maybridge-0217-413668315.png,O=C(O)c1cc(Cl)cnc1O
/beegfs/home/m.romanov/thesis/benchmarking/datasets/UOB/maybridge-0217-423470562.png,NC(CC1CCCCC1)C(=O)O
/beegfs/home/m.romanov/thesis/benchmarking/datasets/UOB/maybridge-0217-579805548.png,O=C(O)c1cccnc1
/beegfs/home/m.romanov/thesis/benchmarking/datasets/UOB/maybridge-0217-628703758.png,Cc1cc(C(=O)O)cc(O)n1
/beegfs/home/m.romanov/thesis/benchmarking/datasets/UOB/maybridge-0217-668284578.png,COC(=O)c1ccc(C(=O)O)nc1
/beegfs/home/m.romanov/thesis/benchmarking/datasets/UOB/maybridge-0217-913750721.png,COc1ncccc1C(=O)O
/beegfs/home/m.romanov/thesis/benchmarking/datasets/UOB/maybridge-0217-973620177.png,Nc1cnccc1C(=O)O
/beegfs/home/m.romanov/thesis/benchmarking/datasets/UOB/maybridge-0218-136465959.png,O=C(O)c1cccnc1N1CCCC1
/beegfs/home/m.romanov/thesis/benchmarking/datasets/UOB/maybridge-0218-178213629.png,O=C(O)c1cc(Cl)nc(Cl)c1
/beegfs/home/m.romanov/thesis/benchmarking/datasets/UOB/maybridge-0218-275203529.png,O=C(O)c1ccc(-c2ccco2)nc1
/beegfs/home/m.romanov/thesis/benchmarking/datasets/UOB/maybridge-0218-331854705.png,COc1cc(C(=O)O)cc(Cl)n1
/beegfs/home/m.romanov/thesis/benchmarking/datasets/UOB/maybridge-0218-399370298.png,O=C(O)c1cncc(-c2ccccc2)c1
/beegfs/home/m.romanov/thesis/benchmarking/datasets/UOB/maybridge-0218-469829542.png,O=C(O)c1ccc(Br)nc1
/beegfs/home/m.romanov/thesis/benchmarking/datasets/UOB/maybridge-0218-603493910.png,O=C(O)c1cncc(-n2cccc2)c1
/beegfs/home/m.romanov/thesis/benchmarking/datasets/UOB/maybridge-0218-684662425.png,O=C(O)c1cncc(Br)c1
/beegfs/home/m.romanov/thesis/benchmarking/datasets/UOB/maybridge-0218-744321722.png,CCCSc1ncccc1C(=O)O
/beegfs/home/m.romanov/thesis/benchmarking/datasets/UOB/maybridge-0218-750498673.png,O=C(O)c1cnccc1C(F)(F)F
/beegfs/home/m.romanov/thesis/benchmarking/datasets/UOB/maybridge-0218-772707887.png,O=C(O)c1ccc(-c2ccccc2)nc1
/beegfs/home/m.romanov/thesis/benchmarking/datasets/UOB/maybridge-0218-9046145.png,O=C(O)c1cncc(-c2ccco2)c1
/beegfs/home/m.romanov/thesis/benchmarking/datasets/UOB/maybridge-0219-1042024145.png,O=C(O)c1cccc(N2CCCCC2)n1
/beegfs/home/m.romanov/thesis/benchmarking/datasets/UOB/maybridge-0219-11683780.png,Cc1nc(C(F)(F)F)ccc1C(=O)O
/beegfs/home/m.romanov/thesis/benchmarking/datasets/UOB/maybridge-0219-303619168.png,O=C(O)c1cccnc1N1CCOCC1
/beegfs/home/m.romanov/thesis/benchmarking/datasets/UOB/maybridge-0219-372771621.png,O=C(O)c1cncc(-c2cccs2)c1
/beegfs/home/m.romanov/thesis/benchmarking/datasets/UOB/maybridge-0219-4777479.png,O=C(O)c1ccnc(N2CCOCC2)c1
/beegfs/home/m.romanov/thesis/benchmarking/datasets/UOB/maybridge-0219-570386815.png,O=C(O)c1ncccc1N1CCCCC1
/beegfs/home/m.romanov/thesis/benchmarking/datasets/UOB/maybridge-0219-58230396.png,O=C(O)c1ccc(-c2cccs2)nc1
/beegfs/home/m.romanov/thesis/benchmarking/datasets/UOB/maybridge-0219-594276931.png,O=C(O)c1ccc(N2CCCCC2)nc1
/beegfs/home/m.romanov/thesis/benchmarking/datasets/UOB/maybridge-0219-605455715.png,O=C(O)c1ccnc(N2CCCCC2)c1
/beegfs/home/m.romanov/thesis/benchmarking/datasets/UOB/maybridge-0219-690245374.png,CCCCC#Cc1cncc(C(=O)O)c1
/beegfs/home/m.romanov/thesis/benchmarking/datasets/UOB/maybridge-0219-868295674.png,O=C(O)c1cccc(N2CCOCC2)n1
/beegfs/home/m.romanov/thesis/benchmarking/datasets/UOB/maybridge-0219-87886902.png,O=C(O)c1ccc(N2CCOCC2)nc1
/beegfs/home/m.romanov/thesis/benchmarking/datasets/UOB/maybridge-0220-124764375.png,O=C(O)c1ccc(Oc2ccccc2)nc1
/beegfs/home/m.romanov/thesis/benchmarking/datasets/UOB/maybridge-0220-152533945.png,O=C(O)c1ccnc(N2CCCC2)c1
/beegfs/home/m.romanov/thesis/benchmarking/datasets/UOB/maybridge-0220-211921592.png,O=Cc1ccc(-c2cncc(C(=O)O)c2)cc1
/beegfs/home/m.romanov/thesis/benchmarking/datasets/UOB/maybridge-0220-326630828.png,CC(C)(C)C(O)=Nc1ncccc1C(=O)O
/beegfs/home/m.romanov/thesis/benchmarking/datasets/UOB/maybridge-0220-412291412.png,O=C(O)c1ccc(OCC(F)(F)F)nc1
/beegfs/home/m.romanov/thesis/benchmarking/datasets/UOB/maybridge-0220-482965229.png,O=C(O)c1cncc(C#Cc2ccccc2)c1
/beegfs/home/m.romanov/thesis/benchmarking/datasets/UOB/maybridge-0220-720734721.png,O=C(O)c1ccnc(N2CCSCC2)c1
/beegfs/home/m.romanov/thesis/benchmarking/datasets/UOB/maybridge-0220-770555786.png,CC(C)(C)C(=O)N=c1cc[nH]cc1C(=O)O
/beegfs/home/m.romanov/thesis/benchmarking/datasets/UOB/maybridge-0220-89524379.png,O=C(O)c1cccnc1Sc1ccccc1
/beegfs/home/m.romanov/thesis/benchmarking/datasets/UOB/maybridge-0220-980817196.png,O=C(O)c1cc(F)c(Cl)nc1Cl
/beegfs/home/m.romanov/thesis/benchmarking/datasets/UOB/maybridge-0221-1045531349.png,CC(C)(C)OC(=O)N1CCN(c2cc(C(=O)O)ccn2)CC1
/beegfs/home/m.romanov/thesis/benchmarking/datasets/UOB/maybridge-0221-218521976.png,O=C(O)c1ccc(O)nn1
/beegfs/home/m.romanov/thesis/benchmarking/datasets/UOB/maybridge-0221-403366554.png,CSc1ncc(Cl)c(C(=O)O)n1
/beegfs/home/m.romanov/thesis/benchmarking/datasets/UOB/maybridge-0221-490258538.png,CC(C)(C)OC(=O)N1CCN(c2ccc(C(=O)O)cn2)CC1
/beegfs/home/m.romanov/thesis/benchmarking/datasets/UOB/maybridge-0221-528068795.png,Cc1ncc(C(=O)O)c(-c2ccccc2)n1
/beegfs/home/m.romanov/thesis/benchmarking/datasets/UOB/maybridge-0221-541149979.png,Cc1nc(-c2ccccc2)ncc1C(=O)O
/beegfs/home/m.romanov/thesis/benchmarking/datasets/UOB/maybridge-0221-564636464.png,O=C(O)c1cccnc1Oc1ccc(F)cc1
/beegfs/home/m.romanov/thesis/benchmarking/datasets/UOB/maybridge-0221-759712176.png,O=C(O)Cc1cccnc1
/beegfs/home/m.romanov/thesis/benchmarking/datasets/UOB/maybridge-0221-809893147.png,O=C(O)c1cncnc1
/beegfs/home/m.romanov/thesis/benchmarking/datasets/UOB/maybridge-0221-962355223.png,O=C(O)c1cc(Br)cnc1Br
/beegfs/home/m.romanov/thesis/benchmarking/datasets/UOB/maybridge-0222-112380686.png,O=C(O)C1=NN=C(O)CC1
/beegfs/home/m.romanov/thesis/benchmarking/datasets/UOB/maybridge-0222-160022183.png,CSc1ncc(Br)c(C(=O)O)n1
/beegfs/home/m.romanov/thesis/benchmarking/datasets/UOB/maybridge-0222-239782217.png,O=C(O)C1CCCNC1
/beegfs/home/m.romanov/thesis/benchmarking/datasets/UOB/maybridge-0222-356839134.png,CC(=O)N1CCC(C(=O)O)CC1
/beegfs/home/m.romanov/thesis/benchmarking/datasets/UOB/maybridge-0222-477605976.png,Cc1cnc(C(=O)O)cn1
/beegfs/home/m.romanov/thesis/benchmarking/datasets/UOB/maybridge-0222-700280695.png,CC(C)(C)OC(=O)N1CCCC(C(=O)O)C1
/beegfs/home/m.romanov/thesis/benchmarking/datasets/UOB/maybridge-0222-796612650.png,Cc1cncc(N2CCC(C(=O)O)CC2)n1
/beegfs/home/m.romanov/thesis/benchmarking/datasets/UOB/maybridge-0222-954691633.png,O=C(O)c1cnc(O)nc1-c1ccncc1
/beegfs/home/m.romanov/thesis/benchmarking/datasets/UOB/maybridge-0222-97806199.png,O=C(O)C1CCCN(C(=O)OCc2ccccc2)C1
/beegfs/home/m.romanov/thesis/benchmarking/datasets/UOB/maybridge-0223-246620485.png,O=C(O)C1CCCCN1C(=O)OCC1c2ccccc2-c2ccccc21
/beegfs/home/m.romanov/thesis/benchmarking/datasets/UOB/maybridge-0223-367348066.png,CC(C)(C)OC(=O)N1CCN(C(=O)OCC2c3ccccc3-c3ccccc32)CC1C(=O)O
/beegfs/home/m.romanov/thesis/benchmarking/datasets/UOB/maybridge-0223-368614193.png,O=C(O)C1CCN(C(=O)OCc2ccccc2)CC1
/beegfs/home/m.romanov/thesis/benchmarking/datasets/UOB/maybridge-0223-375240692.png,Cl.Cl.O=C(O)C1CNCCN1
/beegfs/home/m.romanov/thesis/benchmarking/datasets/UOB/maybridge-0223-648780318.png,C=CCOC(=O)N1CCN(C(=O)OCC2c3ccccc3-c3ccccc32)C(C(=O)O)C1
/beegfs/home/m.romanov/thesis/benchmarking/datasets/UOB/maybridge-0223-71084306.png,O=C(O)C1CCN(c2ccc(C(F)(F)F)cn2)CC1
/beegfs/home/m.romanov/thesis/benchmarking/datasets/UOB/maybridge-0223-847798093.png,O=C(O)C1CCN(c2nccc(C(F)(F)F)n2)CC1
/beegfs/home/m.romanov/thesis/benchmarking/datasets/UOB/maybridge-0224-259781219.png,O=C(O)c1cc2ccsc2s1
/beegfs/home/m.romanov/thesis/benchmarking/datasets/UOB/maybridge-0224-275701182.png,CC(C)(C)OC(=O)N1CCSCC1C(=O)O
/beegfs/home/m.romanov/thesis/benchmarking/datasets/UOB/maybridge-0224-376756662.png,O=C(O)C1CCOCC1
/beegfs/home/m.romanov/thesis/benchmarking/datasets/UOB/maybridge-0224-521368898.png,O=C(O)C1CN(Cc2ccccc2)CCO1
/beegfs/home/m.romanov/thesis/benchmarking/datasets/UOB/maybridge-0224-593489528.png,O=C(O)c1cc2sccc2s1
/beegfs/home/m.romanov/thesis/benchmarking/datasets/UOB/maybridge-0224-622076165.png,CC(C)(C)OC(=O)N1CCN(C(=O)OCC2c3ccccc3-c3ccccc32)C(C(=O)O)C1
/beegfs/home/m.romanov/thesis/benchmarking/datasets/UOB/maybridge-0224-671128072.png,Cn1c(C(=O)O)cc2occc21
/beegfs/home/m.romanov/thesis/benchmarking/datasets/UOB/maybridge-0224-794387390.png,CC1(C(=O)O)CC2C=CC1C2
/beegfs/home/m.romanov/thesis/benchmarking/datasets/UOB/maybridge-0224-991653664.png,O=C(O)C1CCCCO1
/beegfs/home/m.romanov/thesis/benchmarking/datasets/UOB/maybridge-0225-1005037276.png,O=C(O)c1cn2ccsc2n1
/beegfs/home/m.romanov/thesis/benchmarking/datasets/UOB/maybridge-0225-1063595634.png,O=C(O)c1cc2cccc([N+](=O)[O-])c2[nH]1
/beegfs/home/m.romanov/thesis/benchmarking/datasets/UOB/maybridge-0225-141855792.png,O=C(O)C1CC2CC1CCC2O
/beegfs/home/m.romanov/thesis/benchmarking/datasets/UOB/maybridge-0225-265670431.png,O=C(O)c1c[nH]c2ccccc12
/beegfs/home/m.romanov/thesis/benchmarking/datasets/UOB/maybridge-0225-311479922.png,Cn1c(C(=O)O)cc2sccc21
/beegfs/home/m.romanov/thesis/benchmarking/datasets/UOB/maybridge-0225-508214306.png,O=C(O)c1cc2cc(OCc3ccccc3)ccc2[nH]1
/beegfs/home/m.romanov/thesis/benchmarking/datasets/UOB/maybridge-0225-542351582.png,Cc1nn(C)c2sc(C(=O)O)cc12
/beegfs/home/m.romanov/thesis/benchmarking/datasets/UOB/maybridge-0225-709532243.png,O=C(O)c1cc2sccc2[nH]1
/beegfs/home/m.romanov/thesis/benchmarking/datasets/UOB/maybridge-0225-734186824.png,Cc1nc2sccn2c1C(=O)O
/beegfs/home/m.romanov/thesis/benchmarking/datasets/UOB/maybridge-0225-966445608.png,O=C(O)c1cc2cc(OC(F)(F)F)ccc2[nH]1
/beegfs/home/m.romanov/thesis/benchmarking/datasets/UOB/maybridge-0226-203566549.png,Cc1cn(CCC(=O)O)c2ccccc12
/beegfs/home/m.romanov/thesis/benchmarking/datasets/UOB/maybridge-0226-453601788.png,O=C(O)c1cc2ccccc2n1S(=O)(=O)c1ccccc1
/beegfs/home/m.romanov/thesis/benchmarking/datasets/UOB/maybridge-0226-48783474.png,NC(Cc1c[nH]c2ccc(F)cc12)C(=O)O
/beegfs/home/m.romanov/thesis/benchmarking/datasets/UOB/maybridge-0226-695528422.png,O=C(O)c1cn(S(=O)(=O)c2ccccc2)c2ccccc12
/beegfs/home/m.romanov/thesis/benchmarking/datasets/UOB/maybridge-0226-717200069.png,O=C(O)Cc1c[nH]c2ccccc12
/beegfs/home/m.romanov/thesis/benchmarking/datasets/UOB/maybridge-0226-763310821.png,NC(Cc1c[nH]c2ccc(O)cc12)C(=O)O
/beegfs/home/m.romanov/thesis/benchmarking/datasets/UOB/maybridge-0226-891851244.png,CC(C)(C)OC(=O)n1cc(C(=O)O)c2cc(Br)ccc21
/beegfs/home/m.romanov/thesis/benchmarking/datasets/UOB/maybridge-0226-921051026.png,O=C(O)c1[nH]c2ccc([N+](=O)[O-])cc2c1-c1ccccc1
/beegfs/home/m.romanov/thesis/benchmarking/datasets/UOB/maybridge-0226-981855018.png,CC(C)(C)OC(=O)n1cc(C(=O)O)c2c(Br)cccc21
/beegfs/home/m.romanov/thesis/benchmarking/datasets/UOB/maybridge-0227-130854663.png,Cn1ccc2ccc(C(=O)O)cc21
/beegfs/home/m.romanov/thesis/benchmarking/datasets/UOB/maybridge-0227-185304625.png,Cc1ccc(S(=O)(=O)n2cc(/C=C/C(=O)O)c3ccccc32)cc1
/beegfs/home/m.romanov/thesis/benchmarking/datasets/UOB/maybridge-0227-267470928.png,O=Cc1c[nH]c2c(C(=O)O)cccc12
/beegfs/home/m.romanov/thesis/benchmarking/datasets/UOB/maybridge-0227-288658051.png,O=C(O)c1n[nH]c2ccccc12
/beegfs/home/m.romanov/thesis/benchmarking/datasets/UOB/maybridge-0227-380088387.png,Cc1[nH]c2cc(C(=O)O)ccc2c1C
/beegfs/home/m.romanov/thesis/benchmarking/datasets/UOB/maybridge-0227-420710330.png,Cn1ccc2c(C(=O)O)cccc21
/beegfs/home/m.romanov/thesis/benchmarking/datasets/UOB/maybridge-0227-429400467.png,O=C(O)c1cccc2cc[nH]c12
/beegfs/home/m.romanov/thesis/benchmarking/datasets/UOB/maybridge-0227-522980960.png,Cc1[nH]c2ccc(C(=O)O)cc2c1C
/beegfs/home/m.romanov/thesis/benchmarking/datasets/UOB/maybridge-0227-609016261.png,NC(Cc1c[nH]c2cc(F)ccc12)C(=O)O
/beegfs/home/m.romanov/thesis/benchmarking/datasets/UOB/maybridge-0227-631331202.png,O=C(O)c1cccc2[nH]ccc12
/beegfs/home/m.romanov/thesis/benchmarking/datasets/UOB/maybridge-0227-760527472.png,Cn1ccc2cc(C(=O)O)ccc21
/beegfs/home/m.romanov/thesis/benchmarking/datasets/UOB/maybridge-0228-1018381982.png,Cc1nc2ccccc2n1CC(=O)O
/beegfs/home/m.romanov/thesis/benchmarking/datasets/UOB/maybridge-0228-1040932732.png,Cn1nc2ccccc2c1C(=O)O
/beegfs/home/m.romanov/thesis/benchmarking/datasets/UOB/maybridge-0228-1059397723.png,Cn1nc(C(=O)O)c2ccccc21
/beegfs/home/m.romanov/thesis/benchmarking/datasets/UOB/maybridge-0228-141708092.png,O=C(O)Cn1c(CN2CCOCC2)nc2ccccc21
/beegfs/home/m.romanov/thesis/benchmarking/datasets/UOB/maybridge-0228-165174851.png,O=C(O)Cn1cnc2ccccc21
/beegfs/home/m.romanov/thesis/benchmarking/datasets/UOB/maybridge-0228-304530924.png,O=C(O)c1n[nH]c2ccc(Br)cc12
/beegfs/home/m.romanov/thesis/benchmarking/datasets/UOB/maybridge-0228-495087221.png,O=C(O)c1nc2ccccc2[nH]1
/beegfs/home/m.romanov/thesis/benchmarking/datasets/UOB/maybridge-0228-726514417.png,O=C(O)Cn1c(C(F)(F)F)nc2ccccc21
/beegfs/home/m.romanov/thesis/benchmarking/datasets/UOB/maybridge-0228-802407304.png,Cc1nc2ccccc2n1CCCC(=O)O
/beegfs/home/m.romanov/thesis/benchmarking/datasets/UOB/maybridge-0229-1018111118.png,O=C(O)c1cnn2ccccc12
/beegfs/home/m.romanov/thesis/benchmarking/datasets/UOB/maybridge-0229-102327857.png,O=C(O)c1cn2ccccc2n1
/beegfs/home/m.romanov/thesis/benchmarking/datasets/UOB/maybridge-0229-312155459.png,O=C(O)c1cnc2ccccn12
/beegfs/home/m.romanov/thesis/benchmarking/datasets/UOB/maybridge-0229-348710142.png,Cc1nc2ccccn2c1C(=O)O
/beegfs/home/m.romanov/thesis/benchmarking/datasets/UOB/maybridge-0229-390444431.png,O=C(O)c1cc2ccccn2n1
/beegfs/home/m.romanov/thesis/benchmarking/datasets/UOB/maybridge-0229-451684022.png,CC(C)n1c(C(F)(F)F)nc2cc(C(=O)O)ccc21
/beegfs/home/m.romanov/thesis/benchmarking/datasets/UOB/maybridge-0229-521698796.png,O=C(O)c1ccc2nccn2c1
/beegfs/home/m.romanov/thesis/benchmarking/datasets/UOB/maybridge-0229-616566813.png,Cc1nc2ccc(C(=O)O)cc2[nH]1
/beegfs/home/m.romanov/thesis/benchmarking/datasets/UOB/maybridge-0229-631265458.png,O=C(O)CCCn1c(C(F)(F)F)nc2ccccc21
/beegfs/home/m.romanov/thesis/benchmarking/datasets/UOB/maybridge-0229-914235085.png,O=C(O)c1nn2ccccc2c1C(=O)O
/beegfs/home/m.romanov/thesis/benchmarking/datasets/UOB/maybridge-0230-140573233.png,Cc1cc2ncc(C(=O)O)c(C)n2n1
/beegfs/home/m.romanov/thesis/benchmarking/datasets/UOB/maybridge-0230-161634645.png,Cn1nnc2cc(C(=O)O)ccc21
/beegfs/home/m.romanov/thesis/benchmarking/datasets/UOB/maybridge-0230-223539183.png,CC(C)(C)OC(=O)N1c2ccccc2CC1C(=O)O
/beegfs/home/m.romanov/thesis/benchmarking/datasets/UOB/maybridge-0230-362147393.png,CC(C)n1nnc2cc(C(=O)O)ccc21
/beegfs/home/m.romanov/thesis/benchmarking/datasets/UOB/maybridge-0230-456439471.png,Cc1nn(C)c2ncc(C(=O)O)c(Cl)c12
/beegfs/home/m.romanov/thesis/benchmarking/datasets/UOB/maybridge-0230-504987444.png,O=C(O)c1ccc2nn[nH]c2c1
/beegfs/home/m.romanov/thesis/benchmarking/datasets/UOB/maybridge-0230-566763368.png,O=C(O)c1cn2nc(Cl)ccc2n1
/beegfs/home/m.romanov/thesis/benchmarking/datasets/UOB/maybridge-0230-579794589.png,O=C1Nc2c(C(=O)O)cccc2C1=O
/beegfs/home/m.romanov/thesis/benchmarking/datasets/UOB/maybridge-0230-682096526.png,Cc1cc2nnc(C(=O)O)c(C)n2n1
/beegfs/home/m.romanov/thesis/benchmarking/datasets/UOB/maybridge-0230-786243915.png,O=C(O)CCN1C(=O)c2ccccc2C1=O
/beegfs/home/m.romanov/thesis/benchmarking/datasets/UOB/maybridge-0231-198123139.png,O=C(O)C1Cc2ccccc2O1
/beegfs/home/m.romanov/thesis/benchmarking/datasets/UOB/maybridge-0231-205072715.png,COc1ccc2c(CC(=O)O)coc2c1
/beegfs/home/m.romanov/thesis/benchmarking/datasets/UOB/maybridge-0231-254890467.png,CC1(C)Cc2cccc(C(=O)O)c2O1
/beegfs/home/m.romanov/thesis/benchmarking/datasets/UOB/maybridge-0231-561749615.png,O=C(O)c1ccc2occc2c1
/beegfs/home/m.romanov/thesis/benchmarking/datasets/UOB/maybridge-0231-569803412.png,O=C(O)Cc1coc2ccccc12
/beegfs/home/m.romanov/thesis/benchmarking/datasets/UOB/maybridge-0231-594405033.png,O=C(O)c1coc2c1C(=O)CCC2
/beegfs/home/m.romanov/thesis/benchmarking/datasets/UOB/maybridge-0231-66239917.png,O=C(O)c1ccc2c(c1)CCO2
/beegfs/home/m.romanov/thesis/benchmarking/datasets/UOB/maybridge-0231-814193697.png,O=C(O)c1cc2cc(Br)ccc2o1
/beegfs/home/m.romanov/thesis/benchmarking/datasets/UOB/maybridge-0231-910754364.png,O=C(O)c1cc(Br)cc2c1OCC2
/beegfs/home/m.romanov/thesis/benchmarking/datasets/UOB/maybridge-0231-966052645.png,O=C(O)c1cccc2c1OCC2
/beegfs/home/m.romanov/thesis/benchmarking/datasets/UOB/maybridge-0232-1049127247.png,O=C(O)c1csc2ccc(Cl)cc12
/beegfs/home/m.romanov/thesis/benchmarking/datasets/UOB/maybridge-0232-290596231.png,O=C(O)c1cc2cc(Br)ccc2s1
/beegfs/home/m.romanov/thesis/benchmarking/datasets/UOB/maybridge-0232-332278864.png,Cc1ccc2sc(C(=O)O)cc2c1
/beegfs/home/m.romanov/thesis/benchmarking/datasets/UOB/maybridge-0232-350063852.png,O=C(O)c1cc2cc([N+](=O)[O-])ccc2s1
/beegfs/home/m.romanov/thesis/benchmarking/datasets/UOB/maybridge-0232-378939339.png,O=C(O)c1csc2ccc(Br)cc12
/beegfs/home/m.romanov/thesis/benchmarking/datasets/UOB/maybridge-0232-401963766.png,O=C(O)c1csc2ccccc12
/beegfs/home/m.romanov/thesis/benchmarking/datasets/UOB/maybridge-0232-405870525.png,O=C(O)c1cccc2c1OCO2
/beegfs/home/m.romanov/thesis/benchmarking/datasets/UOB/maybridge-0232-784458704.png,O=C(O)Cc1csc2ccccc12
/beegfs/home/m.romanov/thesis/benchmarking/datasets/UOB/maybridge-0232-863751586.png,Cc1c(CC(=O)O)sc2ccc(Cl)cc12
/beegfs/home/m.romanov/thesis/benchmarking/datasets/UOB/maybridge-0232-88107105.png,Cc1c(C(=O)O)sc2ccc(Cl)cc12
/beegfs/home/m.romanov/thesis/benchmarking/datasets/UOB/maybridge-0232-995974971.png,O=C(O)Cc1csc2ccc(Cl)cc12
/beegfs/home/m.romanov/thesis/benchmarking/datasets/UOB/maybridge-0233-1025065346.png,O=C(O)c1ccc2sccc2c1
/beegfs/home/m.romanov/thesis/benchmarking/datasets/UOB/maybridge-0233-1031861194.png,O=C(O)c1ccc2snnc2c1
/beegfs/home/m.romanov/thesis/benchmarking/datasets/UOB/maybridge-0233-155408151.png,O=C(O)c1cc2cccnc2s1
/beegfs/home/m.romanov/thesis/benchmarking/datasets/UOB/maybridge-0233-334119845.png,O=C(O)c1onc2ccccc12
/beegfs/home/m.romanov/thesis/benchmarking/datasets/UOB/maybridge-0233-364613734.png,O=C(O)c1scc2c1CCCC2
/beegfs/home/m.romanov/thesis/benchmarking/datasets/UOB/maybridge-0233-384224949.png,O=C(O)c1ccc2nonc2c1
/beegfs/home/m.romanov/thesis/benchmarking/datasets/UOB/maybridge-0233-452565403.png,Nc1c(C(=O)O)sc2ncccc12
/beegfs/home/m.romanov/thesis/benchmarking/datasets/UOB/maybridge-0233-499938316.png,O=C(O)Cc1noc2ccccc12
/beegfs/home/m.romanov/thesis/benchmarking/datasets/UOB/maybridge-0233-584000699.png,O=C(O)CCn1c(=O)oc2ccccc21
/beegfs/home/m.romanov/thesis/benchmarking/datasets/UOB/maybridge-0233-658305357.png,O=C(O)c1ccc2ncsc2c1
/beegfs/home/m.romanov/thesis/benchmarking/datasets/UOB/maybridge-0233-931371411.png,O=C(O)c1cccc2nsnc12
/beegfs/home/m.romanov/thesis/benchmarking/datasets/UOB/maybridge-0234-175995544.png,O=C(O)c1scc2c1OCCO2
/beegfs/home/m.romanov/thesis/benchmarking/datasets/UOB/maybridge-0234-236576675.png,O=C(O)c1cc2nccnc2s1
/beegfs/home/m.romanov/thesis/benchmarking/datasets/UOB/maybridge-0234-293691673.png,O=C(O)c1ccc2ccccc2n1
/beegfs/home/m.romanov/thesis/benchmarking/datasets/UOB/maybridge-0234-37520186.png,O=C(O)c1cccc2cccc(Br)c12
/beegfs/home/m.romanov/thesis/benchmarking/datasets/UOB/maybridge-0234-434920917.png,CC1(C)CCC(C)(C)c2cc(C(=O)O)ccc21
/beegfs/home/m.romanov/thesis/benchmarking/datasets/UOB/maybridge-0234-526400802.png,CC(C)(Oc1ccc2ccccc2c1)C(=O)O
/beegfs/home/m.romanov/thesis/benchmarking/datasets/UOB/maybridge-0234-544266280.png,O=C(O)c1ccc2nsnc2c1
/beegfs/home/m.romanov/thesis/benchmarking/datasets/UOB/maybridge-0234-746893921.png,Nc1c(C(=O)O)sc2nccnc12
/beegfs/home/m.romanov/thesis/benchmarking/datasets/UOB/maybridge-0234-74935717.png,O=C(O)c1sc(Br)c2c1OCCO2
/beegfs/home/m.romanov/thesis/benchmarking/datasets/UOB/maybridge-0234-812032603.png,O=C(O)c1cnc2n(c1=O)CCS2
/beegfs/home/m.romanov/thesis/benchmarking/datasets/UOB/maybridge-0235-140985660.png,O=C(O)c1ccnc2ccccc12
/beegfs/home/m.romanov/thesis/benchmarking/datasets/UOB/maybridge-0235-21676170.png,O=C(O)c1cc2ccccc2nc1Cl
/beegfs/home/m.romanov/thesis/benchmarking/datasets/UOB/maybridge-0235-268135033.png,O=C(O)c1ccc2ncccc2c1
/beegfs/home/m.romanov/thesis/benchmarking/datasets/UOB/maybridge-0235-352010999.png,O=C(O)c1cnc2ccccc2n1
/beegfs/home/m.romanov/thesis/benchmarking/datasets/UOB/maybridge-0235-373160941.png,O=C(O)c1c(-c2ccccc2)nnc2ccccc12
/beegfs/home/m.romanov/thesis/benchmarking/datasets/UOB/maybridge-0235-384470357.png,Cc1nc2ccccc2c(C(=O)O)c1O
/beegfs/home/m.romanov/thesis/benchmarking/datasets/UOB/maybridge-0235-420077313.png,O=C(O)c1ccc2nccnc2c1
/beegfs/home/m.romanov/thesis/benchmarking/datasets/UOB/maybridge-0235-440491544.png,Cc1ccc2cc(C(=O)O)ccc2n1
/beegfs/home/m.romanov/thesis/benchmarking/datasets/UOB/maybridge-0235-518700151.png,O=C(O)c1cc2ccccc2cn1
/beegfs/home/m.romanov/thesis/benchmarking/datasets/UOB/maybridge-0235-635463778.png,Cc1nc2ccccc2c(C(=O)O)c1N
/beegfs/home/m.romanov/thesis/benchmarking/datasets/UOB/maybridge-0235-646093046.png,Cc1cc(C(=O)O)c2cc(F)ccc2n1
/beegfs/home/m.romanov/thesis/benchmarking/datasets/UOB/maybridge-0235-745389116.png,O=C(O)c1ccc2cccc(O)c2n1
/beegfs/home/m.romanov/thesis/benchmarking/datasets/UOB/maybridge-0236-1035796085.png,CC(C)(C)c1cc(C(C)(C)C)c2oc(C(=O)O)cc(=O)c2c1
/beegfs/home/m.romanov/thesis/benchmarking/datasets/UOB/maybridge-0236-197364773.png,COc1cc(Br)cc2cc(C(=O)O)c(=O)oc12
/beegfs/home/m.romanov/thesis/benchmarking/datasets/UOB/maybridge-0236-323173375.png,O=C(O)C1=Cc2ccccc2OC1
/beegfs/home/m.romanov/thesis/benchmarking/datasets/UOB/maybridge-0236-393200874.png,Cc1nc2ccc(C(=O)O)cc2nc1C
/beegfs/home/m.romanov/thesis/benchmarking/datasets/UOB/maybridge-0236-431194545.png,COc1ccc2cc(C(=O)O)c(=O)oc2c1
/beegfs/home/m.romanov/thesis/benchmarking/datasets/UOB/maybridge-0236-643250670.png,O=C(O)c1ccc2c(c1)CCCN2
/beegfs/home/m.romanov/thesis/benchmarking/datasets/UOB/maybridge-0236-690141752.png,O=C(O)C1Cc2cc(O)ccc2CN1
/beegfs/home/m.romanov/thesis/benchmarking/datasets/UOB/maybridge-0236-78930920.png,O=C(O)C1COc2ccccc2C1
/beegfs/home/m.romanov/thesis/benchmarking/datasets/UOB/maybridge-0236-863237438.png,O=C(O)Cc1nnc(O)c2ccccc12
/beegfs/home/m.romanov/thesis/benchmarking/datasets/UOB/maybridge-0236-979604265.png,O=C(O)C1=Cc2cc(Cl)ccc2OC1
/beegfs/home/m.romanov/thesis/benchmarking/datasets/UOB/maybridge-0236-999730399.png,O=C(O)c1cc2cc(Cl)cc(Br)c2oc1=O
/beegfs/home/m.romanov/thesis/benchmarking/datasets/UOB/maybridge-0237-1002661500.png,O=C(O)c1cccc2c1OCCO2
/beegfs/home/m.romanov/thesis/benchmarking/datasets/UOB/maybridge-0237-120689496.png,O=C(O)C1CCc2ccccc2O1
/beegfs/home/m.romanov/thesis/benchmarking/datasets/UOB/maybridge-0237-243004862.png,O=C(O)C1CNc2ccccc2O1
/beegfs/home/m.romanov/thesis/benchmarking/datasets/UOB/maybridge-0237-284680124.png,CN1CCOc2cc(C(=O)O)ccc21
/beegfs/home/m.romanov/thesis/benchmarking/datasets/UOB/maybridge-0237-299031815.png,CC(O)=NC1C(OCc2ccccc2)OC2COC(c3ccccc3)OC2C1OC(C)C(=O)O
/beegfs/home/m.romanov/thesis/benchmarking/datasets/UOB/maybridge-0237-343738979.png,O=C(O)c1cc(F)cc2c1OCOC2
/beegfs/home/m.romanov/thesis/benchmarking/datasets/UOB/maybridge-0237-515150703.png,O=C(O)CCC(=O)c1ccc2c(c1)OCCO2
/beegfs/home/m.romanov/thesis/benchmarking/datasets/UOB/maybridge-0237-618970318.png,O=C(O)CCCc1ccc2c(c1)OCCO2
/beegfs/home/m.romanov/thesis/benchmarking/datasets/UOB/maybridge-0237-7425798.png,O=C(O)c1ccc2c(c1)OCCO2
/beegfs/home/m.romanov/thesis/benchmarking/datasets/UOB/maybridge-0237-989277900.png,O=C(O)c1ccc2c(c1)N=C(O)CO2
/beegfs/home/m.romanov/thesis/benchmarking/datasets/UOB/maybridge-0238-12593652.png,CC12CC3(C)CC(C)(C1)CC(C(=O)O)(C2)C3
/beegfs/home/m.romanov/thesis/benchmarking/datasets/UOB/maybridge-0238-253499680.png,CC12CC3CC(C)(C1)CC(C(=O)O)(C3)C2
/beegfs/home/m.romanov/thesis/benchmarking/datasets/UOB/maybridge-0238-31434341.png,O=C(O)C12CC3CC(CC(Cl)(C3)C1)C2
/beegfs/home/m.romanov/thesis/benchmarking/datasets/UOB/maybridge-0238-327906241.png,O=C(O)c1cccc2c1OCCCO2
/beegfs/home/m.romanov/thesis/benchmarking/datasets/UOB/maybridge-0238-468526636.png,O=C(O)C12CC3CC(CC(O)(C3)C1)C2
/beegfs/home/m.romanov/thesis/benchmarking/datasets/UOB/maybridge-0238-583613732.png,O=C(O)c1ccc2c(c1)OCCCO2
/beegfs/home/m.romanov/thesis/benchmarking/datasets/UOB/maybridge-0238-747978181.png,O=C(O)CC12CC3CC(CC(C3)C1)C2
/beegfs/home/m.romanov/thesis/benchmarking/datasets/UOB/maybridge-0238-819547316.png,O=C(O)c1ccc2[nH]c3c(c2c1)CCCC3
/beegfs/home/m.romanov/thesis/benchmarking/datasets/UOB/maybridge-0238-866694381.png,CCC12CC3CC(C1)CC(C(=O)O)(C3)C2
/beegfs/home/m.romanov/thesis/benchmarking/datasets/UOB/maybridge-0238-950238560.png,O=C(O)CCC(=O)c1ccc2c(c1)OCCCO2
/beegfs/home/m.romanov/thesis/benchmarking/datasets/UOB/maybridge-0238-988558644.png,O=C(O)c1c2ccccc2nc2ccccc12
/beegfs/home/m.romanov/thesis/benchmarking/datasets/UOB/maybridge-0239-283390897.png,O=C(O)C12CC3CC(CC(Br)(C3)C1)C2
/beegfs/home/m.romanov/thesis/benchmarking/datasets/UOB/maybridge-0239-4484292.png,O=C(O)c1c2c(nc3ccc(F)cc13)CCCCC2
/beegfs/home/m.romanov/thesis/benchmarking/datasets/UOB/maybridge-0239-463873079.png,O=C(O)c1cn(C2CCCCC2)c2ccccc2c1=O
/beegfs/home/m.romanov/thesis/benchmarking/datasets/UOB/maybridge-0239-504188423.png,CCO/C=C\C(=O)O
/beegfs/home/m.romanov/thesis/benchmarking/datasets/UOB/maybridge-0239-670449980.png,CCOC(=O)C(CCC(=O)O)(CCC(=O)O)C(C)=O
/beegfs/home/m.romanov/thesis/benchmarking/datasets/UOB/maybridge-0239-699268829.png,CC(O)=NC(CC(C)C)C(=O)O
/beegfs/home/m.romanov/thesis/benchmarking/datasets/UOB/maybridge-0239-740251539.png,O=C(O)CCC12CC3CC(CC(C3)C1)C2
/beegfs/home/m.romanov/thesis/benchmarking/datasets/UOB/maybridge-0239-923900285.png,O=C(O)C12CC3CC(C1)CC(c1ccc([N+](=O)[O-])cc1)(C3)C2
/beegfs/home/m.romanov/thesis/benchmarking/datasets/UOB/maybridge-0240-1041242040.png,Cn1ccc(C(=O)Cl)n1
/beegfs/home/m.romanov/thesis/benchmarking/datasets/UOB/maybridge-0240-155356318.png,Cn1nc(C(C)(C)C)cc1C(=O)Cl
/beegfs/home/m.romanov/thesis/benchmarking/datasets/UOB/maybridge-0240-376648612.png,Cc1cc(C(=O)Cl)nn1C
/beegfs/home/m.romanov/thesis/benchmarking/datasets/UOB/maybridge-0240-442662319.png,Cn1cccc1C(=O)Cl
/beegfs/home/m.romanov/thesis/benchmarking/datasets/UOB/maybridge-0240-442886020.png,Cn1nccc1C(=O)Cl
/beegfs/home/m.romanov/thesis/benchmarking/datasets/UOB/maybridge-0240-610036024.png,Cc1cc(C(=O)Cl)n(C)n1
/beegfs/home/m.romanov/thesis/benchmarking/datasets/UOB/maybridge-0240-613416985.png,O=C(Cl)c1ccnn1-c1ccccc1
/beegfs/home/m.romanov/thesis/benchmarking/datasets/UOB/maybridge-0240-753660250.png,Cn1ncc(C(=O)Cl)c1Cl
/beegfs/home/m.romanov/thesis/benchmarking/datasets/UOB/maybridge-0240-7626934.png,Cc1cc(C(=O)Cl)nn1C(C)(C)C
/beegfs/home/m.romanov/thesis/benchmarking/datasets/UOB/maybridge-0240-834316788.png,Cc1cc(C(=O)Cl)n(C(C)(C)C)n1
/beegfs/home/m.romanov/thesis/benchmarking/datasets/UOB/maybridge-0241-1071664735.png,Cc1ccccc1-n1ncc(C(=O)Cl)c1C
/beegfs/home/m.romanov/thesis/benchmarking/datasets/UOB/maybridge-0241-155663521.png,Cc1c(C(=O)Cl)cnn1-c1ccccc1
/beegfs/home/m.romanov/thesis/benchmarking/datasets/UOB/maybridge-0241-178186199.png,Cn1nc(-c2ccccc2)cc1C(=O)Cl
/beegfs/home/m.romanov/thesis/benchmarking/datasets/UOB/maybridge-0241-180790072.png,Cn1nc(C(=O)Cl)cc1-c1ccccc1
/beegfs/home/m.romanov/thesis/benchmarking/datasets/UOB/maybridge-0241-313496867.png,Cn1cc(Br)c(C(=O)Cl)n1
/beegfs/home/m.romanov/thesis/benchmarking/datasets/UOB/maybridge-0241-620500548.png,Cn1nc(C(=O)Cl)cc1-c1ccco1
/beegfs/home/m.romanov/thesis/benchmarking/datasets/UOB/maybridge-0241-688300839.png,Cn1nc(-c2cccs2)cc1C(=O)Cl
/beegfs/home/m.romanov/thesis/benchmarking/datasets/UOB/maybridge-0241-768969801.png,Cn1nc(C(=O)Cl)cc1-c1cccs1
/beegfs/home/m.romanov/thesis/benchmarking/datasets/UOB/maybridge-0241-84964408.png,Cc1nn(-c2ccccc2)c(C)c1C(=O)Cl
/beegfs/home/m.romanov/thesis/benchmarking/datasets/UOB/maybridge-0241-877152201.png,Cn1cc(C(=O)Cl)c(C(F)(F)F)n1
/beegfs/home/m.romanov/thesis/benchmarking/datasets/UOB/maybridge-0242-325462450.png,COc1ccc(-n2ncc(C(=O)Cl)c2C)cc1
/beegfs/home/m.romanov/thesis/benchmarking/datasets/UOB/maybridge-0242-455474908.png,O=C(Cl)c1cnn(-c2ccccc2)c1C(F)(F)F
/beegfs/home/m.romanov/thesis/benchmarking/datasets/UOB/maybridge-0242-50391444.png,CC(C)(C)c1cc(C(=O)Cl)n(Cc2ccccc2)n1
/beegfs/home/m.romanov/thesis/benchmarking/datasets/UOB/maybridge-0242-555822873.png,Cc1c(C(=O)Cl)cnn1-c1ccc(Cl)cc1
/beegfs/home/m.romanov/thesis/benchmarking/datasets/UOB/maybridge-0242-751677147.png,CCCc1c(C(=O)Cl)cnn1-c1ccc(Cl)cc1
/beegfs/home/m.romanov/thesis/benchmarking/datasets/UOB/maybridge-0242-773448911.png,CCn1nc(C)c(Br)c1C(=O)Cl
/beegfs/home/m.romanov/thesis/benchmarking/datasets/UOB/maybridge-0242-853083007.png,CCCc1c(C(=O)Cl)cnn1-c1ccccc1
/beegfs/home/m.romanov/thesis/benchmarking/datasets/UOB/maybridge-0242-91080652.png,Cc1c(C(=O)Cl)cnn1-c1ccc(F)cc1
/beegfs/home/m.romanov/thesis/benchmarking/datasets/UOB/maybridge-0243-14058205.png,Cc1ccoc1C(=O)Cl
/beegfs/home/m.romanov/thesis/benchmarking/datasets/UOB/maybridge-0243-190526020.png,Cc1nn(-c2ccccc2)nc1C(=O)Cl
/beegfs/home/m.romanov/thesis/benchmarking/datasets/UOB/maybridge-0243-39741114.png,Cc1oc(-c2ccccc2)cc1C(=O)Cl
/beegfs/home/m.romanov/thesis/benchmarking/datasets/UOB/maybridge-0243-43946211.png,Cc1cc(C(=O)Cl)c(C(F)(F)F)o1
/beegfs/home/m.romanov/thesis/benchmarking/datasets/UOB/maybridge-0243-458509740.png,Cl.Cn1cncc1C(=O)Cl
/beegfs/home/m.romanov/thesis/benchmarking/datasets/UOB/maybridge-0243-54443676.png,CSc1ncc(C(=O)Cl)n1Cc1ccccc1.Cl
/beegfs/home/m.romanov/thesis/benchmarking/datasets/UOB/maybridge-0243-724856818.png,Cc1cc(C(=O)Cl)c(C)o1
/beegfs/home/m.romanov/thesis/benchmarking/datasets/UOB/maybridge-0243-793103176.png,O=C(Cl)c1cnn(-c2ccc(Cl)cc2)c1C(F)(F)F
/beegfs/home/m.romanov/thesis/benchmarking/datasets/UOB/maybridge-0243-810337509.png,Cc1oc(C(C)(C)C)cc1C(=O)Cl
/beegfs/home/m.romanov/thesis/benchmarking/datasets/UOB/maybridge-0243-98559184.png,O=C(Cl)c1ccoc1
/beegfs/home/m.romanov/thesis/benchmarking/datasets/UOB/maybridge-0244-1059826477.png,Cc1cc(C(=O)Cl)c(-c2ccccc2)o1
/beegfs/home/m.romanov/thesis/benchmarking/datasets/UOB/maybridge-0244-11063909.png,O=C(Cl)c1ccsc1
/beegfs/home/m.romanov/thesis/benchmarking/datasets/UOB/maybridge-0244-124432827.png,O=C(Cl)c1cc(-c2ccc(Cl)cc2)oc1C(F)(F)F
/beegfs/home/m.romanov/thesis/benchmarking/datasets/UOB/maybridge-0244-245269261.png,Cc1oc(-c2ccc(Cl)cc2)cc1C(=O)Cl
/beegfs/home/m.romanov/thesis/benchmarking/datasets/UOB/maybridge-0244-267272666.png,O=C(Cl)c1ccc(Oc2cc(Cl)cc(Cl)c2)o1
/beegfs/home/m.romanov/thesis/benchmarking/datasets/UOB/maybridge-0244-356155546.png,COc1c(C(=O)Cl)csc1Cl
/beegfs/home/m.romanov/thesis/benchmarking/datasets/UOB/maybridge-0244-586686505.png,Cc1csc(C(=O)Cl)c1
/beegfs/home/m.romanov/thesis/benchmarking/datasets/UOB/maybridge-0244-685949630.png,Cc1csc(C(=O)Cl)c1Cl
/beegfs/home/m.romanov/thesis/benchmarking/datasets/UOB/maybridge-0244-866110305.png,O=C(Cl)c1sccc1Cl
/beegfs/home/m.romanov/thesis/benchmarking/datasets/UOB/maybridge-0244-913229759.png,O=C(Cl)c1cc(Cl)sc1Cl
/beegfs/home/m.romanov/thesis/benchmarking/datasets/UOB/maybridge-0244-965061199.png,O=C(Cl)c1ccc(-c2ccco2)s1
/beegfs/home/m.romanov/thesis/benchmarking/datasets/UOB/maybridge-0245-1036379902.png,CS(=O)(=O)c1csc(C(=O)Cl)c1Cl
/beegfs/home/m.romanov/thesis/benchmarking/datasets/UOB/maybridge-0245-267834526.png,O=C(Cl)c1ccc(-c2ccccc2)s1
/beegfs/home/m.romanov/thesis/benchmarking/datasets/UOB/maybridge-0245-425135953.png,O=C(Cl)c1ccc(-c2ccccn2)s1
/beegfs/home/m.romanov/thesis/benchmarking/datasets/UOB/maybridge-0245-466951400.png,O=C(Cl)c1cc(-c2ccccc2)c(C(F)(F)F)s1
/beegfs/home/m.romanov/thesis/benchmarking/datasets/UOB/maybridge-0245-546807960.png,Cc1c(S(=O)(=O)c2ccc(Cl)cc2)csc1C(=O)Cl
/beegfs/home/m.romanov/thesis/benchmarking/datasets/UOB/maybridge-0245-554685536.png,O=C(Cl)Cc1cccs1
/beegfs/home/m.romanov/thesis/benchmarking/datasets/UOB/maybridge-0245-616666962.png,O=C(Cl)c1sccc1Br
/beegfs/home/m.romanov/thesis/benchmarking/datasets/UOB/maybridge-0245-782182890.png,O=C(Cl)c1ccno1
/beegfs/home/m.romanov/thesis/benchmarking/datasets/UOB/maybridge-0245-887987137.png,O=C(Cl)c1cc(Br)cs1
/beegfs/home/m.romanov/thesis/benchmarking/datasets/UOB/maybridge-0245-936540778.png,CC(C)S(=O)(=O)c1csc(C(=O)Cl)c1Cl
/beegfs/home/m.romanov/thesis/benchmarking/datasets/UOB/maybridge-0245-967176756.png,COc1c(C(=O)Cl)csc1Br
/beegfs/home/m.romanov/thesis/benchmarking/datasets/UOB/maybridge-0246-1021219499.png,Cc1oncc1C(=O)Cl
/beegfs/home/m.romanov/thesis/benchmarking/datasets/UOB/maybridge-0246-191625994.png,Cc1onc(-c2ccc(F)cc2)c1C(=O)Cl
/beegfs/home/m.romanov/thesis/benchmarking/datasets/UOB/maybridge-0246-379239474.png,Cc1noc(C)c1C(=O)Cl
/beegfs/home/m.romanov/thesis/benchmarking/datasets/UOB/maybridge-0246-38908791.png,Cc1noc(-c2ccccc2)c1C(=O)Cl
/beegfs/home/m.romanov/thesis/benchmarking/datasets/UOB/maybridge-0246-403064260.png,Cc1nc(-c2cc(C(=O)Cl)no2)cs1
/beegfs/home/m.romanov/thesis/benchmarking/datasets/UOB/maybridge-0246-485206569.png,O=C(Cl)c1cc(-c2ccco2)on1
/beegfs/home/m.romanov/thesis/benchmarking/datasets/UOB/maybridge-0246-584179113.png,O=C(Cl)c1cc(-c2cccs2)on1
/beegfs/home/m.romanov/thesis/benchmarking/datasets/UOB/maybridge-0246-694394528.png,Cc1onc(-c2ccccc2)c1C(=O)Cl
/beegfs/home/m.romanov/thesis/benchmarking/datasets/UOB/maybridge-0246-835593032.png,Cc1cc(C(=O)Cl)no1
/beegfs/home/m.romanov/thesis/benchmarking/datasets/UOB/maybridge-0246-874362988.png,O=C(Cl)c1cc(-c2ccccc2)on1
/beegfs/home/m.romanov/thesis/benchmarking/datasets/UOB/maybridge-0246-919671119.png,Cc1cc(-c2onc(C)c2C(=O)Cl)no1
/beegfs/home/m.romanov/thesis/benchmarking/datasets/UOB/maybridge-0247-1050789302.png,Cc1onc(-c2c(F)cccc2Cl)c1C(=O)Cl
/beegfs/home/m.romanov/thesis/benchmarking/datasets/UOB/maybridge-0247-1050978266.png,O=C(Cl)c1nnc(-c2ccccc2)o1
/beegfs/home/m.romanov/thesis/benchmarking/datasets/UOB/maybridge-0247-1056521218.png,Cc1onc(-c2c(Cl)cccc2Cl)c1C(=O)Cl
/beegfs/home/m.romanov/thesis/benchmarking/datasets/UOB/maybridge-0247-230702425.png,Cc1oc(-c2ccccc2)nc1C(=O)Cl
/beegfs/home/m.romanov/thesis/benchmarking/datasets/UOB/maybridge-0247-236307494.png,COc1ccc(-c2ocnc2C(=O)Cl)cc1
/beegfs/home/m.romanov/thesis/benchmarking/datasets/UOB/maybridge-0247-339736934.png,Cc1ncoc1C(=O)Cl
/beegfs/home/m.romanov/thesis/benchmarking/datasets/UOB/maybridge-0247-504993347.png,COc1ccc(-c2noc(C)c2C(=O)Cl)cc1
/beegfs/home/m.romanov/thesis/benchmarking/datasets/UOB/maybridge-0247-592937057.png,Cc1nc(C(=O)Cl)c(C)o1
/beegfs/home/m.romanov/thesis/benchmarking/datasets/UOB/maybridge-0247-675804918.png,O=C(Cl)c1nccs1
/beegfs/home/m.romanov/thesis/benchmarking/datasets/UOB/maybridge-0247-774585644.png,O=C(Cl)c1ncoc1-c1ccccc1
/beegfs/home/m.romanov/thesis/benchmarking/datasets/UOB/maybridge-0248-110928015.png,O=C(Cl)c1csc(-c2ccc3c(c2)CCO3)n1
/beegfs/home/m.romanov/thesis/benchmarking/datasets/UOB/maybridge-0248-206745271.png,Cc1nc(-c2cnccn2)sc1C(=O)Cl
/beegfs/home/m.romanov/thesis/benchmarking/datasets/UOB/maybridge-0248-269009699.png,O=C(Cl)c1csc(-c2ccccc2)n1
/beegfs/home/m.romanov/thesis/benchmarking/datasets/UOB/maybridge-0248-593739118.png,O=C(Cl)c1csc(-c2cccs2)n1
/beegfs/home/m.romanov/thesis/benchmarking/datasets/UOB/maybridge-0248-620689250.png,Cc1nc(-c2ccc3c(c2)CCO3)sc1C(=O)Cl
/beegfs/home/m.romanov/thesis/benchmarking/datasets/UOB/maybridge-0248-622200056.png,Cc1nc(-c2ccc(Cl)cc2)sc1C(=O)Cl
/beegfs/home/m.romanov/thesis/benchmarking/datasets/UOB/maybridge-0248-675931180.png,O=C(Cl)c1csc(-c2ccc(C(F)(F)F)cc2)n1
/beegfs/home/m.romanov/thesis/benchmarking/datasets/UOB/maybridge-0248-719333974.png,Cc1nc(C(=O)Cl)cs1.Cl
/beegfs/home/m.romanov/thesis/benchmarking/datasets/UOB/maybridge-0248-898097792.png,O=C(Cl)c1csc(-c2cccc(Cl)c2)n1
/beegfs/home/m.romanov/thesis/benchmarking/datasets/UOB/maybridge-0248-961158177.png,O=C(Cl)c1csc(-c2cccc(Cl)c2Cl)n1
/beegfs/home/m.romanov/thesis/benchmarking/datasets/UOB/maybridge-0249-113837712.png,O=C(Cl)c1ccc(-c2ccco2)cc1
/beegfs/home/m.romanov/thesis/benchmarking/datasets/UOB/maybridge-0249-220406506.png,O=C(Cl)c1c(F)cccc1Cl
/beegfs/home/m.romanov/thesis/benchmarking/datasets/UOB/maybridge-0249-24679012.png,O=C=Nc1ccc(C(=O)Cl)cc1
/beegfs/home/m.romanov/thesis/benchmarking/datasets/UOB/maybridge-0249-260724437.png,O=C(Cl)c1csc(Cc2c(Cl)cccc2Cl)n1
/beegfs/home/m.romanov/thesis/benchmarking/datasets/UOB/maybridge-0249-369432554.png,Cc1cccc(C(=O)Cl)c1C
/beegfs/home/m.romanov/thesis/benchmarking/datasets/UOB/maybridge-0249-374770239.png,Cc1ccc(C(=O)Cl)cc1C
/beegfs/home/m.romanov/thesis/benchmarking/datasets/UOB/maybridge-0249-673743004.png,Cc1nc(-c2ccc(C(F)(F)F)cc2)sc1C(=O)Cl
/beegfs/home/m.romanov/thesis/benchmarking/datasets/UOB/maybridge-0249-719963284.png,Cc1nnsc1C(=O)Cl
/beegfs/home/m.romanov/thesis/benchmarking/datasets/UOB/maybridge-0249-739169806.png,O=C(Cl)c1ccc(F)cc1F
/beegfs/home/m.romanov/thesis/benchmarking/datasets/UOB/maybridge-0249-911791803.png,O=C(Cl)c1sc(-c2ccccc2)nc1-c1ccccc1
/beegfs/home/m.romanov/thesis/benchmarking/datasets/UOB/maybridge-0249-951685213.png,O=C(Cl)c1ccc(F)cc1Cl
/beegfs/home/m.romanov/thesis/benchmarking/datasets/UOB/maybridge-0250-232604536.png,O=C(Cl)c1ccc(-c2ccsc2)cc1
/beegfs/home/m.romanov/thesis/benchmarking/datasets/UOB/maybridge-0250-264191253.png,Cc1noc(-c2ccccc2C(=O)Cl)n1
/beegfs/home/m.romanov/thesis/benchmarking/datasets/UOB/maybridge-0250-284092700.png,Cc1nc(-c2cccc(C(=O)Cl)c2)no1
/beegfs/home/m.romanov/thesis/benchmarking/datasets/UOB/maybridge-0250-357692893.png,Cc1noc(-c2ccc(C(=O)Cl)cc2)n1
/beegfs/home/m.romanov/thesis/benchmarking/datasets/UOB/maybridge-0250-420371485.png,Cc1nc(-c2ccc(C(=O)Cl)cc2)no1
/beegfs/home/m.romanov/thesis/benchmarking/datasets/UOB/maybridge-0250-468453058.png,O=C(Cl)c1ccc(-n2cccn2)cc1
/beegfs/home/m.romanov/thesis/benchmarking/datasets/UOB/maybridge-0250-548544817.png,O=C(Cl)c1ccccc1-c1cccs1
/beegfs/home/m.romanov/thesis/benchmarking/datasets/UOB/maybridge-0250-564284025.png,O=C(Cl)c1ccc(-c2nccs2)cc1
/beegfs/home/m.romanov/thesis/benchmarking/datasets/UOB/maybridge-0250-650485009.png,O=C(Cl)c1ccc(-c2cccs2)cc1
/beegfs/home/m.romanov/thesis/benchmarking/datasets/UOB/maybridge-0250-72384215.png,O=C(Cl)c1cccc(-c2ccsc2)c1
/beegfs/home/m.romanov/thesis/benchmarking/datasets/UOB/maybridge-0250-799709892.png,O=C(Cl)c1cc(Cl)cc(Cl)c1
/beegfs/home/m.romanov/thesis/benchmarking/datasets/UOB/maybridge-0251-108978833.png,O=C(Cl)c1ccc(-c2csnn2)cc1
/beegfs/home/m.romanov/thesis/benchmarking/datasets/UOB/maybridge-0251-223747043.png,O=C(Cl)c1ccc(Oc2ccccn2)cc1
/beegfs/home/m.romanov/thesis/benchmarking/datasets/UOB/maybridge-0251-22965663.png,O=C(Cl)c1ccccc1COc1ccccc1
/beegfs/home/m.romanov/thesis/benchmarking/datasets/UOB/maybridge-0251-262612747.png,COc1ccc(Br)c(C(=O)Cl)c1
/beegfs/home/m.romanov/thesis/benchmarking/datasets/UOB/maybridge-0251-419143082.png,O=C(Cl)c1ccccc1OC1CCOCC1
/beegfs/home/m.romanov/thesis/benchmarking/datasets/UOB/maybridge-0251-438556059.png,O=C(Cl)c1ccccc1Oc1ccccc1
/beegfs/home/m.romanov/thesis/benchmarking/datasets/UOB/maybridge-0251-530368557.png,O=C(Cl)c1cccc(Oc2ccccc2)c1
/beegfs/home/m.romanov/thesis/benchmarking/datasets/UOB/maybridge-0251-561990257.png,O=C(Cl)c1cccc(COc2ccccc2)c1
/beegfs/home/m.romanov/thesis/benchmarking/datasets/UOB/maybridge-0251-608887817.png,Cc1nc(-c2ccc(C(=O)Cl)cc2)cs1
/beegfs/home/m.romanov/thesis/benchmarking/datasets/UOB/maybridge-0251-725907295.png,O=C(Cl)c1c(F)c(F)c(F)c(F)c1F
/beegfs/home/m.romanov/thesis/benchmarking/datasets/UOB/maybridge-0251-726203324.png,Cc1nc(-c2cccc(C(=O)Cl)c2)cs1
/beegfs/home/m.romanov/thesis/benchmarking/datasets/UOB/maybridge-0251-951930831.png,O=C(Cl)c1ccc(Oc2ccccc2)cc1
/beegfs/home/m.romanov/thesis/benchmarking/datasets/UOB/maybridge-0252-1037989349.png,Cc1c(Br)cc(C(=O)Cl)c(C)c1C
/beegfs/home/m.romanov/thesis/benchmarking/datasets/UOB/maybridge-0252-166516620.png,O=C(Cl)c1ccc(Cl)nc1
/beegfs/home/m.romanov/thesis/benchmarking/datasets/UOB/maybridge-0252-254357769.png,CCCN(CCC)S(=O)(=O)c1ccc(C(=O)Cl)cc1
/beegfs/home/m.romanov/thesis/benchmarking/datasets/UOB/maybridge-0252-268534954.png,COc1ccc(C(=O)Cl)cc1OC1CCCC1
/beegfs/home/m.romanov/thesis/benchmarking/datasets/UOB/maybridge-0252-271223807.png,O=C(Cl)Cc1cc(F)cc(F)c1
/beegfs/home/m.romanov/thesis/benchmarking/datasets/UOB/maybridge-0252-40713479.png,O=C(Cl)c1ccnc(Cl)c1
/beegfs/home/m.romanov/thesis/benchmarking/datasets/UOB/maybridge-0252-586208998.png,O=C(Cl)/C=C\c1ccc(OC(F)(F)F)cc1
/beegfs/home/m.romanov/thesis/benchmarking/datasets/UOB/maybridge-0252-636297699.png,CC(C)(Oc1ccc(Cl)cc1)C(=O)Cl
/beegfs/home/m.romanov/thesis/benchmarking/datasets/UOB/maybridge-0252-948175075.png,C/C(=C\c1ccccc1)C(=O)Cl
/beegfs/home/m.romanov/thesis/benchmarking/datasets/UOB/maybridge-0252-95344405.png,O=C(Cl)c1ccc(-n2ccc(C(F)(F)F)n2)cc1
/beegfs/home/m.romanov/thesis/benchmarking/datasets/UOB/maybridge-0253-1023549242.png,O=C(Cl)c1cc(F)c(Cl)nc1Cl
/beegfs/home/m.romanov/thesis/benchmarking/datasets/UOB/maybridge-0253-1025888390.png,O=C(Cl)c1cccnc1Sc1ccccc1
/beegfs/home/m.romanov/thesis/benchmarking/datasets/UOB/maybridge-0253-179604263.png,O=C(Cl)c1cccnc1Oc1ccccc1
/beegfs/home/m.romanov/thesis/benchmarking/datasets/UOB/maybridge-0253-276826410.png,O=C(Cl)c1ccc(N2CCOCC2)nc1
/beegfs/home/m.romanov/thesis/benchmarking/datasets/UOB/maybridge-0253-304267783.png,O=C(Cl)c1ccc(Oc2ccccc2)nc1
/beegfs/home/m.romanov/thesis/benchmarking/datasets/UOB/maybridge-0253-305839550.png,COc1cc(C(=O)Cl)cc(Cl)n1
/beegfs/home/m.romanov/thesis/benchmarking/datasets/UOB/maybridge-0253-464897998.png,O=C(Cl)c1cc(Cl)nc(Cl)c1
/beegfs/home/m.romanov/thesis/benchmarking/datasets/UOB/maybridge-0253-524725073.png,O=C(Cl)c1ccc(-c2ccccc2)nc1
/beegfs/home/m.romanov/thesis/benchmarking/datasets/UOB/maybridge-0253-643022560.png,O=C(Cl)c1cc(Cl)cnc1Cl
/beegfs/home/m.romanov/thesis/benchmarking/datasets/UOB/maybridge-0253-871453335.png,O=C(Cl)c1cncc(Br)c1
/beegfs/home/m.romanov/thesis/benchmarking/datasets/UOB/maybridge-0253-990173319.png,Cc1cc(C(=O)Cl)cc(Cl)n1
/beegfs/home/m.romanov/thesis/benchmarking/datasets/UOB/maybridge-0254-1071927081.png,O=C(Cl)C1CCN(C(=O)OCc2ccccc2)CC1
/beegfs/home/m.romanov/thesis/benchmarking/datasets/UOB/maybridge-0254-264174974.png,O=C(Cl)C1CCN(c2nccc(C(F)(F)F)n2)CC1
/beegfs/home/m.romanov/thesis/benchmarking/datasets/UOB/maybridge-0254-414021892.png,O=C(Cl)c1cnc(Cl)nc1C(F)(F)F
/beegfs/home/m.romanov/thesis/benchmarking/datasets/UOB/maybridge-0254-447541372.png,O=C(Cl)c1cccnc1Oc1ccc(Cl)cc1
/beegfs/home/m.romanov/thesis/benchmarking/datasets/UOB/maybridge-0254-552751449.png,O=C(Cl)c1cnccn1
/beegfs/home/m.romanov/thesis/benchmarking/datasets/UOB/maybridge-0254-621669069.png,O=C(Cl)C1CCCN(C(=O)OCc2ccccc2)C1
/beegfs/home/m.romanov/thesis/benchmarking/datasets/UOB/maybridge-0254-822999649.png,O=C(Cl)c1cccnc1Sc1ccc(Cl)cc1
/beegfs/home/m.romanov/thesis/benchmarking/datasets/UOB/maybridge-0254-970917308.png,Cc1ccc(Sc2ncccc2C(=O)Cl)cc1
/beegfs/home/m.romanov/thesis/benchmarking/datasets/UOB/maybridge-0255-1000095251.png,O=C(Cl)c1sc2sccc2c1Cl
/beegfs/home/m.romanov/thesis/benchmarking/datasets/UOB/maybridge-0255-1067768426.png,Cn1nc(C(=O)Cl)c2ccccc21
/beegfs/home/m.romanov/thesis/benchmarking/datasets/UOB/maybridge-0255-430837409.png,Cn1nc2ccccc2c1C(=O)Cl
/beegfs/home/m.romanov/thesis/benchmarking/datasets/UOB/maybridge-0255-521797377.png,O=C(Cl)c1cn(S(=O)(=O)c2ccccc2)c2ccccc12
/beegfs/home/m.romanov/thesis/benchmarking/datasets/UOB/maybridge-0255-542955538.png,O=C(Cl)c1cc2ccccc2n1S(=O)(=O)c1ccccc1
/beegfs/home/m.romanov/thesis/benchmarking/datasets/UOB/maybridge-0255-622008451.png,O=C(Cl)c1cc2sccc2[nH]1
/beegfs/home/m.romanov/thesis/benchmarking/datasets/UOB/maybridge-0255-638714906.png,O=C(Cl)c1cc2c(Cl)cc(Cl)cc2[nH]1
/beegfs/home/m.romanov/thesis/benchmarking/datasets/UOB/maybridge-0255-643979570.png,O=C(Cl)C1CCCCO1
/beegfs/home/m.romanov/thesis/benchmarking/datasets/UOB/maybridge-0255-672862050.png,Cc1nn(C)c2sc(C(=O)Cl)cc12
/beegfs/home/m.romanov/thesis/benchmarking/datasets/UOB/maybridge-0255-91185879.png,O=C(Cl)C1CCOCC1
/beegfs/home/m.romanov/thesis/benchmarking/datasets/UOB/maybridge-0256-133120537.png,Cl.O=C(Cl)c1ccc2nccn2c1
/beegfs/home/m.romanov/thesis/benchmarking/datasets/UOB/maybridge-0256-146395075.png,O=C(Cl)c1cc2ccccc2o1
/beegfs/home/m.romanov/thesis/benchmarking/datasets/UOB/maybridge-0256-189150257.png,O=C(Cl)c1ccc2occc2c1
/beegfs/home/m.romanov/thesis/benchmarking/datasets/UOB/maybridge-0256-40934644.png,O=C(Cl)Cc1coc2ccccc12
/beegfs/home/m.romanov/thesis/benchmarking/datasets/UOB/maybridge-0256-47467029.png,O=C(Cl)c1cc2cc(Br)ccc2o1
/beegfs/home/m.romanov/thesis/benchmarking/datasets/UOB/maybridge-0256-50535184.png,CC(C)n1c(C(F)(F)F)nc2cc(C(=O)Cl)ccc21
/beegfs/home/m.romanov/thesis/benchmarking/datasets/UOB/maybridge-0256-546059985.png,O=C(Cl)c1cnn2ccccc12
/beegfs/home/m.romanov/thesis/benchmarking/datasets/UOB/maybridge-0256-57297807.png,CC(C)n1nnc2cc(C(=O)Cl)ccc21
/beegfs/home/m.romanov/thesis/benchmarking/datasets/UOB/maybridge-0256-854686524.png,Cc1nc2ccccn2c1C(=O)Cl.Cl
/beegfs/home/m.romanov/thesis/benchmarking/datasets/UOB/maybridge-0256-936515810.png,Cn1nnc2cc(C(=O)Cl)ccc21
/beegfs/home/m.romanov/thesis/benchmarking/datasets/UOB/maybridge-0256-964693469.png,O=C(Cl)C1Cc2ccccc2O1
/beegfs/home/m.romanov/thesis/benchmarking/datasets/UOB/maybridge-0257-145267544.png,CC1(C)Cc2cccc(C(=O)Cl)c2O1
/beegfs/home/m.romanov/thesis/benchmarking/datasets/UOB/maybridge-0257-148915227.png,O=C(Cl)Cc1ccc2c(c1)OCO2
/beegfs/home/m.romanov/thesis/benchmarking/datasets/UOB/maybridge-0257-200080862.png,Cc1ccc2sc(C(=O)Cl)cc2c1
/beegfs/home/m.romanov/thesis/benchmarking/datasets/UOB/maybridge-0257-257310615.png,O=C(Cl)c1cc2cc([N+](=O)[O-])ccc2s1
/beegfs/home/m.romanov/thesis/benchmarking/datasets/UOB/maybridge-0257-374568481.png,O=C(Cl)c1cccc2c1OCC2
/beegfs/home/m.romanov/thesis/benchmarking/datasets/UOB/maybridge-0257-443159561.png,O=C(Cl)c1cc(Br)cc2c1OCC2
/beegfs/home/m.romanov/thesis/benchmarking/datasets/UOB/maybridge-0257-624610063.png,O=C(Cl)c1csc2ccccc12
/beegfs/home/m.romanov/thesis/benchmarking/datasets/UOB/maybridge-0257-74004776.png,O=C(Cl)c1sc2ccccc2c1Cl
/beegfs/home/m.romanov/thesis/benchmarking/datasets/UOB/maybridge-0257-835116058.png,O=C(Cl)c1ccc2c(c1)CCO2
/beegfs/home/m.romanov/thesis/benchmarking/datasets/UOB/maybridge-0257-847591003.png,O=C(Cl)c1cc2ccccc2s1
/beegfs/home/m.romanov/thesis/benchmarking/datasets/UOB/maybridge-0257-942934547.png,O=C(Cl)c1ccc2c(c1)OCO2
/beegfs/home/m.romanov/thesis/benchmarking/datasets/UOB/maybridge-0258-1015543656.png,O=C(Cl)c1ccc2sccc2c1
/beegfs/home/m.romanov/thesis/benchmarking/datasets/UOB/maybridge-0258-1053374137.png,O=C(Cl)c1sc(Br)c2c1OCCO2
/beegfs/home/m.romanov/thesis/benchmarking/datasets/UOB/maybridge-0258-279319738.png,O=C(Cl)c1csc2ccc(Br)cc12
/beegfs/home/m.romanov/thesis/benchmarking/datasets/UOB/maybridge-0258-352237267.png,O=C(Cl)c1scc2c1OCCO2
/beegfs/home/m.romanov/thesis/benchmarking/datasets/UOB/maybridge-0258-425545200.png,O=C(Cl)Cc1ccc2ccccc2c1
/beegfs/home/m.romanov/thesis/benchmarking/datasets/UOB/maybridge-0258-463732373.png,O=C(Cl)c1cc2cc(Br)ccc2s1
/beegfs/home/m.romanov/thesis/benchmarking/datasets/UOB/maybridge-0258-517582405.png,O=C(Cl)c1nc2ccccc2s1
/beegfs/home/m.romanov/thesis/benchmarking/datasets/UOB/maybridge-0258-592269071.png,O=C(Cl)c1ccc2nsnc2c1
/beegfs/home/m.romanov/thesis/benchmarking/datasets/UOB/maybridge-0258-690333280.png,O=C(Cl)c1ccc2snnc2c1
/beegfs/home/m.romanov/thesis/benchmarking/datasets/UOB/maybridge-0258-724151387.png,O=C(Cl)c1cccc2nsnc12
/beegfs/home/m.romanov/thesis/benchmarking/datasets/UOB/maybridge-0258-909357762.png,O=C(Cl)c1ccc2nonc2c1
/beegfs/home/m.romanov/thesis/benchmarking/datasets/UOB/maybridge-0259-1061546157.png,O=C(Cl)c1cnc2ccccc2n1
/beegfs/home/m.romanov/thesis/benchmarking/datasets/UOB/maybridge-0259-106337096.png,O=C(Cl)c1cccc2c1OCCO2
/beegfs/home/m.romanov/thesis/benchmarking/datasets/UOB/maybridge-0259-134642530.png,CC1(C)CCC(C)(C)c2cc(C(=O)Cl)ccc21
/beegfs/home/m.romanov/thesis/benchmarking/datasets/UOB/maybridge-0259-171553671.png,O=C(Cl)C1=Cc2cc(Cl)ccc2OC1
/beegfs/home/m.romanov/thesis/benchmarking/datasets/UOB/maybridge-0259-196525980.png,O=C(Cl)c1ccc2nccnc2c1
/beegfs/home/m.romanov/thesis/benchmarking/datasets/UOB/maybridge-0259-197202074.png,O=C(Cl)Cc1cccc2ccccc12
/beegfs/home/m.romanov/thesis/benchmarking/datasets/UOB/maybridge-0259-302975068.png,O=C(Cl)c1ccc2c(c1)OCCO2
/beegfs/home/m.romanov/thesis/benchmarking/datasets/UOB/maybridge-0259-627248368.png,O=C(Cl)c1cc2ccccc2nc1Cl
/beegfs/home/m.romanov/thesis/benchmarking/datasets/UOB/maybridge-0259-668323320.png,O=C(Cl)c1cc(Cl)nc2ccc(Br)cc12
/beegfs/home/m.romanov/thesis/benchmarking/datasets/UOB/maybridge-0259-675731522.png,O=C(Cl)C1COc2ccccc2C1
/beegfs/home/m.romanov/thesis/benchmarking/datasets/UOB/maybridge-0259-903623484.png,O=C(Cl)C1COc2ccccc2O1
/beegfs/home/m.romanov/thesis/benchmarking/datasets/UOB/maybridge-0259-945917862.png,O=C(Cl)C1=Cc2ccccc2OC1
/beegfs/home/m.romanov/thesis/benchmarking/datasets/UOB/maybridge-0260-175839727.png,CN1CCOc2cc(C(=O)Cl)ccc21
/beegfs/home/m.romanov/thesis/benchmarking/datasets/UOB/maybridge-0260-253273200.png,O=C(Cl)c1cccc2c1-c1ccccc1-2
/beegfs/home/m.romanov/thesis/benchmarking/datasets/UOB/maybridge-0260-455205813.png,O=C(Cl)c1cccc2c1OCCCO2
/beegfs/home/m.romanov/thesis/benchmarking/datasets/UOB/maybridge-0261-254648839.png,O=C(Oc1c(F)c(F)c(F)c(F)c1F)c1ccccc1N1CCOCC1
/beegfs/home/m.romanov/thesis/benchmarking/datasets/UOB/maybridge-0261-38269464.png,Cn1cnc(C(=O)Oc2c(F)c(F)c(F)c(F)c2F)c1
/beegfs/home/m.romanov/thesis/benchmarking/datasets/UOB/maybridge-0261-623329111.png,Cc1cncc(N2CCC(C(=O)Oc3c(F)c(F)c(F)c(F)c3F)CC2)n1
/beegfs/home/m.romanov/thesis/benchmarking/datasets/UOB/maybridge-0261-802614463.png,O=C(Oc1c(F)c(F)c(F)c(F)c1F)c1csc(-c2cccnc2)n1
/beegfs/home/m.romanov/thesis/benchmarking/datasets/UOB/maybridge-0261-808428994.png,O=C(Oc1c(F)c(F)c(F)c(F)c1F)c1ccc(-c2cnco2)cc1
/beegfs/home/m.romanov/thesis/benchmarking/datasets/UOB/maybridge-0261-991172114.png,O=C(Oc1c(F)c(F)c(F)c(F)c1F)c1cc(C(F)(F)F)ccc1N1CCOCC1
/beegfs/home/m.romanov/thesis/benchmarking/datasets/UOB/maybridge-0262-1066572532.png,CCOC(=O)c1[nH]c(C)c(C=O)c1C
/beegfs/home/m.romanov/thesis/benchmarking/datasets/UOB/maybridge-0262-164155606.png,CCCC(=O)OCC1CO1
/beegfs/home/m.romanov/thesis/benchmarking/datasets/UOB/maybridge-0262-209566966.png,COC(=O)c1cc(C=O)cn1C
/beegfs/home/m.romanov/thesis/benchmarking/datasets/UOB/maybridge-0262-558412576.png,CCOC(=O)C1CC1C
/beegfs/home/m.romanov/thesis/benchmarking/datasets/UOB/maybridge-0262-606120762.png,COC(=O)c1cc(N)cn1C.Cl
/beegfs/home/m.romanov/thesis/benchmarking/datasets/UOB/maybridge-0262-797391972.png,COC(=O)C1(C)CCC(C(=O)O)C1(C)C
/beegfs/home/m.romanov/thesis/benchmarking/datasets/UOB/maybridge-0262-826828311.png,COC(=O)c1c(C=O)c(C)n(C)c1C
/beegfs/home/m.romanov/thesis/benchmarking/datasets/UOB/maybridge-0262-866046703.png,CCOC(=O)C1(C)CC1
/beegfs/home/m.romanov/thesis/benchmarking/datasets/UOB/maybridge-0262-892501466.png,COC(=O)c1cc(C)[nH]c1C
/beegfs/home/m.romanov/thesis/benchmarking/datasets/UOB/maybridge-0262-922948518.png,COC(=O)c1c(C)[nH]c(C)c1C=O
/beegfs/home/m.romanov/thesis/benchmarking/datasets/UOB/maybridge-0263-1028753025.png,CCOC(=O)c1[nH]c(C)c(S(=O)(=O)Cl)c1C
/beegfs/home/m.romanov/thesis/benchmarking/datasets/UOB/maybridge-0263-261661859.png,CCOC(=O)c1[nH]c(C)c(C(C)=O)c1C
/beegfs/home/m.romanov/thesis/benchmarking/datasets/UOB/maybridge-0263-37702896.png,CCOC(=O)c1c(C=O)c(C)n(-c2ccccc2)c1C
/beegfs/home/m.romanov/thesis/benchmarking/datasets/UOB/maybridge-0263-448514201.png,CCOC(=O)c1[nH]c(C)c(CO)c1C
/beegfs/home/m.romanov/thesis/benchmarking/datasets/UOB/maybridge-0263-522112542.png,COC(=O)c1ccc(S(=O)(=O)Cl)n1C
/beegfs/home/m.romanov/thesis/benchmarking/datasets/UOB/maybridge-0263-557579004.png,COC(=O)c1cc(C)n(C)n1
/beegfs/home/m.romanov/thesis/benchmarking/datasets/UOB/maybridge-0263-714841753.png,CCOC(=O)c1[nH]c(C)c(Br)c1C
/beegfs/home/m.romanov/thesis/benchmarking/datasets/UOB/maybridge-0263-773361529.png,CCOC(=O)c1cc(C)[nH]n1
/beegfs/home/m.romanov/thesis/benchmarking/datasets/UOB/maybridge-0263-794456799.png,COC(=O)c1ccc(S(=O)(=O)NC(C)(C)C)n1C
/beegfs/home/m.romanov/thesis/benchmarking/datasets/UOB/maybridge-0263-823330514.png,CCOC(=O)c1c(C=O)c(C)n(C2CC2)c1C
/beegfs/home/m.romanov/thesis/benchmarking/datasets/UOB/maybridge-0264-1032023327.png,CCOC(=O)c1cnn(C)c1N
/beegfs/home/m.romanov/thesis/benchmarking/datasets/UOB/maybridge-0264-259030448.png,CCOC(=O)c1cc(-c2ccco2)nn1C
/beegfs/home/m.romanov/thesis/benchmarking/datasets/UOB/maybridge-0264-443905579.png,CCOC(=O)c1cc(-c2ccccc2)nn1C
/beegfs/home/m.romanov/thesis/benchmarking/datasets/UOB/maybridge-0264-447872535.png,CCOC(=O)c1cc(-c2ccco2)[nH]n1
/beegfs/home/m.romanov/thesis/benchmarking/datasets/UOB/maybridge-0264-519403766.png,CCOC(=O)c1c(C)n[nH]c1C
/beegfs/home/m.romanov/thesis/benchmarking/datasets/UOB/maybridge-0264-791301756.png,CCOC(=O)c1cc(C(C)(C)C)n[nH]1
/beegfs/home/m.romanov/thesis/benchmarking/datasets/UOB/maybridge-0264-887632290.png,CCOC(=O)c1cc(C)nn1C
/beegfs/home/m.romanov/thesis/benchmarking/datasets/UOB/maybridge-0264-92561731.png,CCOC(=O)c1cc(-c2ccco2)n(C)n1
/beegfs/home/m.romanov/thesis/benchmarking/datasets/UOB/maybridge-0264-954338933.png,CCOC(=O)c1cc(C)n(C(C)(C)C)n1
/beegfs/home/m.romanov/thesis/benchmarking/datasets/UOB/maybridge-0264-962565061.png,CCOC(=O)c1cc(-c2cccs2)[nH]n1
/beegfs/home/m.romanov/thesis/benchmarking/datasets/UOB/maybridge-0265-1035578103.png,CCOC(=O)c1cnn(-c2ccccc2)c1C(F)(F)F
/beegfs/home/m.romanov/thesis/benchmarking/datasets/UOB/maybridge-0265-1036294649.png,CCOC(=O)c1cc(-c2cccs2)nn1C
/beegfs/home/m.romanov/thesis/benchmarking/datasets/UOB/maybridge-0265-232383032.png,CCOC(=O)c1cnn(-c2c([N+](=O)[O-])c(C)nn2C)c1N
/beegfs/home/m.romanov/thesis/benchmarking/datasets/UOB/maybridge-0265-401397655.png,CCOC(=O)c1cc(-c2cccs2)n(C)n1
/beegfs/home/m.romanov/thesis/benchmarking/datasets/UOB/maybridge-0265-501024831.png,CCOC(=O)c1cnn(-c2ccc(F)cc2)c1N
/beegfs/home/m.romanov/thesis/benchmarking/datasets/UOB/maybridge-0265-825594574.png,CCOC(=O)c1cnn(-c2ccc([N+](=O)[O-])cc2)c1N
/beegfs/home/m.romanov/thesis/benchmarking/datasets/UOB/maybridge-0265-844419279.png,CCOC(=O)c1cnn(-c2ccc(N)cc2)c1C
/beegfs/home/m.romanov/thesis/benchmarking/datasets/UOB/maybridge-0265-905664093.png,CCOC(=O)c1cc(-c2ccccc2)n(C)n1
/beegfs/home/m.romanov/thesis/benchmarking/datasets/UOB/maybridge-0266-1014579549.png,CCOC(=O)Cn1cnc(Cl)c1Cl
/beegfs/home/m.romanov/thesis/benchmarking/datasets/UOB/maybridge-0266-106384822.png,CCOC(=O)c1cnn(-c2ccc(Cl)cc2)c1C(F)(F)F
/beegfs/home/m.romanov/thesis/benchmarking/datasets/UOB/maybridge-0266-316800857.png,COC(=O)c1cncn1C
/beegfs/home/m.romanov/thesis/benchmarking/datasets/UOB/maybridge-0266-44254184.png,COC(=O)c1cn(C)cn1
/beegfs/home/m.romanov/thesis/benchmarking/datasets/UOB/maybridge-0266-591567539.png,CCOC(=O)C1CCC(C(=O)OCC)N1Cc1ccccc1
/beegfs/home/m.romanov/thesis/benchmarking/datasets/UOB/maybridge-0266-834175596.png,COC(=O)c1cnc(S)n1C
/beegfs/home/m.romanov/thesis/benchmarking/datasets/UOB/maybridge-0266-858939326.png,CCOC(=O)C1CN(Cc2ccco2)C(=O)C1=O
/beegfs/home/m.romanov/thesis/benchmarking/datasets/UOB/maybridge-0266-879384827.png,CCOC(=O)c1cnc(S)[nH]1
/beegfs/home/m.romanov/thesis/benchmarking/datasets/UOB/maybridge-0266-936693545.png,CCOC(=O)c1cnn(-c2ccc(Cl)c(Cl)c2)c1C
/beegfs/home/m.romanov/thesis/benchmarking/datasets/UOB/maybridge-0267-111294065.png,COC(=O)c1ccc(CCl)o1
/beegfs/home/m.romanov/thesis/benchmarking/datasets/UOB/maybridge-0267-237076790.png,CCOC(=O)c1cc(-c2ccc(Cl)cc2)oc1C=O
/beegfs/home/m.romanov/thesis/benchmarking/datasets/UOB/maybridge-0267-366353979.png,CCOC(=O)CC(=O)c1ccco1
/beegfs/home/m.romanov/thesis/benchmarking/datasets/UOB/maybridge-0267-572846432.png,CCOC(=O)c1ccoc1
/beegfs/home/m.romanov/thesis/benchmarking/datasets/UOB/maybridge-0267-597575038.png,COC(=O)c1cc(C)cs1
/beegfs/home/m.romanov/thesis/benchmarking/datasets/UOB/maybridge-0267-655230353.png,COC(=O)c1ccc(S(=O)(=O)Cl)o1
/beegfs/home/m.romanov/thesis/benchmarking/datasets/UOB/maybridge-0267-681917261.png,CCOC(=O)c1cc(-c2ccc(C)cc2)oc1C
/beegfs/home/m.romanov/thesis/benchmarking/datasets/UOB/maybridge-0267-702680857.png,COC(=O)c1c(C)oc(C)c1S(=O)(=O)Cl
/beegfs/home/m.romanov/thesis/benchmarking/datasets/UOB/maybridge-0267-754108534.png,COC(=O)c1cc(C=O)oc1C
/beegfs/home/m.romanov/thesis/benchmarking/datasets/UOB/maybridge-0267-764912361.png,CCOC(=O)c1cc(-c2ccc(F)cc2)oc1C
/beegfs/home/m.romanov/thesis/benchmarking/datasets/UOB/maybridge-0267-808294817.png,COC(=O)c1ccc(Oc2cccnc2)o1
/beegfs/home/m.romanov/thesis/benchmarking/datasets/UOB/maybridge-0267-829170996.png,COC(=O)c1cc(S(=O)(=O)Cl)oc1C
/beegfs/home/m.romanov/thesis/benchmarking/datasets/UOB/maybridge-0268-15710719.png,COC(=O)c1ccsc1N
/beegfs/home/m.romanov/thesis/benchmarking/datasets/UOB/maybridge-0268-200444825.png,COC(=O)c1cscc1N
/beegfs/home/m.romanov/thesis/benchmarking/datasets/UOB/maybridge-0268-244268376.png,COC(=O)c1sccc1N
/beegfs/home/m.romanov/thesis/benchmarking/datasets/UOB/maybridge-0268-267412029.png,COC(=O)c1sccc1NN
/beegfs/home/m.romanov/thesis/benchmarking/datasets/UOB/maybridge-0268-425651885.png,COC(=O)c1sccc1O
/beegfs/home/m.romanov/thesis/benchmarking/datasets/UOB/maybridge-0268-59099193.png,CCOC(=O)c1c(C)csc1N
/beegfs/home/m.romanov/thesis/benchmarking/datasets/UOB/maybridge-0268-609383177.png,COC(=O)c1sccc1Cl
/beegfs/home/m.romanov/thesis/benchmarking/datasets/UOB/maybridge-0268-653871350.png,COC(=O)c1scc(C)c1N
/beegfs/home/m.romanov/thesis/benchmarking/datasets/UOB/maybridge-0268-717759472.png,COC(=O)c1cscc1OC
/beegfs/home/m.romanov/thesis/benchmarking/datasets/UOB/maybridge-0268-808903102.png,COC(=O)c1scc(C#N)c1N
/beegfs/home/m.romanov/thesis/benchmarking/datasets/UOB/maybridge-0268-999181697.png,COC(=O)c1scc(C)c1Cl
/beegfs/home/m.romanov/thesis/benchmarking/datasets/UOB/maybridge-0269-1039159423.png,COC(=O)c1sccc1Br
/beegfs/home/m.romanov/thesis/benchmarking/datasets/UOB/maybridge-0269-1068463444.png,COC(=O)c1cscc1N
/beegfs/home/m.romanov/thesis/benchmarking/datasets/UOB/maybridge-0269-22244336.png,COC(=O)c1sc(C(C)(C)C)cc1N
/beegfs/home/m.romanov/thesis/benchmarking/datasets/UOB/maybridge-0269-229751669.png,COC(=O)c1sc(SC)c(C#N)c1N
/beegfs/home/m.romanov/thesis/benchmarking/datasets/UOB/maybridge-0269-26574672.png,CCOC(=O)c1c(N)sc(C)c1C
/beegfs/home/m.romanov/thesis/benchmarking/datasets/UOB/maybridge-0269-39845459.png,COC(=O)c1scc(S(C)(=O)=O)c1N
/beegfs/home/m.romanov/thesis/benchmarking/datasets/UOB/maybridge-0269-443893682.png,COC(=O)c1cc(C)c(Br)s1
/beegfs/home/m.romanov/thesis/benchmarking/datasets/UOB/maybridge-0269-612862411.png,COC(=O)c1sccc1N=C=S
/beegfs/home/m.romanov/thesis/benchmarking/datasets/UOB/maybridge-0269-813380918.png,COC(=O)c1scc(C)c1N=C=S
/beegfs/home/m.romanov/thesis/benchmarking/datasets/UOB/maybridge-0269-909693909.png,COC(=O)c1sc(-c2ccccc2)cc1N
/beegfs/home/m.romanov/thesis/benchmarking/datasets/UOB/maybridge-0270-1012007048.png,COC(=O)c1sccc1-c1ccc(C=O)o1
/beegfs/home/m.romanov/thesis/benchmarking/datasets/UOB/maybridge-0270-181399934.png,CCOC(=O)c1c(N)sc(C)c1-c1ccccc1
/beegfs/home/m.romanov/thesis/benchmarking/datasets/UOB/maybridge-0270-220936633.png,CCOC(=O)c1c(-c2ccco2)csc1N
/beegfs/home/m.romanov/thesis/benchmarking/datasets/UOB/maybridge-0270-25289288.png,CCOC(=O)c1c(-c2cccs2)csc1N
/beegfs/home/m.romanov/thesis/benchmarking/datasets/UOB/maybridge-0270-40939055.png,COC(=O)c1sc(-c2ccc(F)cc2)cc1N
/beegfs/home/m.romanov/thesis/benchmarking/datasets/UOB/maybridge-0270-540452329.png,COC(=O)c1sccc1S(=O)(=O)Cl
/beegfs/home/m.romanov/thesis/benchmarking/datasets/UOB/maybridge-0270-545149418.png,COC(=O)c1scc(Br)c1OC
/beegfs/home/m.romanov/thesis/benchmarking/datasets/UOB/maybridge-0270-590844208.png,COC(=O)c1scc(S(=O)(=O)C(C)C)c1N
/beegfs/home/m.romanov/thesis/benchmarking/datasets/UOB/maybridge-0270-629919115.png,COC(=O)c1cc(C)c(S(=O)(=O)Cl)s1
/beegfs/home/m.romanov/thesis/benchmarking/datasets/UOB/maybridge-0270-963151847.png,COC(=O)c1scc(Br)c1O
/beegfs/home/m.romanov/thesis/benchmarking/datasets/UOB/maybridge-0271-105416330.png,COC(=O)c1sc(N2CCCCC2)c(C#N)c1N
/beegfs/home/m.romanov/thesis/benchmarking/datasets/UOB/maybridge-0271-269375483.png,COC(=O)c1sccc1N=C(O)CBr
/beegfs/home/m.romanov/thesis/benchmarking/datasets/UOB/maybridge-0271-301788362.png,COC(=O)c1csc(S(=O)(=O)Cl)c1OC
/beegfs/home/m.romanov/thesis/benchmarking/datasets/UOB/maybridge-0271-338104194.png,CCOC(=O)c1c(-c2ccc(OC)cc2)csc1N
/beegfs/home/m.romanov/thesis/benchmarking/datasets/UOB/maybridge-0271-578922955.png,COC(=O)c1sc(-c2ccc(Cl)cc2)cc1N
/beegfs/home/m.romanov/thesis/benchmarking/datasets/UOB/maybridge-0271-675213291.png,COC(=O)c1ccsc1NC(=O)c1cccs1
/beegfs/home/m.romanov/thesis/benchmarking/datasets/UOB/maybridge-0271-799974992.png,COC(=O)c1cscc1Sc1ccc(Cl)cc1
/beegfs/home/m.romanov/thesis/benchmarking/datasets/UOB/maybridge-0271-827839817.png,COC(=O)c1sc(-c2ccc(C(C)(C)C)cc2)cc1N
/beegfs/home/m.romanov/thesis/benchmarking/datasets/UOB/maybridge-0271-951290943.png,COC(=O)c1cc(-c2ccccc2)c(C(F)(F)F)s1
/beegfs/home/m.romanov/thesis/benchmarking/datasets/UOB/maybridge-0271-993997092.png,CCOC(=O)c1c(-c2ccc(Cl)cc2)csc1N
/beegfs/home/m.romanov/thesis/benchmarking/datasets/UOB/maybridge-0272-210589600.png,COC(=O)c1sc(C(F)(F)F)c(-c2ccccc2)c1N
/beegfs/home/m.romanov/thesis/benchmarking/datasets/UOB/maybridge-0272-290905515.png,CCOC(=O)c1sc(SC)c(S(C)(=O)=O)c1N
/beegfs/home/m.romanov/thesis/benchmarking/datasets/UOB/maybridge-0272-351616214.png,COC(=O)c1sc(Br)c(Br)c1O
/beegfs/home/m.romanov/thesis/benchmarking/datasets/UOB/maybridge-0272-448695196.png,CCOC(=O)c1c(-c2ccc(-c3ccccc3)cc2)csc1N
/beegfs/home/m.romanov/thesis/benchmarking/datasets/UOB/maybridge-0272-46537538.png,COC(=O)c1scc(S(=O)(=O)Cc2ccco2)c1N
/beegfs/home/m.romanov/thesis/benchmarking/datasets/UOB/maybridge-0272-542593683.png,CCOC(=O)C(=O)c1ccc(Br)s1
/beegfs/home/m.romanov/thesis/benchmarking/datasets/UOB/maybridge-0272-599119112.png,COC(=O)c1sc(SC)c(S(=O)(=O)C(C)C)c1N
/beegfs/home/m.romanov/thesis/benchmarking/datasets/UOB/maybridge-0272-662846860.png,CCOC(=O)c1c(-c2ccc(Br)cc2)csc1N
/beegfs/home/m.romanov/thesis/benchmarking/datasets/UOB/maybridge-0272-691494514.png,COC(=O)c1sc(C(F)(F)F)c(-c2ccccc2)c1S(=O)(=O)Cl
/beegfs/home/m.romanov/thesis/benchmarking/datasets/UOB/maybridge-0272-986472446.png,COC(=O)c1scc(S(=O)(=O)C(C)C)c1S(=O)(=O)Cl
/beegfs/home/m.romanov/thesis/benchmarking/datasets/UOB/maybridge-0273-115772403.png,CCOC(=O)c1cc(C(=O)CBr)on1
/beegfs/home/m.romanov/thesis/benchmarking/datasets/UOB/maybridge-0273-239548681.png,COC(=O)c1cc(O)no1
/beegfs/home/m.romanov/thesis/benchmarking/datasets/UOB/maybridge-0273-28297254.png,COC(=O)c1cc(C)on1
/beegfs/home/m.romanov/thesis/benchmarking/datasets/UOB/maybridge-0273-348617226.png,CCOC(=O)C(=O)CC(=O)c1cccs1
/beegfs/home/m.romanov/thesis/benchmarking/datasets/UOB/maybridge-0273-355409047.png,CCOC(=O)c1cc(-c2ccco2)on1
/beegfs/home/m.romanov/thesis/benchmarking/datasets/UOB/maybridge-0273-417566562.png,CCOC(=O)c1noc(C)c1C(C)=O
/beegfs/home/m.romanov/thesis/benchmarking/datasets/UOB/maybridge-0273-666736753.png,CCOC(=O)c1cc(-c2ccc(Br)s2)on1
/beegfs/home/m.romanov/thesis/benchmarking/datasets/UOB/maybridge-0273-708795227.png,COC(=O)C1CSCC1=O
/beegfs/home/m.romanov/thesis/benchmarking/datasets/UOB/maybridge-0273-785440577.png,COC(=O)c1coc(CCl)n1
/beegfs/home/m.romanov/thesis/benchmarking/datasets/UOB/maybridge-0273-807771894.png,CCOC(=O)c1nc(C)oc1C
/beegfs/home/m.romanov/thesis/benchmarking/datasets/UOB/maybridge-0273-827361524.png,CCOC(=O)c1cc(-c2cccs2)on1
/beegfs/home/m.romanov/thesis/benchmarking/datasets/UOB/maybridge-0274-145887472.png,CCOC(=O)c1csc(=N)[nH]1
/beegfs/home/m.romanov/thesis/benchmarking/datasets/UOB/maybridge-0274-224982073.png,CCOC(=O)c1c(C)nsc1N
/beegfs/home/m.romanov/thesis/benchmarking/datasets/UOB/maybridge-0274-25961567.png,CCOC(=O)c1sc(C)nc1-c1ccccc1
/beegfs/home/m.romanov/thesis/benchmarking/datasets/UOB/maybridge-0274-376363896.png,CCOC(=O)c1sc(Br)nc1C
/beegfs/home/m.romanov/thesis/benchmarking/datasets/UOB/maybridge-0274-428637621.png,CCOC(=O)c1nc(-c2cncc(Br)c2)no1
/beegfs/home/m.romanov/thesis/benchmarking/datasets/UOB/maybridge-0274-515984327.png,CCOC(=O)c1sc(=N)[nH]c1C
/beegfs/home/m.romanov/thesis/benchmarking/datasets/UOB/maybridge-0274-569989585.png,CCOC(=O)c1sc(Cl)nc1C
/beegfs/home/m.romanov/thesis/benchmarking/datasets/UOB/maybridge-0274-820625334.png,CCOC(=O)c1nc(-c2ccc(S(=O)(=O)Cl)s2)no1
/beegfs/home/m.romanov/thesis/benchmarking/datasets/UOB/maybridge-0274-943027430.png,CCOC(=O)c1csc(C)n1
/beegfs/home/m.romanov/thesis/benchmarking/datasets/UOB/maybridge-0274-997555449.png,CCOC(=O)c1sc(-c2ccccc2)nc1C
/beegfs/home/m.romanov/thesis/benchmarking/datasets/UOB/maybridge-0275-1055120992.png,COC(=O)Cc1nc(C)sc1C
/beegfs/home/m.romanov/thesis/benchmarking/datasets/UOB/maybridge-0275-217241098.png,CCOC(=O)c1sc(-c2cccc(C(F)(F)F)c2)nc1O
/beegfs/home/m.romanov/thesis/benchmarking/datasets/UOB/maybridge-0275-32247950.png,CCOC(=O)c1csc(-c2ccc(Br)s2)n1
/beegfs/home/m.romanov/thesis/benchmarking/datasets/UOB/maybridge-0275-455607811.png,CCOC(=O)c1sc(-c2ccc(Cl)cc2)nc1O
/beegfs/home/m.romanov/thesis/benchmarking/datasets/UOB/maybridge-0275-601476895.png,CCOC(=O)Cc1csc(C)n1
/beegfs/home/m.romanov/thesis/benchmarking/datasets/UOB/maybridge-0275-695315905.png,CCOC(=O)c1c[nH]c(=NCc2ccccc2)s1
/beegfs/home/m.romanov/thesis/benchmarking/datasets/UOB/maybridge-0275-854576577.png,CCOC(=O)c1csc(-c2cccc(Cl)c2Cl)n1
/beegfs/home/m.romanov/thesis/benchmarking/datasets/UOB/maybridge-0275-864143222.png,CCOC(=O)c1sc(-c2ccc(C(F)(F)F)cc2)nc1C
/beegfs/home/m.romanov/thesis/benchmarking/datasets/UOB/maybridge-0275-909134470.png,CCOC(=O)c1csc(C2CCN(C(=O)OC(C)(C)C)CC2)n1
/beegfs/home/m.romanov/thesis/benchmarking/datasets/UOB/maybridge-0275-955938469.png,CCOC(=O)c1sc(C2CCN(C(=O)OC(C)(C)C)CC2)nc1C
/beegfs/home/m.romanov/thesis/benchmarking/datasets/UOB/maybridge-0276-101522799.png,COC(=O)c1ccc(N)c(C)c1
/beegfs/home/m.romanov/thesis/benchmarking/datasets/UOB/maybridge-0276-132582856.png,COC(=O)c1cccc(C#N)c1
/beegfs/home/m.romanov/thesis/benchmarking/datasets/UOB/maybridge-0276-218839836.png,CCOC(=O)c1csnn1
/beegfs/home/m.romanov/thesis/benchmarking/datasets/UOB/maybridge-0276-285481645.png,COC(=O)c1cccc(N)c1
/beegfs/home/m.romanov/thesis/benchmarking/datasets/UOB/maybridge-0276-528372213.png,CCOC(=O)C(=O)c1csc(N=CO)n1
/beegfs/home/m.romanov/thesis/benchmarking/datasets/UOB/maybridge-0276-692767322.png,COC(=O)c1ccc(C)c(C)c1
/beegfs/home/m.romanov/thesis/benchmarking/datasets/UOB/maybridge-0276-733947181.png,COC(=O)c1ccccc1C=O
/beegfs/home/m.romanov/thesis/benchmarking/datasets/UOB/maybridge-0276-869444652.png,COC(=O)Cc1nc(-c2ccccc2)sc1C
/beegfs/home/m.romanov/thesis/benchmarking/datasets/UOB/maybridge-0276-924777586.png,CC(C)(C)OC(=O)C(C)(C)Sc1n[nH]c(=N)s1
/beegfs/home/m.romanov/thesis/benchmarking/datasets/UOB/maybridge-0276-928663408.png,COC(=O)c1ccccc1C#N
/beegfs/home/m.romanov/thesis/benchmarking/datasets/UOB/maybridge-0276-929086530.png,COC(=O)c1cccc(C)c1
/beegfs/home/m.romanov/thesis/benchmarking/datasets/UOB/maybridge-0277-1064163445.png,COC(=O)c1ccc(F)cc1Cl
/beegfs/home/m.romanov/thesis/benchmarking/datasets/UOB/maybridge-0277-161485657.png,COC(=O)c1ccc(N)cc1
/beegfs/home/m.romanov/thesis/benchmarking/datasets/UOB/maybridge-0277-244811505.png,COC(=O)c1cc(Cl)ccc1O
/beegfs/home/m.romanov/thesis/benchmarking/datasets/UOB/maybridge-0277-271136143.png,COC(=O)c1ccc(OC)c(C#N)c1
/beegfs/home/m.romanov/thesis/benchmarking/datasets/UOB/maybridge-0277-283896864.png,COC(=O)c1ccc(N)cc1OC
/beegfs/home/m.romanov/thesis/benchmarking/datasets/UOB/maybridge-0277-344054978.png,COC(=O)c1ccc(N)c(N)c1
/beegfs/home/m.romanov/thesis/benchmarking/datasets/UOB/maybridge-0277-395811034.png,COC(=O)c1ccc(C)c(Cl)c1
/beegfs/home/m.romanov/thesis/benchmarking/datasets/UOB/maybridge-0277-595349350.png,COC(=O)c1cccc(N=C=O)c1
/beegfs/home/m.romanov/thesis/benchmarking/datasets/UOB/maybridge-0277-627356691.png,COC(=O)c1ccccc1N=C=S
/beegfs/home/m.romanov/thesis/benchmarking/datasets/UOB/maybridge-0277-731977734.png,COC(=O)c1ccccc1[N+](=O)[O-]
/beegfs/home/m.romanov/thesis/benchmarking/datasets/UOB/maybridge-0277-829745572.png,COC(=O)c1ccc(B(O)O)cc1
/beegfs/home/m.romanov/thesis/benchmarking/datasets/UOB/maybridge-0277-942874765.png,CCOC(=O)c1ccc(N=C=O)cc1
/beegfs/home/m.romanov/thesis/benchmarking/datasets/UOB/maybridge-0278-213743567.png,CCOC(=O)c1cccc(B(O)O)c1
/beegfs/home/m.romanov/thesis/benchmarking/datasets/UOB/maybridge-0278-349697115.png,COC(=O)c1cc(Cl)cc(Cl)c1
/beegfs/home/m.romanov/thesis/benchmarking/datasets/UOB/maybridge-0278-363019173.png,CC(C)(C)OC(=O)c1cccc(N)c1
/beegfs/home/m.romanov/thesis/benchmarking/datasets/UOB/maybridge-0278-373821829.png,COC(=O)c1cccc(-c2cnco2)c1
/beegfs/home/m.romanov/thesis/benchmarking/datasets/UOB/maybridge-0278-436000342.png,COC(=O)c1cccc(C(F)(F)F)c1
/beegfs/home/m.romanov/thesis/benchmarking/datasets/UOB/maybridge-0278-517188069.png,CC(=O)Oc1c(C)cccc1C(=O)O
/beegfs/home/m.romanov/thesis/benchmarking/datasets/UOB/maybridge-0278-548827050.png,COC(=O)c1cccc(CN)c1
/beegfs/home/m.romanov/thesis/benchmarking/datasets/UOB/maybridge-0278-674910598.png,COC(=O)c1cccc(C(=O)O)c1N
/beegfs/home/m.romanov/thesis/benchmarking/datasets/UOB/maybridge-0278-714228924.png,CCOC(=O)c1ccc(NC)c(N)c1
/beegfs/home/m.romanov/thesis/benchmarking/datasets/UOB/maybridge-0278-731651075.png,COC(=O)c1ccc([N+](=O)[O-])c(C)c1
/beegfs/home/m.romanov/thesis/benchmarking/datasets/UOB/maybridge-0278-815730560.png,COC(=O)c1ccc(C(N)=NO)cc1
/beegfs/home/m.romanov/thesis/benchmarking/datasets/UOB/maybridge-0278-864047463.png,COC(=O)c1ccccc1-c1ccco1
/beegfs/home/m.romanov/thesis/benchmarking/datasets/UOB/maybridge-0279-135719878.png,CCOC(=O)c1ccc(C(F)(F)F)cc1
/beegfs/home/m.romanov/thesis/benchmarking/datasets/UOB/maybridge-0279-320256790.png,COC(=O)c1ccc(-c2nc(C)no2)cc1
/beegfs/home/m.romanov/thesis/benchmarking/datasets/UOB/maybridge-0279-328687985.png,CC(C)OC(=O)c1cccc(B(O)O)c1
/beegfs/home/m.romanov/thesis/benchmarking/datasets/UOB/maybridge-0279-34447958.png,COC(=O)c1ccccc1-c1nc(C)no1
/beegfs/home/m.romanov/thesis/benchmarking/datasets/UOB/maybridge-0279-468727691.png,CCOC(=O)c1cc(Cl)cc(Cl)c1
/beegfs/home/m.romanov/thesis/benchmarking/datasets/UOB/maybridge-0279-509732389.png,COC(=O)c1ccc(Cn2ccnc2)cc1
/beegfs/home/m.romanov/thesis/benchmarking/datasets/UOB/maybridge-0279-514838354.png,COC(=O)c1ccc(C(=O)OC)c(N)c1
/beegfs/home/m.romanov/thesis/benchmarking/datasets/UOB/maybridge-0279-592711186.png,COC(=O)c1cccc(Cn2cccn2)c1
/beegfs/home/m.romanov/thesis/benchmarking/datasets/UOB/maybridge-0279-663244937.png,COC(=O)c1ccc(N2CCCC2)cc1
/beegfs/home/m.romanov/thesis/benchmarking/datasets/UOB/maybridge-0279-676482419.png,COC(=O)c1ccc([N+](=O)[O-])cc1Cl
/beegfs/home/m.romanov/thesis/benchmarking/datasets/UOB/maybridge-0279-693624754.png,COC(=O)c1ccc(Cn2cccn2)cc1
/beegfs/home/m.romanov/thesis/benchmarking/datasets/UOB/maybridge-0279-856860832.png,COC(=O)c1cccc(Cn2cncn2)c1
/beegfs/home/m.romanov/thesis/benchmarking/datasets/UOB/maybridge-0280-1065591024.png,COC(=O)c1cccc(CN2CCCCC2)c1
/beegfs/home/m.romanov/thesis/benchmarking/datasets/UOB/maybridge-0280-120158323.png,CCOC(=O)c1ccccc1-c1cccs1
/beegfs/home/m.romanov/thesis/benchmarking/datasets/UOB/maybridge-0280-225188944.png,CCOC(=O)c1ccc(-c2noc(C)n2)cc1
/beegfs/home/m.romanov/thesis/benchmarking/datasets/UOB/maybridge-0280-306192512.png,COC(=O)c1cccc(-c2csc(C)n2)c1
/beegfs/home/m.romanov/thesis/benchmarking/datasets/UOB/maybridge-0280-380247794.png,COC(=O)c1ccc(CN2CCCC2)cc1
/beegfs/home/m.romanov/thesis/benchmarking/datasets/UOB/maybridge-0280-399363280.png,COC(=O)c1ccc(Oc2ccccn2)cc1
/beegfs/home/m.romanov/thesis/benchmarking/datasets/UOB/maybridge-0280-469428667.png,COC(=O)c1ccccc1SCC(C)=O
/beegfs/home/m.romanov/thesis/benchmarking/datasets/UOB/maybridge-0280-612549421.png,COC(=O)c1ccc(OC(F)(F)F)cc1
/beegfs/home/m.romanov/thesis/benchmarking/datasets/UOB/maybridge-0280-722875797.png,COC(=O)c1cccc(CBr)c1
/beegfs/home/m.romanov/thesis/benchmarking/datasets/UOB/maybridge-0280-829450480.png,COC(=O)c1ccccc1OC(F)(F)F
/beegfs/home/m.romanov/thesis/benchmarking/datasets/UOB/maybridge-0280-842763000.png,COC(=O)c1ccccc1OCCN(C)C
/beegfs/home/m.romanov/thesis/benchmarking/datasets/UOB/maybridge-0280-968406330.png,CCOC(=O)c1cccc(-c2nccs2)c1
/beegfs/home/m.romanov/thesis/benchmarking/datasets/UOB/maybridge-0281-249907132.png,COC(=O)c1cccc(CN2CCN(C)CC2)c1
/beegfs/home/m.romanov/thesis/benchmarking/datasets/UOB/maybridge-0281-265905692.png,COC(=O)c1cc(OC)ccc1Br
/beegfs/home/m.romanov/thesis/benchmarking/datasets/UOB/maybridge-0281-3643493.png,CCOC(=O)c1ccccc1N1CCCN(C)CC1
/beegfs/home/m.romanov/thesis/benchmarking/datasets/UOB/maybridge-0281-410120842.png,COC(=O)c1ccccc1S(=O)(=O)Cl
/beegfs/home/m.romanov/thesis/benchmarking/datasets/UOB/maybridge-0281-467876852.png,COC(=O)c1cccc([N+](=O)[O-])c1N=C(C)O
/beegfs/home/m.romanov/thesis/benchmarking/datasets/UOB/maybridge-0281-573268017.png,CCOC(=O)c1ccccc1N1CCOCC1
/beegfs/home/m.romanov/thesis/benchmarking/datasets/UOB/maybridge-0281-616502964.png,COC(=O)c1ccc(CS(=O)(=O)Cl)cc1
/beegfs/home/m.romanov/thesis/benchmarking/datasets/UOB/maybridge-0281-719055685.png,COC(=O)c1cccc(CN2CCOCC2)c1
/beegfs/home/m.romanov/thesis/benchmarking/datasets/UOB/maybridge-0281-727846095.png,CCOC(=O)c1ccc(N2CCCN(C)CC2)cc1
/beegfs/home/m.romanov/thesis/benchmarking/datasets/UOB/maybridge-0281-770983256.png,COC(=O)c1ccc(CN2CCCCC2)cc1
/beegfs/home/m.romanov/thesis/benchmarking/datasets/UOB/maybridge-0281-863300567.png,COC(=O)c1ccc(CSc2ccccc2)cc1
/beegfs/home/m.romanov/thesis/benchmarking/datasets/UOB/maybridge-0281-997331153.png,COC(=O)c1ccc(CN2CCN(C)CC2)cc1
/beegfs/home/m.romanov/thesis/benchmarking/datasets/UOB/maybridge-0282-1000846226.png,CCOC(=O)Cc1cccc(OC)c1
/beegfs/home/m.romanov/thesis/benchmarking/datasets/UOB/maybridge-0282-1073628596.png,COC(=O)c1ccc(CN2CCN(C(=O)OC(C)(C)C)CC2)cc1
/beegfs/home/m.romanov/thesis/benchmarking/datasets/UOB/maybridge-0282-283237772.png,COC(=O)c1ccc(OC)c(S(=O)(=O)Cl)c1
/beegfs/home/m.romanov/thesis/benchmarking/datasets/UOB/maybridge-0282-332406601.png,CCOC(=O)c1cc(I)c(N)c(I)c1
/beegfs/home/m.romanov/thesis/benchmarking/datasets/UOB/maybridge-0282-407234089.png,CCOC(=O)C(=O)c1ccc(C)cc1
/beegfs/home/m.romanov/thesis/benchmarking/datasets/UOB/maybridge-0282-467864696.png,CCOC(=O)Cc1ccc(N)cc1
/beegfs/home/m.romanov/thesis/benchmarking/datasets/UOB/maybridge-0282-66388452.png,COC(=O)C(C)c1ccc(CC(C)C)cc1
/beegfs/home/m.romanov/thesis/benchmarking/datasets/UOB/maybridge-0282-700162465.png,COC(=O)Cc1cccc(OC)c1
/beegfs/home/m.romanov/thesis/benchmarking/datasets/UOB/maybridge-0282-727479862.png,COC(=O)c1ccc(N2CCN(C(=O)OC(C)(C)C)CC2)cc1
/beegfs/home/m.romanov/thesis/benchmarking/datasets/UOB/maybridge-0282-791955982.png,COC(=O)c1cccc(OCCN2CCOCC2)c1
/beegfs/home/m.romanov/thesis/benchmarking/datasets/UOB/maybridge-0283-121279536.png,CCOC(=O)CC(=O)c1cccc([N+](=O)[O-])c1
/beegfs/home/m.romanov/thesis/benchmarking/datasets/UOB/maybridge-0283-277052317.png,CCOC(=O)/C=C/c1ccc(C(=N)N)cc1.Cl
/beegfs/home/m.romanov/thesis/benchmarking/datasets/UOB/maybridge-0283-511812221.png,COC(=O)CCc1ccccc1O
/beegfs/home/m.romanov/thesis/benchmarking/datasets/UOB/maybridge-0283-54300066.png,CCOC(=O)CCC(=O)OC(C(=O)c1ccccc1)c1ccccc1
/beegfs/home/m.romanov/thesis/benchmarking/datasets/UOB/maybridge-0283-549512937.png,CCOC(=O)CC(=O)c1cc(C(F)(F)F)cc(C(F)(F)F)c1
/beegfs/home/m.romanov/thesis/benchmarking/datasets/UOB/maybridge-0283-601597930.png,CCOC(=O)/C=C/c1ccc(OC)c(OC)c1
/beegfs/home/m.romanov/thesis/benchmarking/datasets/UOB/maybridge-0283-624576603.png,CCOC(=O)/C=C(\C)Nc1ccccc1
/beegfs/home/m.romanov/thesis/benchmarking/datasets/UOB/maybridge-0283-6605243.png,CCOC(=O)CNc1ccc(I)cc1
/beegfs/home/m.romanov/thesis/benchmarking/datasets/UOB/maybridge-0283-903956596.png,CCOC(=O)CSc1ccc(Cl)cc1
/beegfs/home/m.romanov/thesis/benchmarking/datasets/UOB/maybridge-0283-919413756.png,CCOC(=O)C(=O)c1ccc(Cl)c(Cl)c1
/beegfs/home/m.romanov/thesis/benchmarking/datasets/UOB/maybridge-0283-948131376.png,CCOC(=O)CCc1ccc(O)cc1
/beegfs/home/m.romanov/thesis/benchmarking/datasets/UOB/maybridge-0284-1026693451.png,COC(=O)c1cccnc1N
/beegfs/home/m.romanov/thesis/benchmarking/datasets/UOB/maybridge-0284-334026676.png,CCOC(=O)c1cccnc1Cl
/beegfs/home/m.romanov/thesis/benchmarking/datasets/UOB/maybridge-0284-375063235.png,CCN(CC)c1ccc(C(=O)OC)cn1
/beegfs/home/m.romanov/thesis/benchmarking/datasets/UOB/maybridge-0284-431696166.png,COC(=O)c1ccc(-c2ccccc2)nc1
/beegfs/home/m.romanov/thesis/benchmarking/datasets/UOB/maybridge-0284-462577237.png,CCOC(=O)c1c(O)cc(C)nc1O
/beegfs/home/m.romanov/thesis/benchmarking/datasets/UOB/maybridge-0284-525989349.png,COC(=O)c1ccc(=N)[nH]c1
/beegfs/home/m.romanov/thesis/benchmarking/datasets/UOB/maybridge-0284-57823781.png,COC(=O)c1cnccc1C(F)(F)F
/beegfs/home/m.romanov/thesis/benchmarking/datasets/UOB/maybridge-0284-610371724.png,COC(=O)c1cccc(C(=O)OC)n1
/beegfs/home/m.romanov/thesis/benchmarking/datasets/UOB/maybridge-0284-722865632.png,COC(=O)c1ccc(N2CCCC2)nc1
/beegfs/home/m.romanov/thesis/benchmarking/datasets/UOB/maybridge-0284-837708938.png,COC(=O)c1ccc(C(=O)O)nc1
/beegfs/home/m.romanov/thesis/benchmarking/datasets/UOB/maybridge-0284-845611576.png,COC(=O)c1cc(Cl)nc(Cl)c1
/beegfs/home/m.romanov/thesis/benchmarking/datasets/UOB/maybridge-0284-983154923.png,COC(=O)c1cncc(Br)c1
/beegfs/home/m.romanov/thesis/benchmarking/datasets/UOB/maybridge-0285-144922246.png,CCOC(=O)c1ccncc1S(=O)(=O)Cl
/beegfs/home/m.romanov/thesis/benchmarking/datasets/UOB/maybridge-0285-178868001.png,CCOC(=O)c1c[nH]c(=N)nc1C
/beegfs/home/m.romanov/thesis/benchmarking/datasets/UOB/maybridge-0285-371412620.png,COC(=O)c1ccc(N2CCCCC2)nc1
/beegfs/home/m.romanov/thesis/benchmarking/datasets/UOB/maybridge-0285-480777886.png,COC(=O)c1ccnc(N2CCSCC2)c1
/beegfs/home/m.romanov/thesis/benchmarking/datasets/UOB/maybridge-0285-549589669.png,COC(=O)c1ccnc(N2CCCCC2)c1
/beegfs/home/m.romanov/thesis/benchmarking/datasets/UOB/maybridge-0285-561292758.png,CCOC(=O)c1c(Cl)cc(C)nc1Cl
/beegfs/home/m.romanov/thesis/benchmarking/datasets/UOB/maybridge-0285-626800003.png,COC(=O)c1ccc(N2CCOCC2)nc1
/beegfs/home/m.romanov/thesis/benchmarking/datasets/UOB/maybridge-0285-692682308.png,CCOC(=O)c1cc(C)nc(Cl)c1C#N
/beegfs/home/m.romanov/thesis/benchmarking/datasets/UOB/maybridge-0285-718472023.png,COC(=O)c1cc(F)c(Cl)nc1Cl
/beegfs/home/m.romanov/thesis/benchmarking/datasets/UOB/maybridge-0285-834125071.png,COC(=O)c1cc(C#N)c(S)nc1C(OC)OC
/beegfs/home/m.romanov/thesis/benchmarking/datasets/UOB/maybridge-0285-955770715.png,COC(=O)c1cnc(Cl)nc1
/beegfs/home/m.romanov/thesis/benchmarking/datasets/UOB/maybridge-0285-969188536.png,COC(=O)c1ccc(-c2cccs2)nc1
/beegfs/home/m.romanov/thesis/benchmarking/datasets/UOB/maybridge-0286-221890433.png,CCOC(=O)c1cnc(S)[nH]c1=N
/beegfs/home/m.romanov/thesis/benchmarking/datasets/UOB/maybridge-0286-396184805.png,COC(=O)c1cc(C)nc(Cl)n1
/beegfs/home/m.romanov/thesis/benchmarking/datasets/UOB/maybridge-0286-437950545.png,O=C(OCc1ccc(Cl)cc1)c1cnc(Cl)nc1C(F)(F)F
/beegfs/home/m.romanov/thesis/benchmarking/datasets/UOB/maybridge-0286-449502106.png,CCOC(=O)c1c(C)nc(O)nc1S
/beegfs/home/m.romanov/thesis/benchmarking/datasets/UOB/maybridge-0286-659091978.png,CCOC(=O)C1CCN(Cc2ccccc2)CC1
/beegfs/home/m.romanov/thesis/benchmarking/datasets/UOB/maybridge-0286-665852227.png,CCOC(=O)c1cnc(C(F)(F)F)nc1Cl
/beegfs/home/m.romanov/thesis/benchmarking/datasets/UOB/maybridge-0286-753107967.png,COC(=O)c1cnc(SC)nc1
/beegfs/home/m.romanov/thesis/benchmarking/datasets/UOB/maybridge-0286-902425098.png,COC(=O)c1cnc(Cl)nc1C(F)(F)F
/beegfs/home/m.romanov/thesis/benchmarking/datasets/UOB/maybridge-0286-915420856.png,CCOC(=O)C1CCNCC1
/beegfs/home/m.romanov/thesis/benchmarking/datasets/UOB/maybridge-0286-996425330.png,CCOC(=O)c1cnc(O)nc1C(F)(F)F
/beegfs/home/m.romanov/thesis/benchmarking/datasets/UOB/maybridge-0287-1037567705.png,CCOC(=O)C1CN(C)CCN1C
/beegfs/home/m.romanov/thesis/benchmarking/datasets/UOB/maybridge-0287-430875485.png,CCOC(=O)C1CCN(Cc2cccc(N)c2)CC1
/beegfs/home/m.romanov/thesis/benchmarking/datasets/UOB/maybridge-0287-53318640.png,CCOC(=O)C1CCN(c2ccc(C#N)cc2)CC1
/beegfs/home/m.romanov/thesis/benchmarking/datasets/UOB/maybridge-0287-706496515.png,CCOC(=O)C1CCN(c2cncc(C)n2)CC1
/beegfs/home/m.romanov/thesis/benchmarking/datasets/UOB/maybridge-0287-71871197.png,CCOC(=O)C1CN(Cc2ccccc2)CCN1Cc1ccccc1
/beegfs/home/m.romanov/thesis/benchmarking/datasets/UOB/maybridge-0287-72309005.png,CCOC(=O)C1CCN(c2cc(C#N)ccn2)CC1
/beegfs/home/m.romanov/thesis/benchmarking/datasets/UOB/maybridge-0287-769171167.png,CCOC(=O)CC1NCCN=C1O
/beegfs/home/m.romanov/thesis/benchmarking/datasets/UOB/maybridge-0287-896214162.png,CCOC(=O)C1CCN(c2nccc(C(F)(F)F)n2)CC1
/beegfs/home/m.romanov/thesis/benchmarking/datasets/UOB/maybridge-0288-1479989.png,CCOC(=O)C1CSCCN1
/beegfs/home/m.romanov/thesis/benchmarking/datasets/UOB/maybridge-0288-171264340.png,O=C1COC(=O)CO1
/beegfs/home/m.romanov/thesis/benchmarking/datasets/UOB/maybridge-0288-21078371.png,COC(=O)c1cc2occc2[nH]1
/beegfs/home/m.romanov/thesis/benchmarking/datasets/UOB/maybridge-0288-235701847.png,COC(=O)c1cc2ccsc2[nH]1
/beegfs/home/m.romanov/thesis/benchmarking/datasets/UOB/maybridge-0288-277590166.png,COC(=O)c1cc2occc2n1C
/beegfs/home/m.romanov/thesis/benchmarking/datasets/UOB/maybridge-0288-346700671.png,CCOC(=O)c1cn2ccsc2n1
/beegfs/home/m.romanov/thesis/benchmarking/datasets/UOB/maybridge-0288-488927296.png,COC(=O)c1cc2oc(C=O)cc2n1C
/beegfs/home/m.romanov/thesis/benchmarking/datasets/UOB/maybridge-0288-861873570.png,CCOC(=O)CCN1CCN(CCc2ccccc2)CC1
/beegfs/home/m.romanov/thesis/benchmarking/datasets/UOB/maybridge-0288-911678634.png,COC(=O)c1cc2ccccc2[nH]1
/beegfs/home/m.romanov/thesis/benchmarking/datasets/UOB/maybridge-0288-958898410.png,COC(=O)c1c[nH]c2ccccc12
/beegfs/home/m.romanov/thesis/benchmarking/datasets/UOB/maybridge-0289-1026493180.png,CCOC(=O)c1cc2cc(OCc3ccccc3)ccc2[nH]1
/beegfs/home/m.romanov/thesis/benchmarking/datasets/UOB/maybridge-0289-1039394463.png,CCOC(=O)c1cc2cc(OC(F)(F)F)ccc2[nH]1
/beegfs/home/m.romanov/thesis/benchmarking/datasets/UOB/maybridge-0289-121089624.png,COC(=O)c1cc2ccccc2n1C(=O)OC(C)(C)C
/beegfs/home/m.romanov/thesis/benchmarking/datasets/UOB/maybridge-0289-228275392.png,COC(=O)c1cccc2cc[nH]c12
/beegfs/home/m.romanov/thesis/benchmarking/datasets/UOB/maybridge-0289-346002775.png,COC(=O)c1ccc2c(I)cn(C(=O)OC(C)(C)C)c2c1
/beegfs/home/m.romanov/thesis/benchmarking/datasets/UOB/maybridge-0289-347788160.png,CCOC(=O)CSc1c(C)[nH]c2ccccc12
/beegfs/home/m.romanov/thesis/benchmarking/datasets/UOB/maybridge-0289-455398809.png,COC(=O)c1ccc2c(C=O)cn(C(=O)OC(C)(C)C)c2c1
/beegfs/home/m.romanov/thesis/benchmarking/datasets/UOB/maybridge-0289-555751293.png,COC(=O)c1ccc2c(I)c[nH]c2c1
/beegfs/home/m.romanov/thesis/benchmarking/datasets/UOB/maybridge-0289-570083015.png,CCOC(=O)c1[nH]c2cc(Cl)cc(Cl)c2c1C=O
/beegfs/home/m.romanov/thesis/benchmarking/datasets/UOB/maybridge-0289-769132983.png,COC(=O)C(C)(N)Cc1c[nH]c2ccccc12
/beegfs/home/m.romanov/thesis/benchmarking/datasets/UOB/maybridge-0290-267308484.png,COC(=O)C1Cc2ccccc2N1
/beegfs/home/m.romanov/thesis/benchmarking/datasets/UOB/maybridge-0290-274608720.png,CCOC(=O)c1cnc2c(c(C)nn2C)c1Cl
/beegfs/home/m.romanov/thesis/benchmarking/datasets/UOB/maybridge-0290-36669768.png,CCOC(=O)c1cnn2ccccc12
/beegfs/home/m.romanov/thesis/benchmarking/datasets/UOB/maybridge-0290-645612844.png,CCOC(=O)c1ccc2c(c1)nnn2C
/beegfs/home/m.romanov/thesis/benchmarking/datasets/UOB/maybridge-0290-712646087.png,COC(=O)c1ccc2nc[nH]c2c1
/beegfs/home/m.romanov/thesis/benchmarking/datasets/UOB/maybridge-0290-73315657.png,CC(C)(C)OC(=O)c1[nH]nc2nc(F)ccc12
/beegfs/home/m.romanov/thesis/benchmarking/datasets/UOB/maybridge-0290-736224738.png,CCOC(=O)c1cn2ccccc2n1
/beegfs/home/m.romanov/thesis/benchmarking/datasets/UOB/maybridge-0290-771147427.png,COC(=O)c1nn2ccccc2c1C(=O)OC
/beegfs/home/m.romanov/thesis/benchmarking/datasets/UOB/maybridge-0290-771781688.png,CCOC(=O)c1c2ccccc2nn1C
/beegfs/home/m.romanov/thesis/benchmarking/datasets/UOB/maybridge-0290-836848064.png,CCOC(=O)c1cn2nc(Cl)ccc2n1
/beegfs/home/m.romanov/thesis/benchmarking/datasets/UOB/maybridge-0290-937099832.png,CCOC(=O)c1nn(C)c2ccccc12
/beegfs/home/m.romanov/thesis/benchmarking/datasets/UOB/maybridge-0291-142433127.png,CCOC(=O)c1cn2c(n1)CNCC2.Cl.Cl
/beegfs/home/m.romanov/thesis/benchmarking/datasets/UOB/maybridge-0291-153978989.png,COC(=O)Cc1csc2ccc(Cl)cc12
/beegfs/home/m.romanov/thesis/benchmarking/datasets/UOB/maybridge-0291-328711918.png,CCOC(=O)Cc1coc2ccccc12
/beegfs/home/m.romanov/thesis/benchmarking/datasets/UOB/maybridge-0291-405637823.png,COC(=O)C1Cc2ccccc2N1C(=O)OC(C)(C)C
/beegfs/home/m.romanov/thesis/benchmarking/datasets/UOB/maybridge-0291-433661044.png,COC(=O)c1sc2ccccc2c1O
/beegfs/home/m.romanov/thesis/benchmarking/datasets/UOB/maybridge-0291-707660840.png,CCOC(=O)c1cc2cc(Br)ccc2o1
/beegfs/home/m.romanov/thesis/benchmarking/datasets/UOB/maybridge-0291-741250896.png,COC(=O)c1cc2cc(N)ccc2s1
/beegfs/home/m.romanov/thesis/benchmarking/datasets/UOB/maybridge-0291-935692940.png,COC(=O)c1cc2cc(B3OC(C)(C)C(C)(C)O3)ccc2s1
/beegfs/home/m.romanov/thesis/benchmarking/datasets/UOB/maybridge-0291-938012881.png,CCOC(=O)c1c(N)sc2c1CCCC2
/beegfs/home/m.romanov/thesis/benchmarking/datasets/UOB/maybridge-0291-994055024.png,COC(=O)c1cc2cc(Br)ccc2s1
/beegfs/home/m.romanov/thesis/benchmarking/datasets/UOB/maybridge-0292-1051480854.png,CCOC(=O)c1sc2ncccc2c1N
/beegfs/home/m.romanov/thesis/benchmarking/datasets/UOB/maybridge-0292-1056537468.png,CCOC(=O)c1c(N)sc2c1CCN(C(=O)OC(C)(C)C)C2
/beegfs/home/m.romanov/thesis/benchmarking/datasets/UOB/maybridge-0292-184051753.png,CCOC(=O)C1CC2C=CC1CC2
/beegfs/home/m.romanov/thesis/benchmarking/datasets/UOB/maybridge-0292-23696516.png,CCOC(=O)c1c(N=C=S)sc2c1CCCC2
/beegfs/home/m.romanov/thesis/benchmarking/datasets/UOB/maybridge-0292-362957015.png,CCOC(=O)c1c[nH]c2c(F)cccc2c1=O
/beegfs/home/m.romanov/thesis/benchmarking/datasets/UOB/maybridge-0292-368527037.png,CCOC(=O)c1cc(C)nc2ccc(Br)cc12
/beegfs/home/m.romanov/thesis/benchmarking/datasets/UOB/maybridge-0292-576067551.png,CCOC(=O)c1c[nH]c2ccc(OC(F)(F)F)cc2c1=O
/beegfs/home/m.romanov/thesis/benchmarking/datasets/UOB/maybridge-0292-74675516.png,CCOC(=O)c1cc2cccnc2s1
/beegfs/home/m.romanov/thesis/benchmarking/datasets/UOB/maybridge-0292-771774152.png,CCOC(=O)c1c(N)sc2c1CCCCC2
/beegfs/home/m.romanov/thesis/benchmarking/datasets/UOB/maybridge-0292-838779022.png,CCOC(=O)C12CCC(C(=O)OCC)(CC1=O)C(=O)C2
/beegfs/home/m.romanov/thesis/benchmarking/datasets/UOB/maybridge-0293-219714313.png,COC(=O)c1cc2ccccc2cn1
/beegfs/home/m.romanov/thesis/benchmarking/datasets/UOB/maybridge-0293-226922197.png,COC(=O)C1CCc2ccccc2N1.Cl
/beegfs/home/m.romanov/thesis/benchmarking/datasets/UOB/maybridge-0293-578982451.png,COC(=O)c1ccc2ncccc2c1
/beegfs/home/m.romanov/thesis/benchmarking/datasets/UOB/maybridge-0293-610549818.png,CCOC(=O)c1nnn2c3ccccc3c(=O)n(C)c12
/beegfs/home/m.romanov/thesis/benchmarking/datasets/UOB/maybridge-0293-715460539.png,COC(=O)c1cccc2c1-c1ccccc1C2=O
/beegfs/home/m.romanov/thesis/benchmarking/datasets/UOB/maybridge-0293-733482770.png,CCOC(=O)c1c(SC)nc2ccc(Cl)cc2c1Cl
/beegfs/home/m.romanov/thesis/benchmarking/datasets/UOB/maybridge-0293-830972483.png,CCOC(=O)c1cn2c(n1)sc1ccccc12
/beegfs/home/m.romanov/thesis/benchmarking/datasets/UOB/maybridge-0293-931935097.png,CCOC(=O)C1=C(N)Oc2ccc(Br)cc2C1C(C#N)C(=O)OCC
/beegfs/home/m.romanov/thesis/benchmarking/datasets/UOB/maybridge-0293-97692248.png,CCOC(=O)c1cc(=O)c2ccc(O)cc2o1
/beegfs/home/m.romanov/thesis/benchmarking/datasets/UOB/maybridge-0293-98886600.png,COC(=O)c1ccc2nccnc2c1
/beegfs/home/m.romanov/thesis/benchmarking/datasets/UOB/maybridge-0294-270987928.png,CCOC(=O)C(OCC)OCC
/beegfs/home/m.romanov/thesis/benchmarking/datasets/UOB/maybridge-0294-331308653.png,CCOC(=O)C(C)(C)CCl
/beegfs/home/m.romanov/thesis/benchmarking/datasets/UOB/maybridge-0294-407184519.png,C#CC(=O)OC
/beegfs/home/m.romanov/thesis/benchmarking/datasets/UOB/maybridge-0294-49635801.png,CCOC(=O)c1nnn2c1nc(S)c1ccccc12
/beegfs/home/m.romanov/thesis/benchmarking/datasets/UOB/maybridge-0294-658509693.png,CCOC(=O)/C=C(\N)C(F)(F)F
/beegfs/home/m.romanov/thesis/benchmarking/datasets/UOB/maybridge-0294-725775866.png,CCOC(=O)CCN.Cl
/beegfs/home/m.romanov/thesis/benchmarking/datasets/UOB/maybridge-0294-738219238.png,COC(=O)CC(=O)C(F)(F)F
/beegfs/home/m.romanov/thesis/benchmarking/datasets/UOB/maybridge-0294-778350089.png,COC(=O)c1cc2c(s1)-c1cc(Cl)ccc1SC2
/beegfs/home/m.romanov/thesis/benchmarking/datasets/UOB/maybridge-0294-882868314.png,C#CC(=O)OCC
/beegfs/home/m.romanov/thesis/benchmarking/datasets/UOB/maybridge-0294-888861586.png,COC(=O)CCC(C)C1CCC2C3C(O)CC4CC(O)CCC4(C)C3CC(O)C12C
/beegfs/home/m.romanov/thesis/benchmarking/datasets/UOB/maybridge-0295-138997383.png,COC(=O)CSCCC(=N)S
/beegfs/home/m.romanov/thesis/benchmarking/datasets/UOB/maybridge-0295-149991118.png,CCOC(=O)C(Br)CCC(Br)C(=O)OCC
/beegfs/home/m.romanov/thesis/benchmarking/datasets/UOB/maybridge-0295-152189942.png,CCOC(=O)C(=O)CBr
/beegfs/home/m.romanov/thesis/benchmarking/datasets/UOB/maybridge-0295-353336781.png,CC(C)(C)OC(=O)CCC(Cl)(Cl)Cl
/beegfs/home/m.romanov/thesis/benchmarking/datasets/UOB/maybridge-0295-359703579.png,CCOC(=O)C(=O)CC(=O)C(C)(C)C
/beegfs/home/m.romanov/thesis/benchmarking/datasets/UOB/maybridge-0295-462885159.png,C=CCC(CC=C)(C(=O)OCC)C(=O)OCC
/beegfs/home/m.romanov/thesis/benchmarking/datasets/UOB/maybridge-0295-694667752.png,CCOC(=O)C(CCC(=O)O)(CCC(=O)O)C(C)=O
/beegfs/home/m.romanov/thesis/benchmarking/datasets/UOB/maybridge-0295-771899402.png,CCO/C=C(\C(=O)OCC)C(=O)C(F)(F)F
/beegfs/home/m.romanov/thesis/benchmarking/datasets/UOB/maybridge-0295-801847198.png,CCOC(=O)/C(=C/N(C)C)C(C)=O
/beegfs/home/m.romanov/thesis/benchmarking/datasets/UOB/maybridge-0295-876732046.png,CC(C)OC(=O)C(C)(C)Br
/beegfs/home/m.romanov/thesis/benchmarking/datasets/UOB/maybridge-0295-886189132.png,COC(=O)C(C#N)=C(SC)SC
/beegfs/home/m.romanov/thesis/benchmarking/datasets/UOB/maybridge-0295-901289932.png,COC(=O)C(Cl)C(=O)C(C)(C)C
/beegfs/home/m.romanov/thesis/benchmarking/datasets/UOB/maybridge-0296-237589143.png,CN1CCN(C(=N)N)CC1.I
/beegfs/home/m.romanov/thesis/benchmarking/datasets/UOB/maybridge-0296-283320636.png,I.N=C(N)N1CCC(Cc2ccccc2)CC1
/beegfs/home/m.romanov/thesis/benchmarking/datasets/UOB/maybridge-0296-297816795.png,I.N=C(N)N1CCC(N2CCCCC2)CC1
/beegfs/home/m.romanov/thesis/benchmarking/datasets/UOB/maybridge-0296-313496048.png,N=C(N)NC(Cc1ccccc1)C(=O)O
/beegfs/home/m.romanov/thesis/benchmarking/datasets/UOB/maybridge-0296-459523932.png,CC(=O)N1CCN(C(=N)N)CC1.I
/beegfs/home/m.romanov/thesis/benchmarking/datasets/UOB/maybridge-0296-688215580.png,I.N=C(N)N1CCCC1
/beegfs/home/m.romanov/thesis/benchmarking/datasets/UOB/maybridge-0296-752625315.png,Cc1nc(NC(=N)N)sc1Br
/beegfs/home/m.romanov/thesis/benchmarking/datasets/UOB/maybridge-0296-958346666.png,Br.N=C(N)N1CCCCC1
/beegfs/home/m.romanov/thesis/benchmarking/datasets/UOB/maybridge-0297-1037202353.png,CN(C)CCN1CCN(C(=N)N)CC1.I
/beegfs/home/m.romanov/thesis/benchmarking/datasets/UOB/maybridge-0297-175702390.png,I.N=C(N)N1CCN(Cc2ccccc2)CC1
/beegfs/home/m.romanov/thesis/benchmarking/datasets/UOB/maybridge-0297-419725395.png,I.N=C(N)N1CCN(C2CCCCC2)CC1
/beegfs/home/m.romanov/thesis/benchmarking/datasets/UOB/maybridge-0297-559588353.png,I.N=C(N)N1CCN(c2ccccc2Cl)CC1
/beegfs/home/m.romanov/thesis/benchmarking/datasets/UOB/maybridge-0297-620571384.png,COc1cc2c(cc1OC)CN(C(=N)N)CC2.I
/beegfs/home/m.romanov/thesis/benchmarking/datasets/UOB/maybridge-0297-655037049.png,CN(C)CCN(C)C(=N)N.I
/beegfs/home/m.romanov/thesis/benchmarking/datasets/UOB/maybridge-0297-929987061.png,I.N=C(N)N1CCN(c2ccccn2)CC1
/beegfs/home/m.romanov/thesis/benchmarking/datasets/UOB/maybridge-0298-351682993.png,Cc1cc(CCl)nn1C
/beegfs/home/m.romanov/thesis/benchmarking/datasets/UOB/maybridge-0298-392172369.png,Cn1nc(-c2ccccc2)cc1CCl
/beegfs/home/m.romanov/thesis/benchmarking/datasets/UOB/maybridge-0298-435257593.png,BrCC1CC1
/beegfs/home/m.romanov/thesis/benchmarking/datasets/UOB/maybridge-0298-529600131.png,Cc1cc(CCl)n(C)n1
/beegfs/home/m.romanov/thesis/benchmarking/datasets/UOB/maybridge-0298-670523004.png,OC(CCl)=NC1CC1
/beegfs/home/m.romanov/thesis/benchmarking/datasets/UOB/maybridge-0298-689690158.png,Cn1ccc(CCl)n1
/beegfs/home/m.romanov/thesis/benchmarking/datasets/UOB/maybridge-0298-759624885.png,Cn1nc(CCl)cc1-c1ccccc1
/beegfs/home/m.romanov/thesis/benchmarking/datasets/UOB/maybridge-0298-762896362.png,CC1(CCl)CO1
/beegfs/home/m.romanov/thesis/benchmarking/datasets/UOB/maybridge-0298-766008055.png,Cn1nc(CCl)cc1-c1ccco1
/beegfs/home/m.romanov/thesis/benchmarking/datasets/UOB/maybridge-0298-784345584.png,ClCC1CS1
/beegfs/home/m.romanov/thesis/benchmarking/datasets/UOB/maybridge-0299-1048498516.png,COC(=O)c1ccc(CCl)o1
/beegfs/home/m.romanov/thesis/benchmarking/datasets/UOB/maybridge-0299-1062386196.png,FC(F)(F)c1ccc(CBr)o1
/beegfs/home/m.romanov/thesis/benchmarking/datasets/UOB/maybridge-0299-126507809.png,Cc1nn(-c2ccccc2)nc1CBr
/beegfs/home/m.romanov/thesis/benchmarking/datasets/UOB/maybridge-0299-291012819.png,Cn1nc(CCl)cc1-c1cccs1
/beegfs/home/m.romanov/thesis/benchmarking/datasets/UOB/maybridge-0299-355443774.png,CC1NC([N+](=O)[O-])C(Br)N1CC(=O)c1ccc(Cl)cc1
/beegfs/home/m.romanov/thesis/benchmarking/datasets/UOB/maybridge-0299-36751059.png,Cc1n[nH]c(C)c1CCBr
/beegfs/home/m.romanov/thesis/benchmarking/datasets/UOB/maybridge-0299-43690552.png,Cn1nc(-c2cccs2)cc1CCl
/beegfs/home/m.romanov/thesis/benchmarking/datasets/UOB/maybridge-0299-593427029.png,BrCC1CCCO1
/beegfs/home/m.romanov/thesis/benchmarking/datasets/UOB/maybridge-0299-726103590.png,Cl.Cn1ccnc1CCl
/beegfs/home/m.romanov/thesis/benchmarking/datasets/UOB/maybridge-0299-834616506.png,ClCc1nccn1Cc1ccccc1
/beegfs/home/m.romanov/thesis/benchmarking/datasets/UOB/maybridge-0300-1051015317.png,Cc1cc(CBr)no1
/beegfs/home/m.romanov/thesis/benchmarking/datasets/UOB/maybridge-0300-139653742.png,Cc1csc(N=C(O)CCl)c1C#N
/beegfs/home/m.romanov/thesis/benchmarking/datasets/UOB/maybridge-0300-242186090.png,ClCc1cc(-c2ccccc2)on1
/beegfs/home/m.romanov/thesis/benchmarking/datasets/UOB/maybridge-0300-389113696.png,Cc1onc(-c2ccccc2)c1CBr
/beegfs/home/m.romanov/thesis/benchmarking/datasets/UOB/maybridge-0300-428806310.png,COC(=O)c1sccc1N=C(O)CBr
/beegfs/home/m.romanov/thesis/benchmarking/datasets/UOB/maybridge-0300-613734317.png,ClCc1cc(-c2ccco2)on1
/beegfs/home/m.romanov/thesis/benchmarking/datasets/UOB/maybridge-0300-629022446.png,ClCc1cc(-c2cccs2)on1
/beegfs/home/m.romanov/thesis/benchmarking/datasets/UOB/maybridge-0300-69173646.png,CC1(C)OCC(CCl)O1
/beegfs/home/m.romanov/thesis/benchmarking/datasets/UOB/maybridge-0300-865407956.png,Cc1cc(CCl)no1
/beegfs/home/m.romanov/thesis/benchmarking/datasets/UOB/maybridge-0300-865666398.png,Cc1noc(-c2ccccc2)c1CBr
/beegfs/home/m.romanov/thesis/benchmarking/datasets/UOB/maybridge-0301-285514635.png,ClCc1noc(-c2ccccc2)n1
/beegfs/home/m.romanov/thesis/benchmarking/datasets/UOB/maybridge-0301-296318620.png,ClCc1noc(-c2ccsc2)n1
/beegfs/home/m.romanov/thesis/benchmarking/datasets/UOB/maybridge-0301-300272143.png,ClCc1ncon1
/beegfs/home/m.romanov/thesis/benchmarking/datasets/UOB/maybridge-0301-331989094.png,COC(=O)c1coc(CCl)n1
/beegfs/home/m.romanov/thesis/benchmarking/datasets/UOB/maybridge-0301-399344871.png,BrCc1ncoc1-c1ccccc1
/beegfs/home/m.romanov/thesis/benchmarking/datasets/UOB/maybridge-0301-403488675.png,Cc1nc(CCl)c(C)o1
/beegfs/home/m.romanov/thesis/benchmarking/datasets/UOB/maybridge-0301-48592159.png,ClCc1noc(-c2cccs2)n1
/beegfs/home/m.romanov/thesis/benchmarking/datasets/UOB/maybridge-0301-555343475.png,CC(C)(C)c1nc(CCl)no1
/beegfs/home/m.romanov/thesis/benchmarking/datasets/UOB/maybridge-0301-654135267.png,Cc1oc(-c2ccccc2)nc1CCl
/beegfs/home/m.romanov/thesis/benchmarking/datasets/UOB/maybridge-0301-687196391.png,ClCc1nc(-c2ccccc2)no1
/beegfs/home/m.romanov/thesis/benchmarking/datasets/UOB/maybridge-0302-128227640.png,Cc1ccc(OCc2noc(CCl)n2)cc1
/beegfs/home/m.romanov/thesis/benchmarking/datasets/UOB/maybridge-0302-171611318.png,ClCc1nc(-c2ccc(Cl)cc2)no1
/beegfs/home/m.romanov/thesis/benchmarking/datasets/UOB/maybridge-0302-22695831.png,COc1ccc(-c2noc(CCl)n2)cc1
/beegfs/home/m.romanov/thesis/benchmarking/datasets/UOB/maybridge-0302-371017460.png,COc1ccccc1-c1nc(CCl)no1
/beegfs/home/m.romanov/thesis/benchmarking/datasets/UOB/maybridge-0302-50494486.png,Cc1noc(C)c1-c1nc(CCl)no1
/beegfs/home/m.romanov/thesis/benchmarking/datasets/UOB/maybridge-0302-571118965.png,CC(C)(C)c1ccc(-c2noc(CCl)n2)cc1
/beegfs/home/m.romanov/thesis/benchmarking/datasets/UOB/maybridge-0302-675374791.png,COc1ccc(-c2nc(CCl)no2)cc1
/beegfs/home/m.romanov/thesis/benchmarking/datasets/UOB/maybridge-0302-717938167.png,CSc1ncccc1-c1nc(CCl)no1
/beegfs/home/m.romanov/thesis/benchmarking/datasets/UOB/maybridge-0302-741155109.png,ClCc1nc(-c2cccs2)no1
/beegfs/home/m.romanov/thesis/benchmarking/datasets/UOB/maybridge-0303-103110987.png,FC(F)(F)c1cccc(-c2nc(CCl)no2)c1
/beegfs/home/m.romanov/thesis/benchmarking/datasets/UOB/maybridge-0303-222365833.png,Cc1nc(CCl)cs1
/beegfs/home/m.romanov/thesis/benchmarking/datasets/UOB/maybridge-0303-379693101.png,ClCc1csc(-c2ccccc2)n1
/beegfs/home/m.romanov/thesis/benchmarking/datasets/UOB/maybridge-0303-380702242.png,FC(F)(F)c1ccc(-c2nc(CCl)no2)cc1
/beegfs/home/m.romanov/thesis/benchmarking/datasets/UOB/maybridge-0303-41099918.png,Cc1nc(-c2ccccc2)sc1CBr
/beegfs/home/m.romanov/thesis/benchmarking/datasets/UOB/maybridge-0303-587127308.png,ClCc1csc(-c2ccc(Cl)cc2)n1
/beegfs/home/m.romanov/thesis/benchmarking/datasets/UOB/maybridge-0303-673874272.png,Cc1nc(CCl)cs1
/beegfs/home/m.romanov/thesis/benchmarking/datasets/UOB/maybridge-0303-749402887.png,ClCc1csc(-c2cccs2)n1
/beegfs/home/m.romanov/thesis/benchmarking/datasets/UOB/maybridge-0303-830907923.png,ClCc1nc(-c2ccc(OCc3ccc(Cl)cc3)cc2)no1
/beegfs/home/m.romanov/thesis/benchmarking/datasets/UOB/maybridge-0303-832638425.png,Cc1ccc(-c2nnc(CCl)o2)cc1
/beegfs/home/m.romanov/thesis/benchmarking/datasets/UOB/maybridge-0304-103315995.png,Cl.ClCc1csc(-c2cccc(Cl)c2)n1
/beegfs/home/m.romanov/thesis/benchmarking/datasets/UOB/maybridge-0304-178102043.png,ClCc1nsc(Cl)n1
/beegfs/home/m.romanov/thesis/benchmarking/datasets/UOB/maybridge-0304-214147254.png,O=Cc1cccc(CBr)c1
/beegfs/home/m.romanov/thesis/benchmarking/datasets/UOB/maybridge-0304-256490520.png,ClCc1cc(Cl)cc(Cl)c1
/beegfs/home/m.romanov/thesis/benchmarking/datasets/UOB/maybridge-0304-339242097.png,CCCCCc1ccc(-c2nc(CCl)cs2)cc1
/beegfs/home/m.romanov/thesis/benchmarking/datasets/UOB/maybridge-0304-539564605.png,BrCc1sc(-c2ccccc2)nc1-c1ccccc1
/beegfs/home/m.romanov/thesis/benchmarking/datasets/UOB/maybridge-0304-569964923.png,FC(F)(F)c1ccc(-c2nc(CCl)cs2)cc1
/beegfs/home/m.romanov/thesis/benchmarking/datasets/UOB/maybridge-0304-593143973.png,COc1ccc(C(C)=O)cc1CCl
/beegfs/home/m.romanov/thesis/benchmarking/datasets/UOB/maybridge-0304-66170511.png,O=C=Nc1ccc(CCl)cc1
/beegfs/home/m.romanov/thesis/benchmarking/datasets/UOB/maybridge-0304-799391067.png,N=C(O)c1cccc(CCl)c1
/beegfs/home/m.romanov/thesis/benchmarking/datasets/UOB/maybridge-0304-839853074.png,Cc1nc(-c2ccc(C(F)(F)F)cc2)sc1CBr
/beegfs/home/m.romanov/thesis/benchmarking/datasets/UOB/maybridge-0305-161739639.png,FC(F)(F)Oc1ccc(CCl)cc1
/beegfs/home/m.romanov/thesis/benchmarking/datasets/UOB/maybridge-0305-186801470.png,BrCc1cccc(-n2cccc2)c1
/beegfs/home/m.romanov/thesis/benchmarking/datasets/UOB/maybridge-0305-200204355.png,BrCc1ccc(-n2cccc2)cc1
/beegfs/home/m.romanov/thesis/benchmarking/datasets/UOB/maybridge-0305-22765373.png,Cc1nc(-c2cccc(CBr)c2)no1
/beegfs/home/m.romanov/thesis/benchmarking/datasets/UOB/maybridge-0305-31934384.png,ClCc1ccccc1Cn1cncn1
/beegfs/home/m.romanov/thesis/benchmarking/datasets/UOB/maybridge-0305-325479863.png,Clc1ccc(CBr)cc1Cl
/beegfs/home/m.romanov/thesis/benchmarking/datasets/UOB/maybridge-0305-5506303.png,O=Cc1ccc(CBr)cc1
/beegfs/home/m.romanov/thesis/benchmarking/datasets/UOB/maybridge-0305-581638003.png,COC(=O)c1cccc(CBr)c1
/beegfs/home/m.romanov/thesis/benchmarking/datasets/UOB/maybridge-0305-746009062.png,Fc1cc(Cl)ccc1CBr
/beegfs/home/m.romanov/thesis/benchmarking/datasets/UOB/maybridge-0305-788088150.png,BrCc1ccc(-n2cccn2)cc1
/beegfs/home/m.romanov/thesis/benchmarking/datasets/UOB/maybridge-0305-85458324.png,ClCc1cccc(-c2nccs2)c1
/beegfs/home/m.romanov/thesis/benchmarking/datasets/UOB/maybridge-0305-905628691.png,Cc1cccc(CBr)c1F
/beegfs/home/m.romanov/thesis/benchmarking/datasets/UOB/maybridge-0306-1022979126.png,BrCc1ccc(-c2ccsc2)cc1
/beegfs/home/m.romanov/thesis/benchmarking/datasets/UOB/maybridge-0306-162974142.png,BrCc1ccc(-c2csnn2)cc1
/beegfs/home/m.romanov/thesis/benchmarking/datasets/UOB/maybridge-0306-410887467.png,BrCc1cccc(-c2ccsc2)c1
/beegfs/home/m.romanov/thesis/benchmarking/datasets/UOB/maybridge-0306-438094965.png,Cc1noc(-c2ccccc2CBr)n1
/beegfs/home/m.romanov/thesis/benchmarking/datasets/UOB/maybridge-0306-544913534.png,BrCc1ccccc1-c1cccs1
/beegfs/home/m.romanov/thesis/benchmarking/datasets/UOB/maybridge-0306-549457203.png,BrCc1cccc(-c2cccs2)c1
/beegfs/home/m.romanov/thesis/benchmarking/datasets/UOB/maybridge-0306-584397226.png,BrCc1ccc(-c2cccs2)cc1
/beegfs/home/m.romanov/thesis/benchmarking/datasets/UOB/maybridge-0306-651107882.png,Cc1nc(-c2ccc(CBr)cc2)no1
/beegfs/home/m.romanov/thesis/benchmarking/datasets/UOB/maybridge-0306-773189710.png,BrCc1cccc(Oc2ccccc2)c1
/beegfs/home/m.romanov/thesis/benchmarking/datasets/UOB/maybridge-0306-782392254.png,FC(F)(F)Oc1cccc(CBr)c1
/beegfs/home/m.romanov/thesis/benchmarking/datasets/UOB/maybridge-0306-941096562.png,Cc1noc(-c2ccc(CBr)cc2)n1
/beegfs/home/m.romanov/thesis/benchmarking/datasets/UOB/maybridge-0306-941324197.png,BrCc1ccccc1Oc1ccccc1
/beegfs/home/m.romanov/thesis/benchmarking/datasets/UOB/maybridge-0307-1029488312.png,CC1(C)COB(c2ccccc2CBr)OC1
/beegfs/home/m.romanov/thesis/benchmarking/datasets/UOB/maybridge-0307-106047000.png,OC(CCl)=Nc1ccc(F)c(Cl)c1
/beegfs/home/m.romanov/thesis/benchmarking/datasets/UOB/maybridge-0307-163839052.png,O/N=C(\CBr)c1ccccc1
/beegfs/home/m.romanov/thesis/benchmarking/datasets/UOB/maybridge-0307-20816728.png,BrCc1ccc(Oc2ccccc2)cc1
/beegfs/home/m.romanov/thesis/benchmarking/datasets/UOB/maybridge-0307-563342649.png,BrCc1ccccc1COc1ccccc1
/beegfs/home/m.romanov/thesis/benchmarking/datasets/UOB/maybridge-0307-670708042.png,Cc1nc(-c2ccc(CBr)cc2)cs1
/beegfs/home/m.romanov/thesis/benchmarking/datasets/UOB/maybridge-0307-769603519.png,Cc1nc(-c2cccc(CBr)c2)cs1
/beegfs/home/m.romanov/thesis/benchmarking/datasets/UOB/maybridge-0307-77455976.png,FC(F)(F)c1ccc(N2CCOCC2)c(CCl)c1
/beegfs/home/m.romanov/thesis/benchmarking/datasets/UOB/maybridge-0307-775746906.png,BrCc1cccc(COc2ccccc2)c1
/beegfs/home/m.romanov/thesis/benchmarking/datasets/UOB/maybridge-0307-936360040.png,BrCc1ccc(-n2cncn2)cc1
/beegfs/home/m.romanov/thesis/benchmarking/datasets/UOB/maybridge-0308-1060717192.png,O=C(CCl)N(c1ccccc1)C1CCCCC1
/beegfs/home/m.romanov/thesis/benchmarking/datasets/UOB/maybridge-0308-191083229.png,Cc1cncc(N2CCC(CCl)CC2)n1
/beegfs/home/m.romanov/thesis/benchmarking/datasets/UOB/maybridge-0308-217237235.png,OC(CBr)=Nc1ccccc1Cl
/beegfs/home/m.romanov/thesis/benchmarking/datasets/UOB/maybridge-0308-360208414.png,ClCc1cc(Cl)nc(Cl)c1
/beegfs/home/m.romanov/thesis/benchmarking/datasets/UOB/maybridge-0308-505619175.png,OC(CCl)=Nc1ccc(Cl)cc1Cl
/beegfs/home/m.romanov/thesis/benchmarking/datasets/UOB/maybridge-0308-526595466.png,[O:0]=[c:0]1[c:0]([CH2:0][Br:0])[cH:0][cH:0][cH:0][n:0]1[CH2:0][c:0]1[c:0]([F:0])[cH:0][cH:0][cH:0][c:0]1[Cl:0]
/beegfs/home/m.romanov/thesis/benchmarking/datasets/UOB/maybridge-0308-769086583.png,O=C(OCc1ccccc1)N1CCC(Br)CC1
/beegfs/home/m.romanov/thesis/benchmarking/datasets/UOB/maybridge-0308-85291145.png,N#CC1(CCl)CCCCC1
/beegfs/home/m.romanov/thesis/benchmarking/datasets/UOB/maybridge-0308-933375951.png,FC(F)(F)c1cnc(CCl)c(Cl)c1
/beegfs/home/m.romanov/thesis/benchmarking/datasets/UOB/maybridge-0308-933855962.png,O=S(=O)(CCCl)c1ccc(F)cc1
/beegfs/home/m.romanov/thesis/benchmarking/datasets/UOB/maybridge-0309-242145425.png,O=C(OCc1ccccc1)N1CCC(CBr)CC1
/beegfs/home/m.romanov/thesis/benchmarking/datasets/UOB/maybridge-0309-3033603.png,O=C(CCl)N1CCOCC1
/beegfs/home/m.romanov/thesis/benchmarking/datasets/UOB/maybridge-0309-310908111.png,O=C(CCl)N1CCN(c2ccccc2)CC1
/beegfs/home/m.romanov/thesis/benchmarking/datasets/UOB/maybridge-0309-346778027.png,ICC1CCOCC1
/beegfs/home/m.romanov/thesis/benchmarking/datasets/UOB/maybridge-0309-437011475.png,ClCC1CCCCO1
/beegfs/home/m.romanov/thesis/benchmarking/datasets/UOB/maybridge-0309-508058569.png,BrCC1CCOCC1
/beegfs/home/m.romanov/thesis/benchmarking/datasets/UOB/maybridge-0309-744557336.png,IC1CCOCC1
/beegfs/home/m.romanov/thesis/benchmarking/datasets/UOB/maybridge-0309-878962864.png,ClCC1CN(Cc2ccccc2)CCO1
/beegfs/home/m.romanov/thesis/benchmarking/datasets/UOB/maybridge-0309-928609272.png,IC1CCSCC1
/beegfs/home/m.romanov/thesis/benchmarking/datasets/UOB/maybridge-0309-982047472.png,O=Cc1cc(Br)ccc1OC1CC2CN(Cc3ccccc3)C1C2Br
/beegfs/home/m.romanov/thesis/benchmarking/datasets/UOB/maybridge-0310-117903895.png,Cc1ccc(S(=O)(=O)OCC2Cc3ccccc3O2)cc1
/beegfs/home/m.romanov/thesis/benchmarking/datasets/UOB/maybridge-0310-212100929.png,ClCc1cc2cc(Br)ccc2o1
/beegfs/home/m.romanov/thesis/benchmarking/datasets/UOB/maybridge-0310-229710870.png,O=S(=O)(c1ccccc1)n1c(CBr)cc2ccccc21
/beegfs/home/m.romanov/thesis/benchmarking/datasets/UOB/maybridge-0310-272635379.png,CC1(C)Cc2cccc(CCl)c2O1
/beegfs/home/m.romanov/thesis/benchmarking/datasets/UOB/maybridge-0310-278403176.png,ClCCc1ccc2c(c1)OCO2
/beegfs/home/m.romanov/thesis/benchmarking/datasets/UOB/maybridge-0310-404914364.png,Cc1ccc(S(=O)(=O)OCCc2coc3ccccc23)cc1
/beegfs/home/m.romanov/thesis/benchmarking/datasets/UOB/maybridge-0310-497486848.png,O=C1c2ccccc2C(=O)N1CCOCCCl
/beegfs/home/m.romanov/thesis/benchmarking/datasets/UOB/maybridge-0310-552344531.png,Cn1c(CBr)nc2ccccc21
/beegfs/home/m.romanov/thesis/benchmarking/datasets/UOB/maybridge-0310-581362414.png,Cn1nc(CCl)c2ccccc21
/beegfs/home/m.romanov/thesis/benchmarking/datasets/UOB/maybridge-0310-986658792.png,Cn1nnc2cc(CBr)ccc21
/beegfs/home/m.romanov/thesis/benchmarking/datasets/UOB/maybridge-0311-1020871188.png,BrCc1nc2ccccc2s1
/beegfs/home/m.romanov/thesis/benchmarking/datasets/UOB/maybridge-0311-398103911.png,BrCc1ccc2snnc2c1
/beegfs/home/m.romanov/thesis/benchmarking/datasets/UOB/maybridge-0311-406261909.png,ClCc1csc2ccc(Br)cc12
/beegfs/home/m.romanov/thesis/benchmarking/datasets/UOB/maybridge-0311-491181216.png,CC1(C)CCC(C)(C)c2cc(CBr)ccc21
/beegfs/home/m.romanov/thesis/benchmarking/datasets/UOB/maybridge-0311-589967642.png,BrCc1ccc2nsnc2c1
/beegfs/home/m.romanov/thesis/benchmarking/datasets/UOB/maybridge-0311-676521625.png,BrCc1cccc2nonc12
/beegfs/home/m.romanov/thesis/benchmarking/datasets/UOB/maybridge-0311-741524850.png,BrCc1ccc2nonc2c1
/beegfs/home/m.romanov/thesis/benchmarking/datasets/UOB/maybridge-0311-784423423.png,COc1ccc2cc(Br)ccc2c1CCl
/beegfs/home/m.romanov/thesis/benchmarking/datasets/UOB/maybridge-0311-90349631.png,Clc1cc2nsnc2cc1CBr
/beegfs/home/m.romanov/thesis/benchmarking/datasets/UOB/maybridge-0311-923285439.png,Clc1ccc2scc(CBr)c2c1
/beegfs/home/m.romanov/thesis/benchmarking/datasets/UOB/maybridge-0311-924247410.png,BrCc1cccc2nsnc12
/beegfs/home/m.romanov/thesis/benchmarking/datasets/UOB/maybridge-0312-235053506.png,Cc1ccc2cc(CBr)ccc2n1
/beegfs/home/m.romanov/thesis/benchmarking/datasets/UOB/maybridge-0312-292654418.png,BrCc1cccc2cccnc12
/beegfs/home/m.romanov/thesis/benchmarking/datasets/UOB/maybridge-0312-318533501.png,ClCc1cc(Br)cc2c1OCOC2
/beegfs/home/m.romanov/thesis/benchmarking/datasets/UOB/maybridge-0312-584255011.png,FC(F)(F)c1cc(Cl)c2cc(CBr)ccc2n1
/beegfs/home/m.romanov/thesis/benchmarking/datasets/UOB/maybridge-0312-590306051.png,ClCc1cc(Cl)cc2c1OCOC2
/beegfs/home/m.romanov/thesis/benchmarking/datasets/UOB/maybridge-0312-642742765.png,BrCCOc1cccc2c1OCCO2
/beegfs/home/m.romanov/thesis/benchmarking/datasets/UOB/maybridge-0312-66286939.png,Fc1cc(CCl)c2c(c1)COCO2
/beegfs/home/m.romanov/thesis/benchmarking/datasets/UOB/maybridge-0312-75569420.png,BrCc1cccc2c1OCCCO2
/beegfs/home/m.romanov/thesis/benchmarking/datasets/UOB/maybridge-0312-763712832.png,ClCc1ccc2c(c1)OCCCO2
/beegfs/home/m.romanov/thesis/benchmarking/datasets/UOB/maybridge-0312-944717037.png,Br.BrCc1nccc2ccccc12
/beegfs/home/m.romanov/thesis/benchmarking/datasets/UOB/maybridge-0312-966554394.png,ClCc1cc2ccccc2nc1Cl
/beegfs/home/m.romanov/thesis/benchmarking/datasets/UOB/maybridge-0313-1016787246.png,CCOC(=O)C(C)(C)CCl
/beegfs/home/m.romanov/thesis/benchmarking/datasets/UOB/maybridge-0313-123830497.png,BrCC12CC3CC(CC(C3)C1)C2
/beegfs/home/m.romanov/thesis/benchmarking/datasets/UOB/maybridge-0313-197312003.png,O=C(O)C12CC3CC(CC(Br)(C3)C1)C2
/beegfs/home/m.romanov/thesis/benchmarking/datasets/UOB/maybridge-0313-250126815.png,C=CCN=C(O)CCl
/beegfs/home/m.romanov/thesis/benchmarking/datasets/UOB/maybridge-0313-576756772.png,O=C(O)C12CC3CC(CC(Cl)(C3)C1)C2
/beegfs/home/m.romanov/thesis/benchmarking/datasets/UOB/maybridge-0313-788349055.png,CC(C)OC(=O)C(C)(C)Br
/beegfs/home/m.romanov/thesis/benchmarking/datasets/UOB/maybridge-0313-856319018.png,CCOC(=O)C(Br)CCC(Br)C(=O)OCC
/beegfs/home/m.romanov/thesis/benchmarking/datasets/UOB/maybridge-0313-971792001.png,CC12CC3(C)CC(C)(C1)CC(Br)(C2)C3
/beegfs/home/m.romanov/thesis/benchmarking/datasets/UOB/maybridge-0314-102154459.png,O=Cc1n[nH]cc1Br
/beegfs/home/m.romanov/thesis/benchmarking/datasets/UOB/maybridge-0314-1059601686.png,Cn1ccc(I)n1
/beegfs/home/m.romanov/thesis/benchmarking/datasets/UOB/maybridge-0314-206640443.png,N#Cc1n[nH]cc1Br
/beegfs/home/m.romanov/thesis/benchmarking/datasets/UOB/maybridge-0314-211828651.png,Cn1cc(Br)c(C(=O)O)n1
/beegfs/home/m.romanov/thesis/benchmarking/datasets/UOB/maybridge-0314-222061876.png,Cc1n[nH]c(C)c1Br
/beegfs/home/m.romanov/thesis/benchmarking/datasets/UOB/maybridge-0314-393789264.png,CCOC(=O)c1[nH]c(C)c(Br)c1C
/beegfs/home/m.romanov/thesis/benchmarking/datasets/UOB/maybridge-0314-554604554.png,Cn1ncc(Br)c1N
/beegfs/home/m.romanov/thesis/benchmarking/datasets/UOB/maybridge-0314-659159794.png,Cn1cc(Br)c(C=O)n1
/beegfs/home/m.romanov/thesis/benchmarking/datasets/UOB/maybridge-0314-73800060.png,Cc1nn(C)c(C)c1Br
/beegfs/home/m.romanov/thesis/benchmarking/datasets/UOB/maybridge-0314-801022416.png,Cc1n[nH]cc1Br
/beegfs/home/m.romanov/thesis/benchmarking/datasets/UOB/maybridge-0314-822497567.png,Cn1ncc(Br)c1C=O
/beegfs/home/m.romanov/thesis/benchmarking/datasets/UOB/maybridge-0315-1055323031.png,Cc1nn(C)c(C)c1I
/beegfs/home/m.romanov/thesis/benchmarking/datasets/UOB/maybridge-0315-10919083.png,Cc1nn(-c2ccccc2)c(C)c1Br
/beegfs/home/m.romanov/thesis/benchmarking/datasets/UOB/maybridge-0315-20844478.png,Cn1cc(Br)c(C(F)(F)F)n1
/beegfs/home/m.romanov/thesis/benchmarking/datasets/UOB/maybridge-0315-32068366.png,Cc1nn(C)c(C(=O)O)c1Br
/beegfs/home/m.romanov/thesis/benchmarking/datasets/UOB/maybridge-0315-382277199.png,Cn1cc(Br)c(-c2cccc(N)c2)n1
/beegfs/home/m.romanov/thesis/benchmarking/datasets/UOB/maybridge-0315-471615702.png,CCn1nc(C)c(Br)c1C(=O)Cl
/beegfs/home/m.romanov/thesis/benchmarking/datasets/UOB/maybridge-0315-49084971.png,Cc1c(Br)cnn1-c1ccccc1
/beegfs/home/m.romanov/thesis/benchmarking/datasets/UOB/maybridge-0315-499614928.png,Cn1cc(Br)c(C(=O)Cl)n1
/beegfs/home/m.romanov/thesis/benchmarking/datasets/UOB/maybridge-0315-554019936.png,N=c1[nH][nH]c(-c2ccccc2)c1Br
/beegfs/home/m.romanov/thesis/benchmarking/datasets/UOB/maybridge-0315-964980290.png,CCn1nc(C)c(Br)c1C(=O)O
/beegfs/home/m.romanov/thesis/benchmarking/datasets/UOB/maybridge-0316-1005768280.png,Cc1ncc(I)[nH]1
/beegfs/home/m.romanov/thesis/benchmarking/datasets/UOB/maybridge-0316-105376909.png,Cc1nn(C(=O)OC(C)(C)C)c(C)c1I
/beegfs/home/m.romanov/thesis/benchmarking/datasets/UOB/maybridge-0316-122743482.png,Cc1nc(Br)c([N+](=O)[O-])[nH]1
/beegfs/home/m.romanov/thesis/benchmarking/datasets/UOB/maybridge-0316-147386629.png,Cc1nn(Cc2cccc(C(=O)O)c2)c(C)c1Br
/beegfs/home/m.romanov/thesis/benchmarking/datasets/UOB/maybridge-0316-444684716.png,Cn1ccnc1I
/beegfs/home/m.romanov/thesis/benchmarking/datasets/UOB/maybridge-0316-695537111.png,Brc1n[nH]c(Br)n1
/beegfs/home/m.romanov/thesis/benchmarking/datasets/UOB/maybridge-0316-731743963.png,Fc1nc(Br)nn1Cc1ccccc1
/beegfs/home/m.romanov/thesis/benchmarking/datasets/UOB/maybridge-0316-83898195.png,Cc1ncc(Br)n1C
/beegfs/home/m.romanov/thesis/benchmarking/datasets/UOB/maybridge-0316-912443372.png,Cn1c(Br)nc(C(=O)O)c1C(=O)O
/beegfs/home/m.romanov/thesis/benchmarking/datasets/UOB/maybridge-0316-971540064.png,Cc1c(I)cnn1-c1ccccc1
/beegfs/home/m.romanov/thesis/benchmarking/datasets/UOB/maybridge-0317-1001971375.png,O=Cc1sccc1Br
/beegfs/home/m.romanov/thesis/benchmarking/datasets/UOB/maybridge-0317-1041895164.png,O=C(O)c1ccc(Br)o1
/beegfs/home/m.romanov/thesis/benchmarking/datasets/UOB/maybridge-0317-332753062.png,Brc1ccco1
/beegfs/home/m.romanov/thesis/benchmarking/datasets/UOB/maybridge-0317-434092819.png,Clc1sccc1Br
/beegfs/home/m.romanov/thesis/benchmarking/datasets/UOB/maybridge-0317-523407270.png,OCc1ccsc1Br
/beegfs/home/m.romanov/thesis/benchmarking/datasets/UOB/maybridge-0317-554046964.png,OCc1cc(Br)cs1
/beegfs/home/m.romanov/thesis/benchmarking/datasets/UOB/maybridge-0317-601831776.png,Brc1ccoc1
/beegfs/home/m.romanov/thesis/benchmarking/datasets/UOB/maybridge-0317-666943946.png,O=Cc1cc(Br)cs1
/beegfs/home/m.romanov/thesis/benchmarking/datasets/UOB/maybridge-0317-721739693.png,Brc1nc(Br)n(Cc2ccccc2)n1
/beegfs/home/m.romanov/thesis/benchmarking/datasets/UOB/maybridge-0317-766202912.png,O=Cc1ccc(Br)s1
/beegfs/home/m.romanov/thesis/benchmarking/datasets/UOB/maybridge-0317-959625227.png,O=Cc1ccc(Br)o1
/beegfs/home/m.romanov/thesis/benchmarking/datasets/UOB/maybridge-0317-98849364.png,O=Cc1ccsc1Br
/beegfs/home/m.romanov/thesis/benchmarking/datasets/UOB/maybridge-0318-110062472.png,O=C(Cl)c1sccc1Br
/beegfs/home/m.romanov/thesis/benchmarking/datasets/UOB/maybridge-0318-193782226.png,CNCc1ccsc1Br
/beegfs/home/m.romanov/thesis/benchmarking/datasets/UOB/maybridge-0318-289969620.png,O=C(O)c1ccc(Br)s1
/beegfs/home/m.romanov/thesis/benchmarking/datasets/UOB/maybridge-0318-344669135.png,OB(O)c1ccc(Br)s1
/beegfs/home/m.romanov/thesis/benchmarking/datasets/UOB/maybridge-0318-673953573.png,O=C(O)c1cc(Br)cs1
/beegfs/home/m.romanov/thesis/benchmarking/datasets/UOB/maybridge-0318-695669000.png,Brc1ccc(-c2ccno2)s1
/beegfs/home/m.romanov/thesis/benchmarking/datasets/UOB/maybridge-0318-773996186.png,O=C(O)c1sccc1Br
/beegfs/home/m.romanov/thesis/benchmarking/datasets/UOB/maybridge-0318-7779407.png,CC(=O)c1cc(Br)cs1
/beegfs/home/m.romanov/thesis/benchmarking/datasets/UOB/maybridge-0318-791770387.png,O=C(Cl)c1cc(Br)cs1
/beegfs/home/m.romanov/thesis/benchmarking/datasets/UOB/maybridge-0318-798863868.png,COC(=O)c1sccc1Br
/beegfs/home/m.romanov/thesis/benchmarking/datasets/UOB/maybridge-0318-947332586.png,NCc1ccsc1Br
/beegfs/home/m.romanov/thesis/benchmarking/datasets/UOB/maybridge-0318-950228145.png,O=C(O)c1ccsc1Br
/beegfs/home/m.romanov/thesis/benchmarking/datasets/UOB/maybridge-0319-165445564.png,Cc1nc(-c2ccc(Br)s2)cs1
/beegfs/home/m.romanov/thesis/benchmarking/datasets/UOB/maybridge-0319-230120230.png,COC(=O)c1scc(Br)c1O
/beegfs/home/m.romanov/thesis/benchmarking/datasets/UOB/maybridge-0319-282435158.png,COc1c(C(=O)O)csc1Br
/beegfs/home/m.romanov/thesis/benchmarking/datasets/UOB/maybridge-0319-322669984.png,COC(=O)c1scc(Br)c1OC
/beegfs/home/m.romanov/thesis/benchmarking/datasets/UOB/maybridge-0319-373126460.png,Brc1csc(Br)c1
/beegfs/home/m.romanov/thesis/benchmarking/datasets/UOB/maybridge-0319-389184890.png,Brc1ccc(-c2ccccc2)s1
/beegfs/home/m.romanov/thesis/benchmarking/datasets/UOB/maybridge-0319-565588829.png,Brc1ccc(-c2ccccn2)s1
/beegfs/home/m.romanov/thesis/benchmarking/datasets/UOB/maybridge-0319-772285360.png,NS(=O)(=O)c1ccc(Br)s1
/beegfs/home/m.romanov/thesis/benchmarking/datasets/UOB/maybridge-0319-916863915.png,COC(=O)c1cc(C)c(Br)s1
/beegfs/home/m.romanov/thesis/benchmarking/datasets/UOB/maybridge-0319-947702024.png,Cc1nc(-c2ccc(Br)s2)no1
/beegfs/home/m.romanov/thesis/benchmarking/datasets/UOB/maybridge-0319-947958771.png,COc1c(C(=O)Cl)csc1Br
/beegfs/home/m.romanov/thesis/benchmarking/datasets/UOB/maybridge-0320-174518114.png,O=S(=O)(Cl)c1cscc1Br
/beegfs/home/m.romanov/thesis/benchmarking/datasets/UOB/maybridge-0320-195259741.png,COC(=O)c1sc(Br)c(Br)c1O
/beegfs/home/m.romanov/thesis/benchmarking/datasets/UOB/maybridge-0320-285392539.png,CCOC(=O)c1csc(-c2ccc(Br)s2)n1
/beegfs/home/m.romanov/thesis/benchmarking/datasets/UOB/maybridge-0320-311224685.png,O=C(CCl)c1cc(Br)c(Cl)s1
/beegfs/home/m.romanov/thesis/benchmarking/datasets/UOB/maybridge-0320-357139125.png,O=S(=O)(Cl)c1cc(Br)c(Cl)s1
/beegfs/home/m.romanov/thesis/benchmarking/datasets/UOB/maybridge-0320-383298432.png,O=S(=O)(Cl)c1ccc(Br)s1
/beegfs/home/m.romanov/thesis/benchmarking/datasets/UOB/maybridge-0320-385793544.png,CC(C)(C)OC(O)=NCc1ccsc1Br
/beegfs/home/m.romanov/thesis/benchmarking/datasets/UOB/maybridge-0320-618408186.png,CCOC(=O)c1cc(-c2ccc(Br)s2)on1
/beegfs/home/m.romanov/thesis/benchmarking/datasets/UOB/maybridge-0320-669181338.png,CCOC(=O)C(=O)c1ccc(Br)s1
/beegfs/home/m.romanov/thesis/benchmarking/datasets/UOB/maybridge-0320-697438713.png,N=c1[nH]c(-c2ccc(Br)s2)cs1
/beegfs/home/m.romanov/thesis/benchmarking/datasets/UOB/maybridge-0320-706483671.png,CC(C)(C)OC(O)=NCc1ccc(Br)s1
/beegfs/home/m.romanov/thesis/benchmarking/datasets/UOB/maybridge-0321-1052787504.png,Cc1noc(C)c1I
/beegfs/home/m.romanov/thesis/benchmarking/datasets/UOB/maybridge-0321-1057271825.png,Cc1oncc1I
/beegfs/home/m.romanov/thesis/benchmarking/datasets/UOB/maybridge-0321-166794868.png,Cc1nc(C)c(Br)s1
/beegfs/home/m.romanov/thesis/benchmarking/datasets/UOB/maybridge-0321-25193984.png,Cc1nc(Br)sc1C(=O)O
/beegfs/home/m.romanov/thesis/benchmarking/datasets/UOB/maybridge-0321-301389714.png,Cc1noc(-c2ccccc2)c1I
/beegfs/home/m.romanov/thesis/benchmarking/datasets/UOB/maybridge-0321-36204713.png,Cc1o[nH]c(=N)c1Br
/beegfs/home/m.romanov/thesis/benchmarking/datasets/UOB/maybridge-0321-375073057.png,Cc1nc(NC(=N)N)sc1Br
/beegfs/home/m.romanov/thesis/benchmarking/datasets/UOB/maybridge-0321-584561673.png,O=S(=O)(Cl)c1c(Cl)sc(Cl)c1Br
/beegfs/home/m.romanov/thesis/benchmarking/datasets/UOB/maybridge-0321-603591222.png,Cc1nc(-c2ccccc2)c(Br)s1
/beegfs/home/m.romanov/thesis/benchmarking/datasets/UOB/maybridge-0321-694325095.png,Brc1nccs1
/beegfs/home/m.romanov/thesis/benchmarking/datasets/UOB/maybridge-0321-837537578.png,CCOC(=O)c1sc(Br)nc1C
/beegfs/home/m.romanov/thesis/benchmarking/datasets/UOB/maybridge-0321-959939090.png,Cc1onc(-c2ccccc2)c1I
/beegfs/home/m.romanov/thesis/benchmarking/datasets/UOB/maybridge-0322-144624076.png,Brc1nncs1
/beegfs/home/m.romanov/thesis/benchmarking/datasets/UOB/maybridge-0322-175582061.png,CCc1cccc(Br)c1
/beegfs/home/m.romanov/thesis/benchmarking/datasets/UOB/maybridge-0322-523425304.png,Br.CC(C)(C)c1[nH]c(=N)sc1Br
/beegfs/home/m.romanov/thesis/benchmarking/datasets/UOB/maybridge-0322-531838664.png,N=C(O)c1ccccc1Br
/beegfs/home/m.romanov/thesis/benchmarking/datasets/UOB/maybridge-0322-675546518.png,N#Cc1ccccc1Br
/beegfs/home/m.romanov/thesis/benchmarking/datasets/UOB/maybridge-0322-834014150.png,Brc1sc(-c2ccccc2)nc1-c1ccccc1
/beegfs/home/m.romanov/thesis/benchmarking/datasets/UOB/maybridge-0322-835207384.png,Cc1ccc(O)c(Br)c1
/beegfs/home/m.romanov/thesis/benchmarking/datasets/UOB/maybridge-0322-86341473.png,Cc1nc(-c2ccc(C(F)(F)F)cc2)sc1Br
/beegfs/home/m.romanov/thesis/benchmarking/datasets/UOB/maybridge-0322-919371677.png,Nc1ccc(Br)cc1N
/beegfs/home/m.romanov/thesis/benchmarking/datasets/UOB/maybridge-0322-942906716.png,O=C=Nc1ccccc1Br
/beegfs/home/m.romanov/thesis/benchmarking/datasets/UOB/maybridge-0322-944283485.png,Cc1nc(-c2ccccc2)sc1Br
/beegfs/home/m.romanov/thesis/benchmarking/datasets/UOB/maybridge-0322-986711119.png,N=c1[nH]nc(Br)s1
/beegfs/home/m.romanov/thesis/benchmarking/datasets/UOB/maybridge-0323-252389253.png,OB(O)c1ccc(Br)cc1
/beegfs/home/m.romanov/thesis/benchmarking/datasets/UOB/maybridge-0323-262515291.png,Nc1ccc(Br)cc1C(=O)O
/beegfs/home/m.romanov/thesis/benchmarking/datasets/UOB/maybridge-0323-319080260.png,Nc1c(Br)cccc1C(=O)O
/beegfs/home/m.romanov/thesis/benchmarking/datasets/UOB/maybridge-0323-329302251.png,Nc1ccc(Br)cc1[N+](=O)[O-]
/beegfs/home/m.romanov/thesis/benchmarking/datasets/UOB/maybridge-0323-435381276.png,S=C=Nc1ccccc1Br
/beegfs/home/m.romanov/thesis/benchmarking/datasets/UOB/maybridge-0323-465869319.png,O=C(CO)c1ccc(Br)cc1
/beegfs/home/m.romanov/thesis/benchmarking/datasets/UOB/maybridge-0323-629209659.png,OCCc1ccc(Br)cc1
/beegfs/home/m.romanov/thesis/benchmarking/datasets/UOB/maybridge-0323-723442438.png,OB(O)c1cccc(Br)c1
/beegfs/home/m.romanov/thesis/benchmarking/datasets/UOB/maybridge-0323-772208140.png,S=C=Nc1cccc(Br)c1
/beegfs/home/m.romanov/thesis/benchmarking/datasets/UOB/maybridge-0323-797240666.png,O=C(O)Cc1ccc(Br)cc1
/beegfs/home/m.romanov/thesis/benchmarking/datasets/UOB/maybridge-0323-888092016.png,Cc1cc(Br)cc(N)c1N
/beegfs/home/m.romanov/thesis/benchmarking/datasets/UOB/maybridge-0323-945494274.png,Cc1c(Br)cc(N)c(N)c1C
/beegfs/home/m.romanov/thesis/benchmarking/datasets/UOB/maybridge-0324-1037377689.png,FC(F)Oc1ccc(Br)cc1
/beegfs/home/m.romanov/thesis/benchmarking/datasets/UOB/maybridge-0324-10412441.png,Cc1cc(Br)cc(Cl)c1O
/beegfs/home/m.romanov/thesis/benchmarking/datasets/UOB/maybridge-0324-1051839262.png,Brc1cccc(-c2ccno2)c1
/beegfs/home/m.romanov/thesis/benchmarking/datasets/UOB/maybridge-0324-1072644583.png,Brc1cccc(-n2cccc2)c1
/beegfs/home/m.romanov/thesis/benchmarking/datasets/UOB/maybridge-0324-116719815.png,Brc1ccc(-c2ccco2)cc1
/beegfs/home/m.romanov/thesis/benchmarking/datasets/UOB/maybridge-0324-471198831.png,Brc1cccc(-n2cccn2)c1
/beegfs/home/m.romanov/thesis/benchmarking/datasets/UOB/maybridge-0324-497852363.png,Brc1ccccc1-n1cccc1
/beegfs/home/m.romanov/thesis/benchmarking/datasets/UOB/maybridge-0324-641363805.png,Brc1ccc(-c2ccno2)cc1
/beegfs/home/m.romanov/thesis/benchmarking/datasets/UOB/maybridge-0324-747891653.png,Brc1cccc(-c2cc[nH]n2)c1
/beegfs/home/m.romanov/thesis/benchmarking/datasets/UOB/maybridge-0324-758864680.png,Brc1ccccc1-n1cccn1
/beegfs/home/m.romanov/thesis/benchmarking/datasets/UOB/maybridge-0324-78202395.png,Brc1cccc(-c2ccco2)c1
/beegfs/home/m.romanov/thesis/benchmarking/datasets/UOB/maybridge-0324-830465159.png,Brc1ccccc1-c1ccco1
/beegfs/home/m.romanov/thesis/benchmarking/datasets/UOB/maybridge-0325-1000864137.png,Brc1ccc(N2CCCC2)cc1
/beegfs/home/m.romanov/thesis/benchmarking/datasets/UOB/maybridge-0325-106337158.png,Cc1cc(Br)c(N)c([N+](=O)[O-])c1
/beegfs/home/m.romanov/thesis/benchmarking/datasets/UOB/maybridge-0325-1071691034.png,CCCCCc1ccc(Br)cc1
/beegfs/home/m.romanov/thesis/benchmarking/datasets/UOB/maybridge-0325-142211098.png,NNc1ccc(I)cc1
/beegfs/home/m.romanov/thesis/benchmarking/datasets/UOB/maybridge-0325-224190062.png,Brc1cccc(N2CCCC2)c1
/beegfs/home/m.romanov/thesis/benchmarking/datasets/UOB/maybridge-0325-247831899.png,Brc1cccc(-c2cnco2)c1
/beegfs/home/m.romanov/thesis/benchmarking/datasets/UOB/maybridge-0325-304610043.png,Brc1ccc(-c2cnco2)cc1
/beegfs/home/m.romanov/thesis/benchmarking/datasets/UOB/maybridge-0325-645454291.png,NS(=O)(=O)c1ccccc1Br
/beegfs/home/m.romanov/thesis/benchmarking/datasets/UOB/maybridge-0325-679907946.png,NS(=O)(=O)c1cccc(Br)c1
/beegfs/home/m.romanov/thesis/benchmarking/datasets/UOB/maybridge-0325-719996608.png,Brc1ccccc1-c1cnco1
/beegfs/home/m.romanov/thesis/benchmarking/datasets/UOB/maybridge-0325-721645995.png,Cc1cc(I)ccc1N
/beegfs/home/m.romanov/thesis/benchmarking/datasets/UOB/maybridge-0325-869636205.png,COc1cc(Br)cc(C=O)c1O
/beegfs/home/m.romanov/thesis/benchmarking/datasets/UOB/maybridge-0326-106377056.png,Brc1cccc(Cn2ccnc2)c1
/beegfs/home/m.romanov/thesis/benchmarking/datasets/UOB/maybridge-0326-184642233.png,Cc1nc(-c2cccc(Br)c2)no1
/beegfs/home/m.romanov/thesis/benchmarking/datasets/UOB/maybridge-0326-406651339.png,Cc1noc(-c2cccc(Br)c2)n1
/beegfs/home/m.romanov/thesis/benchmarking/datasets/UOB/maybridge-0326-464760832.png,Brc1ccc(Cn2ccnc2)cc1
/beegfs/home/m.romanov/thesis/benchmarking/datasets/UOB/maybridge-0326-566290250.png,Brc1ccc(-c2cccs2)cc1
/beegfs/home/m.romanov/thesis/benchmarking/datasets/UOB/maybridge-0326-617131664.png,Cc1noc(-c2ccc(Br)cc2)n1
/beegfs/home/m.romanov/thesis/benchmarking/datasets/UOB/maybridge-0326-717166326.png,Cc1nc(-c2ccccc2Br)no1
/beegfs/home/m.romanov/thesis/benchmarking/datasets/UOB/maybridge-0326-778645636.png,Brc1ccccc1-c1cccs1
/beegfs/home/m.romanov/thesis/benchmarking/datasets/UOB/maybridge-0326-853191605.png,Nc1ccc(C(F)(F)F)cc1Br
/beegfs/home/m.romanov/thesis/benchmarking/datasets/UOB/maybridge-0326-890723510.png,Cc1noc(-c2ccccc2Br)n1
/beegfs/home/m.romanov/thesis/benchmarking/datasets/UOB/maybridge-0326-952023665.png,Cc1nc(-c2ccc(Br)cc2)no1
/beegfs/home/m.romanov/thesis/benchmarking/datasets/UOB/maybridge-0327-1036585426.png,COC(=O)c1cc(OC)ccc1Br
/beegfs/home/m.romanov/thesis/benchmarking/datasets/UOB/maybridge-0327-18415141.png,Nc1ccc(Br)c(Cl)c1Cl
/beegfs/home/m.romanov/thesis/benchmarking/datasets/UOB/maybridge-0327-269924742.png,CN(C)CCOc1ccc(Br)cc1
/beegfs/home/m.romanov/thesis/benchmarking/datasets/UOB/maybridge-0327-273240655.png,Brc1cccc(N2CCCCC2)c1
/beegfs/home/m.romanov/thesis/benchmarking/datasets/UOB/maybridge-0327-611438460.png,O=C=Nc1ccccc1I
/beegfs/home/m.romanov/thesis/benchmarking/datasets/UOB/maybridge-0327-670151471.png,O=C(O)CCCc1ccc(Br)cc1
/beegfs/home/m.romanov/thesis/benchmarking/datasets/UOB/maybridge-0327-78252488.png,CCCCCCc1ccc(Br)cc1
/beegfs/home/m.romanov/thesis/benchmarking/datasets/UOB/maybridge-0327-829711328.png,Brc1ccc(N2CCCCC2)cc1
/beegfs/home/m.romanov/thesis/benchmarking/datasets/UOB/maybridge-0327-891757172.png,Brc1cccc(N2CCOCC2)c1
/beegfs/home/m.romanov/thesis/benchmarking/datasets/UOB/maybridge-0327-929961509.png,Brc1ccc(-c2csnn2)cc1
/beegfs/home/m.romanov/thesis/benchmarking/datasets/UOB/maybridge-0327-984914189.png,FC(F)(F)Oc1ccc(Br)cc1
/beegfs/home/m.romanov/thesis/benchmarking/datasets/UOB/maybridge-0327-993110564.png,COc1ccc(Br)c(C(O)=NN)c1
/beegfs/home/m.romanov/thesis/benchmarking/datasets/UOB/maybridge-0328-24113526.png,OCc1cc(O)ccc1I
/beegfs/home/m.romanov/thesis/benchmarking/datasets/UOB/maybridge-0328-276430921.png,O=Cc1ccc(I)c(O)c1
/beegfs/home/m.romanov/thesis/benchmarking/datasets/UOB/maybridge-0328-28980093.png,O=C(O)c1ccccc1I
/beegfs/home/m.romanov/thesis/benchmarking/datasets/UOB/maybridge-0328-338732060.png,Cc1nccc(-c2cccc(Br)c2)n1
/beegfs/home/m.romanov/thesis/benchmarking/datasets/UOB/maybridge-0328-373544081.png,Brc1ccc(Oc2ccccn2)cc1
/beegfs/home/m.romanov/thesis/benchmarking/datasets/UOB/maybridge-0328-383945655.png,OB(O)c1ccc(I)cc1
/beegfs/home/m.romanov/thesis/benchmarking/datasets/UOB/maybridge-0328-454652823.png,OB(O)c1cccc(I)c1
/beegfs/home/m.romanov/thesis/benchmarking/datasets/UOB/maybridge-0328-529125519.png,COc1ccc(Br)c(C(=O)Cl)c1
/beegfs/home/m.romanov/thesis/benchmarking/datasets/UOB/maybridge-0328-635953536.png,Cc1cc(I)cc(C)c1O
/beegfs/home/m.romanov/thesis/benchmarking/datasets/UOB/maybridge-0328-647581740.png,OCc1ccc(I)c(O)c1
/beegfs/home/m.romanov/thesis/benchmarking/datasets/UOB/maybridge-0328-917168718.png,Brc1cccc(Oc2ccccn2)c1
/beegfs/home/m.romanov/thesis/benchmarking/datasets/UOB/maybridge-0328-91853377.png,O=Cc1cc(O)ccc1I
/beegfs/home/m.romanov/thesis/benchmarking/datasets/UOB/maybridge-0329-1003428538.png,O=S(=O)(Cl)c1ccccc1Br
/beegfs/home/m.romanov/thesis/benchmarking/datasets/UOB/maybridge-0329-1008004420.png,Nc1ccc(I)cc1Cl
/beegfs/home/m.romanov/thesis/benchmarking/datasets/UOB/maybridge-0329-121864356.png,Nc1cc(C(F)(F)F)cc(Br)c1N
/beegfs/home/m.romanov/thesis/benchmarking/datasets/UOB/maybridge-0329-169543561.png,Nc1ccc(Br)cc1OC(F)(F)F
/beegfs/home/m.romanov/thesis/benchmarking/datasets/UOB/maybridge-0329-310481102.png,Nc1ccc(OC(F)(F)F)cc1Br
/beegfs/home/m.romanov/thesis/benchmarking/datasets/UOB/maybridge-0329-345334381.png,CCCCCCCc1ccc(Br)cc1
/beegfs/home/m.romanov/thesis/benchmarking/datasets/UOB/maybridge-0329-508135493.png,Cc1nc(-c2cccc(Br)c2)cs1
/beegfs/home/m.romanov/thesis/benchmarking/datasets/UOB/maybridge-0329-523367834.png,O=S(=O)(Cl)c1cccc(Br)c1
/beegfs/home/m.romanov/thesis/benchmarking/datasets/UOB/maybridge-0329-589672821.png,O=C(O)CCC(=O)c1ccc(Br)cc1
/beegfs/home/m.romanov/thesis/benchmarking/datasets/UOB/maybridge-0329-622683376.png,COc1ccc(Br)c(C(=O)CC#N)c1
/beegfs/home/m.romanov/thesis/benchmarking/datasets/UOB/maybridge-0329-649077321.png,Fc1ccc(-c2ccccc2)cc1Br
/beegfs/home/m.romanov/thesis/benchmarking/datasets/UOB/maybridge-0329-803666269.png,Cc1nc(-c2ccc(Br)cc2)cs1
/beegfs/home/m.romanov/thesis/benchmarking/datasets/UOB/maybridge-0330-104073423.png,Brc1cccc(COc2ccccc2)c1
/beegfs/home/m.romanov/thesis/benchmarking/datasets/UOB/maybridge-0330-16799270.png,CCCCCCCCc1ccc(Br)cc1
/beegfs/home/m.romanov/thesis/benchmarking/datasets/UOB/maybridge-0330-185809195.png,N#Cc1cc(Br)cc(Br)c1
/beegfs/home/m.romanov/thesis/benchmarking/datasets/UOB/maybridge-0330-209742724.png,O=S(=O)(Cl)Cc1cccc(Br)c1
/beegfs/home/m.romanov/thesis/benchmarking/datasets/UOB/maybridge-0330-299960104.png,Brc1ccc(CN2CCCNCC2)cc1
/beegfs/home/m.romanov/thesis/benchmarking/datasets/UOB/maybridge-0330-34554344.png,Cc1ccc(Oc2ccc(Br)cc2)nn1
/beegfs/home/m.romanov/thesis/benchmarking/datasets/UOB/maybridge-0330-346781856.png,O=S(=O)(Cl)Cc1ccccc1Br
/beegfs/home/m.romanov/thesis/benchmarking/datasets/UOB/maybridge-0330-5203650.png,Brc1ccccc1COc1ccccc1
/beegfs/home/m.romanov/thesis/benchmarking/datasets/UOB/maybridge-0330-569620462.png,Cc1c(Br)cc(C(=O)Cl)c(C)c1C
/beegfs/home/m.romanov/thesis/benchmarking/datasets/UOB/maybridge-0330-77068105.png,CCCCCCOc1ccc(Br)cc1
/beegfs/home/m.romanov/thesis/benchmarking/datasets/UOB/maybridge-0330-838952308.png,O=C(O)c1ccc(I)c(O)c1
/beegfs/home/m.romanov/thesis/benchmarking/datasets/UOB/maybridge-0330-953652033.png,CC(C)(C)c1ccc(I)cc1
/beegfs/home/m.romanov/thesis/benchmarking/datasets/UOB/maybridge-0331-18882029.png,Ic1ccc(-c2ccno2)cc1
/beegfs/home/m.romanov/thesis/benchmarking/datasets/UOB/maybridge-0331-207862167.png,O=S(=O)(Cl)Cc1ccc(Br)cc1
/beegfs/home/m.romanov/thesis/benchmarking/datasets/UOB/maybridge-0331-208594373.png,Ic1ccc(-n2cccn2)cc1
/beegfs/home/m.romanov/thesis/benchmarking/datasets/UOB/maybridge-0331-229125298.png,FC(F)(F)Oc1cc(Br)ccc1S
/beegfs/home/m.romanov/thesis/benchmarking/datasets/UOB/maybridge-0331-246464683.png,Cc1c(Br)cc(Br)c(N)c1C
/beegfs/home/m.romanov/thesis/benchmarking/datasets/UOB/maybridge-0331-469684410.png,Cc1cc(Br)ccc1S(=O)(=O)Cl
/beegfs/home/m.romanov/thesis/benchmarking/datasets/UOB/maybridge-0331-600294307.png,Nc1c(Cl)cc(C(F)(F)F)cc1Br
/beegfs/home/m.romanov/thesis/benchmarking/datasets/UOB/maybridge-0331-737007479.png,FC(F)(F)c1ccc(I)cc1
/beegfs/home/m.romanov/thesis/benchmarking/datasets/UOB/maybridge-0331-774777211.png,CN1CCCN(Cc2ccc(Br)cc2)CC1
/beegfs/home/m.romanov/thesis/benchmarking/datasets/UOB/maybridge-0331-793084326.png,CCc1cc(Br)ccc1S(=O)(=O)Cl
/beegfs/home/m.romanov/thesis/benchmarking/datasets/UOB/maybridge-0331-886170971.png,CC(O)=Nc1ccc(C(F)(F)F)cc1Br
/beegfs/home/m.romanov/thesis/benchmarking/datasets/UOB/maybridge-0331-979692433.png,COc1cc(I)c(OC)cc1C
/beegfs/home/m.romanov/thesis/benchmarking/datasets/UOB/maybridge-0332-1021871651.png,Ic1ccc(Cn2cccn2)cc1
/beegfs/home/m.romanov/thesis/benchmarking/datasets/UOB/maybridge-0332-1033820399.png,Ic1ccc(Cn2cncn2)cc1
/beegfs/home/m.romanov/thesis/benchmarking/datasets/UOB/maybridge-0332-144731581.png,Brc1cccc(OCCN2CCOCC2)c1
/beegfs/home/m.romanov/thesis/benchmarking/datasets/UOB/maybridge-0332-156700983.png,CC(C)(C)OC(O)=NCc1ccccc1Br
/beegfs/home/m.romanov/thesis/benchmarking/datasets/UOB/maybridge-0332-339814619.png,Nc1c(Br)cc(C(F)(F)F)cc1[N+](=O)[O-]
/beegfs/home/m.romanov/thesis/benchmarking/datasets/UOB/maybridge-0332-6435594.png,COc1ccc(Br)cc1S(=O)(=O)Cl
/beegfs/home/m.romanov/thesis/benchmarking/datasets/UOB/maybridge-0332-685238474.png,Ic1cccc(Cn2cncn2)c1
/beegfs/home/m.romanov/thesis/benchmarking/datasets/UOB/maybridge-0332-735969649.png,Ic1ccccc1Cn1cncn1
/beegfs/home/m.romanov/thesis/benchmarking/datasets/UOB/maybridge-0332-863281608.png,Brc1ccccc1OCCN1CCOCC1
/beegfs/home/m.romanov/thesis/benchmarking/datasets/UOB/maybridge-0332-957252805.png,Ic1cccc(CN2CCCC2)c1
/beegfs/home/m.romanov/thesis/benchmarking/datasets/UOB/maybridge-0332-983669270.png,Brc1ccc(OCCN2CCOCC2)cc1
/beegfs/home/m.romanov/thesis/benchmarking/datasets/UOB/maybridge-0332-994818721.png,Ic1cccc(Cn2cccn2)c1
/beegfs/home/m.romanov/thesis/benchmarking/datasets/UOB/maybridge-0333-1006312067.png,Cc1c(C(=O)O)nnn1Cc1ccc(Br)cc1
/beegfs/home/m.romanov/thesis/benchmarking/datasets/UOB/maybridge-0333-131385723.png,FC(F)(F)Oc1ccc(I)cc1
/beegfs/home/m.romanov/thesis/benchmarking/datasets/UOB/maybridge-0333-132163638.png,O=Cc1cccn1-c1ccc(I)cc1
/beegfs/home/m.romanov/thesis/benchmarking/datasets/UOB/maybridge-0333-316455076.png,Nc1c(Br)cc(Br)cc1C(=O)O
/beegfs/home/m.romanov/thesis/benchmarking/datasets/UOB/maybridge-0333-348873958.png,Ic1ccc(CN2CCCC2)cc1
/beegfs/home/m.romanov/thesis/benchmarking/datasets/UOB/maybridge-0333-610366605.png,CC(O)=Nc1ccc(Br)cc1OC(F)(F)F
/beegfs/home/m.romanov/thesis/benchmarking/datasets/UOB/maybridge-0333-77293688.png,Ic1ccc(N2CCOCC2)cc1
/beegfs/home/m.romanov/thesis/benchmarking/datasets/UOB/maybridge-0333-812072061.png,COc1cc(I)c(OC)cc1Cl
/beegfs/home/m.romanov/thesis/benchmarking/datasets/UOB/maybridge-0333-871662531.png,O=C(O)c1cccc(I)c1C(=O)O
/beegfs/home/m.romanov/thesis/benchmarking/datasets/UOB/maybridge-0333-897172590.png,Fc1cc(Br)ccc1CN1CCCNCC1
/beegfs/home/m.romanov/thesis/benchmarking/datasets/UOB/maybridge-0333-991347213.png,Cc1cc(Br)c(N)cc1OCc1ccccc1
/beegfs/home/m.romanov/thesis/benchmarking/datasets/UOB/maybridge-0334-275847391.png,Ic1ccc(CN2CCOCC2)cc1
/beegfs/home/m.romanov/thesis/benchmarking/datasets/UOB/maybridge-0334-333602680.png,CN1CCN(Cc2ccccc2I)CC1
/beegfs/home/m.romanov/thesis/benchmarking/datasets/UOB/maybridge-0334-403931774.png,CN1CCN(Cc2cccc(I)c2)CC1
/beegfs/home/m.romanov/thesis/benchmarking/datasets/UOB/maybridge-0334-433095864.png,FC(F)(F)c1ccc(N2CCOCC2)c(Br)c1
/beegfs/home/m.romanov/thesis/benchmarking/datasets/UOB/maybridge-0334-436899012.png,Ic1ccc(CN2CCCCC2)cc1
/beegfs/home/m.romanov/thesis/benchmarking/datasets/UOB/maybridge-0334-451684134.png,O=S(=O)(Cl)c1ccccc1I
/beegfs/home/m.romanov/thesis/benchmarking/datasets/UOB/maybridge-0334-473591275.png,Nc1cc(C(F)(F)F)c(C(F)(F)F)cc1Br
/beegfs/home/m.romanov/thesis/benchmarking/datasets/UOB/maybridge-0334-492851549.png,Ic1cccc(CN2CCCCC2)c1
/beegfs/home/m.romanov/thesis/benchmarking/datasets/UOB/maybridge-0334-870540493.png,CCOC(=O)CNc1ccc(I)cc1
/beegfs/home/m.romanov/thesis/benchmarking/datasets/UOB/maybridge-0334-960095236.png,Ic1cccc(CN2CCOCC2)c1
/beegfs/home/m.romanov/thesis/benchmarking/datasets/UOB/maybridge-0334-982130399.png,Ic1ccccc1CN1CCOCC1
/beegfs/home/m.romanov/thesis/benchmarking/datasets/UOB/maybridge-0335-1004254472.png,O=S(=O)(Cl)c1ccc(Br)cc1C(F)(F)F
/beegfs/home/m.romanov/thesis/benchmarking/datasets/UOB/maybridge-0335-1007659449.png,Nc1c(Br)cc(Br)cc1C(F)(F)F
/beegfs/home/m.romanov/thesis/benchmarking/datasets/UOB/maybridge-0335-1040133446.png,CCOC(=O)c1c(-c2ccc(Br)cc2)csc1N
/beegfs/home/m.romanov/thesis/benchmarking/datasets/UOB/maybridge-0335-1861539.png,O=S(=O)(Cl)c1ccc(Br)cc1OC(F)(F)F
/beegfs/home/m.romanov/thesis/benchmarking/datasets/UOB/maybridge-0335-209412412.png,N=c1nc(C(F)(F)F)cc(-c2ccc(Br)cc2)[nH]1
/beegfs/home/m.romanov/thesis/benchmarking/datasets/UOB/maybridge-0335-298880197.png,CN1CCN(Cc2ccc(I)cc2)CC1
/beegfs/home/m.romanov/thesis/benchmarking/datasets/UOB/maybridge-0335-604341752.png,CC(C)[Si](Oc1cccc(Br)c1)(C(C)C)C(C)C
/beegfs/home/m.romanov/thesis/benchmarking/datasets/UOB/maybridge-0335-804861894.png,FC(F)(F)c1cc(Cl)c(I)c(Cl)c1
/beegfs/home/m.romanov/thesis/benchmarking/datasets/UOB/maybridge-0335-843917583.png,O=C(O)c1cc(-c2ccc(Br)cc2)oc1C(F)(F)F
/beegfs/home/m.romanov/thesis/benchmarking/datasets/UOB/maybridge-0335-865316697.png,O=C(O)c1cc(Br)c(C(=O)O)cc1Br
/beegfs/home/m.romanov/thesis/benchmarking/datasets/UOB/maybridge-0336-205463776.png,CC(C)(C)OC(=O)N1CCN(Cc2cccc(I)c2)CC1
/beegfs/home/m.romanov/thesis/benchmarking/datasets/UOB/maybridge-0336-232018004.png,Cc1cc(I)c(C)cc1I
/beegfs/home/m.romanov/thesis/benchmarking/datasets/UOB/maybridge-0336-251113851.png,Brc1ccccn1
/beegfs/home/m.romanov/thesis/benchmarking/datasets/UOB/maybridge-0336-329471491.png,CCOC(=O)c1cc(I)c(N)c(I)c1
/beegfs/home/m.romanov/thesis/benchmarking/datasets/UOB/maybridge-0336-343521913.png,CC(C)(C)OC(=O)N1CCN(c2ccc(I)cc2)CC1
/beegfs/home/m.romanov/thesis/benchmarking/datasets/UOB/maybridge-0336-500378938.png,N#Cc1cncc(Br)c1
/beegfs/home/m.romanov/thesis/benchmarking/datasets/UOB/maybridge-0336-706514476.png,CC(C)(C)OC(=O)N1CCN(Cc2ccc(Br)cc2)CC1
/beegfs/home/m.romanov/thesis/benchmarking/datasets/UOB/maybridge-0336-813747453.png,O=Cc1cc(Br)ccc1OC1CC2CN(Cc3ccccc3)C1C2Br
/beegfs/home/m.romanov/thesis/benchmarking/datasets/UOB/maybridge-0336-841966834.png,Cc1cccnc1Br
/beegfs/home/m.romanov/thesis/benchmarking/datasets/UOB/maybridge-0336-85572613.png,COc1cc(I)c(OC)cc1I
/beegfs/home/m.romanov/thesis/benchmarking/datasets/UOB/maybridge-0336-974027251.png,O=Cc1cccc(Br)n1
/beegfs/home/m.romanov/thesis/benchmarking/datasets/UOB/maybridge-0337-1018130452.png,Clc1ncccc1Br
/beegfs/home/m.romanov/thesis/benchmarking/datasets/UOB/maybridge-0337-1057217771.png,Cc1cnc(N)c(Br)c1
/beegfs/home/m.romanov/thesis/benchmarking/datasets/UOB/maybridge-0337-117211047.png,Cc1cc(Br)c[nH]c1=N
/beegfs/home/m.romanov/thesis/benchmarking/datasets/UOB/maybridge-0337-182627312.png,Cc1[nH]c(=N)ccc1Br
/beegfs/home/m.romanov/thesis/benchmarking/datasets/UOB/maybridge-0337-257844888.png,CNCc1cccc(Br)n1
/beegfs/home/m.romanov/thesis/benchmarking/datasets/UOB/maybridge-0337-500894699.png,O=C(O)c1cncc(Br)c1
/beegfs/home/m.romanov/thesis/benchmarking/datasets/UOB/maybridge-0337-633016668.png,OCc1ccc(Br)cn1
/beegfs/home/m.romanov/thesis/benchmarking/datasets/UOB/maybridge-0337-692995092.png,O=Cc1ccc(Br)cn1
/beegfs/home/m.romanov/thesis/benchmarking/datasets/UOB/maybridge-0337-759189131.png,Ic1ccncc1
/beegfs/home/m.romanov/thesis/benchmarking/datasets/UOB/maybridge-0337-842250386.png,O=C(O)c1ccc(Br)nc1
/beegfs/home/m.romanov/thesis/benchmarking/datasets/UOB/maybridge-0337-854392355.png,Cc1cnc(Cl)c(Br)c1
/beegfs/home/m.romanov/thesis/benchmarking/datasets/UOB/maybridge-0337-888260109.png,Brc1ccncc1.Cl
/beegfs/home/m.romanov/thesis/benchmarking/datasets/UOB/maybridge-0338-123331910.png,FC(F)(F)c1cccc(Br)n1
/beegfs/home/m.romanov/thesis/benchmarking/datasets/UOB/maybridge-0338-21093380.png,O=[N+]([O-])c1cc(Br)cnc1O
/beegfs/home/m.romanov/thesis/benchmarking/datasets/UOB/maybridge-0338-21276248.png,Fc1cc(I)ccn1
/beegfs/home/m.romanov/thesis/benchmarking/datasets/UOB/maybridge-0338-216324550.png,FC(F)(F)c1ccc(Br)nc1
/beegfs/home/m.romanov/thesis/benchmarking/datasets/UOB/maybridge-0338-264205778.png,O=C(Cl)c1cncc(Br)c1
/beegfs/home/m.romanov/thesis/benchmarking/datasets/UOB/maybridge-0338-276804488.png,Brc1cccc(N2CCCC2)n1
/beegfs/home/m.romanov/thesis/benchmarking/datasets/UOB/maybridge-0338-420469512.png,Fc1ncccc1I
/beegfs/home/m.romanov/thesis/benchmarking/datasets/UOB/maybridge-0338-649654133.png,Brc1cccc(N2CCCCC2)n1
/beegfs/home/m.romanov/thesis/benchmarking/datasets/UOB/maybridge-0338-71955489.png,Brc1cccc(Br)n1
/beegfs/home/m.romanov/thesis/benchmarking/datasets/UOB/maybridge-0338-75659159.png,Brc1cccc(-n2cccn2)n1
/beegfs/home/m.romanov/thesis/benchmarking/datasets/UOB/maybridge-0338-833423085.png,COC(=O)c1cncc(Br)c1
/beegfs/home/m.romanov/thesis/benchmarking/datasets/UOB/maybridge-0338-851312087.png,NN=C(O)c1cncc(Br)c1
/beegfs/home/m.romanov/thesis/benchmarking/datasets/UOB/maybridge-0339-1032395006.png,Brc1cccc(N2CCOCC2)n1
/beegfs/home/m.romanov/thesis/benchmarking/datasets/UOB/maybridge-0339-1042742731.png,Nc1ncc(Br)cc1Br
/beegfs/home/m.romanov/thesis/benchmarking/datasets/UOB/maybridge-0339-1321898.png,O=Cc1cc(Br)cnc1Br
/beegfs/home/m.romanov/thesis/benchmarking/datasets/UOB/maybridge-0339-183007848.png,Ic1ccc(N2CCOCC2)nc1
/beegfs/home/m.romanov/thesis/benchmarking/datasets/UOB/maybridge-0339-296094172.png,CCOC(=O)c1nc(-c2cncc(Br)c2)no1
/beegfs/home/m.romanov/thesis/benchmarking/datasets/UOB/maybridge-0339-425754548.png,CC1(C)OB(c2ccc(Br)nc2)OC1(C)C
/beegfs/home/m.romanov/thesis/benchmarking/datasets/UOB/maybridge-0339-44092676.png,OB(O)c1cc(Br)cnc1Br
/beegfs/home/m.romanov/thesis/benchmarking/datasets/UOB/maybridge-0339-488209449.png,Ic1ccc(Oc2ccccc2)nc1
/beegfs/home/m.romanov/thesis/benchmarking/datasets/UOB/maybridge-0339-613908932.png,O=C(O)c1cc(Br)cnc1Br
/beegfs/home/m.romanov/thesis/benchmarking/datasets/UOB/maybridge-0339-667351865.png,Brc1ccc(OC2CCOCC2)nc1
/beegfs/home/m.romanov/thesis/benchmarking/datasets/UOB/maybridge-0339-739555398.png,FC(F)(F)c1cnc(Br)c(Cl)c1
/beegfs/home/m.romanov/thesis/benchmarking/datasets/UOB/maybridge-0339-98658958.png,Cc1nc(N)c(Br)cc1Br
/beegfs/home/m.romanov/thesis/benchmarking/datasets/UOB/maybridge-0340-156133393.png,CC(C)(C)OC(=O)N1CCN(c2ccc(I)cn2)CC1
/beegfs/home/m.romanov/thesis/benchmarking/datasets/UOB/maybridge-0340-211040256.png,N#Cc1c[nH]c(Br)nc1=N
/beegfs/home/m.romanov/thesis/benchmarking/datasets/UOB/maybridge-0340-243546293.png,CSc1ncc(Br)c(C(=O)O)n1
/beegfs/home/m.romanov/thesis/benchmarking/datasets/UOB/maybridge-0340-299085550.png,O=c1c(Br)c(Br)cnn1-c1ccccc1
/beegfs/home/m.romanov/thesis/benchmarking/datasets/UOB/maybridge-0340-303517002.png,Brc1ncccn1
/beegfs/home/m.romanov/thesis/benchmarking/datasets/UOB/maybridge-0340-498381595.png,Nc1cnc(Br)cn1
/beegfs/home/m.romanov/thesis/benchmarking/datasets/UOB/maybridge-0340-521562797.png,O=S(=O)(c1ccccc1)n1cc(Br)c2ccccc21
/beegfs/home/m.romanov/thesis/benchmarking/datasets/UOB/maybridge-0340-572705761.png,Brc1ccc(Br)nn1
/beegfs/home/m.romanov/thesis/benchmarking/datasets/UOB/maybridge-0340-923519209.png,COC(=O)c1ccc2c(I)c[nH]c2c1
/beegfs/home/m.romanov/thesis/benchmarking/datasets/UOB/maybridge-0340-978107627.png,N=c1ccc(Br)n[nH]1
/beegfs/home/m.romanov/thesis/benchmarking/datasets/UOB/maybridge-0340-982484208.png,CCSc1nc(N)c(Br)c(O)n1
/beegfs/home/m.romanov/thesis/benchmarking/datasets/UOB/maybridge-0341-167660224.png,O=Cc1c[nH]c2ccc(Br)cc12
/beegfs/home/m.romanov/thesis/benchmarking/datasets/UOB/maybridge-0341-210040609.png,O=S(=O)(c1ccccc1)n1ccc2cc(Br)ccc21
/beegfs/home/m.romanov/thesis/benchmarking/datasets/UOB/maybridge-0341-270304958.png,Cn1ccc2c(Br)cccc21
/beegfs/home/m.romanov/thesis/benchmarking/datasets/UOB/maybridge-0341-321967695.png,O=Cc1c[nH]c2cc(Br)ccc12
/beegfs/home/m.romanov/thesis/benchmarking/datasets/UOB/maybridge-0341-419518267.png,Cn1ccc2cc(Br)ccc21
/beegfs/home/m.romanov/thesis/benchmarking/datasets/UOB/maybridge-0341-568634473.png,O=Cc1c[nH]c2cccc(Br)c12
/beegfs/home/m.romanov/thesis/benchmarking/datasets/UOB/maybridge-0341-647320782.png,CC(C)(C)OC(=O)n1c(B(O)O)cc2cc(Br)ccc21
/beegfs/home/m.romanov/thesis/benchmarking/datasets/UOB/maybridge-0341-698300868.png,Brc1cccc2cc[nH]c12
/beegfs/home/m.romanov/thesis/benchmarking/datasets/UOB/maybridge-0341-756672475.png,Cn1ccc2ccc(Br)cc21
/beegfs/home/m.romanov/thesis/benchmarking/datasets/UOB/maybridge-0341-842905739.png,CC(C)(C)OC(=O)n1cc(C(=O)O)c2c(Br)cccc21
/beegfs/home/m.romanov/thesis/benchmarking/datasets/UOB/maybridge-0341-937867578.png,COC(=O)c1ccc2c(I)cn(C(=O)OC(C)(C)C)c2c1
/beegfs/home/m.romanov/thesis/benchmarking/datasets/UOB/maybridge-0342-1038716086.png,FC(F)(F)c1cc(Br)c2[nH]cnc2c1
/beegfs/home/m.romanov/thesis/benchmarking/datasets/UOB/maybridge-0342-1068109849.png,CC(C)(C)OC(=O)n1ncc2cc(Br)ccc21
/beegfs/home/m.romanov/thesis/benchmarking/datasets/UOB/maybridge-0342-268801717.png,CC(C)[Si](C(C)C)(C(C)C)n1ccc2cc(Br)ccc21
/beegfs/home/m.romanov/thesis/benchmarking/datasets/UOB/maybridge-0342-295456069.png,Brc1ccc2[nH]ncc2c1
/beegfs/home/m.romanov/thesis/benchmarking/datasets/UOB/maybridge-0342-503302289.png,Brc1cnc2ccccn12
/beegfs/home/m.romanov/thesis/benchmarking/datasets/UOB/maybridge-0342-668707421.png,CC(C)(C)OC(=O)n1cc(C(=O)O)c2cc(Br)ccc21
/beegfs/home/m.romanov/thesis/benchmarking/datasets/UOB/maybridge-0342-678067638.png,CC(C)[Si](C(C)C)(C(C)C)n1ccc2c(Br)cccc21
/beegfs/home/m.romanov/thesis/benchmarking/datasets/UOB/maybridge-0342-683044370.png,Cc1nc2ccccn2c1Br
/beegfs/home/m.romanov/thesis/benchmarking/datasets/UOB/maybridge-0342-722036031.png,O=C(O)c1n[nH]c2ccc(Br)cc12
/beegfs/home/m.romanov/thesis/benchmarking/datasets/UOB/maybridge-0342-724533582.png,Brc1nc2ccccc2[nH]1
/beegfs/home/m.romanov/thesis/benchmarking/datasets/UOB/maybridge-0342-725302945.png,Brc1ccc2nc[nH]c2c1
/beegfs/home/m.romanov/thesis/benchmarking/datasets/UOB/maybridge-0343-1032665252.png,Brc1ccc2nccn2c1
/beegfs/home/m.romanov/thesis/benchmarking/datasets/UOB/maybridge-0343-434550641.png,Brc1coc2ccccc12
/beegfs/home/m.romanov/thesis/benchmarking/datasets/UOB/maybridge-0343-523245427.png,Brc1ccc2occc2c1
/beegfs/home/m.romanov/thesis/benchmarking/datasets/UOB/maybridge-0343-581911592.png,NCc1cc2cc(Br)ccc2o1
/beegfs/home/m.romanov/thesis/benchmarking/datasets/UOB/maybridge-0343-68197191.png,CC(=O)c1cc2cc(Br)ccc2o1
/beegfs/home/m.romanov/thesis/benchmarking/datasets/UOB/maybridge-0343-682952130.png,Brc1cc2ccccc2o1
/beegfs/home/m.romanov/thesis/benchmarking/datasets/UOB/maybridge-0343-683614800.png,O=C1Nc2c(Br)cccc2C1=O
/beegfs/home/m.romanov/thesis/benchmarking/datasets/UOB/maybridge-0343-691196921.png,O=Cc1cc2cc(Br)ccc2o1
/beegfs/home/m.romanov/thesis/benchmarking/datasets/UOB/maybridge-0343-700922258.png,OCc1cc2cc(Br)ccc2o1
/beegfs/home/m.romanov/thesis/benchmarking/datasets/UOB/maybridge-0343-823439987.png,CC(=O)N1CCc2cc(Br)ccc21
/beegfs/home/m.romanov/thesis/benchmarking/datasets/UOB/maybridge-0343-900065060.png,O=C1Cc2cc(Br)ccc2N1
/beegfs/home/m.romanov/thesis/benchmarking/datasets/UOB/maybridge-0343-959303545.png,CN1C(=O)Cc2cc(Br)ccc21
/beegfs/home/m.romanov/thesis/benchmarking/datasets/UOB/maybridge-0344-1000013994.png,O=C(Cl)c1cc2cc(Br)ccc2o1
/beegfs/home/m.romanov/thesis/benchmarking/datasets/UOB/maybridge-0344-109686051.png,O=Cc1cc(Br)cc2c1OCC2
/beegfs/home/m.romanov/thesis/benchmarking/datasets/UOB/maybridge-0344-178105105.png,Brc1ccc2occ(Br)c2c1
/beegfs/home/m.romanov/thesis/benchmarking/datasets/UOB/maybridge-0344-272628161.png,Brc1ccc2c(c1)CCO2
/beegfs/home/m.romanov/thesis/benchmarking/datasets/UOB/maybridge-0344-453251441.png,O=C(O)c1cc(Br)cc2c1OCC2
/beegfs/home/m.romanov/thesis/benchmarking/datasets/UOB/maybridge-0344-553283914.png,ClCc1cc2cc(Br)ccc2o1
/beegfs/home/m.romanov/thesis/benchmarking/datasets/UOB/maybridge-0344-563226346.png,O=C(CBr)c1cc2cc(Br)ccc2o1
/beegfs/home/m.romanov/thesis/benchmarking/datasets/UOB/maybridge-0344-63293642.png,OB(O)c1cc(Br)cc2c1OCC2
/beegfs/home/m.romanov/thesis/benchmarking/datasets/UOB/maybridge-0344-792389161.png,O=C(O)c1cc2cc(Br)ccc2o1
/beegfs/home/m.romanov/thesis/benchmarking/datasets/UOB/maybridge-0344-926370182.png,CCOC(=O)c1cc2cc(Br)ccc2o1
/beegfs/home/m.romanov/thesis/benchmarking/datasets/UOB/maybridge-0344-967165077.png,O=C(Cl)c1cc(Br)cc2c1OCC2
/beegfs/home/m.romanov/thesis/benchmarking/datasets/UOB/maybridge-0345-158698897.png,Brc1cccc2ccsc12
/beegfs/home/m.romanov/thesis/benchmarking/datasets/UOB/maybridge-0345-215914155.png,NCc1csc2ccc(Br)cc12
/beegfs/home/m.romanov/thesis/benchmarking/datasets/UOB/maybridge-0345-217530116.png,Brc1ccc2sccc2c1
/beegfs/home/m.romanov/thesis/benchmarking/datasets/UOB/maybridge-0345-245558895.png,Cc1ccc2sc(Br)cc2c1
/beegfs/home/m.romanov/thesis/benchmarking/datasets/UOB/maybridge-0345-386899638.png,CC(=O)c1csc2ccc(Br)cc12
/beegfs/home/m.romanov/thesis/benchmarking/datasets/UOB/maybridge-0345-391816594.png,O=S(=O)(Cl)c1cc(Br)cc2c1OCC2
/beegfs/home/m.romanov/thesis/benchmarking/datasets/UOB/maybridge-0345-534432381.png,Brc1csc2ccccc12
/beegfs/home/m.romanov/thesis/benchmarking/datasets/UOB/maybridge-0345-541559880.png,O=Cc1c(Br)sc2ccc(Cl)cc12
/beegfs/home/m.romanov/thesis/benchmarking/datasets/UOB/maybridge-0345-740169902.png,Brc1cc2ccccc2s1
/beegfs/home/m.romanov/thesis/benchmarking/datasets/UOB/maybridge-0345-77187658.png,O=C(CBr)c1cc(Br)cc2c1OCC2
/beegfs/home/m.romanov/thesis/benchmarking/datasets/UOB/maybridge-0345-841387038.png,O=Cc1cc2c(cc1Br)OCO2
/beegfs/home/m.romanov/thesis/benchmarking/datasets/UOB/maybridge-0345-855100222.png,Brc1cccc2c1OCO2
/beegfs/home/m.romanov/thesis/benchmarking/datasets/UOB/maybridge-0346-1014245456.png,Brc1ccc2nonc2c1
/beegfs/home/m.romanov/thesis/benchmarking/datasets/UOB/maybridge-0346-1065710465.png,O=C(O)c1cc2cc(Br)ccc2s1
/beegfs/home/m.romanov/thesis/benchmarking/datasets/UOB/maybridge-0346-13469027.png,ClCc1csc2ccc(Br)cc12
/beegfs/home/m.romanov/thesis/benchmarking/datasets/UOB/maybridge-0346-341462472.png,O=C(Cl)c1csc2ccc(Br)cc12
/beegfs/home/m.romanov/thesis/benchmarking/datasets/UOB/maybridge-0346-452066663.png,Brc1ccc2ncsc2c1
/beegfs/home/m.romanov/thesis/benchmarking/datasets/UOB/maybridge-0346-464932348.png,Cc1nc2ccc(I)cc2s1
/beegfs/home/m.romanov/thesis/benchmarking/datasets/UOB/maybridge-0346-575014512.png,Brc1nc2ccccc2s1
/beegfs/home/m.romanov/thesis/benchmarking/datasets/UOB/maybridge-0346-667435114.png,COC(=O)c1cc2cc(Br)ccc2s1
/beegfs/home/m.romanov/thesis/benchmarking/datasets/UOB/maybridge-0346-689806343.png,O=C(O)c1csc2ccc(Br)cc12
/beegfs/home/m.romanov/thesis/benchmarking/datasets/UOB/maybridge-0346-984225635.png,O=C(Cl)c1cc2cc(Br)ccc2s1
/beegfs/home/m.romanov/thesis/benchmarking/datasets/UOB/maybridge-0346-989872963.png,O=C(CBr)c1csc2ccc(Br)cc12
/beegfs/home/m.romanov/thesis/benchmarking/datasets/UOB/maybridge-0347-1003690931.png,O=C(Cl)c1sc(Br)c2c1OCCO2
/beegfs/home/m.romanov/thesis/benchmarking/datasets/UOB/maybridge-0347-154532913.png,Brc1ccc2nsnc2c1
/beegfs/home/m.romanov/thesis/benchmarking/datasets/UOB/maybridge-0347-178066206.png,N#Cc1sc(Br)c2c1OCCO2
/beegfs/home/m.romanov/thesis/benchmarking/datasets/UOB/maybridge-0347-234443950.png,Brc1cccc2nsnc12
/beegfs/home/m.romanov/thesis/benchmarking/datasets/UOB/maybridge-0347-374364242.png,O=C(O)c1sc(Br)c2c1OCCO2
/beegfs/home/m.romanov/thesis/benchmarking/datasets/UOB/maybridge-0347-484067354.png,Brc1sc(Br)c2c1OCCO2
/beegfs/home/m.romanov/thesis/benchmarking/datasets/UOB/maybridge-0347-600822101.png,O=Cc1sc(Br)c2c1OCCO2
/beegfs/home/m.romanov/thesis/benchmarking/datasets/UOB/maybridge-0347-612364248.png,OCc1cccc2cccc(Br)c12
/beegfs/home/m.romanov/thesis/benchmarking/datasets/UOB/maybridge-0347-711107516.png,Ic1cccc2nsnc12
/beegfs/home/m.romanov/thesis/benchmarking/datasets/UOB/maybridge-0347-712206443.png,CNCc1sc(Br)c2c1OCCO2
/beegfs/home/m.romanov/thesis/benchmarking/datasets/UOB/maybridge-0348-1005756389.png,O=C1CCCc2ccc(Br)cc21
/beegfs/home/m.romanov/thesis/benchmarking/datasets/UOB/maybridge-0348-1008437765.png,O=C(O)c1cccc2cccc(Br)c12
/beegfs/home/m.romanov/thesis/benchmarking/datasets/UOB/maybridge-0348-167595293.png,COc1ccc2cc(Br)ccc2c1CC#N
/beegfs/home/m.romanov/thesis/benchmarking/datasets/UOB/maybridge-0348-401024038.png,CC1(C)CCC(C)(C)c2cc(Br)ccc21
/beegfs/home/m.romanov/thesis/benchmarking/datasets/UOB/maybridge-0348-403559498.png,CCOC(=O)c1cc(C)nc2ccc(Br)cc12
/beegfs/home/m.romanov/thesis/benchmarking/datasets/UOB/maybridge-0348-441128841.png,Oc1cc(C(F)(F)F)nc2c(Br)cccc12
/beegfs/home/m.romanov/thesis/benchmarking/datasets/UOB/maybridge-0348-451462558.png,COc1ccc2cc(Br)ccc2c1CCl
/beegfs/home/m.romanov/thesis/benchmarking/datasets/UOB/maybridge-0348-487439979.png,Brc1cccc2cccnc12
/beegfs/home/m.romanov/thesis/benchmarking/datasets/UOB/maybridge-0348-86897281.png,Brc1ccc2ncccc2c1
/beegfs/home/m.romanov/thesis/benchmarking/datasets/UOB/maybridge-0348-894702218.png,Cc1ccc2cc(Br)ccc2n1
/beegfs/home/m.romanov/thesis/benchmarking/datasets/UOB/maybridge-0348-981884873.png,Brc1cnc2ccccc2c1
/beegfs/home/m.romanov/thesis/benchmarking/datasets/UOB/maybridge-0349-1022317309.png,COc1cc(Br)cc2cc(C(=O)O)c(=O)oc12
/beegfs/home/m.romanov/thesis/benchmarking/datasets/UOB/maybridge-0349-105557247.png,Brc1cccc2cnccc12
/beegfs/home/m.romanov/thesis/benchmarking/datasets/UOB/maybridge-0349-175664280.png,O=C(Cl)c1cc(Cl)nc2ccc(Br)cc12
/beegfs/home/m.romanov/thesis/benchmarking/datasets/UOB/maybridge-0349-264252319.png,Nc1nc(Br)c2ccccc2c1Cc1ccccc1
/beegfs/home/m.romanov/thesis/benchmarking/datasets/UOB/maybridge-0349-270656438.png,Oc1c(I)cc(Cl)c2cccnc12
/beegfs/home/m.romanov/thesis/benchmarking/datasets/UOB/maybridge-0349-501258447.png,Nc1cc2ccccc2c(Br)n1
/beegfs/home/m.romanov/thesis/benchmarking/datasets/UOB/maybridge-0349-527284550.png,FC(F)(F)c1cc(Cl)c2cccc(Br)c2n1
/beegfs/home/m.romanov/thesis/benchmarking/datasets/UOB/maybridge-0349-580560798.png,O=C(O)c1cc2cc(Cl)cc(Br)c2oc1=O
/beegfs/home/m.romanov/thesis/benchmarking/datasets/UOB/maybridge-0349-697046287.png,Brc1ccc2nccnc2c1
/beegfs/home/m.romanov/thesis/benchmarking/datasets/UOB/maybridge-0349-816797527.png,CN1CCN(C)c2cc(Br)ccc21
/beegfs/home/m.romanov/thesis/benchmarking/datasets/UOB/maybridge-0350-137827888.png,Brc1ccc2c(c1)OCOC2
/beegfs/home/m.romanov/thesis/benchmarking/datasets/UOB/maybridge-0350-189573570.png,Brc1cnc2c(c1)OCCN2
/beegfs/home/m.romanov/thesis/benchmarking/datasets/UOB/maybridge-0350-279526615.png,CN1CCOc2cc(Br)ccc21
/beegfs/home/m.romanov/thesis/benchmarking/datasets/UOB/maybridge-0350-483595577.png,CCOC(=O)C1=C(N)Oc2ccc(Br)cc2C1C(C#N)C(=O)OCC
/beegfs/home/m.romanov/thesis/benchmarking/datasets/UOB/maybridge-0350-489077378.png,Ic1ccc2c(c1)OCCCO2
/beegfs/home/m.romanov/thesis/benchmarking/datasets/UOB/maybridge-0350-604313788.png,Brc1ccc2c(c1)OCCCO2
/beegfs/home/m.romanov/thesis/benchmarking/datasets/UOB/maybridge-0350-730420817.png,Brc1ccc2[nH]c3ccccc3c2c1
/beegfs/home/m.romanov/thesis/benchmarking/datasets/UOB/maybridge-0350-88422833.png,ClCc1cc(Br)cc2c1OCOC2
/beegfs/home/m.romanov/thesis/benchmarking/datasets/UOB/maybridge-0350-934784672.png,Ic1ccc2c(c1)OCCO2
/beegfs/home/m.romanov/thesis/benchmarking/datasets/UOB/maybridge-0350-936131636.png,CN1CCOc2cc(Br)cnc21
/beegfs/home/m.romanov/thesis/benchmarking/datasets/UOB/maybridge-0351-1071742128.png,CC(C)(C)OC(=O)N1CCC2(CC1)N=C(O)c1cc(Br)ccc1O2
/beegfs/home/m.romanov/thesis/benchmarking/datasets/UOB/maybridge-0351-253257515.png,CN(C)CC(O)Cn1c2ccc(Br)cc2c2cc(Br)ccc21
/beegfs/home/m.romanov/thesis/benchmarking/datasets/UOB/maybridge-0351-356710457.png,O=C1c2cc(Br)ccc2-c2ccc(Br)cc21
/beegfs/home/m.romanov/thesis/benchmarking/datasets/UOB/maybridge-0352-1033865922.png,Cn1nc(C(F)(F)F)c(C=O)c1Cl
/beegfs/home/m.romanov/thesis/benchmarking/datasets/UOB/maybridge-0352-1054116101.png,Cc1nn(C)c(Cl)c1S(=O)(=O)O
/beegfs/home/m.romanov/thesis/benchmarking/datasets/UOB/maybridge-0352-205221613.png,Cn1ncc(C(=O)Cl)c1Cl
/beegfs/home/m.romanov/thesis/benchmarking/datasets/UOB/maybridge-0352-430398044.png,Cc1cc(Cl)n(C)n1
/beegfs/home/m.romanov/thesis/benchmarking/datasets/UOB/maybridge-0352-44453537.png,Cn1nc(C(F)(F)F)c(C(=O)O)c1Cl
/beegfs/home/m.romanov/thesis/benchmarking/datasets/UOB/maybridge-0352-505599895.png,Cc1nn(C)c(Cl)c1C(=O)O
/beegfs/home/m.romanov/thesis/benchmarking/datasets/UOB/maybridge-0352-508958190.png,CCCCc1nc(C=O)c(Cl)[nH]1
/beegfs/home/m.romanov/thesis/benchmarking/datasets/UOB/maybridge-0352-648758724.png,Cc1nn(C)c(Cl)c1[N+](=O)[O-]
/beegfs/home/m.romanov/thesis/benchmarking/datasets/UOB/maybridge-0352-784694698.png,Cc1nn(C)c(Cl)c1S(=O)(=O)Cl
/beegfs/home/m.romanov/thesis/benchmarking/datasets/UOB/maybridge-0352-933243242.png,Cc1nn(C)c(Cl)c1C=O
/beegfs/home/m.romanov/thesis/benchmarking/datasets/UOB/maybridge-0353-1067251205.png,COC(=O)c1scc(C)c1Cl
/beegfs/home/m.romanov/thesis/benchmarking/datasets/UOB/maybridge-0353-192369254.png,Nc1ccc(-n2cnc(Cl)c2Cl)cc1
/beegfs/home/m.romanov/thesis/benchmarking/datasets/UOB/maybridge-0353-235287331.png,CCCCc1nc(CO)c(Cl)[nH]1
/beegfs/home/m.romanov/thesis/benchmarking/datasets/UOB/maybridge-0353-38021895.png,O=[N+]([O-])c1ccsc1Cl
/beegfs/home/m.romanov/thesis/benchmarking/datasets/UOB/maybridge-0353-445203391.png,CCOC(=O)Cn1cnc(Cl)c1Cl
/beegfs/home/m.romanov/thesis/benchmarking/datasets/UOB/maybridge-0353-451928253.png,Clc1ccsc1
/beegfs/home/m.romanov/thesis/benchmarking/datasets/UOB/maybridge-0353-528199444.png,COc1c(C(=O)O)csc1Cl
/beegfs/home/m.romanov/thesis/benchmarking/datasets/UOB/maybridge-0353-7477709.png,O=C(O)c1sccc1Cl
/beegfs/home/m.romanov/thesis/benchmarking/datasets/UOB/maybridge-0353-752511368.png,Fc1nc(Br)nn1Cc1ccccc1
/beegfs/home/m.romanov/thesis/benchmarking/datasets/UOB/maybridge-0353-952344991.png,COC(=O)c1sccc1Cl
/beegfs/home/m.romanov/thesis/benchmarking/datasets/UOB/maybridge-0353-968381680.png,O=Cc1sccc1Cl
/beegfs/home/m.romanov/thesis/benchmarking/datasets/UOB/maybridge-0354-1000013994.png,N#Cc1ccc(O)cc1F
/beegfs/home/m.romanov/thesis/benchmarking/datasets/UOB/maybridge-0354-304743111.png,CS(=O)(=O)c1csc(C(=O)O)c1Cl
/beegfs/home/m.romanov/thesis/benchmarking/datasets/UOB/maybridge-0354-367538398.png,O=C(O)c1nsc(Cl)c1Cl
/beegfs/home/m.romanov/thesis/benchmarking/datasets/UOB/maybridge-0354-407492328.png,Cc1ccc(-c2snc(Cl)c2C#N)cc1
/beegfs/home/m.romanov/thesis/benchmarking/datasets/UOB/maybridge-0354-459380372.png,O=[N+]([O-])c1cc(S(=O)(=O)Cl)sc1Cl
/beegfs/home/m.romanov/thesis/benchmarking/datasets/UOB/maybridge-0354-553283914.png,O=S(=O)(Cl)c1ccc(-c2nsc(Cl)n2)s1
/beegfs/home/m.romanov/thesis/benchmarking/datasets/UOB/maybridge-0354-719754229.png,Clc1nccs1
/beegfs/home/m.romanov/thesis/benchmarking/datasets/UOB/maybridge-0354-792389161.png,ClCc1nsc(Cl)n1
/beegfs/home/m.romanov/thesis/benchmarking/datasets/UOB/maybridge-0354-815309133.png,CCOC(=O)c1sc(Cl)nc1C
/beegfs/home/m.romanov/thesis/benchmarking/datasets/UOB/maybridge-0354-926370182.png,N#Cc1c(N)cccc1Cl
/beegfs/home/m.romanov/thesis/benchmarking/datasets/UOB/maybridge-0355-236654225.png,N#Cc1cc([N+](=O)[O-])ccc1F
/beegfs/home/m.romanov/thesis/benchmarking/datasets/UOB/maybridge-0355-326267138.png,O=Cc1ccc(F)c([N+](=O)[O-])c1
/beegfs/home/m.romanov/thesis/benchmarking/datasets/UOB/maybridge-0355-367041057.png,CN(C)c1cccc(F)c1C#N
/beegfs/home/m.romanov/thesis/benchmarking/datasets/UOB/maybridge-0355-430297467.png,O=Cc1cc(C(=O)O)ccc1F
/beegfs/home/m.romanov/thesis/benchmarking/datasets/UOB/maybridge-0355-485396703.png,N#Cc1ccc([N+](=O)[O-])cc1Cl
/beegfs/home/m.romanov/thesis/benchmarking/datasets/UOB/maybridge-0355-5342489.png,O=[N+]([O-])c1ccc(F)cc1O
/beegfs/home/m.romanov/thesis/benchmarking/datasets/UOB/maybridge-0355-546201331.png,N#Cc1ccc(F)cc1[N+](=O)[O-]
/beegfs/home/m.romanov/thesis/benchmarking/datasets/UOB/maybridge-0355-558535467.png,O=Cc1ccc(F)c(C(=O)O)c1
/beegfs/home/m.romanov/thesis/benchmarking/datasets/UOB/maybridge-0355-567325296.png,Nc1cc(F)c([N+](=O)[O-])cc1N
/beegfs/home/m.romanov/thesis/benchmarking/datasets/UOB/maybridge-0355-589299656.png,COC(=O)c1ccc(F)cc1Cl
/beegfs/home/m.romanov/thesis/benchmarking/datasets/UOB/maybridge-0355-804953978.png,N=C(O)c1ccc(F)cc1Cl
/beegfs/home/m.romanov/thesis/benchmarking/datasets/UOB/maybridge-0355-988062734.png,N#Cc1cc(Cl)ccc1Cl
/beegfs/home/m.romanov/thesis/benchmarking/datasets/UOB/maybridge-0356-1014271413.png,Nc1cc(Cl)c(F)cc1[N+](=O)[O-]
/beegfs/home/m.romanov/thesis/benchmarking/datasets/UOB/maybridge-0356-1072245255.png,Nc1cc(Cl)c(Cl)cc1[N+](=O)[O-]
/beegfs/home/m.romanov/thesis/benchmarking/datasets/UOB/maybridge-0356-300977420.png,N=C(O)c1cc([N+](=O)[O-])ccc1Cl
/beegfs/home/m.romanov/thesis/benchmarking/datasets/UOB/maybridge-0356-380147800.png,N#CCc1cc(Cl)ccc1[N+](=O)[O-]
/beegfs/home/m.romanov/thesis/benchmarking/datasets/UOB/maybridge-0356-400913770.png,CN(C)c1ccc(C=O)c(F)c1C#N
/beegfs/home/m.romanov/thesis/benchmarking/datasets/UOB/maybridge-0356-472635552.png,N#Cc1ccc(C(F)(F)F)cc1Cl
/beegfs/home/m.romanov/thesis/benchmarking/datasets/UOB/maybridge-0356-487097392.png,N#Cc1c(F)cccc1Oc1ccccc1
/beegfs/home/m.romanov/thesis/benchmarking/datasets/UOB/maybridge-0356-560361143.png,O=C(O)/C=C\c1ccc(Cl)c([N+](=O)[O-])c1
/beegfs/home/m.romanov/thesis/benchmarking/datasets/UOB/maybridge-0356-616764340.png,N#Cc1c(Cl)cc(C(F)(F)F)cc1Cl
/beegfs/home/m.romanov/thesis/benchmarking/datasets/UOB/maybridge-0356-774299414.png,NN=C(O)c1ccc(Cl)c(Cl)c1
/beegfs/home/m.romanov/thesis/benchmarking/datasets/UOB/maybridge-0356-799020610.png,Nc1c([N+](=O)[O-])cc(F)c(F)c1F
/beegfs/home/m.romanov/thesis/benchmarking/datasets/UOB/maybridge-0356-862412684.png,COC(=O)c1ccc([N+](=O)[O-])cc1Cl
/beegfs/home/m.romanov/thesis/benchmarking/datasets/UOB/maybridge-0357-14058205.png,N#Cc1ncccc1F
/beegfs/home/m.romanov/thesis/benchmarking/datasets/UOB/maybridge-0357-172327174.png,Nc1cc(Cl)c(C(F)(F)F)cc1[N+](=O)[O-]
/beegfs/home/m.romanov/thesis/benchmarking/datasets/UOB/maybridge-0357-190526020.png,CC(C)(C)OC(=O)N1CCC(C(=O)c2ccc(F)cc2)CC1
/beegfs/home/m.romanov/thesis/benchmarking/datasets/UOB/maybridge-0357-458509740.png,N#Cc1c(F)cccc1OCc1ccc(Cl)cc1
/beegfs/home/m.romanov/thesis/benchmarking/datasets/UOB/maybridge-0357-54443676.png,O=C(CBr)c1ccc(Cl)c([N+](=O)[O-])c1
/beegfs/home/m.romanov/thesis/benchmarking/datasets/UOB/maybridge-0357-724856818.png,O=Cc1ncccc1F
/beegfs/home/m.romanov/thesis/benchmarking/datasets/UOB/maybridge-0357-793103176.png,NNc1cc(Cl)c(C(F)(F)F)cc1[N+](=O)[O-]
/beegfs/home/m.romanov/thesis/benchmarking/datasets/UOB/maybridge-0357-810337509.png,OCc1ncccc1F
/beegfs/home/m.romanov/thesis/benchmarking/datasets/UOB/maybridge-0357-869013070.png,Cc1ccc(COc2cccc(F)c2C#N)cc1
/beegfs/home/m.romanov/thesis/benchmarking/datasets/UOB/maybridge-0357-954800139.png,CCOc1cc([N+](=O)[O-])c(OCC)cc1Cl
/beegfs/home/m.romanov/thesis/benchmarking/datasets/UOB/maybridge-0357-98559184.png,N#Cc1c(Cl)cccc1Oc1ccc(S(=O)(=O)Cl)cc1
/beegfs/home/m.romanov/thesis/benchmarking/datasets/UOB/maybridge-0358-250538358.png,N#Cc1ccc(Cl)nc1
/beegfs/home/m.romanov/thesis/benchmarking/datasets/UOB/maybridge-0358-335383717.png,N#Cc1cccnc1Cl
/beegfs/home/m.romanov/thesis/benchmarking/datasets/UOB/maybridge-0358-389931702.png,O=C=Nc1ccc(Cl)nc1
/beegfs/home/m.romanov/thesis/benchmarking/datasets/UOB/maybridge-0358-410829306.png,CC(=O)c1ccc(Cl)nc1
/beegfs/home/m.romanov/thesis/benchmarking/datasets/UOB/maybridge-0358-497659038.png,Oc1cncc(Cl)c1
/beegfs/home/m.romanov/thesis/benchmarking/datasets/UOB/maybridge-0358-503634994.png,N#Cc1ccnc(Cl)c1
/beegfs/home/m.romanov/thesis/benchmarking/datasets/UOB/maybridge-0358-548887153.png,Nc1ccnc(Cl)c1
/beegfs/home/m.romanov/thesis/benchmarking/datasets/UOB/maybridge-0358-598358150.png,CNCc1ncccc1F
/beegfs/home/m.romanov/thesis/benchmarking/datasets/UOB/maybridge-0358-741368760.png,N=C(O)c1ccnc(Cl)c1
/beegfs/home/m.romanov/thesis/benchmarking/datasets/UOB/maybridge-0358-794585720.png,OCc1cccnc1Cl
/beegfs/home/m.romanov/thesis/benchmarking/datasets/UOB/maybridge-0358-895151267.png,Cc1ccc(Cl)nc1
/beegfs/home/m.romanov/thesis/benchmarking/datasets/UOB/maybridge-0358-929685610.png,O=Cc1ccnc(Cl)c1
/beegfs/home/m.romanov/thesis/benchmarking/datasets/UOB/maybridge-0359-1006690113.png,O=C(O)c1ccc(Cl)nc1
/beegfs/home/m.romanov/thesis/benchmarking/datasets/UOB/maybridge-0359-19070006.png,O=C(O)c1cccc(Cl)n1
/beegfs/home/m.romanov/thesis/benchmarking/datasets/UOB/maybridge-0359-312414982.png,Cc1cc([N+](=O)[O-])cnc1Cl
/beegfs/home/m.romanov/thesis/benchmarking/datasets/UOB/maybridge-0359-318364599.png,O=C(O)c1cc(Cl)cnc1O
/beegfs/home/m.romanov/thesis/benchmarking/datasets/UOB/maybridge-0359-321511607.png,Cc1ccc(C(=N)O)c(Cl)n1
/beegfs/home/m.romanov/thesis/benchmarking/datasets/UOB/maybridge-0359-349498548.png,Nc1cc(Cl)nc(Cl)c1
/beegfs/home/m.romanov/thesis/benchmarking/datasets/UOB/maybridge-0359-489072815.png,Cc1cc(C(=O)O)cc(Cl)n1
/beegfs/home/m.romanov/thesis/benchmarking/datasets/UOB/maybridge-0359-490087350.png,O=[N+]([O-])c1ccc(Cl)nc1
/beegfs/home/m.romanov/thesis/benchmarking/datasets/UOB/maybridge-0359-577310003.png,NN=C(O)c1ccc(Cl)nc1
/beegfs/home/m.romanov/thesis/benchmarking/datasets/UOB/maybridge-0359-592288215.png,Nc1ccc(Cl)nc1Cl
/beegfs/home/m.romanov/thesis/benchmarking/datasets/UOB/maybridge-0359-777658863.png,Nc1cc(Cl)cnc1Cl
/beegfs/home/m.romanov/thesis/benchmarking/datasets/UOB/maybridge-0359-950072712.png,O=C(O)c1ccnc(Cl)c1
/beegfs/home/m.romanov/thesis/benchmarking/datasets/UOB/maybridge-0360-359508554.png,FC(F)(F)c1cccc(Cl)n1
/beegfs/home/m.romanov/thesis/benchmarking/datasets/UOB/maybridge-0360-370477807.png,Cc1cc(Cl)nc(Cl)c1C#N
/beegfs/home/m.romanov/thesis/benchmarking/datasets/UOB/maybridge-0360-399134008.png,COc1cc(C(=O)O)cc(Cl)n1
/beegfs/home/m.romanov/thesis/benchmarking/datasets/UOB/maybridge-0360-434411794.png,COc1cc(C(=N)O)cc(Cl)n1
/beegfs/home/m.romanov/thesis/benchmarking/datasets/UOB/maybridge-0360-505039204.png,O=C=Nc1cc(Cl)nc(Cl)c1
/beegfs/home/m.romanov/thesis/benchmarking/datasets/UOB/maybridge-0360-65963835.png,O=C(Cl)c1ccnc(Cl)c1
/beegfs/home/m.romanov/thesis/benchmarking/datasets/UOB/maybridge-0360-69478882.png,COc1ccc([N+](=O)[O-])c(Cl)n1
/beegfs/home/m.romanov/thesis/benchmarking/datasets/UOB/maybridge-0360-697896913.png,OCc1cc(Cl)nc(Cl)c1
/beegfs/home/m.romanov/thesis/benchmarking/datasets/UOB/maybridge-0360-708052980.png,O=[N+]([O-])c1cc(Cl)cnc1O
/beegfs/home/m.romanov/thesis/benchmarking/datasets/UOB/maybridge-0360-786519120.png,O=C(Cl)c1ccc(Cl)nc1
/beegfs/home/m.romanov/thesis/benchmarking/datasets/UOB/maybridge-0360-897456481.png,CCOC(=O)c1cccnc1Cl
/beegfs/home/m.romanov/thesis/benchmarking/datasets/UOB/maybridge-0360-96787001.png,Cc1cc(C(=O)Cl)cc(Cl)n1
/beegfs/home/m.romanov/thesis/benchmarking/datasets/UOB/maybridge-0361-10112534.png,O=C(O)c1cc(Cl)nc(Cl)c1
/beegfs/home/m.romanov/thesis/benchmarking/datasets/UOB/maybridge-0361-120397430.png,Nc1ncc(C(F)(F)F)cc1Cl
/beegfs/home/m.romanov/thesis/benchmarking/datasets/UOB/maybridge-0361-134676321.png,Cc1cnc(Cl)c(Br)c1
/beegfs/home/m.romanov/thesis/benchmarking/datasets/UOB/maybridge-0361-184330994.png,O=C(O)c1cc(F)c(Cl)nc1Cl
/beegfs/home/m.romanov/thesis/benchmarking/datasets/UOB/maybridge-0361-258217084.png,COC(=O)c1cc(Cl)nc(Cl)c1
/beegfs/home/m.romanov/thesis/benchmarking/datasets/UOB/maybridge-0361-394501953.png,ClCc1cc(Cl)nc(Cl)c1
/beegfs/home/m.romanov/thesis/benchmarking/datasets/UOB/maybridge-0361-529737951.png,Clc1ncccc1Br
/beegfs/home/m.romanov/thesis/benchmarking/datasets/UOB/maybridge-0361-556752286.png,COc1cc(C(=O)Cl)cc(Cl)n1
/beegfs/home/m.romanov/thesis/benchmarking/datasets/UOB/maybridge-0361-641161420.png,O=[N+]([O-])c1ccc(Cl)nc1Cl
/beegfs/home/m.romanov/thesis/benchmarking/datasets/UOB/maybridge-0361-800661494.png,Cc1cc(C(F)(F)F)cc(Cl)n1
/beegfs/home/m.romanov/thesis/benchmarking/datasets/UOB/maybridge-0361-919554717.png,Cc1nc(Cl)c(C#N)c(C)c1Cl
/beegfs/home/m.romanov/thesis/benchmarking/datasets/UOB/maybridge-0361-966011023.png,N=C(S)c1cc(Cl)nc(Cl)c1
/beegfs/home/m.romanov/thesis/benchmarking/datasets/UOB/maybridge-0362-1068446423.png,Fc1cc(I)ccn1
/beegfs/home/m.romanov/thesis/benchmarking/datasets/UOB/maybridge-0362-215930928.png,COc1ncc(C(F)(F)F)cc1Cl
/beegfs/home/m.romanov/thesis/benchmarking/datasets/UOB/maybridge-0362-225637356.png,NNc1ncc(Cl)cc1C(F)(F)F
/beegfs/home/m.romanov/thesis/benchmarking/datasets/UOB/maybridge-0362-291837715.png,CC(C)(C)OC(O)=NCc1ncccc1F
/beegfs/home/m.romanov/thesis/benchmarking/datasets/UOB/maybridge-0362-348244364.png,CCOC(=O)c1cc(C)nc(Cl)c1C#N
/beegfs/home/m.romanov/thesis/benchmarking/datasets/UOB/maybridge-0362-373841911.png,FC(F)(F)c1cnc(CCl)c(Cl)c1
/beegfs/home/m.romanov/thesis/benchmarking/datasets/UOB/maybridge-0362-458289009.png,FC(F)(F)c1cnc(S)c(Cl)c1
/beegfs/home/m.romanov/thesis/benchmarking/datasets/UOB/maybridge-0362-513793261.png,O=C(Cl)c1cc(Cl)nc(Cl)c1
/beegfs/home/m.romanov/thesis/benchmarking/datasets/UOB/maybridge-0362-531810600.png,COC(=O)c1cc(F)c(Cl)nc1Cl
/beegfs/home/m.romanov/thesis/benchmarking/datasets/UOB/maybridge-0362-660898862.png,O=C(Cl)c1cc(Cl)cnc1Cl
/beegfs/home/m.romanov/thesis/benchmarking/datasets/UOB/maybridge-0362-704873403.png,Fc1ncccc1I
/beegfs/home/m.romanov/thesis/benchmarking/datasets/UOB/maybridge-0362-882539320.png,O=C(Cl)c1cc(F)c(Cl)nc1Cl
/beegfs/home/m.romanov/thesis/benchmarking/datasets/UOB/maybridge-0363-1039728385.png,Clc1cncc(Cl)c1N1CCNCC1
/beegfs/home/m.romanov/thesis/benchmarking/datasets/UOB/maybridge-0363-212200574.png,CC1(C)OB(c2ccc(Cl)nc2)OC1(C)C
/beegfs/home/m.romanov/thesis/benchmarking/datasets/UOB/maybridge-0363-310777714.png,FC(F)(F)c1cnc(Br)c(Cl)c1
/beegfs/home/m.romanov/thesis/benchmarking/datasets/UOB/maybridge-0363-489017363.png,FC(F)(F)c1cnc(N2CCNCC2)c(Cl)c1
/beegfs/home/m.romanov/thesis/benchmarking/datasets/UOB/maybridge-0363-528414840.png,CCOC(=O)c1c(Cl)cc(C)nc1Cl
/beegfs/home/m.romanov/thesis/benchmarking/datasets/UOB/maybridge-0363-546058707.png,Cl.NCc1ncc(C(F)(F)F)cc1Cl
/beegfs/home/m.romanov/thesis/benchmarking/datasets/UOB/maybridge-0363-562810841.png,FC(F)(F)c1cnc(N2CCCNCC2)c(Cl)c1
/beegfs/home/m.romanov/thesis/benchmarking/datasets/UOB/maybridge-0363-57564611.png,N#Cc1c(C(F)(F)F)cc(Cl)nc1Cl
/beegfs/home/m.romanov/thesis/benchmarking/datasets/UOB/maybridge-0363-784902275.png,Nc1c(C(F)(F)F)cc(Cl)nc1Cl
/beegfs/home/m.romanov/thesis/benchmarking/datasets/UOB/maybridge-0363-99178953.png,N=C(S)c1ncc(C(F)(F)F)cc1Cl
/beegfs/home/m.romanov/thesis/benchmarking/datasets/UOB/maybridge-0364-1026493180.png,COC(=O)c1cnc(Cl)nc1
/beegfs/home/m.romanov/thesis/benchmarking/datasets/UOB/maybridge-0364-1039394463.png,N#Cc1c[nH]c(Cl)nc1=N
/beegfs/home/m.romanov/thesis/benchmarking/datasets/UOB/maybridge-0364-107456257.png,Clc1cncc(Oc2ccc(Cl)nn2)c1
/beegfs/home/m.romanov/thesis/benchmarking/datasets/UOB/maybridge-0364-121089624.png,CCCc1cnc(Cl)nc1
/beegfs/home/m.romanov/thesis/benchmarking/datasets/UOB/maybridge-0364-187919636.png,OCCN1CCN(c2ncc(Cl)cc2C(F)(F)F)CC1
/beegfs/home/m.romanov/thesis/benchmarking/datasets/UOB/maybridge-0364-46894831.png,OCCN1CCN(c2ncc(C(F)(F)F)cc2Cl)CC1
/beegfs/home/m.romanov/thesis/benchmarking/datasets/UOB/maybridge-0364-570083015.png,Cc1nc(Cl)[nH]c(=N)c1N
/beegfs/home/m.romanov/thesis/benchmarking/datasets/UOB/maybridge-0364-61285622.png,N=c1ccc(Cl)n[nH]1
/beegfs/home/m.romanov/thesis/benchmarking/datasets/UOB/maybridge-0364-769132983.png,Cc1cc(C(=O)NN)nc(Cl)n1
/beegfs/home/m.romanov/thesis/benchmarking/datasets/UOB/maybridge-0364-847746012.png,Oc1cc(Cl)ncn1
/beegfs/home/m.romanov/thesis/benchmarking/datasets/UOB/maybridge-0364-866410578.png,Cc1ccc(Cl)nn1
/beegfs/home/m.romanov/thesis/benchmarking/datasets/UOB/maybridge-0365-1003513646.png,Cc1nc(C(F)(F)F)nc(Cl)c1C
/beegfs/home/m.romanov/thesis/benchmarking/datasets/UOB/maybridge-0365-1031353862.png,Clc1nccc(-c2ccccc2)n1
/beegfs/home/m.romanov/thesis/benchmarking/datasets/UOB/maybridge-0365-1056212887.png,O=C(Cl)c1cnc(Cl)nc1C(F)(F)F
/beegfs/home/m.romanov/thesis/benchmarking/datasets/UOB/maybridge-0365-153768544.png,CSc1ncc(Cl)c(C(=O)O)n1
/beegfs/home/m.romanov/thesis/benchmarking/datasets/UOB/maybridge-0365-179761471.png,Clc1cc(Cl)nc(Cc2ccccc2)n1
/beegfs/home/m.romanov/thesis/benchmarking/datasets/UOB/maybridge-0365-288124482.png,Cc1nc(-c2ccccn2)nc(Cl)c1Cl
/beegfs/home/m.romanov/thesis/benchmarking/datasets/UOB/maybridge-0365-291357719.png,Clc1nccc(-c2cccs2)n1
/beegfs/home/m.romanov/thesis/benchmarking/datasets/UOB/maybridge-0365-319382447.png,Cc1nc(-c2ccccn2)nc(O)c1Cl
/beegfs/home/m.romanov/thesis/benchmarking/datasets/UOB/maybridge-0365-36255951.png,COC(=O)c1cc(C)nc(Cl)n1
/beegfs/home/m.romanov/thesis/benchmarking/datasets/UOB/maybridge-0365-374540545.png,COC(=O)c1cnc(Cl)nc1C(F)(F)F
/beegfs/home/m.romanov/thesis/benchmarking/datasets/UOB/maybridge-0366-182701432.png,Clc1cn2ccsc2n1
/beegfs/home/m.romanov/thesis/benchmarking/datasets/UOB/maybridge-0366-244729175.png,O=C(Cl)c1sc2sccc2c1Cl
/beegfs/home/m.romanov/thesis/benchmarking/datasets/UOB/maybridge-0366-256354247.png,Cc1cncc(Cl)n1
/beegfs/home/m.romanov/thesis/benchmarking/datasets/UOB/maybridge-0366-275358160.png,O=C(OCc1ccc(Cl)cc1)c1cnc(Cl)nc1C(F)(F)F
/beegfs/home/m.romanov/thesis/benchmarking/datasets/UOB/maybridge-0366-503692590.png,Clc1cnccn1
/beegfs/home/m.romanov/thesis/benchmarking/datasets/UOB/maybridge-0366-510743766.png,NS(=O)(=O)c1c(Cl)nc2sccn12
/beegfs/home/m.romanov/thesis/benchmarking/datasets/UOB/maybridge-0366-603605081.png,[CH3:0][O:0][CH2:0][c:0]1[cH:0][c:0]([Cl:0])[n:0][c:0](-[c:0]2[cH:0][cH:0][c:0]([Cl:0])[cH:0][cH:0]2)[n:0]1
/beegfs/home/m.romanov/thesis/benchmarking/datasets/UOB/maybridge-0366-672373440.png,CCOC(OCC)c1cc(Cl)nc(SCc2ccccc2)n1
/beegfs/home/m.romanov/thesis/benchmarking/datasets/UOB/maybridge-0366-808632039.png,Clc1cncc(Cl)n1
/beegfs/home/m.romanov/thesis/benchmarking/datasets/UOB/maybridge-0366-887537645.png,N#Cc1nccnc1Cl
/beegfs/home/m.romanov/thesis/benchmarking/datasets/UOB/maybridge-0366-899308076.png,CCOC(=O)c1cnc(C(F)(F)F)nc1Cl
/beegfs/home/m.romanov/thesis/benchmarking/datasets/UOB/maybridge-0367-195098201.png,Cn1ncc2c(Cl)ncnc21
/beegfs/home/m.romanov/thesis/benchmarking/datasets/UOB/maybridge-0367-411929059.png,CC(C)(C)OC(=O)c1[nH]nc2nc(F)ccc12
/beegfs/home/m.romanov/thesis/benchmarking/datasets/UOB/maybridge-0367-513763438.png,O=C(Cl)c1sc2ccccc2c1Cl
/beegfs/home/m.romanov/thesis/benchmarking/datasets/UOB/maybridge-0367-521444277.png,Clc1noc2ccccc12
/beegfs/home/m.romanov/thesis/benchmarking/datasets/UOB/maybridge-0367-678321406.png,O=C1N=C(O)c2cc(Cl)c([N+](=O)[O-])cc21
/beegfs/home/m.romanov/thesis/benchmarking/datasets/UOB/maybridge-0367-726247433.png,Clc1nc2ccccc2[nH]1
/beegfs/home/m.romanov/thesis/benchmarking/datasets/UOB/maybridge-0367-817079636.png,CCOC(=O)c1cnc2c(c(C)nn2C)c1Cl
/beegfs/home/m.romanov/thesis/benchmarking/datasets/UOB/maybridge-0367-92807765.png,Cc1nn(C)c2ncc(C(=N)O)c(Cl)c12
/beegfs/home/m.romanov/thesis/benchmarking/datasets/UOB/maybridge-0367-98809596.png,Cc1nn(C)c2ncc(C(=O)O)c(Cl)c12
/beegfs/home/m.romanov/thesis/benchmarking/datasets/UOB/maybridge-0367-990857961.png,O=S(=O)(Cl)c1c(Cl)nc2sccn12
/beegfs/home/m.romanov/thesis/benchmarking/datasets/UOB/maybridge-0368-221825225.png,Cc1sc2ncnc(Cl)c2c1C
/beegfs/home/m.romanov/thesis/benchmarking/datasets/UOB/maybridge-0368-269641577.png,Clc1ccc2nc(Cl)sc2c1
/beegfs/home/m.romanov/thesis/benchmarking/datasets/UOB/maybridge-0368-417381779.png,Cc1nc(Cl)c2c(C)c(C)sc2n1
/beegfs/home/m.romanov/thesis/benchmarking/datasets/UOB/maybridge-0368-456885395.png,Cc1csc2ncnc(Cl)c12
/beegfs/home/m.romanov/thesis/benchmarking/datasets/UOB/maybridge-0368-509825316.png,Clc1ncnc2sccc12
/beegfs/home/m.romanov/thesis/benchmarking/datasets/UOB/maybridge-0368-522722269.png,Clc1ncnc2sc(-c3ccccc3)cc12
/beegfs/home/m.romanov/thesis/benchmarking/datasets/UOB/maybridge-0368-632093947.png,Fc1nc2ccccc2s1
/beegfs/home/m.romanov/thesis/benchmarking/datasets/UOB/maybridge-0368-756179441.png,Clc1ncnc2scc(-c3cccs3)c12
/beegfs/home/m.romanov/thesis/benchmarking/datasets/UOB/maybridge-0368-776688274.png,Clc1ncnc2ccsc12
/beegfs/home/m.romanov/thesis/benchmarking/datasets/UOB/maybridge-0368-821085188.png,Cc1c(-c2ccccc2)sc2ncnc(Cl)c12
/beegfs/home/m.romanov/thesis/benchmarking/datasets/UOB/maybridge-0368-902829484.png,Clc1nc2ccccc2s1
/beegfs/home/m.romanov/thesis/benchmarking/datasets/UOB/maybridge-0368-906472738.png,Clc1nccc2occc12
/beegfs/home/m.romanov/thesis/benchmarking/datasets/UOB/maybridge-0369-1028469667.png,Fc1ccc2nc(C(F)(F)F)cc(Cl)c2c1
/beegfs/home/m.romanov/thesis/benchmarking/datasets/UOB/maybridge-0369-1041394377.png,O=C(Cl)c1cc(Cl)nc2ccc(Br)cc12
/beegfs/home/m.romanov/thesis/benchmarking/datasets/UOB/maybridge-0369-1196965.png,O=C(O)c1cc2ccccc2nc1Cl
/beegfs/home/m.romanov/thesis/benchmarking/datasets/UOB/maybridge-0369-156865475.png,Cc1csc2c(Cl)ncnc12
/beegfs/home/m.romanov/thesis/benchmarking/datasets/UOB/maybridge-0369-194822866.png,FC(F)(F)c1cc(Cl)c2ccccc2n1
/beegfs/home/m.romanov/thesis/benchmarking/datasets/UOB/maybridge-0369-246731426.png,FC(F)(F)c1cc(Cl)c2cccc(Br)c2n1
/beegfs/home/m.romanov/thesis/benchmarking/datasets/UOB/maybridge-0369-428323656.png,Fc1cccc2c(Cl)cc(C(F)(F)F)nc12
/beegfs/home/m.romanov/thesis/benchmarking/datasets/UOB/maybridge-0369-78101074.png,ClCc1cc2ccccc2nc1Cl
/beegfs/home/m.romanov/thesis/benchmarking/datasets/UOB/maybridge-0369-782115364.png,Cc1cc2ccccc2nc1Cl
/beegfs/home/m.romanov/thesis/benchmarking/datasets/UOB/maybridge-0369-789715446.png,O=C(Cl)c1cc2ccccc2nc1Cl
/beegfs/home/m.romanov/thesis/benchmarking/datasets/UOB/maybridge-0369-860681418.png,OCc1cc2ccccc2nc1Cl
/beegfs/home/m.romanov/thesis/benchmarking/datasets/UOB/maybridge-0369-91071010.png,COc1ccc2nc(Cl)c(CO)cc2c1
/beegfs/home/m.romanov/thesis/benchmarking/datasets/UOB/maybridge-0370-147543382.png,Clc1ncnc2sc3c(c12)CCCCC3
/beegfs/home/m.romanov/thesis/benchmarking/datasets/UOB/maybridge-0370-216934271.png,FC(F)(F)c1cc(Cl)c2cc(CBr)ccc2n1
/beegfs/home/m.romanov/thesis/benchmarking/datasets/UOB/maybridge-0370-594349710.png,CCOC(=O)c1c(SC)nc2ccc(Cl)cc2c1Cl
/beegfs/home/m.romanov/thesis/benchmarking/datasets/UOB/maybridge-0370-690107860.png,Clc1ncnc2sc3c(c12)CCC3
/beegfs/home/m.romanov/thesis/benchmarking/datasets/UOB/maybridge-0370-779006468.png,Cc1nc(Cl)c2c3c(sc2n1)CCCC3
/beegfs/home/m.romanov/thesis/benchmarking/datasets/UOB/maybridge-0371-129198308.png,Cc1cc(C(=O)CCl)c(C)n1-c1ccccc1
/beegfs/home/m.romanov/thesis/benchmarking/datasets/UOB/maybridge-0371-332476718.png,Cc1c(C(=O)CBr)cnn1-c1ccccc1
/beegfs/home/m.romanov/thesis/benchmarking/datasets/UOB/maybridge-0371-342323670.png,O=C(CBr)c1ccco1
/beegfs/home/m.romanov/thesis/benchmarking/datasets/UOB/maybridge-0371-367414616.png,Cc1cc(C(=O)CCl)c(C)n1-c1ccc(Cl)cc1
/beegfs/home/m.romanov/thesis/benchmarking/datasets/UOB/maybridge-0371-444253956.png,O=C(CBr)c1cccs1
/beegfs/home/m.romanov/thesis/benchmarking/datasets/UOB/maybridge-0371-477156428.png,Cc1cc(C(=O)CCl)c(C)n1-c1ccc(F)cc1
/beegfs/home/m.romanov/thesis/benchmarking/datasets/UOB/maybridge-0371-611671320.png,Cc1ccc(-n2c(C)cc(C(=O)CCl)c2C)cc1
/beegfs/home/m.romanov/thesis/benchmarking/datasets/UOB/maybridge-0371-93794671.png,O=C(CBr)c1ccsc1
/beegfs/home/m.romanov/thesis/benchmarking/datasets/UOB/maybridge-0372-1019856539.png,O=C(CBr)c1cc(-c2ccc(Cl)c(Cl)c2)no1
/beegfs/home/m.romanov/thesis/benchmarking/datasets/UOB/maybridge-0372-22764499.png,O=C(CCl)c1cc(Br)c(Cl)s1
/beegfs/home/m.romanov/thesis/benchmarking/datasets/UOB/maybridge-0372-255835363.png,CCOC(=O)c1cc(C(=O)CBr)on1
/beegfs/home/m.romanov/thesis/benchmarking/datasets/UOB/maybridge-0372-352404267.png,O=C(CBr)c1ccc(-c2ccccc2)s1
/beegfs/home/m.romanov/thesis/benchmarking/datasets/UOB/maybridge-0372-363656598.png,O=C(O)Cc1ccc(C(=O)CCl)s1
/beegfs/home/m.romanov/thesis/benchmarking/datasets/UOB/maybridge-0372-381896571.png,O=C(CCl)c1cc(Cl)c(Cl)s1
/beegfs/home/m.romanov/thesis/benchmarking/datasets/UOB/maybridge-0372-422236044.png,O=C(CBr)c1cc(-c2ccc(Cl)cc2Cl)no1
/beegfs/home/m.romanov/thesis/benchmarking/datasets/UOB/maybridge-0372-449420014.png,Cc1onc(-c2ccccc2)c1C(=O)CBr
/beegfs/home/m.romanov/thesis/benchmarking/datasets/UOB/maybridge-0372-668724372.png,O=C(CBr)c1ccc(-c2ccccn2)s1
/beegfs/home/m.romanov/thesis/benchmarking/datasets/UOB/maybridge-0372-777602168.png,O=C(CBr)c1cc(-c2ccccc2)no1
/beegfs/home/m.romanov/thesis/benchmarking/datasets/UOB/maybridge-0372-932739271.png,O=C(CBr)c1cc(-c2ccc(Cl)cc2)no1
/beegfs/home/m.romanov/thesis/benchmarking/datasets/UOB/maybridge-0373-1070025809.png,Cc1nc(-c2ccc(C(F)(F)F)cc2)sc1C(=O)CBr
/beegfs/home/m.romanov/thesis/benchmarking/datasets/UOB/maybridge-0373-167678837.png,Cc1nc(-c2ccccc2)sc1C(=O)CBr
/beegfs/home/m.romanov/thesis/benchmarking/datasets/UOB/maybridge-0373-205409004.png,N#Cc1cccc(C(=O)CBr)c1
/beegfs/home/m.romanov/thesis/benchmarking/datasets/UOB/maybridge-0373-274900875.png,O=C(CBr)c1cccc(F)c1
/beegfs/home/m.romanov/thesis/benchmarking/datasets/UOB/maybridge-0373-337400562.png,Cc1ccc(C(=O)CBr)cc1
/beegfs/home/m.romanov/thesis/benchmarking/datasets/UOB/maybridge-0373-378274006.png,Cc1nc(-c2cnccn2)sc1C(=O)CBr
/beegfs/home/m.romanov/thesis/benchmarking/datasets/UOB/maybridge-0373-599137162.png,O=C(CBr)c1ccccc1Cl
/beegfs/home/m.romanov/thesis/benchmarking/datasets/UOB/maybridge-0373-682179949.png,Cc1ccc(C(=O)CBr)c(C)c1
/beegfs/home/m.romanov/thesis/benchmarking/datasets/UOB/maybridge-0373-780235005.png,O=C(CBr)c1nccs1
/beegfs/home/m.romanov/thesis/benchmarking/datasets/UOB/maybridge-0373-794278333.png,N#Cc1ccc(C(=O)CBr)cc1
/beegfs/home/m.romanov/thesis/benchmarking/datasets/UOB/maybridge-0373-84979405.png,Cc1nc(-c2ccc(Cl)cc2)sc1C(=O)CBr
/beegfs/home/m.romanov/thesis/benchmarking/datasets/UOB/maybridge-0374-1071119137.png,O=C(CBr)c1ccc(F)c(F)c1
/beegfs/home/m.romanov/thesis/benchmarking/datasets/UOB/maybridge-0374-22832647.png,O=C(CBr)c1cccc(C(F)(F)F)c1
/beegfs/home/m.romanov/thesis/benchmarking/datasets/UOB/maybridge-0374-230464572.png,O=C(CBr)c1cccc(Cl)c1
/beegfs/home/m.romanov/thesis/benchmarking/datasets/UOB/maybridge-0374-377459976.png,O=C(CBr)c1ccc(C(F)(F)F)cc1
/beegfs/home/m.romanov/thesis/benchmarking/datasets/UOB/maybridge-0374-392639015.png,CC(C)Cc1ccc(C(=O)C(C)Br)cc1
/beegfs/home/m.romanov/thesis/benchmarking/datasets/UOB/maybridge-0374-399246141.png,CCCCCc1ccc(C(=O)CBr)cc1
/beegfs/home/m.romanov/thesis/benchmarking/datasets/UOB/maybridge-0374-551887567.png,O=C(CBr)c1ccccc1C(F)(F)F
/beegfs/home/m.romanov/thesis/benchmarking/datasets/UOB/maybridge-0374-67695884.png,O=C(CBr)c1ccc(-c2ccco2)cc1
/beegfs/home/m.romanov/thesis/benchmarking/datasets/UOB/maybridge-0374-941914878.png,O=C(CBr)c1ccc(OC(F)F)cc1
/beegfs/home/m.romanov/thesis/benchmarking/datasets/UOB/maybridge-0374-982550196.png,Cc1cc(C(=O)CBr)ccc1Cl
/beegfs/home/m.romanov/thesis/benchmarking/datasets/UOB/maybridge-0375-1014743465.png,O=C(CBr)c1ccccc1Oc1ccccc1
/beegfs/home/m.romanov/thesis/benchmarking/datasets/UOB/maybridge-0375-110375711.png,O=C(CBr)c1ccc(Oc2ccccc2)cc1
/beegfs/home/m.romanov/thesis/benchmarking/datasets/UOB/maybridge-0375-214133597.png,CS(=O)(=O)c1ccc(C(=O)CBr)cc1
/beegfs/home/m.romanov/thesis/benchmarking/datasets/UOB/maybridge-0375-418774861.png,O=C(CBr)c1ccc(OC(F)(F)F)cc1
/beegfs/home/m.romanov/thesis/benchmarking/datasets/UOB/maybridge-0375-482231635.png,O=C(CBr)c1ccc(-c2ccsc2)cc1
/beegfs/home/m.romanov/thesis/benchmarking/datasets/UOB/maybridge-0375-696215992.png,O=C(CBr)c1ccc(-c2cccs2)cc1
/beegfs/home/m.romanov/thesis/benchmarking/datasets/UOB/maybridge-0375-700778708.png,O=C(CBr)c1ccc(Cl)c([N+](=O)[O-])c1
/beegfs/home/m.romanov/thesis/benchmarking/datasets/UOB/maybridge-0375-724471614.png,CC(C)(C)c1cc(C(=O)CBr)cc(C(C)(C)C)c1O
/beegfs/home/m.romanov/thesis/benchmarking/datasets/UOB/maybridge-0375-863503907.png,Cc1ccc(C(Br)C(=O)c2ccc(Cl)cc2)cc1
/beegfs/home/m.romanov/thesis/benchmarking/datasets/UOB/maybridge-0375-872114668.png,O=C(c1ccc(Cl)cc1)C(Br)c1ccccc1
/beegfs/home/m.romanov/thesis/benchmarking/datasets/UOB/maybridge-0375-976015029.png,O=C(CBr)c1ccc(N2CCOCC2)cc1
/beegfs/home/m.romanov/thesis/benchmarking/datasets/UOB/maybridge-0376-105416330.png,O=C(CBr)c1cc(C(F)(F)F)cc(C(F)(F)F)c1
/beegfs/home/m.romanov/thesis/benchmarking/datasets/UOB/maybridge-0376-269375483.png,Br.O=C(CBr)c1ccncc1
/beegfs/home/m.romanov/thesis/benchmarking/datasets/UOB/maybridge-0376-301788362.png,Br.O=C(CBr)c1ccccn1
/beegfs/home/m.romanov/thesis/benchmarking/datasets/UOB/maybridge-0376-338104194.png,Br.O=C(CBr)c1cccnc1
/beegfs/home/m.romanov/thesis/benchmarking/datasets/UOB/maybridge-0376-578922955.png,O=C(CBr)C(c1ccccc1)c1ccccc1
/beegfs/home/m.romanov/thesis/benchmarking/datasets/UOB/maybridge-0376-675213291.png,O=C(CBr)c1c(Cl)cc(C(F)(F)F)cc1Cl
/beegfs/home/m.romanov/thesis/benchmarking/datasets/UOB/maybridge-0376-799974992.png,O=C(CBr)c1ccc2c(c1)CC(O)=N2
/beegfs/home/m.romanov/thesis/benchmarking/datasets/UOB/maybridge-0376-827839817.png,O=C(CBr)c1coc2ccccc12
/beegfs/home/m.romanov/thesis/benchmarking/datasets/UOB/maybridge-0376-951290943.png,O=C(CBr)c1cc2ccccc2o1
/beegfs/home/m.romanov/thesis/benchmarking/datasets/UOB/maybridge-0376-993997092.png,Cn1c(C(=O)CBr)nc2ccccc21
/beegfs/home/m.romanov/thesis/benchmarking/datasets/UOB/maybridge-0377-200011683.png,Cc1c(C(=O)CBr)sc2ccccc12
/beegfs/home/m.romanov/thesis/benchmarking/datasets/UOB/maybridge-0377-40590070.png,Cc1c(C(=O)CBr)sc2ccc(Cl)cc12
/beegfs/home/m.romanov/thesis/benchmarking/datasets/UOB/maybridge-0377-541246706.png,O=C(CBr)c1ccc2occc2c1
/beegfs/home/m.romanov/thesis/benchmarking/datasets/UOB/maybridge-0377-629490064.png,Cc1ccc2sc(C(=O)CBr)c(C)c2c1
/beegfs/home/m.romanov/thesis/benchmarking/datasets/UOB/maybridge-0377-674339366.png,O=C(CBr)c1cc(Br)cc2c1OCC2
/beegfs/home/m.romanov/thesis/benchmarking/datasets/UOB/maybridge-0377-727314170.png,O=C(CBr)c1ccc2c(c1)OCO2
/beegfs/home/m.romanov/thesis/benchmarking/datasets/UOB/maybridge-0377-742436189.png,O=C(CBr)c1cc2ccccc2s1
/beegfs/home/m.romanov/thesis/benchmarking/datasets/UOB/maybridge-0377-836889159.png,Cc1c(C(=O)CCl)sc2ccc(Cl)cc12
/beegfs/home/m.romanov/thesis/benchmarking/datasets/UOB/maybridge-0377-891474793.png,O=C(CBr)c1cc2cc(Br)ccc2o1
/beegfs/home/m.romanov/thesis/benchmarking/datasets/UOB/maybridge-0377-971207393.png,O=C(CBr)c1csc2ccccc12
/beegfs/home/m.romanov/thesis/benchmarking/datasets/UOB/maybridge-0378-140945183.png,O=C(CBr)c1ccc2c(c1)OCCCO2
/beegfs/home/m.romanov/thesis/benchmarking/datasets/UOB/maybridge-0378-297246047.png,CCc1cc2c(cc1C(=O)CBr)C(C)(C)CCC2(C)C
/beegfs/home/m.romanov/thesis/benchmarking/datasets/UOB/maybridge-0378-48915704.png,O=C1c2nonc2CCC1Br
/beegfs/home/m.romanov/thesis/benchmarking/datasets/UOB/maybridge-0378-583128790.png,O=C(CBr)c1cccc2c1OCCO2
/beegfs/home/m.romanov/thesis/benchmarking/datasets/UOB/maybridge-0378-654662568.png,O=C(CBr)c1ccc2c(c1)OCCO2
/beegfs/home/m.romanov/thesis/benchmarking/datasets/UOB/maybridge-0378-661262152.png,O=C(CBr)c1nc2ccccc2s1
/beegfs/home/m.romanov/thesis/benchmarking/datasets/UOB/maybridge-0378-691947924.png,O=C(CBr)c1csc2ccc(Br)cc12
/beegfs/home/m.romanov/thesis/benchmarking/datasets/UOB/maybridge-0378-753717944.png,CC1(C)CCC(C)(C)c2cc(C(=O)CBr)ccc21
/beegfs/home/m.romanov/thesis/benchmarking/datasets/UOB/maybridge-0378-803260148.png,O=C(CBr)c1cccc2c1OCCCO2
/beegfs/home/m.romanov/thesis/benchmarking/datasets/UOB/maybridge-0378-909442568.png,O=C(CBr)c1ccc2sccc2c1
/beegfs/home/m.romanov/thesis/benchmarking/datasets/UOB/maybridge-0379-176561251.png,O=C(CCl)CCl
/beegfs/home/m.romanov/thesis/benchmarking/datasets/UOB/maybridge-0379-370010940.png,CC(C)(C)C(=O)CBr
/beegfs/home/m.romanov/thesis/benchmarking/datasets/UOB/maybridge-0379-946093491.png,CCOC(=O)C(=O)CBr
/beegfs/home/m.romanov/thesis/benchmarking/datasets/UOB/maybridge-0379-973024812.png,COC(=O)C(Cl)C(=O)C(C)(C)C
/beegfs/home/m.romanov/thesis/benchmarking/datasets/UOB/maybridge-0380-112748934.png,OCc1cc(-c2ccco2)n[nH]1
/beegfs/home/m.romanov/thesis/benchmarking/datasets/UOB/maybridge-0380-403945534.png,CC(C)(CO)n1cccc1
/beegfs/home/m.romanov/thesis/benchmarking/datasets/UOB/maybridge-0380-452303754.png,OCc1cc(-c2cccs2)n[nH]1
/beegfs/home/m.romanov/thesis/benchmarking/datasets/UOB/maybridge-0380-822086798.png,CCOC(=O)c1[nH]c(C)c(CO)c1C
/beegfs/home/m.romanov/thesis/benchmarking/datasets/UOB/maybridge-0380-846688106.png,OC1CN(C(c2ccccc2)c2ccccc2)C1
/beegfs/home/m.romanov/thesis/benchmarking/datasets/UOB/maybridge-0380-85849794.png,Cn1ccc(CO)n1
/beegfs/home/m.romanov/thesis/benchmarking/datasets/UOB/maybridge-0380-90523519.png,Cc1cc(CO)n(C)n1
/beegfs/home/m.romanov/thesis/benchmarking/datasets/UOB/maybridge-0380-926957211.png,Cn1nc(-c2ccco2)cc1CO
/beegfs/home/m.romanov/thesis/benchmarking/datasets/UOB/maybridge-0380-929503466.png,Cc1cc(CO)nn1C
/beegfs/home/m.romanov/thesis/benchmarking/datasets/UOB/maybridge-0380-939077900.png,Cn1nc(CO)cc1-c1ccco1
/beegfs/home/m.romanov/thesis/benchmarking/datasets/UOB/maybridge-0381-1009180704.png,Cn1nc(CO)cc1-c1cccs1
/beegfs/home/m.romanov/thesis/benchmarking/datasets/UOB/maybridge-0381-169874600.png,Cc1c(CO)cnn1-c1ccc(F)cc1
/beegfs/home/m.romanov/thesis/benchmarking/datasets/UOB/maybridge-0381-240979692.png,Cn1nc(CO)cc1-c1ccccc1
/beegfs/home/m.romanov/thesis/benchmarking/datasets/UOB/maybridge-0381-567991847.png,Cn1cnc(CO)c1
/beegfs/home/m.romanov/thesis/benchmarking/datasets/UOB/maybridge-0381-627004710.png,Cc1c(CO)cnn1-c1ccccc1
/beegfs/home/m.romanov/thesis/benchmarking/datasets/UOB/maybridge-0381-644052063.png,Cn1ncc(CO)c1-c1ccccc1
/beegfs/home/m.romanov/thesis/benchmarking/datasets/UOB/maybridge-0381-805627828.png,Cn1nc(-c2ccccc2)cc1CO
/beegfs/home/m.romanov/thesis/benchmarking/datasets/UOB/maybridge-0381-85356767.png,Cc1nn(-c2ccccc2)c(C)c1CO
/beegfs/home/m.romanov/thesis/benchmarking/datasets/UOB/maybridge-0381-890112006.png,Cn1nc(-c2cccs2)cc1CO
/beegfs/home/m.romanov/thesis/benchmarking/datasets/UOB/maybridge-0381-892167388.png,Cn1ccnc1CO
/beegfs/home/m.romanov/thesis/benchmarking/datasets/UOB/maybridge-0382-252561146.png,Cc1cc(CO)c(-c2ccccc2)o1
/beegfs/home/m.romanov/thesis/benchmarking/datasets/UOB/maybridge-0382-324671811.png,CCCCc1nc(CO)c(Cl)[nH]1
/beegfs/home/m.romanov/thesis/benchmarking/datasets/UOB/maybridge-0382-385346671.png,Cl.OCc1cnc[nH]1
/beegfs/home/m.romanov/thesis/benchmarking/datasets/UOB/maybridge-0382-413247542.png,OCc1ccc(C(F)(F)F)o1
/beegfs/home/m.romanov/thesis/benchmarking/datasets/UOB/maybridge-0382-439016590.png,CSc1ncc(CO)n1Cc1ccccc1
/beegfs/home/m.romanov/thesis/benchmarking/datasets/UOB/maybridge-0382-563815804.png,Cc1ccc(CO)o1
/beegfs/home/m.romanov/thesis/benchmarking/datasets/UOB/maybridge-0382-591905314.png,CC1(O)CN=C(O)C1
/beegfs/home/m.romanov/thesis/benchmarking/datasets/UOB/maybridge-0382-710575534.png,Cc1oc(-c2ccccc2)cc1CO
/beegfs/home/m.romanov/thesis/benchmarking/datasets/UOB/maybridge-0382-794356947.png,OCc1nccn1Cc1ccccc1
/beegfs/home/m.romanov/thesis/benchmarking/datasets/UOB/maybridge-0382-865805804.png,Cn1cncc1CO
/beegfs/home/m.romanov/thesis/benchmarking/datasets/UOB/maybridge-0382-952892500.png,OCc1ncc[nH]1
/beegfs/home/m.romanov/thesis/benchmarking/datasets/UOB/maybridge-0382-996510757.png,Cc1nn(-c2ccccc2)nc1CO
/beegfs/home/m.romanov/thesis/benchmarking/datasets/UOB/maybridge-0383-12915411.png,OCc1ccc(-c2ccccn2)s1
/beegfs/home/m.romanov/thesis/benchmarking/datasets/UOB/maybridge-0383-203274519.png,OCc1ccc(-c2cccs2)s1
/beegfs/home/m.romanov/thesis/benchmarking/datasets/UOB/maybridge-0383-383278465.png,OCc1ccc(-c2ccco2)s1
/beegfs/home/m.romanov/thesis/benchmarking/datasets/UOB/maybridge-0383-41455490.png,OCc1ccc(Oc2ccccc2)o1
/beegfs/home/m.romanov/thesis/benchmarking/datasets/UOB/maybridge-0383-490271544.png,OCc1ccc(-c2cc(C(F)(F)F)cc(C(F)(F)F)c2)o1
/beegfs/home/m.romanov/thesis/benchmarking/datasets/UOB/maybridge-0383-502619596.png,OCc1ccc(N2CCOCC2)s1
/beegfs/home/m.romanov/thesis/benchmarking/datasets/UOB/maybridge-0383-506255342.png,Cc1nc(-c2ccc(CO)s2)cs1
/beegfs/home/m.romanov/thesis/benchmarking/datasets/UOB/maybridge-0383-544189000.png,OCc1ccc(Oc2cccnc2)o1
/beegfs/home/m.romanov/thesis/benchmarking/datasets/UOB/maybridge-0383-545144477.png,OCc1cc(Br)cs1
/beegfs/home/m.romanov/thesis/benchmarking/datasets/UOB/maybridge-0383-692577509.png,OCc1ccsc1Br
/beegfs/home/m.romanov/thesis/benchmarking/datasets/UOB/maybridge-0383-734834778.png,OCc1sccc1-n1cccc1
/beegfs/home/m.romanov/thesis/benchmarking/datasets/UOB/maybridge-0383-868163184.png,Cc1csc(CO)c1
/beegfs/home/m.romanov/thesis/benchmarking/datasets/UOB/maybridge-0384-165414024.png,OCc1ncoc1-c1ccccc1
/beegfs/home/m.romanov/thesis/benchmarking/datasets/UOB/maybridge-0384-247955767.png,OCc1cc(-c2ccco2)on1
/beegfs/home/m.romanov/thesis/benchmarking/datasets/UOB/maybridge-0384-352141199.png,Cc1onc(-c2ccccc2)c1CO
/beegfs/home/m.romanov/thesis/benchmarking/datasets/UOB/maybridge-0384-375073057.png,Cn1nc(-c2ccc(CO)s2)cc1C(F)(F)F
/beegfs/home/m.romanov/thesis/benchmarking/datasets/UOB/maybridge-0384-548599134.png,Cc1nc(-c2cc(CO)no2)cs1
/beegfs/home/m.romanov/thesis/benchmarking/datasets/UOB/maybridge-0384-559591837.png,OCc1cc(-c2cccs2)on1
/beegfs/home/m.romanov/thesis/benchmarking/datasets/UOB/maybridge-0384-603591222.png,Cc1noc(C)c1CO
/beegfs/home/m.romanov/thesis/benchmarking/datasets/UOB/maybridge-0384-710803003.png,Cc1onc(-c2c(Cl)cccc2Cl)c1CO
/beegfs/home/m.romanov/thesis/benchmarking/datasets/UOB/maybridge-0384-74338899.png,Cc1noc(-c2ccccc2)c1CO
/beegfs/home/m.romanov/thesis/benchmarking/datasets/UOB/maybridge-0384-779583438.png,Cc1nc(CO)c(C)o1
/beegfs/home/m.romanov/thesis/benchmarking/datasets/UOB/maybridge-0384-837537578.png,Cc1cc(CO)no1
/beegfs/home/m.romanov/thesis/benchmarking/datasets/UOB/maybridge-0384-848407541.png,OCc1cc(-c2ccccc2)on1
/beegfs/home/m.romanov/thesis/benchmarking/datasets/UOB/maybridge-0385-251471112.png,Cc1nc(C)c(CO)s1
/beegfs/home/m.romanov/thesis/benchmarking/datasets/UOB/maybridge-0385-278033901.png,OCc1csc(-c2ccccc2)n1
/beegfs/home/m.romanov/thesis/benchmarking/datasets/UOB/maybridge-0385-28798752.png,OCc1csc(-c2cccc(Cl)c2)n1
/beegfs/home/m.romanov/thesis/benchmarking/datasets/UOB/maybridge-0385-538830926.png,Cc1oc(-c2ccccc2)nc1CO
/beegfs/home/m.romanov/thesis/benchmarking/datasets/UOB/maybridge-0385-561551416.png,Cc1nc(-c2ccccc2)c(CO)s1
/beegfs/home/m.romanov/thesis/benchmarking/datasets/UOB/maybridge-0385-80639619.png,Cc1oc(-c2ccccc2)nc1CCO
/beegfs/home/m.romanov/thesis/benchmarking/datasets/UOB/maybridge-0385-826165853.png,Cc1nc(-c2ccccc2)sc1CO
/beegfs/home/m.romanov/thesis/benchmarking/datasets/UOB/maybridge-0385-847652423.png,Cc1nc(CO)cs1
/beegfs/home/m.romanov/thesis/benchmarking/datasets/UOB/maybridge-0385-874817505.png,OCc1csc(-c2ccc(C(F)(F)F)cc2)n1
/beegfs/home/m.romanov/thesis/benchmarking/datasets/UOB/maybridge-0385-928840397.png,OCc1nccs1
/beegfs/home/m.romanov/thesis/benchmarking/datasets/UOB/maybridge-0385-956483029.png,OCc1csc(-c2cccnc2)n1
/beegfs/home/m.romanov/thesis/benchmarking/datasets/UOB/maybridge-0386-102390459.png,CC(C)(C)OC(=O)N1CCC(c2nc(CO)cs2)CC1
/beegfs/home/m.romanov/thesis/benchmarking/datasets/UOB/maybridge-0386-266910023.png,OCc1cc(F)cc(F)c1
/beegfs/home/m.romanov/thesis/benchmarking/datasets/UOB/maybridge-0386-533217681.png,OCc1cccc(-n2cccc2)c1
/beegfs/home/m.romanov/thesis/benchmarking/datasets/UOB/maybridge-0386-601293773.png,OCc1c(F)cccc1Cl
/beegfs/home/m.romanov/thesis/benchmarking/datasets/UOB/maybridge-0386-627540606.png,O=C(O)C(O)c1ccccc1
/beegfs/home/m.romanov/thesis/benchmarking/datasets/UOB/maybridge-0386-764451753.png,OCc1sc(-c2ccccc2)nc1-c1ccccc1
/beegfs/home/m.romanov/thesis/benchmarking/datasets/UOB/maybridge-0386-862805690.png,Cc1nc(C2CCN(C(=O)OC(C)(C)C)CC2)sc1CO
/beegfs/home/m.romanov/thesis/benchmarking/datasets/UOB/maybridge-0386-896344751.png,OCc1ccccc1-n1cccc1
/beegfs/home/m.romanov/thesis/benchmarking/datasets/UOB/maybridge-0386-896556208.png,OCc1snnc1-c1ccccc1
/beegfs/home/m.romanov/thesis/benchmarking/datasets/UOB/maybridge-0386-943942163.png,Cc1nc(CCO)cs1
/beegfs/home/m.romanov/thesis/benchmarking/datasets/UOB/maybridge-0386-970847227.png,Cc1nc(-c2ccc(C(F)(F)F)cc2)sc1CO
/beegfs/home/m.romanov/thesis/benchmarking/datasets/UOB/maybridge-0387-335914754.png,OCc1ccc(-n2cncn2)cc1
/beegfs/home/m.romanov/thesis/benchmarking/datasets/UOB/maybridge-0387-490580330.png,OCc1ccc(-n2cccc2)cc1
/beegfs/home/m.romanov/thesis/benchmarking/datasets/UOB/maybridge-0387-557306637.png,OCc1ccccc1-n1cccn1
/beegfs/home/m.romanov/thesis/benchmarking/datasets/UOB/maybridge-0387-592017777.png,OCc1cccc(-n2cncn2)c1
/beegfs/home/m.romanov/thesis/benchmarking/datasets/UOB/maybridge-0387-648707942.png,OCc1ccc(-n2ccnc2)cc1
/beegfs/home/m.romanov/thesis/benchmarking/datasets/UOB/maybridge-0387-670861709.png,OCc1cccc(-c2ccco2)c1
/beegfs/home/m.romanov/thesis/benchmarking/datasets/UOB/maybridge-0387-750096432.png,OCc1ccc(-c2ccco2)cc1
/beegfs/home/m.romanov/thesis/benchmarking/datasets/UOB/maybridge-0387-793196219.png,OCc1cccc(-n2cccn2)c1
/beegfs/home/m.romanov/thesis/benchmarking/datasets/UOB/maybridge-0387-89513.png,OCc1ccccc1-c1ccco1
/beegfs/home/m.romanov/thesis/benchmarking/datasets/UOB/maybridge-0387-927135498.png,OCc1ccccc1N1CCCC1
/beegfs/home/m.romanov/thesis/benchmarking/datasets/UOB/maybridge-0387-983136944.png,OCc1ccc(-n2cccn2)cc1
/beegfs/home/m.romanov/thesis/benchmarking/datasets/UOB/maybridge-0387-984531291.png,OCc1cccc(N2CCCC2)c1
/beegfs/home/m.romanov/thesis/benchmarking/datasets/UOB/maybridge-0388-1046498725.png,OCc1ccc(-c2ccncc2)cc1
/beegfs/home/m.romanov/thesis/benchmarking/datasets/UOB/maybridge-0388-192246668.png,O=C(O)C(O)c1ccccc1Cl
/beegfs/home/m.romanov/thesis/benchmarking/datasets/UOB/maybridge-0388-202433208.png,OCc1cccc(Cn2ccnc2)c1
/beegfs/home/m.romanov/thesis/benchmarking/datasets/UOB/maybridge-0388-230576419.png,OCc1ccc(N2CCCC2)cc1
/beegfs/home/m.romanov/thesis/benchmarking/datasets/UOB/maybridge-0388-258642166.png,OCc1ccc(-c2cncnc2)cc1
/beegfs/home/m.romanov/thesis/benchmarking/datasets/UOB/maybridge-0388-433807668.png,Cc1ccc(C)c(C(O)C(=O)O)c1
/beegfs/home/m.romanov/thesis/benchmarking/datasets/UOB/maybridge-0388-541390190.png,OCc1ccc(-c2ccccn2)cc1
/beegfs/home/m.romanov/thesis/benchmarking/datasets/UOB/maybridge-0388-645076867.png,OCc1ccc(-c2cccnc2)cc1
/beegfs/home/m.romanov/thesis/benchmarking/datasets/UOB/maybridge-0388-677388609.png,OCc1ccccc1-c1cccnc1
/beegfs/home/m.romanov/thesis/benchmarking/datasets/UOB/maybridge-0388-701503153.png,OCc1cccc(-c2cncnc2)c1
/beegfs/home/m.romanov/thesis/benchmarking/datasets/UOB/maybridge-0388-790581565.png,OCc1cccc(-c2ccncc2)c1
/beegfs/home/m.romanov/thesis/benchmarking/datasets/UOB/maybridge-0388-946274847.png,OCc1cccc(-c2cccnc2)c1
/beegfs/home/m.romanov/thesis/benchmarking/datasets/UOB/maybridge-0389-1061850861.png,OCc1ccc(Cn2cccn2)cc1
/beegfs/home/m.romanov/thesis/benchmarking/datasets/UOB/maybridge-0389-209880127.png,OCc1cccc(Cn2cccn2)c1
/beegfs/home/m.romanov/thesis/benchmarking/datasets/UOB/maybridge-0389-412988051.png,OCc1ccccc1Cn1cncn1
/beegfs/home/m.romanov/thesis/benchmarking/datasets/UOB/maybridge-0389-431489274.png,Cc1noc(-c2ccc(CO)cc2)n1
/beegfs/home/m.romanov/thesis/benchmarking/datasets/UOB/maybridge-0389-465732533.png,Cc1noc(-c2ccccc2CO)n1
/beegfs/home/m.romanov/thesis/benchmarking/datasets/UOB/maybridge-0389-501330862.png,Cc1nc(-c2cccc(CO)c2)no1
/beegfs/home/m.romanov/thesis/benchmarking/datasets/UOB/maybridge-0389-758843250.png,OCc1ccc(Cn2ccnc2)cc1
/beegfs/home/m.romanov/thesis/benchmarking/datasets/UOB/maybridge-0389-784583003.png,OCc1cccc(Cn2cncn2)c1
/beegfs/home/m.romanov/thesis/benchmarking/datasets/UOB/maybridge-0389-805878656.png,Cc1nc(-c2ccc(CO)cc2)no1
/beegfs/home/m.romanov/thesis/benchmarking/datasets/UOB/maybridge-0389-89426572.png,OCc1ccc(Cn2cncn2)cc1
/beegfs/home/m.romanov/thesis/benchmarking/datasets/UOB/maybridge-0390-1013443601.png,OCc1ccccc1N1CCOCC1
/beegfs/home/m.romanov/thesis/benchmarking/datasets/UOB/maybridge-0390-1041338917.png,OCc1ccc(-c2ccsc2)cc1
/beegfs/home/m.romanov/thesis/benchmarking/datasets/UOB/maybridge-0390-1050519866.png,OCc1ccccc1-c1cccs1
/beegfs/home/m.romanov/thesis/benchmarking/datasets/UOB/maybridge-0390-173542653.png,OCc1ccc(N2CCCCC2)cc1
/beegfs/home/m.romanov/thesis/benchmarking/datasets/UOB/maybridge-0390-215490846.png,OCc1cccc(N2CCCCC2)c1
/beegfs/home/m.romanov/thesis/benchmarking/datasets/UOB/maybridge-0390-226536570.png,OCc1cccc(-c2cccs2)c1
/beegfs/home/m.romanov/thesis/benchmarking/datasets/UOB/maybridge-0390-233449857.png,OCc1cccc(-c2nccs2)c1
/beegfs/home/m.romanov/thesis/benchmarking/datasets/UOB/maybridge-0390-546380650.png,OCc1ccc(CN2CCCC2)cc1
/beegfs/home/m.romanov/thesis/benchmarking/datasets/UOB/maybridge-0390-636175745.png,OCc1ccc(-c2cccs2)cc1
/beegfs/home/m.romanov/thesis/benchmarking/datasets/UOB/maybridge-0390-806235801.png,OCc1ccc(-c2nccs2)cc1
/beegfs/home/m.romanov/thesis/benchmarking/datasets/UOB/maybridge-0390-985716734.png,OCc1cccc(-c2ccsc2)c1
/beegfs/home/m.romanov/thesis/benchmarking/datasets/UOB/maybridge-0390-997892703.png,OCc1cccc(CN2CCCC2)c1
/beegfs/home/m.romanov/thesis/benchmarking/datasets/UOB/maybridge-0391-1013687739.png,OCc1cccc(N2CCOCC2)c1
/beegfs/home/m.romanov/thesis/benchmarking/datasets/UOB/maybridge-0391-1056287084.png,OCc1cccc(Oc2ccccn2)c1
/beegfs/home/m.romanov/thesis/benchmarking/datasets/UOB/maybridge-0391-262017862.png,OCc1ccc(N2CCOCC2)cc1
/beegfs/home/m.romanov/thesis/benchmarking/datasets/UOB/maybridge-0391-328746827.png,Cc1nc(-c2ccc(CO)cc2)cs1
/beegfs/home/m.romanov/thesis/benchmarking/datasets/UOB/maybridge-0391-386476305.png,COc1ccc(CO)c(Cl)c1OC
/beegfs/home/m.romanov/thesis/benchmarking/datasets/UOB/maybridge-0391-393694049.png,CN(C)CCOc1ccccc1CO
/beegfs/home/m.romanov/thesis/benchmarking/datasets/UOB/maybridge-0391-402844346.png,OCc1ccccc1Oc1ccccc1
/beegfs/home/m.romanov/thesis/benchmarking/datasets/UOB/maybridge-0391-460484291.png,OCc1ccc(Oc2ccccn2)cc1
/beegfs/home/m.romanov/thesis/benchmarking/datasets/UOB/maybridge-0391-50522020.png,Cc1nc(-c2cccc(CO)c2)cs1
/beegfs/home/m.romanov/thesis/benchmarking/datasets/UOB/maybridge-0391-7074587.png,OCc1c(F)c(F)c(F)c(F)c1F
/beegfs/home/m.romanov/thesis/benchmarking/datasets/UOB/maybridge-0391-952789757.png,OCc1ccc(Oc2ccccc2)cc1
/beegfs/home/m.romanov/thesis/benchmarking/datasets/UOB/maybridge-0391-974488421.png,CN(C)CCOc1ccc(CO)cc1
/beegfs/home/m.romanov/thesis/benchmarking/datasets/UOB/maybridge-0392-1013687739.png,CN1CCN(c2ccccc2CO)CC1
/beegfs/home/m.romanov/thesis/benchmarking/datasets/UOB/maybridge-0392-1042256969.png,OCc1cccc(CN2CCCCC2)c1
/beegfs/home/m.romanov/thesis/benchmarking/datasets/UOB/maybridge-0392-1056287084.png,CN1CCN(Cc2cccc(CO)c2)CC1
/beegfs/home/m.romanov/thesis/benchmarking/datasets/UOB/maybridge-0392-262017862.png,OCc1ccccc1CN1CCOCC1
/beegfs/home/m.romanov/thesis/benchmarking/datasets/UOB/maybridge-0392-393694049.png,OCc1ccc(CN2CCOCC2)cc1
/beegfs/home/m.romanov/thesis/benchmarking/datasets/UOB/maybridge-0392-402844346.png,OCc1cccc(COc2ccccc2)c1
/beegfs/home/m.romanov/thesis/benchmarking/datasets/UOB/maybridge-0392-7074587.png,OCc1ccccc1COc1ccccc1
/beegfs/home/m.romanov/thesis/benchmarking/datasets/UOB/maybridge-0392-811005367.png,CN1CCN(c2ccc(CO)cc2)CC1
/beegfs/home/m.romanov/thesis/benchmarking/datasets/UOB/maybridge-0392-952789757.png,CN1CCCN(c2ccc(CO)cc2)CC1
/beegfs/home/m.romanov/thesis/benchmarking/datasets/UOB/maybridge-0392-95679130.png,OCc1ccc(CN2CCCCC2)cc1
/beegfs/home/m.romanov/thesis/benchmarking/datasets/UOB/maybridge-0392-974488421.png,OCc1cccc(CN2CCOCC2)c1
/beegfs/home/m.romanov/thesis/benchmarking/datasets/UOB/maybridge-0393-1001307775.png,CN1CCN(Cc2ccccc2CO)CC1
/beegfs/home/m.romanov/thesis/benchmarking/datasets/UOB/maybridge-0393-1016160499.png,CC(C)(C)OC(O)=NCc1ccc(CO)cc1
/beegfs/home/m.romanov/thesis/benchmarking/datasets/UOB/maybridge-0393-146409265.png,NN=C(O)C(O)(c1ccccc1)c1ccccc1
/beegfs/home/m.romanov/thesis/benchmarking/datasets/UOB/maybridge-0393-279308574.png,CN1CCCN(Cc2ccc(CO)cc2)CC1
/beegfs/home/m.romanov/thesis/benchmarking/datasets/UOB/maybridge-0393-318002702.png,OCc1cc(O)ccc1I
/beegfs/home/m.romanov/thesis/benchmarking/datasets/UOB/maybridge-0393-405740801.png,CC(C)(C)OC(O)=NCc1cccc(CO)c1
/beegfs/home/m.romanov/thesis/benchmarking/datasets/UOB/maybridge-0393-447064713.png,OCc1cccc(OCCN2CCOCC2)c1
/beegfs/home/m.romanov/thesis/benchmarking/datasets/UOB/maybridge-0393-741742085.png,N=C(O)C1CCN(CC(O)c2ccccc2)CC1
/beegfs/home/m.romanov/thesis/benchmarking/datasets/UOB/maybridge-0393-746974683.png,OCc1ccccc1OCCN1CCOCC1
/beegfs/home/m.romanov/thesis/benchmarking/datasets/UOB/maybridge-0393-911998718.png,CN1CCN(Cc2ccc(CO)cc2)CC1
/beegfs/home/m.romanov/thesis/benchmarking/datasets/UOB/maybridge-0393-983523342.png,OCc1ccc(OCCN2CCOCC2)cc1
/beegfs/home/m.romanov/thesis/benchmarking/datasets/UOB/maybridge-0394-1009083617.png,CC(C)(C)OC(=O)N1CCN(c2ccc(CO)cc2)CC1
/beegfs/home/m.romanov/thesis/benchmarking/datasets/UOB/maybridge-0394-242598031.png,CC(C)(C)OC(=O)N1CCN(Cc2cccc(CO)c2)CC1
/beegfs/home/m.romanov/thesis/benchmarking/datasets/UOB/maybridge-0394-487907403.png,OCc1ccc(I)c(O)c1
/beegfs/home/m.romanov/thesis/benchmarking/datasets/UOB/maybridge-0394-518324776.png,CC(C)(C)OC(=O)N1CCN(Cc2ccc(CO)cc2)CC1
/beegfs/home/m.romanov/thesis/benchmarking/datasets/UOB/maybridge-0394-645886110.png,OCc1cc(C(F)(F)F)ccc1N1CCOCC1
/beegfs/home/m.romanov/thesis/benchmarking/datasets/UOB/maybridge-0394-713878886.png,OCCc1ccc(O)cc1
/beegfs/home/m.romanov/thesis/benchmarking/datasets/UOB/maybridge-0394-743211019.png,CC(C)(C)OC(=O)N1CCN(c2ccccc2CO)CC1
/beegfs/home/m.romanov/thesis/benchmarking/datasets/UOB/maybridge-0394-91489977.png,O=[N+]([O-])c1ccc(C(O)CNCc2ccccc2)cc1
/beegfs/home/m.romanov/thesis/benchmarking/datasets/UOB/maybridge-0394-966328504.png,Cl.O=[N+]([O-])c1cc(CO)ccc1N1CCOCC1
/beegfs/home/m.romanov/thesis/benchmarking/datasets/UOB/maybridge-0395-151138024.png,Cc1cccc(CO)n1
/beegfs/home/m.romanov/thesis/benchmarking/datasets/UOB/maybridge-0395-190410422.png,Nc1ccc(S(=O)(=O)NCCO)cc1
/beegfs/home/m.romanov/thesis/benchmarking/datasets/UOB/maybridge-0395-409586475.png,CC(O)=Nc1ccc(S(=O)(=O)NCCO)cc1
/beegfs/home/m.romanov/thesis/benchmarking/datasets/UOB/maybridge-0395-420694735.png,OC1CCC(C(F)(F)F)CC1
/beegfs/home/m.romanov/thesis/benchmarking/datasets/UOB/maybridge-0395-479458456.png,OCCCc1ccc(Cl)cc1
/beegfs/home/m.romanov/thesis/benchmarking/datasets/UOB/maybridge-0395-508821865.png,OCCc1ccc(Br)cc1
/beegfs/home/m.romanov/thesis/benchmarking/datasets/UOB/maybridge-0395-605071582.png,N=c1ccc(CO)c[nH]1
/beegfs/home/m.romanov/thesis/benchmarking/datasets/UOB/maybridge-0395-673979974.png,N#Cc1ccc(CCO)cc1
/beegfs/home/m.romanov/thesis/benchmarking/datasets/UOB/maybridge-0395-820559784.png,OCc1ncccc1F
/beegfs/home/m.romanov/thesis/benchmarking/datasets/UOB/maybridge-0395-924207167.png,CC1(C)CCC(O)CC1
/beegfs/home/m.romanov/thesis/benchmarking/datasets/UOB/maybridge-0395-945210413.png,O=C(CO)c1ccc(Br)cc1
/beegfs/home/m.romanov/thesis/benchmarking/datasets/UOB/maybridge-0395-985748688.png,OCc1ccncc1
/beegfs/home/m.romanov/thesis/benchmarking/datasets/UOB/maybridge-0396-1031275971.png,OCc1ccc(-c2ccccc2)nc1
/beegfs/home/m.romanov/thesis/benchmarking/datasets/UOB/maybridge-0396-243738551.png,OCc1cccnc1N1CCCCC1
/beegfs/home/m.romanov/thesis/benchmarking/datasets/UOB/maybridge-0396-262963372.png,CCN(CC)c1ccc(CO)cn1
/beegfs/home/m.romanov/thesis/benchmarking/datasets/UOB/maybridge-0396-321610131.png,OCc1ccnc(N2CCCC2)c1
/beegfs/home/m.romanov/thesis/benchmarking/datasets/UOB/maybridge-0396-332061777.png,OCc1cc(Cl)nc(Cl)c1
/beegfs/home/m.romanov/thesis/benchmarking/datasets/UOB/maybridge-0396-421368604.png,OCc1ccc(N2CCCC2)nc1
/beegfs/home/m.romanov/thesis/benchmarking/datasets/UOB/maybridge-0396-610766996.png,OCc1ccc(N2CCCCC2)nc1
/beegfs/home/m.romanov/thesis/benchmarking/datasets/UOB/maybridge-0396-636578029.png,OCc1cccnc1Cl
/beegfs/home/m.romanov/thesis/benchmarking/datasets/UOB/maybridge-0396-678601898.png,OCc1ccc(Br)cn1
/beegfs/home/m.romanov/thesis/benchmarking/datasets/UOB/maybridge-0396-716752019.png,OCc1cccc(N2CCCCC2)n1
/beegfs/home/m.romanov/thesis/benchmarking/datasets/UOB/maybridge-0396-865697611.png,OCc1ccc(-c2cccs2)nc1
/beegfs/home/m.romanov/thesis/benchmarking/datasets/UOB/maybridge-0396-954394294.png,OCc1cccnc1N1CCCC1
/beegfs/home/m.romanov/thesis/benchmarking/datasets/UOB/maybridge-0397-1046022676.png,OCc1ccc(Oc2ccccc2)nc1
/beegfs/home/m.romanov/thesis/benchmarking/datasets/UOB/maybridge-0397-1066409651.png,O=[N+]([O-])c1ccc(OCCO)nc1
/beegfs/home/m.romanov/thesis/benchmarking/datasets/UOB/maybridge-0397-206871372.png,OCc1cnccn1
/beegfs/home/m.romanov/thesis/benchmarking/datasets/UOB/maybridge-0397-232936814.png,OCc1cccnc1N1CCOCC1
/beegfs/home/m.romanov/thesis/benchmarking/datasets/UOB/maybridge-0397-281809593.png,CC(C)(C)OC(=O)N1CCN(c2ccc(CO)cn2)CC1
/beegfs/home/m.romanov/thesis/benchmarking/datasets/UOB/maybridge-0397-29261136.png,OCc1ccnc(N2CCCCC2)c1
/beegfs/home/m.romanov/thesis/benchmarking/datasets/UOB/maybridge-0397-507334093.png,OCc1ccnc(N2CCOCC2)c1
/beegfs/home/m.romanov/thesis/benchmarking/datasets/UOB/maybridge-0397-512705722.png,OCCc1cccnc1
/beegfs/home/m.romanov/thesis/benchmarking/datasets/UOB/maybridge-0397-756328691.png,Cc1nc(-c2ccccc2)ncc1CO
/beegfs/home/m.romanov/thesis/benchmarking/datasets/UOB/maybridge-0397-949126637.png,OCc1ccc(N2CCOCC2)nc1
/beegfs/home/m.romanov/thesis/benchmarking/datasets/UOB/maybridge-0398-1043337195.png,OCC1CCNCC1
/beegfs/home/m.romanov/thesis/benchmarking/datasets/UOB/maybridge-0398-290630051.png,Cl.OC1CCCN(Cc2ccccc2)C1
/beegfs/home/m.romanov/thesis/benchmarking/datasets/UOB/maybridge-0398-366814048.png,OC1(c2ccc(Cl)cc2)CCNCC1
/beegfs/home/m.romanov/thesis/benchmarking/datasets/UOB/maybridge-0398-373147472.png,OC1CC(c2ccccc2)NC2(CCCC2)C1
/beegfs/home/m.romanov/thesis/benchmarking/datasets/UOB/maybridge-0398-588617672.png,OCC1CCN(Cc2ccccc2)CC1
/beegfs/home/m.romanov/thesis/benchmarking/datasets/UOB/maybridge-0398-679358552.png,O=C(OCc1ccccc1)N1CCCC(O)C1
/beegfs/home/m.romanov/thesis/benchmarking/datasets/UOB/maybridge-0398-843498134.png,Cc1cncc(N2CCC(CO)CC2)n1
/beegfs/home/m.romanov/thesis/benchmarking/datasets/UOB/maybridge-0398-917954349.png,OC1CCN(c2nccc(C(F)(F)F)n2)CC1
/beegfs/home/m.romanov/thesis/benchmarking/datasets/UOB/maybridge-0398-979051207.png,O=C(OCc1ccccc1)N1CCC(O)CC1
/beegfs/home/m.romanov/thesis/benchmarking/datasets/UOB/maybridge-0399-1040233662.png,OCCN1CCN(c2nccc(C(F)(F)F)n2)CC1
/beegfs/home/m.romanov/thesis/benchmarking/datasets/UOB/maybridge-0399-190713583.png,O=C(OCc1ccccc1)N1CCC(CO)CC1
/beegfs/home/m.romanov/thesis/benchmarking/datasets/UOB/maybridge-0399-243930583.png,CC(C)(C)OC(=O)N1CCN(CCO)CC1
/beegfs/home/m.romanov/thesis/benchmarking/datasets/UOB/maybridge-0399-263029288.png,CN1CCN(C)C(CO)C1
/beegfs/home/m.romanov/thesis/benchmarking/datasets/UOB/maybridge-0399-466561903.png,O=[N+]([O-])c1cccnc1N1CCN(CCO)CC1
/beegfs/home/m.romanov/thesis/benchmarking/datasets/UOB/maybridge-0399-729449839.png,O=C(OCc1ccccc1)N1CCCC(CO)C1
/beegfs/home/m.romanov/thesis/benchmarking/datasets/UOB/maybridge-0399-827277597.png,OCCN1CCN(c2ncc(Cl)cc2C(F)(F)F)CC1
/beegfs/home/m.romanov/thesis/benchmarking/datasets/UOB/maybridge-0399-913840312.png,OCCN1CCN(c2ncc(C(F)(F)F)cc2Cl)CC1
/beegfs/home/m.romanov/thesis/benchmarking/datasets/UOB/maybridge-0399-987934080.png,CC(C)(C)OC(=O)N1CCC(CCCO)CC1
/beegfs/home/m.romanov/thesis/benchmarking/datasets/UOB/maybridge-0400-21921812.png,Cn1c(CO)cc2sccc21
/beegfs/home/m.romanov/thesis/benchmarking/datasets/UOB/maybridge-0400-242912388.png,OC1CCSCC1
/beegfs/home/m.romanov/thesis/benchmarking/datasets/UOB/maybridge-0400-279782784.png,OCC1CN(Cc2ccccc2)CCO1
/beegfs/home/m.romanov/thesis/benchmarking/datasets/UOB/maybridge-0400-285540197.png,Cc1nn(C)c2sc(CO)cc12
/beegfs/home/m.romanov/thesis/benchmarking/datasets/UOB/maybridge-0400-579619690.png,OCC1CCOCC1
/beegfs/home/m.romanov/thesis/benchmarking/datasets/UOB/maybridge-0400-647147899.png,O=C(O)C1CC2CC1CCC2O
/beegfs/home/m.romanov/thesis/benchmarking/datasets/UOB/maybridge-0400-670822303.png,OCCN1CCCNCC1
/beegfs/home/m.romanov/thesis/benchmarking/datasets/UOB/maybridge-0400-919197803.png,Cn1c(CO)cc2occc21
/beegfs/home/m.romanov/thesis/benchmarking/datasets/UOB/maybridge-0400-955148007.png,OCc1cn2ccsc2n1
/beegfs/home/m.romanov/thesis/benchmarking/datasets/UOB/maybridge-0401-197628517.png,Cn1ccc2cc(CO)ccc21
/beegfs/home/m.romanov/thesis/benchmarking/datasets/UOB/maybridge-0401-214445705.png,Cn1nc(CO)c2ccccc21
/beegfs/home/m.romanov/thesis/benchmarking/datasets/UOB/maybridge-0401-214794500.png,OCCCc1nc2ccc(C(F)(F)F)cc2[nH]1
/beegfs/home/m.romanov/thesis/benchmarking/datasets/UOB/maybridge-0401-260423857.png,Cn1ccc2ccc(CO)cc21
/beegfs/home/m.romanov/thesis/benchmarking/datasets/UOB/maybridge-0401-32658327.png,OCc1c[nH]c2ccccc12
/beegfs/home/m.romanov/thesis/benchmarking/datasets/UOB/maybridge-0401-441342552.png,Cn1ccc2c(CO)cccc21
/beegfs/home/m.romanov/thesis/benchmarking/datasets/UOB/maybridge-0401-485319513.png,OCc1cccc2[nH]ccc12
/beegfs/home/m.romanov/thesis/benchmarking/datasets/UOB/maybridge-0401-486587309.png,OCc1ccc2nc[nH]c2c1
/beegfs/home/m.romanov/thesis/benchmarking/datasets/UOB/maybridge-0401-627454327.png,O=S(=O)(c1ccccc1)n1cc(CO)c2ccccc21
/beegfs/home/m.romanov/thesis/benchmarking/datasets/UOB/maybridge-0401-738379370.png,O=S(=O)(c1ccccc1)n1c(CO)cc2ccccc21
/beegfs/home/m.romanov/thesis/benchmarking/datasets/UOB/maybridge-0401-946649085.png,OCc1cn2ccccc2n1
/beegfs/home/m.romanov/thesis/benchmarking/datasets/UOB/maybridge-0401-985950255.png,Cn1nc2ccccc2c1CO
/beegfs/home/m.romanov/thesis/benchmarking/datasets/UOB/maybridge-0402-1049042464.png,O=C(OCc1ccccc1)N1c2ccccc2CC1CO
/beegfs/home/m.romanov/thesis/benchmarking/datasets/UOB/maybridge-0402-137524814.png,CC(C)(C)OC(=O)N1c2ccccc2CC1CO
/beegfs/home/m.romanov/thesis/benchmarking/datasets/UOB/maybridge-0402-234160464.png,Cn1nnc2cc(CO)ccc21
/beegfs/home/m.romanov/thesis/benchmarking/datasets/UOB/maybridge-0402-287350448.png,OCc1ccc2occc2c1
/beegfs/home/m.romanov/thesis/benchmarking/datasets/UOB/maybridge-0402-345358189.png,Cc1nc2ccccn2c1CO
/beegfs/home/m.romanov/thesis/benchmarking/datasets/UOB/maybridge-0402-415993128.png,OCCc1coc2ccccc12
/beegfs/home/m.romanov/thesis/benchmarking/datasets/UOB/maybridge-0402-709706342.png,OCc1cc2cc(Br)ccc2o1
/beegfs/home/m.romanov/thesis/benchmarking/datasets/UOB/maybridge-0402-775359349.png,OCC1Cc2ccccc2N1
/beegfs/home/m.romanov/thesis/benchmarking/datasets/UOB/maybridge-0402-798064743.png,OCc1ccc2nccn2c1
/beegfs/home/m.romanov/thesis/benchmarking/datasets/UOB/maybridge-0402-921601015.png,OCc1cc2ccccc2o1
/beegfs/home/m.romanov/thesis/benchmarking/datasets/UOB/maybridge-0403-128033819.png,OCc1cccc2nonc12
/beegfs/home/m.romanov/thesis/benchmarking/datasets/UOB/maybridge-0403-318760376.png,Cc1ccc2sc(CO)cc2c1
/beegfs/home/m.romanov/thesis/benchmarking/datasets/UOB/maybridge-0403-3222940.png,OCc1csc2ccccc12
/beegfs/home/m.romanov/thesis/benchmarking/datasets/UOB/maybridge-0403-370457871.png,OCc1cccc2c1OCO2
/beegfs/home/m.romanov/thesis/benchmarking/datasets/UOB/maybridge-0403-471688862.png,OCc1ccc2sccc2c1
/beegfs/home/m.romanov/thesis/benchmarking/datasets/UOB/maybridge-0403-493711857.png,OCc1csc2ccc(Cl)cc12
/beegfs/home/m.romanov/thesis/benchmarking/datasets/UOB/maybridge-0403-582333309.png,OCc1cccc2c1OCC2
/beegfs/home/m.romanov/thesis/benchmarking/datasets/UOB/maybridge-0403-669839402.png,OCCc1ccc2c(c1)OCO2
/beegfs/home/m.romanov/thesis/benchmarking/datasets/UOB/maybridge-0403-716039308.png,CC1(C)Cc2cccc(CO)c2O1
/beegfs/home/m.romanov/thesis/benchmarking/datasets/UOB/maybridge-0403-760837338.png,OCc1cc2ccccc2s1
/beegfs/home/m.romanov/thesis/benchmarking/datasets/UOB/maybridge-0403-800338209.png,OCC1Cc2ccccc2O1
/beegfs/home/m.romanov/thesis/benchmarking/datasets/UOB/maybridge-0403-948030493.png,OCc1csc2ccc(Br)cc12
/beegfs/home/m.romanov/thesis/benchmarking/datasets/UOB/maybridge-0404-1003136981.png,OCc1ccc2nonc2c1
/beegfs/home/m.romanov/thesis/benchmarking/datasets/UOB/maybridge-0404-1070247608.png,OCc1cccc2cccc(Br)c12
/beegfs/home/m.romanov/thesis/benchmarking/datasets/UOB/maybridge-0404-378470770.png,CC12CCC(O)(CC1)CC2=O
/beegfs/home/m.romanov/thesis/benchmarking/datasets/UOB/maybridge-0404-4141629.png,COc1ccc2nc(Cl)c(CO)cc2c1
/beegfs/home/m.romanov/thesis/benchmarking/datasets/UOB/maybridge-0404-628247432.png,OCc1cc2ccccc2nc1Cl
/beegfs/home/m.romanov/thesis/benchmarking/datasets/UOB/maybridge-0404-629884998.png,OCc1scc2c1OCCO2
/beegfs/home/m.romanov/thesis/benchmarking/datasets/UOB/maybridge-0404-809037721.png,OCc1cc2cccnc2s1
/beegfs/home/m.romanov/thesis/benchmarking/datasets/UOB/maybridge-0404-863149217.png,OCc1nc2ccccc2s1
/beegfs/home/m.romanov/thesis/benchmarking/datasets/UOB/maybridge-0404-884509145.png,OCc1ccc2ccccc2n1
/beegfs/home/m.romanov/thesis/benchmarking/datasets/UOB/maybridge-0404-999405397.png,OCc1ccc2nsnc2c1
/beegfs/home/m.romanov/thesis/benchmarking/datasets/UOB/maybridge-0405-120257093.png,OCC1COc2ccccc2C1
/beegfs/home/m.romanov/thesis/benchmarking/datasets/UOB/maybridge-0405-13943814.png,N=c1nc2ncc(CO)nc2c(N)[nH]1
/beegfs/home/m.romanov/thesis/benchmarking/datasets/UOB/maybridge-0405-151937917.png,C=CC1CN2CCC1CC2C(O)c1ccnc2ccc(OC)cc12
/beegfs/home/m.romanov/thesis/benchmarking/datasets/UOB/maybridge-0405-209672397.png,OCC1CCCN2CCCCC12
/beegfs/home/m.romanov/thesis/benchmarking/datasets/UOB/maybridge-0405-253070536.png,CN(CCO)c1cc(C(F)(F)F)nc2ccccc12
/beegfs/home/m.romanov/thesis/benchmarking/datasets/UOB/maybridge-0405-465801134.png,Cc1ccc2cc(CO)ccc2n1
/beegfs/home/m.romanov/thesis/benchmarking/datasets/UOB/maybridge-0405-534977604.png,OCC1CCc2ccccc2O1
/beegfs/home/m.romanov/thesis/benchmarking/datasets/UOB/maybridge-0405-599061030.png,N#CC1(O)CN2CCC1CC2
/beegfs/home/m.romanov/thesis/benchmarking/datasets/UOB/maybridge-0405-627537250.png,OCc1ccc2c(c1)OCCO2
/beegfs/home/m.romanov/thesis/benchmarking/datasets/UOB/maybridge-0405-808011242.png,OCc1cccc2c1OCCO2
/beegfs/home/m.romanov/thesis/benchmarking/datasets/UOB/maybridge-0405-869523353.png,OCc1ccc2ncccc2c1
/beegfs/home/m.romanov/thesis/benchmarking/datasets/UOB/maybridge-0406-1017408781.png,O=C(O)C12CC3CC(CC(O)(C3)C1)C2
/beegfs/home/m.romanov/thesis/benchmarking/datasets/UOB/maybridge-0406-20098439.png,OCc1ccc2c(c1)OCCCO2
/beegfs/home/m.romanov/thesis/benchmarking/datasets/UOB/maybridge-0406-334721317.png,CN(C)CC(O)Cn1c2ccc(Br)cc2c2cc(Br)ccc21
/beegfs/home/m.romanov/thesis/benchmarking/datasets/UOB/maybridge-0406-617811532.png,NCCSCCO
/beegfs/home/m.romanov/thesis/benchmarking/datasets/UOB/maybridge-0406-632609531.png,Cc1c(CCO)c(=O)n2c([nH]c3ccccc32)c1C#N
/beegfs/home/m.romanov/thesis/benchmarking/datasets/UOB/maybridge-0406-69659251.png,COC(=O)CCC(C)C1CCC2C3C(O)CC4CC(O)CCC4(C)C3CC(O)C12C
/beegfs/home/m.romanov/thesis/benchmarking/datasets/UOB/maybridge-0406-714841859.png,OCc1cccc2c1OCCCO2
/beegfs/home/m.romanov/thesis/benchmarking/datasets/UOB/maybridge-0406-933460413.png,OCC1CNc2ccccc2O1
/beegfs/home/m.romanov/thesis/benchmarking/datasets/UOB/maybridge-0407-149575662.png,COC(=O)c1cc(O)no1
/beegfs/home/m.romanov/thesis/benchmarking/datasets/UOB/maybridge-0407-398277469.png,Nc1cc(O)n[nH]1
/beegfs/home/m.romanov/thesis/benchmarking/datasets/UOB/maybridge-0407-451424042.png,COC(=O)c1scc(Br)c1O
/beegfs/home/m.romanov/thesis/benchmarking/datasets/UOB/maybridge-0407-597392458.png,COC(=O)c1sc(Br)c(Br)c1O
/beegfs/home/m.romanov/thesis/benchmarking/datasets/UOB/maybridge-0407-630095735.png,CC(C)(C)C1=NN=C(O)C1
/beegfs/home/m.romanov/thesis/benchmarking/datasets/UOB/maybridge-0407-70047336.png,Cc1ccc(-n2nc(C)cc2O)cc1
/beegfs/home/m.romanov/thesis/benchmarking/datasets/UOB/maybridge-0407-725828838.png,NCCCC1C=NN=C1O
/beegfs/home/m.romanov/thesis/benchmarking/datasets/UOB/maybridge-0407-742077064.png,COC(=O)c1sccc1O
/beegfs/home/m.romanov/thesis/benchmarking/datasets/UOB/maybridge-0407-895692498.png,Oc1nnc(S)n1C1CCCCC1
/beegfs/home/m.romanov/thesis/benchmarking/datasets/UOB/maybridge-0407-964215061.png,Cn1nc(O)cc1C(F)(F)F
/beegfs/home/m.romanov/thesis/benchmarking/datasets/UOB/maybridge-0408-30990049.png,Oc1cccc(F)c1
/beegfs/home/m.romanov/thesis/benchmarking/datasets/UOB/maybridge-0408-370129391.png,Oc1nnc(C2c3ccccc3Oc3ccccc32)o1
/beegfs/home/m.romanov/thesis/benchmarking/datasets/UOB/maybridge-0408-489934050.png,COc1ccc(O)cc1
/beegfs/home/m.romanov/thesis/benchmarking/datasets/UOB/maybridge-0408-492149817.png,Oc1cccc(F)c1O
/beegfs/home/m.romanov/thesis/benchmarking/datasets/UOB/maybridge-0408-707265543.png,CCOC(=O)c1sc(-c2cccc(C(F)(F)F)c2)nc1O
/beegfs/home/m.romanov/thesis/benchmarking/datasets/UOB/maybridge-0408-742779442.png,Cc1cc(C#N)cc(C)c1O
/beegfs/home/m.romanov/thesis/benchmarking/datasets/UOB/maybridge-0408-791372558.png,CCOC(=O)c1sc(-c2ccc(Cl)cc2)nc1O
/beegfs/home/m.romanov/thesis/benchmarking/datasets/UOB/maybridge-0408-847999531.png,N#Cc1ccc(O)cc1F
/beegfs/home/m.romanov/thesis/benchmarking/datasets/UOB/maybridge-0408-869051701.png,OB(O)c1cccc(O)c1
/beegfs/home/m.romanov/thesis/benchmarking/datasets/UOB/maybridge-0408-91320336.png,Oc1ccc(F)cc1
/beegfs/home/m.romanov/thesis/benchmarking/datasets/UOB/maybridge-0408-98358343.png,OCCc1ccc(O)cc1
/beegfs/home/m.romanov/thesis/benchmarking/datasets/UOB/maybridge-0409-188062108.png,Cc1cc(O)cc(C)c1C#N
/beegfs/home/m.romanov/thesis/benchmarking/datasets/UOB/maybridge-0409-239165531.png,N#Cc1cc(Cl)ccc1O
/beegfs/home/m.romanov/thesis/benchmarking/datasets/UOB/maybridge-0409-245458641.png,CC(=O)c1ccc(N)cc1O
/beegfs/home/m.romanov/thesis/benchmarking/datasets/UOB/maybridge-0409-286276646.png,CC(=O)c1cc(C)ccc1O
/beegfs/home/m.romanov/thesis/benchmarking/datasets/UOB/maybridge-0409-374806417.png,CC(=O)c1ccc(C)cc1O
/beegfs/home/m.romanov/thesis/benchmarking/datasets/UOB/maybridge-0409-380644170.png,NN=C(O)c1ccccc1O
/beegfs/home/m.romanov/thesis/benchmarking/datasets/UOB/maybridge-0409-584274762.png,CC(=O)c1cc(F)ccc1O
/beegfs/home/m.romanov/thesis/benchmarking/datasets/UOB/maybridge-0409-592532844.png,Cc1ccc([N+](=O)[O-])cc1O
/beegfs/home/m.romanov/thesis/benchmarking/datasets/UOB/maybridge-0409-702716700.png,O=Cc1cc(Cl)ccc1O
/beegfs/home/m.romanov/thesis/benchmarking/datasets/UOB/maybridge-0409-938033538.png,CC(=O)c1ccc(O)c(C)c1
/beegfs/home/m.romanov/thesis/benchmarking/datasets/UOB/maybridge-0409-947060016.png,CC(=O)c1c(O)cccc1O
/beegfs/home/m.romanov/thesis/benchmarking/datasets/UOB/maybridge-0409-992577744.png,N=C(O)Cc1ccc(O)cc1
/beegfs/home/m.romanov/thesis/benchmarking/datasets/UOB/maybridge-0410-296107009.png,CC(=O)c1cc(F)cc(F)c1O
/beegfs/home/m.romanov/thesis/benchmarking/datasets/UOB/maybridge-0410-312468480.png,O=[N+]([O-])c1ccc(F)cc1O
/beegfs/home/m.romanov/thesis/benchmarking/datasets/UOB/maybridge-0410-451663343.png,Cc1cc(Cl)cc(C=O)c1O
/beegfs/home/m.romanov/thesis/benchmarking/datasets/UOB/maybridge-0410-541124236.png,C=CCc1c(O)cccc1C=O
/beegfs/home/m.romanov/thesis/benchmarking/datasets/UOB/maybridge-0410-561974055.png,CC(=O)c1cccc(Cl)c1O
/beegfs/home/m.romanov/thesis/benchmarking/datasets/UOB/maybridge-0410-564539904.png,Oc1ccccc1C(F)(F)F
/beegfs/home/m.romanov/thesis/benchmarking/datasets/UOB/maybridge-0410-57649500.png,Nc1cc(O)cc(O)c1
/beegfs/home/m.romanov/thesis/benchmarking/datasets/UOB/maybridge-0410-588760698.png,Oc1ccc(-n2cncn2)cc1
/beegfs/home/m.romanov/thesis/benchmarking/datasets/UOB/maybridge-0410-849214437.png,CC(=O)c1ccc(O)c(C)c1O
/beegfs/home/m.romanov/thesis/benchmarking/datasets/UOB/maybridge-0410-867686295.png,CC(O)=Nc1cc(C)ccc1O
/beegfs/home/m.romanov/thesis/benchmarking/datasets/UOB/maybridge-0410-88906008.png,Oc1ccc(-n2ccnc2)cc1
/beegfs/home/m.romanov/thesis/benchmarking/datasets/UOB/maybridge-0410-944480536.png,Oc1ccccc1-c1nnco1
/beegfs/home/m.romanov/thesis/benchmarking/datasets/UOB/maybridge-0411-1009639658.png,Cc1cc(C)c(O)c(C(C)(C)C)c1
/beegfs/home/m.romanov/thesis/benchmarking/datasets/UOB/maybridge-0411-152242025.png,Oc1ccccc1N1CCOCC1
/beegfs/home/m.romanov/thesis/benchmarking/datasets/UOB/maybridge-0411-233289477.png,Oc1cccc(N2CCOCC2)c1
/beegfs/home/m.romanov/thesis/benchmarking/datasets/UOB/maybridge-0411-234311028.png,Cc1ccc(O)c(Br)c1
/beegfs/home/m.romanov/thesis/benchmarking/datasets/UOB/maybridge-0411-36873016.png,N#Cc1c(O)ccc([N+](=O)[O-])c1O
/beegfs/home/m.romanov/thesis/benchmarking/datasets/UOB/maybridge-0411-389376715.png,COC(=O)CCc1ccccc1O
/beegfs/home/m.romanov/thesis/benchmarking/datasets/UOB/maybridge-0411-590849432.png,O=C(O)c1cc(O)ccc1[N+](=O)[O-]
/beegfs/home/m.romanov/thesis/benchmarking/datasets/UOB/maybridge-0411-708007996.png,COc1cc(O)c(C(C)=O)c(O)c1
/beegfs/home/m.romanov/thesis/benchmarking/datasets/UOB/maybridge-0411-73820732.png,COC(=O)c1cc(Cl)ccc1O
/beegfs/home/m.romanov/thesis/benchmarking/datasets/UOB/maybridge-0411-74117572.png,Nc1cc(Cl)cc(Cl)c1O
/beegfs/home/m.romanov/thesis/benchmarking/datasets/UOB/maybridge-0411-899835856.png,Oc1ccc(F)c(C(F)(F)F)c1
/beegfs/home/m.romanov/thesis/benchmarking/datasets/UOB/maybridge-0411-953008040.png,Oc1ccc(Oc2ccccc2)cc1
/beegfs/home/m.romanov/thesis/benchmarking/datasets/UOB/maybridge-0412-1040354805.png,CCCC(=O)c1ccc(N=C(C)O)cc1O
/beegfs/home/m.romanov/thesis/benchmarking/datasets/UOB/maybridge-0412-209068700.png,CC(=O)c1ccc(N=C(C)O)cc1O
/beegfs/home/m.romanov/thesis/benchmarking/datasets/UOB/maybridge-0412-255846400.png,O=C(O)c1cc(-c2cccc(O)c2)[nH]n1
/beegfs/home/m.romanov/thesis/benchmarking/datasets/UOB/maybridge-0412-280805865.png,Oc1ccc(OCc2ccccc2)cc1
/beegfs/home/m.romanov/thesis/benchmarking/datasets/UOB/maybridge-0412-370270810.png,N#CC(c1ccc(O)cc1)N1CCOCC1
/beegfs/home/m.romanov/thesis/benchmarking/datasets/UOB/maybridge-0412-400666754.png,CCCc1ccc(N=C(C)O)cc1O
/beegfs/home/m.romanov/thesis/benchmarking/datasets/UOB/maybridge-0412-7242806.png,CCOC(=O)CCc1ccc(O)cc1
/beegfs/home/m.romanov/thesis/benchmarking/datasets/UOB/maybridge-0412-739287532.png,Oc1ccc(SC(F)(F)F)cc1
/beegfs/home/m.romanov/thesis/benchmarking/datasets/UOB/maybridge-0412-895549112.png,Cc1cc(Br)cc(Cl)c1O
/beegfs/home/m.romanov/thesis/benchmarking/datasets/UOB/maybridge-0412-967936906.png,O=Cc1cc(Cl)c(O)c(Cl)c1
/beegfs/home/m.romanov/thesis/benchmarking/datasets/UOB/maybridge-0412-973816945.png,COc1cc(CC(N)C(=O)O)ccc1O
/beegfs/home/m.romanov/thesis/benchmarking/datasets/UOB/maybridge-0413-1070404525.png,COc1cc(Br)cc(C=O)c1O
/beegfs/home/m.romanov/thesis/benchmarking/datasets/UOB/maybridge-0413-469580468.png,O=Cc1cc(O)ccc1I
/beegfs/home/m.romanov/thesis/benchmarking/datasets/UOB/maybridge-0413-50812800.png,CC(C)(C)c1cc(C#N)cc(C(C)(C)C)c1O
/beegfs/home/m.romanov/thesis/benchmarking/datasets/UOB/maybridge-0413-616821016.png,CCCc1c(O)c(C(C)=O)cc(C(C)=O)c1O
/beegfs/home/m.romanov/thesis/benchmarking/datasets/UOB/maybridge-0413-678996211.png,O=Cc1ccc(I)c(O)c1
/beegfs/home/m.romanov/thesis/benchmarking/datasets/UOB/maybridge-0413-690325573.png,O=C(O)c1cc(S(=O)(=O)Cl)ccc1O
/beegfs/home/m.romanov/thesis/benchmarking/datasets/UOB/maybridge-0413-704877272.png,O=C(O)c1ccc(I)c(O)c1
/beegfs/home/m.romanov/thesis/benchmarking/datasets/UOB/maybridge-0413-724618107.png,OCc1ccc(I)c(O)c1
/beegfs/home/m.romanov/thesis/benchmarking/datasets/UOB/maybridge-0413-756640811.png,Cc1cc(I)cc(C)c1O
/beegfs/home/m.romanov/thesis/benchmarking/datasets/UOB/maybridge-0413-792191315.png,OCc1cc(O)ccc1I
/beegfs/home/m.romanov/thesis/benchmarking/datasets/UOB/maybridge-0413-845633745.png,CC(C)(C)OC(=O)N1CCCN(c2cccc(O)c2)CC1
/beegfs/home/m.romanov/thesis/benchmarking/datasets/UOB/maybridge-0414-1046139581.png,CCc1ccc(C)nc1O
/beegfs/home/m.romanov/thesis/benchmarking/datasets/UOB/maybridge-0414-192097041.png,O=C(O)c1cc(Cl)cnc1O
/beegfs/home/m.romanov/thesis/benchmarking/datasets/UOB/maybridge-0414-200591320.png,O=[N+]([O-])c1cc(Cl)cnc1O
/beegfs/home/m.romanov/thesis/benchmarking/datasets/UOB/maybridge-0414-290682509.png,Cc1ccc(O)c(C)n1
/beegfs/home/m.romanov/thesis/benchmarking/datasets/UOB/maybridge-0414-465802516.png,CC(C)(C)c1cc(-c2cc(C(C)(C)C)c(O)c(C(C)(C)C)c2)cc(C(C)(C)C)c1O
/beegfs/home/m.romanov/thesis/benchmarking/datasets/UOB/maybridge-0414-56636671.png,CC(C)(C)c1cc(C(=O)CBr)cc(C(C)(C)C)c1O
/beegfs/home/m.romanov/thesis/benchmarking/datasets/UOB/maybridge-0414-580747516.png,O=c1cc[nH]cc1[N+](=O)[O-]
/beegfs/home/m.romanov/thesis/benchmarking/datasets/UOB/maybridge-0414-702568979.png,Cc1cc(C(=O)O)cc(O)n1
/beegfs/home/m.romanov/thesis/benchmarking/datasets/UOB/maybridge-0414-818017166.png,Br.Br.Oc1ccc(N2CCNCC2)cc1
/beegfs/home/m.romanov/thesis/benchmarking/datasets/UOB/maybridge-0414-8869316.png,Oc1cncc(Cl)c1
/beegfs/home/m.romanov/thesis/benchmarking/datasets/UOB/maybridge-0414-909517550.png,Cc1ccc(O)nc1
/beegfs/home/m.romanov/thesis/benchmarking/datasets/UOB/maybridge-0415-1019584495.png,N#Cc1c(C(F)(F)F)cc(-c2cccnc2)nc1O
/beegfs/home/m.romanov/thesis/benchmarking/datasets/UOB/maybridge-0415-1059078273.png,O=[N+]([O-])c1cc(Br)cnc1O
/beegfs/home/m.romanov/thesis/benchmarking/datasets/UOB/maybridge-0415-142676068.png,CC(=O)c1cc(C#N)c(O)nc1C
/beegfs/home/m.romanov/thesis/benchmarking/datasets/UOB/maybridge-0415-227097499.png,N#Cc1c(-c2cccs2)cc(-c2ccco2)nc1O
/beegfs/home/m.romanov/thesis/benchmarking/datasets/UOB/maybridge-0415-382052970.png,COCc1cc(O)nc(SC)n1
/beegfs/home/m.romanov/thesis/benchmarking/datasets/UOB/maybridge-0415-539682728.png,O=[N+]([O-])c1cc(C(F)(F)F)cnc1O
/beegfs/home/m.romanov/thesis/benchmarking/datasets/UOB/maybridge-0415-603558834.png,O=C(O)c1ccc(O)nn1
/beegfs/home/m.romanov/thesis/benchmarking/datasets/UOB/maybridge-0415-66637732.png,N#Cc1c(C(F)(F)F)cc(-c2ccccc2)nc1O
/beegfs/home/m.romanov/thesis/benchmarking/datasets/UOB/maybridge-0415-890219510.png,Oc1cc(Cl)ncn1
/beegfs/home/m.romanov/thesis/benchmarking/datasets/UOB/maybridge-0415-967736943.png,CCOC(=O)c1c(O)cc(C)nc1O
/beegfs/home/m.romanov/thesis/benchmarking/datasets/UOB/maybridge-0415-989845836.png,Oc1nncc(Cl)c1Cl
/beegfs/home/m.romanov/thesis/benchmarking/datasets/UOB/maybridge-0416-1073381815.png,Oc1nc2ccccc2[nH]1
/beegfs/home/m.romanov/thesis/benchmarking/datasets/UOB/maybridge-0416-119325075.png,O=[N+]([O-])c1coc2ccc(O)cc12
/beegfs/home/m.romanov/thesis/benchmarking/datasets/UOB/maybridge-0416-176794809.png,Cc1nc(O)[nH]c(=N)n1
/beegfs/home/m.romanov/thesis/benchmarking/datasets/UOB/maybridge-0416-210240283.png,Cc1nc(-c2ccccn2)nc(O)c1Cl
/beegfs/home/m.romanov/thesis/benchmarking/datasets/UOB/maybridge-0416-558475133.png,NC(Cc1c[nH]c2ccc(O)cc12)C(=O)O
/beegfs/home/m.romanov/thesis/benchmarking/datasets/UOB/maybridge-0416-723829788.png,Oc1ncnc2n[nH]cc12
/beegfs/home/m.romanov/thesis/benchmarking/datasets/UOB/maybridge-0416-742240043.png,CCOC(=O)c1cnc(O)nc1C(F)(F)F
/beegfs/home/m.romanov/thesis/benchmarking/datasets/UOB/maybridge-0416-815823274.png,N=c1nc(C23CC4CC(CC(C4)C2)C3)nc(O)[nH]1
/beegfs/home/m.romanov/thesis/benchmarking/datasets/UOB/maybridge-0416-86443299.png,O=C(O)c1cnc(O)nc1-c1ccncc1
/beegfs/home/m.romanov/thesis/benchmarking/datasets/UOB/maybridge-0416-891613190.png,Cc1ccc(O)c2c1CCC2
/beegfs/home/m.romanov/thesis/benchmarking/datasets/UOB/maybridge-0416-998972939.png,CCSc1nc(N)c(Br)c(O)n1
/beegfs/home/m.romanov/thesis/benchmarking/datasets/UOB/maybridge-0417-155777910.png,CC(=O)c1c(O)ccc2ccccc12
/beegfs/home/m.romanov/thesis/benchmarking/datasets/UOB/maybridge-0417-193031678.png,Oc1noc2cc(Cl)ccc12
/beegfs/home/m.romanov/thesis/benchmarking/datasets/UOB/maybridge-0417-389307269.png,Oc1nc2ccccc2s1
/beegfs/home/m.romanov/thesis/benchmarking/datasets/UOB/maybridge-0417-458831522.png,Oc1nc2ncccc2o1
/beegfs/home/m.romanov/thesis/benchmarking/datasets/UOB/maybridge-0417-557123254.png,Oc1nc2ccc(Cl)cc2o1
/beegfs/home/m.romanov/thesis/benchmarking/datasets/UOB/maybridge-0417-660354805.png,O=C1COc2cc(O)ccc21
/beegfs/home/m.romanov/thesis/benchmarking/datasets/UOB/maybridge-0417-709682369.png,Cc1cccc2c(O)noc12
/beegfs/home/m.romanov/thesis/benchmarking/datasets/UOB/maybridge-0417-735029388.png,O=C1CCc2cccc(O)c2C1
/beegfs/home/m.romanov/thesis/benchmarking/datasets/UOB/maybridge-0417-80497532.png,Oc1ccc2c(c1)CCCC2
/beegfs/home/m.romanov/thesis/benchmarking/datasets/UOB/maybridge-0417-886120615.png,Oc1ccc2nonc2c1
/beegfs/home/m.romanov/thesis/benchmarking/datasets/UOB/maybridge-0417-947930651.png,COC(=O)c1sc2ccccc2c1O
/beegfs/home/m.romanov/thesis/benchmarking/datasets/UOB/maybridge-0417-965353766.png,Oc1noc2ccccc12
/beegfs/home/m.romanov/thesis/benchmarking/datasets/UOB/maybridge-0418-380501479.png,Oc1cc(C(F)(F)F)nc2c(Br)cccc12
/beegfs/home/m.romanov/thesis/benchmarking/datasets/UOB/maybridge-0418-418099059.png,Oc1cc(C(F)(F)F)nc2ccc(C(F)(F)F)cc12
/beegfs/home/m.romanov/thesis/benchmarking/datasets/UOB/maybridge-0418-450107841.png,O=C(O)c1ccc2cccc(O)c2n1
/beegfs/home/m.romanov/thesis/benchmarking/datasets/UOB/maybridge-0418-486085112.png,CCOC(=O)c1c[nH]c2c(F)cccc2c1=O
/beegfs/home/m.romanov/thesis/benchmarking/datasets/UOB/maybridge-0418-499776851.png,Cc1nc2ccccc2c(C(=O)O)c1O
/beegfs/home/m.romanov/thesis/benchmarking/datasets/UOB/maybridge-0418-51797420.png,Oc1c(I)cc(Cl)c2cccnc12
/beegfs/home/m.romanov/thesis/benchmarking/datasets/UOB/maybridge-0418-799143962.png,Oc1ncnc2cccc(F)c12
/beegfs/home/m.romanov/thesis/benchmarking/datasets/UOB/maybridge-0418-80475824.png,Cc1cccc2c(O)cc(C(F)(F)F)nc12
/beegfs/home/m.romanov/thesis/benchmarking/datasets/UOB/maybridge-0418-806766676.png,CCOC(=O)c1c[nH]c2ccc(OC(F)(F)F)cc2c1=O
/beegfs/home/m.romanov/thesis/benchmarking/datasets/UOB/maybridge-0418-873812288.png,Oc1cc(O)c2ccccc2n1
/beegfs/home/m.romanov/thesis/benchmarking/datasets/UOB/maybridge-0418-874603139.png,Cc1cc(O)nc2ccccc12
/beegfs/home/m.romanov/thesis/benchmarking/datasets/UOB/maybridge-0418-886924845.png,Oc1cc(C(F)(F)F)nc2c(F)cccc12
/beegfs/home/m.romanov/thesis/benchmarking/datasets/UOB/maybridge-0419-1070201388.png,O=c1cc(C(F)(F)F)c2ccc(O)cc2o1
/beegfs/home/m.romanov/thesis/benchmarking/datasets/UOB/maybridge-0419-143449795.png,Nc1ccc(O)c2c1C(=O)c1c(O)ccc(N)c1C2=O
/beegfs/home/m.romanov/thesis/benchmarking/datasets/UOB/maybridge-0419-160323249.png,Cn1c(=O)cc(O)c2ccccc21
/beegfs/home/m.romanov/thesis/benchmarking/datasets/UOB/maybridge-0419-341857788.png,O=c1ccoc2cccc(O)c12
/beegfs/home/m.romanov/thesis/benchmarking/datasets/UOB/maybridge-0419-371826289.png,Cc1c(O)ccc2c1OC(C)(C)CC2=O
/beegfs/home/m.romanov/thesis/benchmarking/datasets/UOB/maybridge-0419-436816131.png,CCOC(=O)c1cc(=O)c2ccc(O)cc2o1
/beegfs/home/m.romanov/thesis/benchmarking/datasets/UOB/maybridge-0419-470208513.png,O=C(O)C1Cc2cc(O)ccc2CN1
/beegfs/home/m.romanov/thesis/benchmarking/datasets/UOB/maybridge-0419-978899662.png,O=C1c2ccc(O)cc2C(=O)c2ccc(O)cc21
/beegfs/home/m.romanov/thesis/benchmarking/datasets/UOB/maybridge-0420-1067017408.png,Cc1noc(C)c1N=C=O
/beegfs/home/m.romanov/thesis/benchmarking/datasets/UOB/maybridge-0420-176786571.png,Cc1oc(-c2ccccc2)cc1N=C=O
/beegfs/home/m.romanov/thesis/benchmarking/datasets/UOB/maybridge-0420-281598398.png,Cc1noc(-c2ccccc2)c1N=C=O
/beegfs/home/m.romanov/thesis/benchmarking/datasets/UOB/maybridge-0420-533448438.png,Cc1csc(N=C=O)c1
/beegfs/home/m.romanov/thesis/benchmarking/datasets/UOB/maybridge-0420-598864547.png,Cc1cc(N=C=O)c(-c2ccccc2)o1
/beegfs/home/m.romanov/thesis/benchmarking/datasets/UOB/maybridge-0420-705619988.png,Cc1cc(N=C=O)c(C(F)(F)F)o1
/beegfs/home/m.romanov/thesis/benchmarking/datasets/UOB/maybridge-0420-729560926.png,O=C=NCCc1cccs1
/beegfs/home/m.romanov/thesis/benchmarking/datasets/UOB/maybridge-0420-807447580.png,O=C=Nc1cccs1
/beegfs/home/m.romanov/thesis/benchmarking/datasets/UOB/maybridge-0420-815996235.png,Cc1nn(C)c(C)c1N=C=O
/beegfs/home/m.romanov/thesis/benchmarking/datasets/UOB/maybridge-0420-820046623.png,O=C=Nc1ccsc1
/beegfs/home/m.romanov/thesis/benchmarking/datasets/UOB/maybridge-0420-888726055.png,Cc1c(N=C=O)cnn1-c1ccccc1
/beegfs/home/m.romanov/thesis/benchmarking/datasets/UOB/maybridge-0421-1056409238.png,O=C=Nc1csc(-c2cccc(Cl)c2)n1
/beegfs/home/m.romanov/thesis/benchmarking/datasets/UOB/maybridge-0421-1069503858.png,CCc1ccccc1N=C=O
/beegfs/home/m.romanov/thesis/benchmarking/datasets/UOB/maybridge-0421-122432161.png,Cc1onc(-c2ccccc2)c1N=C=O
/beegfs/home/m.romanov/thesis/benchmarking/datasets/UOB/maybridge-0421-130428845.png,CSc1ccc(N=C=O)cc1
/beegfs/home/m.romanov/thesis/benchmarking/datasets/UOB/maybridge-0421-22140985.png,N#Cc1ccc(N=C=O)cc1
/beegfs/home/m.romanov/thesis/benchmarking/datasets/UOB/maybridge-0421-356007914.png,O=C=Nc1csc(-c2ccc(C(F)(F)F)cc2)n1
/beegfs/home/m.romanov/thesis/benchmarking/datasets/UOB/maybridge-0421-532556110.png,Cc1nc(-c2ccccc2)sc1N=C=O
/beegfs/home/m.romanov/thesis/benchmarking/datasets/UOB/maybridge-0421-790888271.png,O=C=Nc1c(F)cccc1F
/beegfs/home/m.romanov/thesis/benchmarking/datasets/UOB/maybridge-0421-79630461.png,O=C=Nc1ccccc1[N+](=O)[O-]
/beegfs/home/m.romanov/thesis/benchmarking/datasets/UOB/maybridge-0421-881440127.png,O=C=Nc1cc(F)ccc1F
/beegfs/home/m.romanov/thesis/benchmarking/datasets/UOB/maybridge-0421-883128374.png,O=C=Nc1ccc([N+](=O)[O-])cc1
/beegfs/home/m.romanov/thesis/benchmarking/datasets/UOB/maybridge-0421-937531219.png,N#Cc1ccccc1N=C=O
/beegfs/home/m.romanov/thesis/benchmarking/datasets/UOB/maybridge-0422-12012431.png,CC(C)(C)c1ccc(N=C=O)cc1
/beegfs/home/m.romanov/thesis/benchmarking/datasets/UOB/maybridge-0422-125481310.png,Cc1c(Cl)cccc1N=C=O
/beegfs/home/m.romanov/thesis/benchmarking/datasets/UOB/maybridge-0422-315199987.png,O=C=Nc1ccc(Cl)cc1Cl
/beegfs/home/m.romanov/thesis/benchmarking/datasets/UOB/maybridge-0422-409789321.png,O=C=Nc1ccc(CCl)cc1
/beegfs/home/m.romanov/thesis/benchmarking/datasets/UOB/maybridge-0422-467317556.png,O=C=Nc1ccc(-n2cccc2)cc1
/beegfs/home/m.romanov/thesis/benchmarking/datasets/UOB/maybridge-0422-476677734.png,O=C=Nc1ccc(F)c(F)c1F
/beegfs/home/m.romanov/thesis/benchmarking/datasets/UOB/maybridge-0422-573536336.png,COC(=O)c1cccc(N=C=O)c1
/beegfs/home/m.romanov/thesis/benchmarking/datasets/UOB/maybridge-0422-693170540.png,COc1cccc(OC)c1N=C=O
/beegfs/home/m.romanov/thesis/benchmarking/datasets/UOB/maybridge-0422-768391342.png,Cc1ccc(N=C=O)cc1[N+](=O)[O-]
/beegfs/home/m.romanov/thesis/benchmarking/datasets/UOB/maybridge-0422-799976646.png,O=C=Nc1ccc(-c2ccco2)cc1
/beegfs/home/m.romanov/thesis/benchmarking/datasets/UOB/maybridge-0422-958900079.png,O=C=Nc1ccc(C(=O)Cl)cc1
/beegfs/home/m.romanov/thesis/benchmarking/datasets/UOB/maybridge-0422-971738256.png,O=C=Nc1cccc(-n2cccc2)c1
/beegfs/home/m.romanov/thesis/benchmarking/datasets/UOB/maybridge-0422-978129778.png,COc1ccc(N=C=O)c(OC)c1
/beegfs/home/m.romanov/thesis/benchmarking/datasets/UOB/maybridge-0423-1008268946.png,O=C=Nc1ccc(OC(F)(F)F)cc1
/beegfs/home/m.romanov/thesis/benchmarking/datasets/UOB/maybridge-0423-1035148989.png,O=C=Nc1ccccc1N1CCCCC1
/beegfs/home/m.romanov/thesis/benchmarking/datasets/UOB/maybridge-0423-1041224723.png,CCOC(=O)c1ccc(N=C=O)cc1
/beegfs/home/m.romanov/thesis/benchmarking/datasets/UOB/maybridge-0423-237046953.png,O=C=Nc1ccc(-c2cccs2)cc1
/beegfs/home/m.romanov/thesis/benchmarking/datasets/UOB/maybridge-0423-525253472.png,O=C=Nc1ccc(N2CCCCC2)cc1
/beegfs/home/m.romanov/thesis/benchmarking/datasets/UOB/maybridge-0423-53812626.png,CCCCc1ccc(N=C=O)c(C)c1
/beegfs/home/m.romanov/thesis/benchmarking/datasets/UOB/maybridge-0423-596748541.png,CC(C)c1cccc(C(C)C)c1N=C=O
/beegfs/home/m.romanov/thesis/benchmarking/datasets/UOB/maybridge-0423-664019282.png,O=C=Nc1c(Cl)cccc1Cl
/beegfs/home/m.romanov/thesis/benchmarking/datasets/UOB/maybridge-0423-785286766.png,O=C=Nc1ccccc1-c1ccccc1
/beegfs/home/m.romanov/thesis/benchmarking/datasets/UOB/maybridge-0423-786602000.png,Cc1nc(-c2cccc(N=C=O)c2)no1
/beegfs/home/m.romanov/thesis/benchmarking/datasets/UOB/maybridge-0423-795335556.png,O=C=Nc1ccccc1OC(F)(F)F
/beegfs/home/m.romanov/thesis/benchmarking/datasets/UOB/maybridge-0423-906961564.png,O=C=Nc1ccccc1Br
/beegfs/home/m.romanov/thesis/benchmarking/datasets/UOB/maybridge-0424-1046883446.png,O=C=Nc1ccccc1COc1ccccc1
/beegfs/home/m.romanov/thesis/benchmarking/datasets/UOB/maybridge-0424-1067732906.png,O=C=Nc1ccc(OCc2ccccc2)cc1
/beegfs/home/m.romanov/thesis/benchmarking/datasets/UOB/maybridge-0424-192895229.png,O=C=Nc1ccc(CN2CCCCC2)cc1
/beegfs/home/m.romanov/thesis/benchmarking/datasets/UOB/maybridge-0424-281837401.png,O=C=Nc1cccc(CN2CCOCC2)c1
/beegfs/home/m.romanov/thesis/benchmarking/datasets/UOB/maybridge-0424-34852255.png,Cc1nc(-c2ccc(N=C=O)cc2)cs1
/beegfs/home/m.romanov/thesis/benchmarking/datasets/UOB/maybridge-0424-358024997.png,O=C=Nc1c(Cl)cc(Cl)cc1Cl
/beegfs/home/m.romanov/thesis/benchmarking/datasets/UOB/maybridge-0424-469813340.png,CN1CCN(c2ccc(N=C=O)cc2)CC1
/beegfs/home/m.romanov/thesis/benchmarking/datasets/UOB/maybridge-0424-531091243.png,O=C=Nc1ccc(Cl)c(C(F)(F)F)c1
/beegfs/home/m.romanov/thesis/benchmarking/datasets/UOB/maybridge-0424-710767752.png,O=C=Nc1ccc(Cl)cc1C(F)(F)F
/beegfs/home/m.romanov/thesis/benchmarking/datasets/UOB/maybridge-0424-933008151.png,Cc1nc(-c2cccc(N=C=O)c2)cs1
/beegfs/home/m.romanov/thesis/benchmarking/datasets/UOB/maybridge-0424-972129343.png,O=C=Nc1cccc(Oc2ccccn2)c1
/beegfs/home/m.romanov/thesis/benchmarking/datasets/UOB/maybridge-0425-1004928078.png,O=C=Nc1ccc(Cl)nc1
/beegfs/home/m.romanov/thesis/benchmarking/datasets/UOB/maybridge-0425-111847953.png,Cn1ccc2c(N=C=O)cccc21
/beegfs/home/m.romanov/thesis/benchmarking/datasets/UOB/maybridge-0425-199129844.png,O=C=Nc1ccc2occc2c1
/beegfs/home/m.romanov/thesis/benchmarking/datasets/UOB/maybridge-0425-265258582.png,COc1ccc(N=C=O)cc1OC1CCCC1
/beegfs/home/m.romanov/thesis/benchmarking/datasets/UOB/maybridge-0425-345959873.png,O=C=Nc1ccnc(N2CCOCC2)c1
/beegfs/home/m.romanov/thesis/benchmarking/datasets/UOB/maybridge-0425-503658401.png,Cn1ccc2ccc(N=C=O)cc21
/beegfs/home/m.romanov/thesis/benchmarking/datasets/UOB/maybridge-0425-608497470.png,O=C=NC1CCN(C(=O)OCc2ccccc2)CC1
/beegfs/home/m.romanov/thesis/benchmarking/datasets/UOB/maybridge-0425-79297143.png,O=C=Nc1cc(Cl)nc(Cl)c1
/beegfs/home/m.romanov/thesis/benchmarking/datasets/UOB/maybridge-0425-881298110.png,O=C=Nc1cccc(COc2ccccc2)c1
/beegfs/home/m.romanov/thesis/benchmarking/datasets/UOB/maybridge-0425-957214816.png,O=C=Nc1ccccc1I
/beegfs/home/m.romanov/thesis/benchmarking/datasets/UOB/maybridge-0425-984515734.png,O=C=Nc1cccc(N2CCOCC2)n1
/beegfs/home/m.romanov/thesis/benchmarking/datasets/UOB/maybridge-0426-165445564.png,O=C=Nc1cc(F)cc2c1OCOC2
/beegfs/home/m.romanov/thesis/benchmarking/datasets/UOB/maybridge-0426-322669984.png,O=C=Nc1cccc2ccccc12
/beegfs/home/m.romanov/thesis/benchmarking/datasets/UOB/maybridge-0426-373126460.png,O=C=NCc1ccc2c(c1)OCO2
/beegfs/home/m.romanov/thesis/benchmarking/datasets/UOB/maybridge-0426-389184890.png,O=C=Nc1ccc2c(c1)CCO2
/beegfs/home/m.romanov/thesis/benchmarking/datasets/UOB/maybridge-0426-392137605.png,O=C=Nc1ccc2c(c1)OCCO2
/beegfs/home/m.romanov/thesis/benchmarking/datasets/UOB/maybridge-0426-565588829.png,CC1(C)Cc2cccc(N=C=O)c2O1
/beegfs/home/m.romanov/thesis/benchmarking/datasets/UOB/maybridge-0426-772285360.png,O=C=Nc1ccc2sccc2c1
/beegfs/home/m.romanov/thesis/benchmarking/datasets/UOB/maybridge-0426-834957939.png,O=C=Nc1ccc2c(c1)OCCCO2
/beegfs/home/m.romanov/thesis/benchmarking/datasets/UOB/maybridge-0426-947702024.png,O=C=Nc1cccc2nsnc12
/beegfs/home/m.romanov/thesis/benchmarking/datasets/UOB/maybridge-0426-947958771.png,CC1(C)CCC(C)(C)c2cc(N=C=O)ccc21
/beegfs/home/m.romanov/thesis/benchmarking/datasets/UOB/maybridge-0427-123785312.png,S=C=NCC1CC1
/beegfs/home/m.romanov/thesis/benchmarking/datasets/UOB/maybridge-0427-193782187.png,N#Cc1ccc(N=C=S)cc1
/beegfs/home/m.romanov/thesis/benchmarking/datasets/UOB/maybridge-0427-470335404.png,Fc1cccc(N=C=S)c1
/beegfs/home/m.romanov/thesis/benchmarking/datasets/UOB/maybridge-0427-547710897.png,S=C=NC1CCCC1
/beegfs/home/m.romanov/thesis/benchmarking/datasets/UOB/maybridge-0427-552040035.png,COC(=O)c1sccc1N=C=S
/beegfs/home/m.romanov/thesis/benchmarking/datasets/UOB/maybridge-0427-583461482.png,Cc1noc(C)c1N=C=S
/beegfs/home/m.romanov/thesis/benchmarking/datasets/UOB/maybridge-0427-58434133.png,S=C=NC1CC1
/beegfs/home/m.romanov/thesis/benchmarking/datasets/UOB/maybridge-0427-752482745.png,Cc1onc(-c2ccccc2)c1N=C=S
/beegfs/home/m.romanov/thesis/benchmarking/datasets/UOB/maybridge-0427-816560955.png,S=C=NCC1CCCO1
/beegfs/home/m.romanov/thesis/benchmarking/datasets/UOB/maybridge-0427-940728721.png,COC(=O)c1scc(C)c1N=C=S
/beegfs/home/m.romanov/thesis/benchmarking/datasets/UOB/maybridge-0428-118565135.png,CC(C)(C)c1ccc(N=C=S)cc1
/beegfs/home/m.romanov/thesis/benchmarking/datasets/UOB/maybridge-0428-178533246.png,FC(F)(F)c1ccccc1N=C=S
/beegfs/home/m.romanov/thesis/benchmarking/datasets/UOB/maybridge-0428-266005310.png,Cc1cc(C)c(N=C=S)c(C)c1
/beegfs/home/m.romanov/thesis/benchmarking/datasets/UOB/maybridge-0428-30972715.png,Cc1ccc(F)cc1N=C=S
/beegfs/home/m.romanov/thesis/benchmarking/datasets/UOB/maybridge-0428-352508339.png,Cc1cccc(Cl)c1N=C=S
/beegfs/home/m.romanov/thesis/benchmarking/datasets/UOB/maybridge-0428-389856930.png,COC(=O)c1ccccc1N=C=S
/beegfs/home/m.romanov/thesis/benchmarking/datasets/UOB/maybridge-0428-424676441.png,Cc1c(Cl)cccc1N=C=S
/beegfs/home/m.romanov/thesis/benchmarking/datasets/UOB/maybridge-0428-436987631.png,O=[N+]([O-])c1ccc(N=C=S)cc1
/beegfs/home/m.romanov/thesis/benchmarking/datasets/UOB/maybridge-0428-440417076.png,Cc1cc(C)cc(N=C=S)c1
/beegfs/home/m.romanov/thesis/benchmarking/datasets/UOB/maybridge-0428-465888986.png,CCOc1ccccc1N=C=S
/beegfs/home/m.romanov/thesis/benchmarking/datasets/UOB/maybridge-0428-653103202.png,CSc1ccc(N=C=S)cc1
/beegfs/home/m.romanov/thesis/benchmarking/datasets/UOB/maybridge-0428-840177217.png,COc1cc(N=C=S)cc(OC)c1
/beegfs/home/m.romanov/thesis/benchmarking/datasets/UOB/maybridge-0428-850136689.png,S=C=Nc1ccc(-n2cccn2)cc1
/beegfs/home/m.romanov/thesis/benchmarking/datasets/UOB/maybridge-0428-859131755.png,Fc1ccc(Cl)cc1N=C=S
/beegfs/home/m.romanov/thesis/benchmarking/datasets/UOB/maybridge-0429-1003153960.png,S=C=Nc1ccc(Oc2ccccc2)nc1
/beegfs/home/m.romanov/thesis/benchmarking/datasets/UOB/maybridge-0429-142878654.png,S=C=Nc1ccc2c(c1)OCO2
/beegfs/home/m.romanov/thesis/benchmarking/datasets/UOB/maybridge-0429-199683901.png,S=C=Nc1ccc(N2CCOCC2)cc1
/beegfs/home/m.romanov/thesis/benchmarking/datasets/UOB/maybridge-0429-215283947.png,S=C=NC(c1ccccc1)c1ccccc1
/beegfs/home/m.romanov/thesis/benchmarking/datasets/UOB/maybridge-0429-297784713.png,FC(F)(F)Oc1ccc(N=C=S)cc1
/beegfs/home/m.romanov/thesis/benchmarking/datasets/UOB/maybridge-0429-367287895.png,O=S(=O)(c1ccc(N=C=S)cc1)N1CCCCC1
/beegfs/home/m.romanov/thesis/benchmarking/datasets/UOB/maybridge-0429-416212772.png,COc1cc(N=C=S)c(OC)cc1Cl
/beegfs/home/m.romanov/thesis/benchmarking/datasets/UOB/maybridge-0429-458436491.png,S=C=Nc1ccccc1Br
/beegfs/home/m.romanov/thesis/benchmarking/datasets/UOB/maybridge-0429-682444962.png,S=C=Nc1cccc(Br)c1
/beegfs/home/m.romanov/thesis/benchmarking/datasets/UOB/maybridge-0429-804480154.png,S=C=Nc1ccc(OCc2ccccc2)cc1
/beegfs/home/m.romanov/thesis/benchmarking/datasets/UOB/maybridge-0429-867006549.png,S=C=Nc1ccc(N2CCOCC2)nc1
/beegfs/home/m.romanov/thesis/benchmarking/datasets/UOB/maybridge-0429-87356159.png,S=C=Nc1cccnc1
/beegfs/home/m.romanov/thesis/benchmarking/datasets/UOB/maybridge-0430-1011914528.png,CCOC(=O)c1c(N=C=S)sc2c1CCCC2
/beegfs/home/m.romanov/thesis/benchmarking/datasets/UOB/maybridge-0430-1060885767.png,CC(C)N=C=S
/beegfs/home/m.romanov/thesis/benchmarking/datasets/UOB/maybridge-0430-140579382.png,CCCCCCN=C=S
/beegfs/home/m.romanov/thesis/benchmarking/datasets/UOB/maybridge-0430-28590633.png,S=C=Nc1cccc2ccccc12
/beegfs/home/m.romanov/thesis/benchmarking/datasets/UOB/maybridge-0430-337983919.png,CC(C)CN=C=S
/beegfs/home/m.romanov/thesis/benchmarking/datasets/UOB/maybridge-0430-474146096.png,S=C=Nc1ccc2nsnc2c1
/beegfs/home/m.romanov/thesis/benchmarking/datasets/UOB/maybridge-0430-668668614.png,S=C=Nc1cccc2nsnc12
/beegfs/home/m.romanov/thesis/benchmarking/datasets/UOB/maybridge-0430-838185268.png,CCCCCN=C=S
/beegfs/home/m.romanov/thesis/benchmarking/datasets/UOB/maybridge-0430-86016385.png,S=C=NCc1ccc2c(c1)OCO2
/beegfs/home/m.romanov/thesis/benchmarking/datasets/UOB/maybridge-0430-890096372.png,S=C=Nc1ccc2c(c1)OCCO2
/beegfs/home/m.romanov/thesis/benchmarking/datasets/UOB/maybridge-0430-967328380.png,CN(C)c1ccc(N=C=S)c2ccccc12
/beegfs/home/m.romanov/thesis/benchmarking/datasets/UOB/maybridge-0431-1015762577.png,CC(=O)c1[nH]c(C)cc1C
/beegfs/home/m.romanov/thesis/benchmarking/datasets/UOB/maybridge-0431-1032267337.png,CCOC(=O)c1[nH]c(C)c(C(C)=O)c1C
/beegfs/home/m.romanov/thesis/benchmarking/datasets/UOB/maybridge-0431-175363346.png,CC(=O)c1cc[nH]n1
/beegfs/home/m.romanov/thesis/benchmarking/datasets/UOB/maybridge-0431-694132246.png,Cc1occc1C(=O)CC#N
/beegfs/home/m.romanov/thesis/benchmarking/datasets/UOB/maybridge-0431-707436014.png,CC(C)(C)OC(=O)N1CC(=O)CC1C(=O)O
/beegfs/home/m.romanov/thesis/benchmarking/datasets/UOB/maybridge-0431-742294691.png,CC(=O)c1nnn(-c2cc(Cl)cc(Cl)c2)c1C
/beegfs/home/m.romanov/thesis/benchmarking/datasets/UOB/maybridge-0431-79648094.png,CCOc1c(Nc2ccc(C(=O)O)cc2)c(=O)c1=O
/beegfs/home/m.romanov/thesis/benchmarking/datasets/UOB/maybridge-0431-841286520.png,CC(=O)c1cc[nH]c1
/beegfs/home/m.romanov/thesis/benchmarking/datasets/UOB/maybridge-0431-891141677.png,CCOC(=O)C1CN(Cc2ccco2)C(=O)C1=O
/beegfs/home/m.romanov/thesis/benchmarking/datasets/UOB/maybridge-0431-956454858.png,O=C1C(=O)C(c2ccccc2)C(=O)C1c1ccccc1
/beegfs/home/m.romanov/thesis/benchmarking/datasets/UOB/maybridge-0432-1023228931.png,CC(=O)c1cc(Br)cs1
/beegfs/home/m.romanov/thesis/benchmarking/datasets/UOB/maybridge-0432-150529421.png,Cc1cc(C(=O)CC#N)c(C(F)(F)F)o1
/beegfs/home/m.romanov/thesis/benchmarking/datasets/UOB/maybridge-0432-251641259.png,O=C(c1cccs1)C1CC1
/beegfs/home/m.romanov/thesis/benchmarking/datasets/UOB/maybridge-0432-363573609.png,CCOC(=O)C(=O)CC(=O)c1cccs1
/beegfs/home/m.romanov/thesis/benchmarking/datasets/UOB/maybridge-0432-38370167.png,CC(=O)c1sccc1N
/beegfs/home/m.romanov/thesis/benchmarking/datasets/UOB/maybridge-0432-48028606.png,CC(=O)c1ccc(C=O)s1
/beegfs/home/m.romanov/thesis/benchmarking/datasets/UOB/maybridge-0432-637219924.png,CC1=CC(=O)C(C)O1
/beegfs/home/m.romanov/thesis/benchmarking/datasets/UOB/maybridge-0432-804484801.png,CC(=O)c1cc(-c2ccc(Cl)cc2)oc1C
/beegfs/home/m.romanov/thesis/benchmarking/datasets/UOB/maybridge-0432-905125387.png,CCOC(=O)CC(=O)c1ccco1
/beegfs/home/m.romanov/thesis/benchmarking/datasets/UOB/maybridge-0432-931939119.png,CC(=O)c1ccc(C#N)s1
/beegfs/home/m.romanov/thesis/benchmarking/datasets/UOB/maybridge-0432-975585709.png,N#CCC(=O)c1cccs1
/beegfs/home/m.romanov/thesis/benchmarking/datasets/UOB/maybridge-0432-994641848.png,CC(=O)c1cc(Cl)sc1Cl
/beegfs/home/m.romanov/thesis/benchmarking/datasets/UOB/maybridge-0433-325135058.png,CC(=O)c1sc(-c2ccc(Cl)cc2)cc1N
/beegfs/home/m.romanov/thesis/benchmarking/datasets/UOB/maybridge-0433-508669765.png,COC(=O)C1CSCC1=O
/beegfs/home/m.romanov/thesis/benchmarking/datasets/UOB/maybridge-0433-619094260.png,CC(=O)c1cc(-c2c(Cl)cccc2Cl)no1
/beegfs/home/m.romanov/thesis/benchmarking/datasets/UOB/maybridge-0433-65357354.png,O=C1CSC(c2cccs2)C1
/beegfs/home/m.romanov/thesis/benchmarking/datasets/UOB/maybridge-0433-773337695.png,CC(=O)c1c(-c2c(Cl)cccc2Cl)noc1C
/beegfs/home/m.romanov/thesis/benchmarking/datasets/UOB/maybridge-0433-779702377.png,CC(=O)c1c(-c2ccc(Cl)cc2)noc1C
/beegfs/home/m.romanov/thesis/benchmarking/datasets/UOB/maybridge-0433-895384534.png,CC(=O)c1c(-c2ccccc2)noc1C
/beegfs/home/m.romanov/thesis/benchmarking/datasets/UOB/maybridge-0433-935544293.png,CC(=O)c1csc(-c2ccccc2)n1
/beegfs/home/m.romanov/thesis/benchmarking/datasets/UOB/maybridge-0433-949419557.png,CCOC(=O)c1noc(C)c1C(C)=O
/beegfs/home/m.romanov/thesis/benchmarking/datasets/UOB/maybridge-0433-955370709.png,CCOC(=O)C(=O)c1ccc(Br)s1
/beegfs/home/m.romanov/thesis/benchmarking/datasets/UOB/maybridge-0433-980714481.png,CC(=O)c1nccs1
/beegfs/home/m.romanov/thesis/benchmarking/datasets/UOB/maybridge-0434-1011398231.png,CC(=O)c1sc(-c2cccs2)nc1C
/beegfs/home/m.romanov/thesis/benchmarking/datasets/UOB/maybridge-0434-1071913178.png,CC(=O)c1csc(CS(=O)(=O)c2ccccn2)n1
/beegfs/home/m.romanov/thesis/benchmarking/datasets/UOB/maybridge-0434-181794251.png,CC(=O)c1ccc(O)c(C)c1
/beegfs/home/m.romanov/thesis/benchmarking/datasets/UOB/maybridge-0434-199740229.png,CCOC(=O)C(=O)c1csc(N=CO)n1
/beegfs/home/m.romanov/thesis/benchmarking/datasets/UOB/maybridge-0434-248902174.png,CCc1cccc(C(C)=O)c1
/beegfs/home/m.romanov/thesis/benchmarking/datasets/UOB/maybridge-0434-381100018.png,CC(=O)c1cc(C)ccc1O
/beegfs/home/m.romanov/thesis/benchmarking/datasets/UOB/maybridge-0434-450219327.png,CC(=O)c1csc(-c2csc(C)n2)n1
/beegfs/home/m.romanov/thesis/benchmarking/datasets/UOB/maybridge-0434-479059376.png,CC(=O)c1ccc(C)cc1O
/beegfs/home/m.romanov/thesis/benchmarking/datasets/UOB/maybridge-0434-586883646.png,CC(=O)c1csc(-c2ccc(C(F)(F)F)cc2)n1
/beegfs/home/m.romanov/thesis/benchmarking/datasets/UOB/maybridge-0434-782154060.png,CC(=O)c1cccc(F)c1
/beegfs/home/m.romanov/thesis/benchmarking/datasets/UOB/maybridge-0434-978863531.png,CC(=O)c1ccc(N)cc1O
/beegfs/home/m.romanov/thesis/benchmarking/datasets/UOB/maybridge-0435-130839280.png,COc1cc(O)c(C(C)=O)c(O)c1
/beegfs/home/m.romanov/thesis/benchmarking/datasets/UOB/maybridge-0435-157033574.png,CNc1ccc(C(C)=O)cc1N
/beegfs/home/m.romanov/thesis/benchmarking/datasets/UOB/maybridge-0435-1641628.png,CC(=O)c1ccc(B(O)O)cc1
/beegfs/home/m.romanov/thesis/benchmarking/datasets/UOB/maybridge-0435-192081135.png,CC(=O)c1cccc(B(O)O)c1
/beegfs/home/m.romanov/thesis/benchmarking/datasets/UOB/maybridge-0435-339766858.png,N#CCC(=O)c1cccc(Cl)c1
/beegfs/home/m.romanov/thesis/benchmarking/datasets/UOB/maybridge-0435-417157191.png,Cc1cccc(C(=O)CC#N)c1
/beegfs/home/m.romanov/thesis/benchmarking/datasets/UOB/maybridge-0435-472826279.png,CC(=O)c1cc(F)cc(F)c1O
/beegfs/home/m.romanov/thesis/benchmarking/datasets/UOB/maybridge-0435-612494493.png,CC(=O)c1ccc(F)c(Cl)c1
/beegfs/home/m.romanov/thesis/benchmarking/datasets/UOB/maybridge-0435-620036443.png,CC(=O)c1cc(F)ccc1O
/beegfs/home/m.romanov/thesis/benchmarking/datasets/UOB/maybridge-0435-878608633.png,CC(=O)c1cccc(Cl)c1O
/beegfs/home/m.romanov/thesis/benchmarking/datasets/UOB/maybridge-0435-989215229.png,CC(=O)c1c(O)cccc1O
/beegfs/home/m.romanov/thesis/benchmarking/datasets/UOB/maybridge-0435-998118788.png,CC(=O)c1ccc(O)c(C)c1O
/beegfs/home/m.romanov/thesis/benchmarking/datasets/UOB/maybridge-0436-109228076.png,COc1ccc(C(C)=O)cc1CCl
/beegfs/home/m.romanov/thesis/benchmarking/datasets/UOB/maybridge-0436-205399862.png,Cc1ccc(C(=O)CCC(=O)O)cc1
/beegfs/home/m.romanov/thesis/benchmarking/datasets/UOB/maybridge-0436-297989782.png,CC(=O)c1ccccc1Oc1ccccc1
/beegfs/home/m.romanov/thesis/benchmarking/datasets/UOB/maybridge-0436-363136863.png,CCCC(=O)c1ccc(N=C(C)O)cc1O
/beegfs/home/m.romanov/thesis/benchmarking/datasets/UOB/maybridge-0436-440308308.png,Nc1cccc(C(=O)c2ccccc2)c1
/beegfs/home/m.romanov/thesis/benchmarking/datasets/UOB/maybridge-0436-443228356.png,O=C(O)c1ccc(C(=O)C(F)(F)F)cc1
/beegfs/home/m.romanov/thesis/benchmarking/datasets/UOB/maybridge-0436-477452380.png,CC(=O)c1cccc(Cl)c1Cl
/beegfs/home/m.romanov/thesis/benchmarking/datasets/UOB/maybridge-0436-665355358.png,CC(=O)c1ccc(N=C(C)O)cc1O
/beegfs/home/m.romanov/thesis/benchmarking/datasets/UOB/maybridge-0436-723174157.png,CC(=O)c1ccc(S(C)(=O)=O)cc1
/beegfs/home/m.romanov/thesis/benchmarking/datasets/UOB/maybridge-0436-758808367.png,O=C(CO)c1ccc(Br)cc1
/beegfs/home/m.romanov/thesis/benchmarking/datasets/UOB/maybridge-0436-909003027.png,CC(=O)c1cccc(OC(F)(F)F)c1
/beegfs/home/m.romanov/thesis/benchmarking/datasets/UOB/maybridge-0436-999989758.png,CCOC(=O)C(=O)c1ccc(C)cc1
/beegfs/home/m.romanov/thesis/benchmarking/datasets/UOB/maybridge-0437-1003344113.png,O=C(C(=O)c1ccc([N+](=O)[O-])cc1)c1ccccc1
/beegfs/home/m.romanov/thesis/benchmarking/datasets/UOB/maybridge-0437-1028059453.png,O=C(O)CCC(=O)c1ccc(Br)cc1
/beegfs/home/m.romanov/thesis/benchmarking/datasets/UOB/maybridge-0437-220886715.png,CCOC(=O)CC(=O)c1cccc([N+](=O)[O-])c1
/beegfs/home/m.romanov/thesis/benchmarking/datasets/UOB/maybridge-0437-293040948.png,N#CCC(=O)c1ccc(OC(F)(F)F)cc1
/beegfs/home/m.romanov/thesis/benchmarking/datasets/UOB/maybridge-0437-310011441.png,NCC(=O)c1ccc([N+](=O)[O-])cc1
/beegfs/home/m.romanov/thesis/benchmarking/datasets/UOB/maybridge-0437-339795321.png,Cc1ccc(C(=O)C(=O)c2ccc(Cl)cc2)cc1
/beegfs/home/m.romanov/thesis/benchmarking/datasets/UOB/maybridge-0437-394433425.png,COc1ccc(C(=O)CC(=O)C(F)(F)F)cc1
/beegfs/home/m.romanov/thesis/benchmarking/datasets/UOB/maybridge-0437-485326615.png,O=C(O)c1ccccc1C(=O)c1ccc(F)cc1
/beegfs/home/m.romanov/thesis/benchmarking/datasets/UOB/maybridge-0437-592440827.png,COc1ccc(Br)c(C(=O)CC#N)c1
/beegfs/home/m.romanov/thesis/benchmarking/datasets/UOB/maybridge-0437-596304748.png,CCOC(=O)C(=O)c1ccc(Cl)c(Cl)c1
/beegfs/home/m.romanov/thesis/benchmarking/datasets/UOB/maybridge-0437-642020370.png,CCCc1c(O)c(C(C)=O)cc(C(C)=O)c1O
/beegfs/home/m.romanov/thesis/benchmarking/datasets/UOB/maybridge-0437-824600399.png,CCC(=O)c1ccc(-c2ccccc2F)cc1
/beegfs/home/m.romanov/thesis/benchmarking/datasets/UOB/maybridge-0438-1031638450.png,CC(=O)c1ccc(Oc2ccc(Cl)cc2)cc1Cl
/beegfs/home/m.romanov/thesis/benchmarking/datasets/UOB/maybridge-0438-300079510.png,Cc1c(C)c(C)c(C(=O)c2ccccc2C(=O)O)c(C)c1C
/beegfs/home/m.romanov/thesis/benchmarking/datasets/UOB/maybridge-0438-330644950.png,CC(C)(C)OC(=O)N1CCC(C(=O)c2ccc(F)cc2)CC1
/beegfs/home/m.romanov/thesis/benchmarking/datasets/UOB/maybridge-0438-531574440.png,COc1ccc(C(=O)C(C#N)=C(SC)SC)cc1
/beegfs/home/m.romanov/thesis/benchmarking/datasets/UOB/maybridge-0438-567715787.png,CCOC(=O)CCC(=O)OC(C(=O)c1ccccc1)c1ccccc1
/beegfs/home/m.romanov/thesis/benchmarking/datasets/UOB/maybridge-0438-642777116.png,CSC(SC)=C(C#N)C(=O)c1ccc(Cl)cc1
/beegfs/home/m.romanov/thesis/benchmarking/datasets/UOB/maybridge-0438-812201273.png,CCOC(=O)CC(=O)c1cc(C(F)(F)F)cc(C(F)(F)F)c1
/beegfs/home/m.romanov/thesis/benchmarking/datasets/UOB/maybridge-0438-874919565.png,O=C(O)CCOC(C(=O)c1ccccc1)c1ccccc1
/beegfs/home/m.romanov/thesis/benchmarking/datasets/UOB/maybridge-0438-942169679.png,CC1NC([N+](=O)[O-])C(Br)N1CC(=O)c1ccc(Cl)cc1
/beegfs/home/m.romanov/thesis/benchmarking/datasets/UOB/maybridge-0439-191567892.png,O=C(Cc1ccccc1)C1CCCCC1
/beegfs/home/m.romanov/thesis/benchmarking/datasets/UOB/maybridge-0439-259329004.png,CC(=O)c1ccc(Cl)nc1
/beegfs/home/m.romanov/thesis/benchmarking/datasets/UOB/maybridge-0439-275556832.png,CC(=O)/C=C/c1ccccc1Cl
/beegfs/home/m.romanov/thesis/benchmarking/datasets/UOB/maybridge-0439-336332373.png,Cc1ccc(CC(=O)c2cccnc2)cc1
/beegfs/home/m.romanov/thesis/benchmarking/datasets/UOB/maybridge-0439-353844962.png,O=C1CCC(C(F)(F)F)CC1
/beegfs/home/m.romanov/thesis/benchmarking/datasets/UOB/maybridge-0439-489050163.png,O=C1CCC2(CC1)OCCO2
/beegfs/home/m.romanov/thesis/benchmarking/datasets/UOB/maybridge-0439-566319741.png,CC(=O)C(Oc1ccc(Cl)cc1)C(C)=O
/beegfs/home/m.romanov/thesis/benchmarking/datasets/UOB/maybridge-0439-598184013.png,CC(C)(C)C1=CC(=O)C=C(C(C)(C)C)C1=O
/beegfs/home/m.romanov/thesis/benchmarking/datasets/UOB/maybridge-0439-733449722.png,COC(=O)c1ccccc1SCC(C)=O
/beegfs/home/m.romanov/thesis/benchmarking/datasets/UOB/maybridge-0439-799802258.png,CC(=O)c1nccnc1C
/beegfs/home/m.romanov/thesis/benchmarking/datasets/UOB/maybridge-0439-812321232.png,O=C1CCCC(O)=C1Cl
/beegfs/home/m.romanov/thesis/benchmarking/datasets/UOB/maybridge-0439-873339973.png,CC(=O)c1cc(C#N)c(O)nc1C
/beegfs/home/m.romanov/thesis/benchmarking/datasets/UOB/maybridge-0440-383892487.png,CC(=O)C1CCN(C(C)=O)CC1
/beegfs/home/m.romanov/thesis/benchmarking/datasets/UOB/maybridge-0440-430253269.png,Cl.O=C(c1ccccc1)C1CCNCC1
/beegfs/home/m.romanov/thesis/benchmarking/datasets/UOB/maybridge-0440-463766580.png,CC(C)(C)[Si](C)(C)OCC1CN(Cc2ccccc2)CCC1=O
/beegfs/home/m.romanov/thesis/benchmarking/datasets/UOB/maybridge-0440-502116586.png,Cl.O=C(c1ccc(Cl)cc1)C1CCNCC1
/beegfs/home/m.romanov/thesis/benchmarking/datasets/UOB/maybridge-0440-536407837.png,COc1ccc(C(=O)C2CCNCC2)cc1.Cl
/beegfs/home/m.romanov/thesis/benchmarking/datasets/UOB/maybridge-0440-775517952.png,CC1(C)CC(=O)CC(C)(C)N1
/beegfs/home/m.romanov/thesis/benchmarking/datasets/UOB/maybridge-0440-808253488.png,O=C1CCN(Cc2ccccc2)CC1
/beegfs/home/m.romanov/thesis/benchmarking/datasets/UOB/maybridge-0440-909381959.png,CC(C)(C)OC(=O)N1CCC(=O)CC1
/beegfs/home/m.romanov/thesis/benchmarking/datasets/UOB/maybridge-0440-992042913.png,Cl.O=C(c1ccc(F)cc1)C1CCNCC1
/beegfs/home/m.romanov/thesis/benchmarking/datasets/UOB/maybridge-0441-379715086.png,CC12CC(=O)CC1(C)CC(=O)C2
/beegfs/home/m.romanov/thesis/benchmarking/datasets/UOB/maybridge-0441-38549361.png,O=C1CCSCC1
/beegfs/home/m.romanov/thesis/benchmarking/datasets/UOB/maybridge-0441-594230542.png,CC(=O)C1=CN=C(c2ccc(Cl)cc2)SC1
/beegfs/home/m.romanov/thesis/benchmarking/datasets/UOB/maybridge-0441-633143779.png,CC(O)=Nc1ccc2c(c1)CCC2=O
/beegfs/home/m.romanov/thesis/benchmarking/datasets/UOB/maybridge-0441-659549829.png,O=C1CCOCC1
/beegfs/home/m.romanov/thesis/benchmarking/datasets/UOB/maybridge-0441-726396920.png,CC(=O)c1ccc2c(c1)CCC2
/beegfs/home/m.romanov/thesis/benchmarking/datasets/UOB/maybridge-0441-751240662.png,O=C(Oc1cccc2c1CCC2=O)c1ccccc1
/beegfs/home/m.romanov/thesis/benchmarking/datasets/UOB/maybridge-0441-821012898.png,CC(=O)CCc1c[nH]c2ccccc12
/beegfs/home/m.romanov/thesis/benchmarking/datasets/UOB/maybridge-0441-867377000.png,Nc1ccc2c(c1)CCC2=O
/beegfs/home/m.romanov/thesis/benchmarking/datasets/UOB/maybridge-0441-880504752.png,CC1Cc2ccccc2C1=O
/beegfs/home/m.romanov/thesis/benchmarking/datasets/UOB/maybridge-0441-928480173.png,CC(=O)C1C(=O)c2cccc([N+](=O)[O-])c2C1=O
/beegfs/home/m.romanov/thesis/benchmarking/datasets/UOB/maybridge-0442-1016762474.png,CC(=O)c1cc2cc(Br)ccc2o1
/beegfs/home/m.romanov/thesis/benchmarking/datasets/UOB/maybridge-0442-1067652674.png,O=C1COc2cc(O)ccc21
/beegfs/home/m.romanov/thesis/benchmarking/datasets/UOB/maybridge-0442-17311566.png,O=C1Nc2c(C(=O)O)cccc2C1=O
/beegfs/home/m.romanov/thesis/benchmarking/datasets/UOB/maybridge-0442-34520288.png,O=C1Nc2c(Br)cccc2C1=O
/beegfs/home/m.romanov/thesis/benchmarking/datasets/UOB/maybridge-0442-403106061.png,CC(=O)c1ccc2c(c1)CCO2
/beegfs/home/m.romanov/thesis/benchmarking/datasets/UOB/maybridge-0442-496485002.png,O=C1CC2CCC(C1)N2Cc1ccccc1
/beegfs/home/m.romanov/thesis/benchmarking/datasets/UOB/maybridge-0442-562594008.png,CC(=O)c1csc2ccc(Br)cc12
/beegfs/home/m.romanov/thesis/benchmarking/datasets/UOB/maybridge-0442-650762711.png,O=C(CC(=O)C(F)(F)F)c1ccc2c(c1)OCO2
/beegfs/home/m.romanov/thesis/benchmarking/datasets/UOB/maybridge-0442-792934011.png,CC(=O)c1cc2cc(Cl)ccc2o1
/beegfs/home/m.romanov/thesis/benchmarking/datasets/UOB/maybridge-0442-833704008.png,O=C(O)c1coc2c1C(=O)CCC2
/beegfs/home/m.romanov/thesis/benchmarking/datasets/UOB/maybridge-0442-917040704.png,CC(C)(C)OC(=O)N1C2CCC1CC(=O)C2
/beegfs/home/m.romanov/thesis/benchmarking/datasets/UOB/maybridge-0443-308508976.png,CC(=O)c1c(O)ccc2ccccc12
/beegfs/home/m.romanov/thesis/benchmarking/datasets/UOB/maybridge-0443-312350727.png,O=C1CCCc2ccc(Br)cc21
/beegfs/home/m.romanov/thesis/benchmarking/datasets/UOB/maybridge-0443-485500823.png,O=C1CCc2cccc(O)c2C1
/beegfs/home/m.romanov/thesis/benchmarking/datasets/UOB/maybridge-0443-585604850.png,COc1ccc2cc(C(C)=O)ccc2c1
/beegfs/home/m.romanov/thesis/benchmarking/datasets/UOB/maybridge-0443-652467954.png,CSc1sc(C(N)=S)c2c1C(=O)CCC2
/beegfs/home/m.romanov/thesis/benchmarking/datasets/UOB/maybridge-0443-65483922.png,CSc1sc(C#N)c2c1C(=O)CC(C)(C)C2
/beegfs/home/m.romanov/thesis/benchmarking/datasets/UOB/maybridge-0443-715899156.png,Nc1ccc2c(c1)CCCC2=O
/beegfs/home/m.romanov/thesis/benchmarking/datasets/UOB/maybridge-0443-788880922.png,CC(=O)c1sc2nc(-c3cccs3)cc(C(F)(F)F)c2c1N
/beegfs/home/m.romanov/thesis/benchmarking/datasets/UOB/maybridge-0443-886864313.png,CC(=O)c1ccc2c(c1)C(C)(C)CCC2(C)C
/beegfs/home/m.romanov/thesis/benchmarking/datasets/UOB/maybridge-0443-96345723.png,CC(O)=Nc1ccc2c(c1)CCCC2=O
/beegfs/home/m.romanov/thesis/benchmarking/datasets/UOB/maybridge-0444-1045838986.png,O=C1CCS(=O)(=O)c2ccc(Cl)cc21
/beegfs/home/m.romanov/thesis/benchmarking/datasets/UOB/maybridge-0444-342348541.png,CC12CCC(O)(CC1)CC2=O
/beegfs/home/m.romanov/thesis/benchmarking/datasets/UOB/maybridge-0444-3967575.png,O=c1ccoc2cccc(O)c12
/beegfs/home/m.romanov/thesis/benchmarking/datasets/UOB/maybridge-0444-474724036.png,CCOC(=O)C12CCC(C(=O)OCC)(CC1=O)C(=O)C2
/beegfs/home/m.romanov/thesis/benchmarking/datasets/UOB/maybridge-0444-535119798.png,CCOC(=O)c1cc(=O)c2ccc(O)cc2o1
/beegfs/home/m.romanov/thesis/benchmarking/datasets/UOB/maybridge-0444-682750874.png,Cc1c(O)ccc2c1OC(C)(C)CC2=O
/beegfs/home/m.romanov/thesis/benchmarking/datasets/UOB/maybridge-0444-697980751.png,CC(C)(C)c1cc(C(C)(C)C)c2oc(C(=O)O)cc(=O)c2c1
/beegfs/home/m.romanov/thesis/benchmarking/datasets/UOB/maybridge-0444-764720539.png,O=C1CCSc2ccc(F)cc21
/beegfs/home/m.romanov/thesis/benchmarking/datasets/UOB/maybridge-0444-831486582.png,O=C(O)CCC(=O)c1ccc2c(c1)OCCO2
/beegfs/home/m.romanov/thesis/benchmarking/datasets/UOB/maybridge-0444-928237588.png,CC(=O)c1cc2cc(Cl)cc(Cl)c2oc1=O
/beegfs/home/m.romanov/thesis/benchmarking/datasets/UOB/maybridge-0444-962185154.png,O=C1CCC2CC1CCC2=O
/beegfs/home/m.romanov/thesis/benchmarking/datasets/UOB/maybridge-0445-188047698.png,O=C1c2cc(Br)ccc2-c2ccc(Br)cc21
/beegfs/home/m.romanov/thesis/benchmarking/datasets/UOB/maybridge-0445-223205168.png,COC(=O)c1cccc2c1-c1ccccc1C2=O
/beegfs/home/m.romanov/thesis/benchmarking/datasets/UOB/maybridge-0445-306926404.png,CCO/C=C(\C(=O)OCC)C(=O)C(F)(F)F
/beegfs/home/m.romanov/thesis/benchmarking/datasets/UOB/maybridge-0445-455391615.png,Nc1ccc(O)c2c1C(=O)c1c(O)ccc(N)c1C2=O
/beegfs/home/m.romanov/thesis/benchmarking/datasets/UOB/maybridge-0445-488453826.png,CCOC(=O)/C(=C/N(C)C)C(C)=O
/beegfs/home/m.romanov/thesis/benchmarking/datasets/UOB/maybridge-0445-53251969.png,COC(=O)CC(=O)C(F)(F)F
/beegfs/home/m.romanov/thesis/benchmarking/datasets/UOB/maybridge-0445-597066503.png,O=C1c2ccc(O)cc2C(=O)c2ccc(O)cc21
/beegfs/home/m.romanov/thesis/benchmarking/datasets/UOB/maybridge-0445-626356568.png,O=C(O)CCC(=O)c1ccc2c(c1)OCCCO2
/beegfs/home/m.romanov/thesis/benchmarking/datasets/UOB/maybridge-0445-717366860.png,COC(OC)C(=O)/C=C/N(C)C
/beegfs/home/m.romanov/thesis/benchmarking/datasets/UOB/maybridge-0445-886045922.png,CCOC(=O)C(=O)CC(=O)C(C)(C)C
/beegfs/home/m.romanov/thesis/benchmarking/datasets/UOB/maybridge-0446-7657654.png,CCOC(=O)C(CCC(=O)O)(CCC(=O)O)C(C)=O
/beegfs/home/m.romanov/thesis/benchmarking/datasets/UOB/maybridge-0447-1059884135.png,N#Cc1c(-c2ccc(Cl)cc2)[nH][nH]c1=N
/beegfs/home/m.romanov/thesis/benchmarking/datasets/UOB/maybridge-0447-16865035.png,Cc1nn(-c2ccccc2)c(C)c1C#N
/beegfs/home/m.romanov/thesis/benchmarking/datasets/UOB/maybridge-0447-341700944.png,CC(C)(C)n1nc(-c2ccc(Cl)cc2)c(C#N)c1N
/beegfs/home/m.romanov/thesis/benchmarking/datasets/UOB/maybridge-0447-352838525.png,C=C1CC(C#N)C1
/beegfs/home/m.romanov/thesis/benchmarking/datasets/UOB/maybridge-0447-491579483.png,Cn1cnc(C#N)c1
/beegfs/home/m.romanov/thesis/benchmarking/datasets/UOB/maybridge-0447-705257308.png,Cn1cncc1C#N
/beegfs/home/m.romanov/thesis/benchmarking/datasets/UOB/maybridge-0447-807879032.png,N#CC1CN(C(c2ccccc2)c2ccccc2)C1
/beegfs/home/m.romanov/thesis/benchmarking/datasets/UOB/maybridge-0447-855512527.png,N#CCCn1cccc1C=O
/beegfs/home/m.romanov/thesis/benchmarking/datasets/UOB/maybridge-0447-963879572.png,N#Cc1n[nH]cc1Br
/beegfs/home/m.romanov/thesis/benchmarking/datasets/UOB/maybridge-0448-121999259.png,N#Cc1ccsc1N
/beegfs/home/m.romanov/thesis/benchmarking/datasets/UOB/maybridge-0448-164153331.png,Cc1nccn1CCC#N
/beegfs/home/m.romanov/thesis/benchmarking/datasets/UOB/maybridge-0448-44611625.png,N#Cc1cc(-c2ccccc2)oc1N
/beegfs/home/m.romanov/thesis/benchmarking/datasets/UOB/maybridge-0448-477527843.png,CSc1ccc(C#N)s1
/beegfs/home/m.romanov/thesis/benchmarking/datasets/UOB/maybridge-0448-524788050.png,COC(=O)c1scc(C#N)c1N
/beegfs/home/m.romanov/thesis/benchmarking/datasets/UOB/maybridge-0448-543471674.png,N#CCCNCC1CCCO1
/beegfs/home/m.romanov/thesis/benchmarking/datasets/UOB/maybridge-0448-731352349.png,CC(=O)c1ccc(C#N)s1
/beegfs/home/m.romanov/thesis/benchmarking/datasets/UOB/maybridge-0448-778113193.png,N#Cc1csc([N+](=O)[O-])c1
/beegfs/home/m.romanov/thesis/benchmarking/datasets/UOB/maybridge-0448-800693153.png,Cc1occc1C(=O)CC#N
/beegfs/home/m.romanov/thesis/benchmarking/datasets/UOB/maybridge-0448-830133664.png,N#CCCNCc1ccco1
/beegfs/home/m.romanov/thesis/benchmarking/datasets/UOB/maybridge-0448-882549569.png,N#Cc1ccc([N+](=O)[O-])s1
/beegfs/home/m.romanov/thesis/benchmarking/datasets/UOB/maybridge-0448-890121947.png,Cc1cc(C(=O)CC#N)c(C(F)(F)F)o1
/beegfs/home/m.romanov/thesis/benchmarking/datasets/UOB/maybridge-0449-1045053637.png,COC(=O)c1sc(N2CCCCC2)c(C#N)c1N
/beegfs/home/m.romanov/thesis/benchmarking/datasets/UOB/maybridge-0449-1065329248.png,CSc1sc(C(=O)O)c(-c2ccc(Cl)cc2)c1C#N
/beegfs/home/m.romanov/thesis/benchmarking/datasets/UOB/maybridge-0449-166014115.png,N#Cc1co[nH]c1=N
/beegfs/home/m.romanov/thesis/benchmarking/datasets/UOB/maybridge-0449-172645283.png,N#Cc1sc(-c2ccc(F)cc2)cc1N
/beegfs/home/m.romanov/thesis/benchmarking/datasets/UOB/maybridge-0449-17942666.png,COc1ccc(-c2c(C(=O)O)sc(SC)c2C#N)cc1
/beegfs/home/m.romanov/thesis/benchmarking/datasets/UOB/maybridge-0449-532982772.png,Cc1noc(C)c1C#N
/beegfs/home/m.romanov/thesis/benchmarking/datasets/UOB/maybridge-0449-681683849.png,Cc1csc(N=C(O)CCl)c1C#N
/beegfs/home/m.romanov/thesis/benchmarking/datasets/UOB/maybridge-0449-858771169.png,N#Cc1ccc(-c2cccs2)s1
/beegfs/home/m.romanov/thesis/benchmarking/datasets/UOB/maybridge-0449-939949501.png,COC(=O)c1sc(SC)c(C#N)c1N
/beegfs/home/m.romanov/thesis/benchmarking/datasets/UOB/maybridge-0449-96328374.png,N#CCC(=O)c1cccs1
/beegfs/home/m.romanov/thesis/benchmarking/datasets/UOB/maybridge-0450-143085762.png,Cc1ccc(-c2snc(Cl)c2C#N)cc1
/beegfs/home/m.romanov/thesis/benchmarking/datasets/UOB/maybridge-0450-160553210.png,Cc1nc(-c2ccc(C(F)(F)F)cc2)sc1C#N
/beegfs/home/m.romanov/thesis/benchmarking/datasets/UOB/maybridge-0450-211876167.png,N#CCc1nc(-c2ccc([N+](=O)[O-])cc2)cs1
/beegfs/home/m.romanov/thesis/benchmarking/datasets/UOB/maybridge-0450-252287512.png,N#CCc1nc(-c2ccc3c(c2)OCCO3)cs1
/beegfs/home/m.romanov/thesis/benchmarking/datasets/UOB/maybridge-0450-330264117.png,Cc1csc(CC#N)n1
/beegfs/home/m.romanov/thesis/benchmarking/datasets/UOB/maybridge-0450-425124611.png,Cc1nc(C#N)cs1
/beegfs/home/m.romanov/thesis/benchmarking/datasets/UOB/maybridge-0450-467401174.png,Cc1onc(-c2c(Cl)cccc2Cl)c1CC#N
/beegfs/home/m.romanov/thesis/benchmarking/datasets/UOB/maybridge-0450-605862918.png,Cc1onc(-c2c(F)cccc2Cl)c1C#N
/beegfs/home/m.romanov/thesis/benchmarking/datasets/UOB/maybridge-0450-74535539.png,Cc1nc(-c2ccccc2)sc1C#N
/beegfs/home/m.romanov/thesis/benchmarking/datasets/UOB/maybridge-0450-812823893.png,N#CCc1nc(-c2ccccc2)cs1
/beegfs/home/m.romanov/thesis/benchmarking/datasets/UOB/maybridge-0450-93188052.png,N#CCc1nc(-c2ccc(Cl)c(Cl)c2)cs1
/beegfs/home/m.romanov/thesis/benchmarking/datasets/UOB/maybridge-0451-1049509684.png,N#Cc1ccc(B(O)O)cc1
/beegfs/home/m.romanov/thesis/benchmarking/datasets/UOB/maybridge-0451-296945661.png,N#Cc1cccc(C=O)c1
/beegfs/home/m.romanov/thesis/benchmarking/datasets/UOB/maybridge-0451-311961730.png,N#Cc1ccccc1N=C=O
/beegfs/home/m.romanov/thesis/benchmarking/datasets/UOB/maybridge-0451-348516694.png,Cc1ccc(C#N)c(N)c1
/beegfs/home/m.romanov/thesis/benchmarking/datasets/UOB/maybridge-0451-461173722.png,N#Cc1ccc(N)c(N)c1
/beegfs/home/m.romanov/thesis/benchmarking/datasets/UOB/maybridge-0451-462920912.png,CC(C)c1ccc(C#N)cc1
/beegfs/home/m.romanov/thesis/benchmarking/datasets/UOB/maybridge-0451-685763082.png,N#Cc1ccc(N=C=O)cc1
/beegfs/home/m.romanov/thesis/benchmarking/datasets/UOB/maybridge-0451-699409459.png,N#Cc1cccc(B(O)O)c1
/beegfs/home/m.romanov/thesis/benchmarking/datasets/UOB/maybridge-0451-716633215.png,N#Cc1ccc(C=O)cc1
/beegfs/home/m.romanov/thesis/benchmarking/datasets/UOB/maybridge-0451-721590492.png,CNc1ccc(C#N)cc1N
/beegfs/home/m.romanov/thesis/benchmarking/datasets/UOB/maybridge-0451-805497996.png,Cc1ccc(F)cc1C#N
/beegfs/home/m.romanov/thesis/benchmarking/datasets/UOB/maybridge-0451-980303507.png,N#Cc1ccc(O)cc1F
/beegfs/home/m.romanov/thesis/benchmarking/datasets/UOB/maybridge-0452-369026851.png,CN(C)c1cccc(F)c1C#N
/beegfs/home/m.romanov/thesis/benchmarking/datasets/UOB/maybridge-0452-411330989.png,N#Cc1ccc(N)c(Cl)c1
/beegfs/home/m.romanov/thesis/benchmarking/datasets/UOB/maybridge-0452-420543385.png,N#Cc1ccc(CCO)cc1
/beegfs/home/m.romanov/thesis/benchmarking/datasets/UOB/maybridge-0452-433735585.png,COC(=O)c1ccccc1C#N
/beegfs/home/m.romanov/thesis/benchmarking/datasets/UOB/maybridge-0452-456123210.png,Cc1cc(C#N)cc(C)c1O
/beegfs/home/m.romanov/thesis/benchmarking/datasets/UOB/maybridge-0452-469924724.png,N#Cc1c(N)cccc1Cl
/beegfs/home/m.romanov/thesis/benchmarking/datasets/UOB/maybridge-0452-472089522.png,N#Cc1cc(Cl)ccc1O
/beegfs/home/m.romanov/thesis/benchmarking/datasets/UOB/maybridge-0452-489747241.png,COC(=O)c1cccc(C#N)c1
/beegfs/home/m.romanov/thesis/benchmarking/datasets/UOB/maybridge-0452-53989338.png,Cc1cc(O)cc(C)c1C#N
/beegfs/home/m.romanov/thesis/benchmarking/datasets/UOB/maybridge-0452-612990482.png,CCCOc1ccc(C#N)cc1
/beegfs/home/m.romanov/thesis/benchmarking/datasets/UOB/maybridge-0452-745343627.png,Cc1ccc(C#N)c([N+](=O)[O-])c1
/beegfs/home/m.romanov/thesis/benchmarking/datasets/UOB/maybridge-0452-830955542.png,N#Cc1ccc(N=C=S)cc1
/beegfs/home/m.romanov/thesis/benchmarking/datasets/UOB/maybridge-0453-309971432.png,N#Cc1ccc(-n2cccc2)cc1
/beegfs/home/m.romanov/thesis/benchmarking/datasets/UOB/maybridge-0453-342984802.png,N#Cc1ccc(F)cc1[N+](=O)[O-]
/beegfs/home/m.romanov/thesis/benchmarking/datasets/UOB/maybridge-0453-411278661.png,N#Cc1ccc(-n2ccnc2)cc1
/beegfs/home/m.romanov/thesis/benchmarking/datasets/UOB/maybridge-0453-459345547.png,N#Cc1ccccc1-n1ccnc1
/beegfs/home/m.romanov/thesis/benchmarking/datasets/UOB/maybridge-0453-527534521.png,N#Cc1ccccc1-n1cccc1
/beegfs/home/m.romanov/thesis/benchmarking/datasets/UOB/maybridge-0453-557785761.png,N#Cc1ccc(-c2ccco2)cc1
/beegfs/home/m.romanov/thesis/benchmarking/datasets/UOB/maybridge-0453-712298350.png,N#Cc1cccc(-n2ccnc2)c1
/beegfs/home/m.romanov/thesis/benchmarking/datasets/UOB/maybridge-0453-867025281.png,N#Cc1cc([N+](=O)[O-])ccc1F
/beegfs/home/m.romanov/thesis/benchmarking/datasets/UOB/maybridge-0453-884677900.png,N#Cc1ccccc1-n1cccn1
/beegfs/home/m.romanov/thesis/benchmarking/datasets/UOB/maybridge-0453-938109611.png,N#Cc1ccccc1-c1ccco1
/beegfs/home/m.romanov/thesis/benchmarking/datasets/UOB/maybridge-0453-950827443.png,N#Cc1cccc(-c2ccco2)c1
/beegfs/home/m.romanov/thesis/benchmarking/datasets/UOB/maybridge-0453-976270401.png,N#Cc1ccc(NN)c(Cl)c1
/beegfs/home/m.romanov/thesis/benchmarking/datasets/UOB/maybridge-0454-146882282.png,N#Cc1cccc(N2CCCC2)c1
/beegfs/home/m.romanov/thesis/benchmarking/datasets/UOB/maybridge-0454-147495085.png,N#Cc1ccc(N2CCCC2)cc1
/beegfs/home/m.romanov/thesis/benchmarking/datasets/UOB/maybridge-0454-216192873.png,N#Cc1ccc(S(N)(=O)=O)cc1
/beegfs/home/m.romanov/thesis/benchmarking/datasets/UOB/maybridge-0454-231933617.png,N#Cc1ccc([N+](=O)[O-])cc1Cl
/beegfs/home/m.romanov/thesis/benchmarking/datasets/UOB/maybridge-0454-32210656.png,COc1ccc(C#N)cc1[N+](=O)[O-]
/beegfs/home/m.romanov/thesis/benchmarking/datasets/UOB/maybridge-0454-416611984.png,N#Cc1cc(Cl)ccc1Cl
/beegfs/home/m.romanov/thesis/benchmarking/datasets/UOB/maybridge-0454-492408422.png,N#Cc1ccc(C(F)(F)F)cc1
/beegfs/home/m.romanov/thesis/benchmarking/datasets/UOB/maybridge-0454-514966136.png,N#Cc1c(O)ccc([N+](=O)[O-])c1O
/beegfs/home/m.romanov/thesis/benchmarking/datasets/UOB/maybridge-0454-665135559.png,N#Cc1cccc(-n2cccn2)c1
/beegfs/home/m.romanov/thesis/benchmarking/datasets/UOB/maybridge-0454-667371014.png,N#Cc1ccc(Cn2ccnc2)cc1
/beegfs/home/m.romanov/thesis/benchmarking/datasets/UOB/maybridge-0454-711368174.png,N#Cc1ccccc1N1CCCC1
/beegfs/home/m.romanov/thesis/benchmarking/datasets/UOB/maybridge-0454-893677163.png,N#Cc1ccccc1Br
/beegfs/home/m.romanov/thesis/benchmarking/datasets/UOB/maybridge-0455-439651968.png,Cn1ccc(-c2cccc(C#N)c2)n1
/beegfs/home/m.romanov/thesis/benchmarking/datasets/UOB/maybridge-0455-449519889.png,N#Cc1ccc(Cn2cncn2)cc1
/beegfs/home/m.romanov/thesis/benchmarking/datasets/UOB/maybridge-0455-562027130.png,N#Cc1ccc(N2CCCCC2)cc1
/beegfs/home/m.romanov/thesis/benchmarking/datasets/UOB/maybridge-0455-566292841.png,N#Cc1cccc(N2CCCCC2)c1
/beegfs/home/m.romanov/thesis/benchmarking/datasets/UOB/maybridge-0455-682873217.png,N#Cc1ccc(-c2nccs2)cc1
/beegfs/home/m.romanov/thesis/benchmarking/datasets/UOB/maybridge-0455-68409481.png,N#Cc1cccc(-c2cccs2)c1
/beegfs/home/m.romanov/thesis/benchmarking/datasets/UOB/maybridge-0455-749476479.png,Cc1nccn1-c1ccc(C#N)cc1
/beegfs/home/m.romanov/thesis/benchmarking/datasets/UOB/maybridge-0455-762841615.png,N#Cc1ccccc1Cn1cncn1
/beegfs/home/m.romanov/thesis/benchmarking/datasets/UOB/maybridge-0455-814852914.png,N#Cc1ccc(Cn2cccn2)cc1
/beegfs/home/m.romanov/thesis/benchmarking/datasets/UOB/maybridge-0455-857319515.png,N#Cc1ccc(-c2ccsc2)cc1
/beegfs/home/m.romanov/thesis/benchmarking/datasets/UOB/maybridge-0455-924810522.png,N#Cc1ccc(N)cc1C(F)(F)F
/beegfs/home/m.romanov/thesis/benchmarking/datasets/UOB/maybridge-0455-939095248.png,N#Cc1cccc(Cn2cncn2)c1
/beegfs/home/m.romanov/thesis/benchmarking/datasets/UOB/maybridge-0456-1064109673.png,COC(=O)c1ccc(OC)c(C#N)c1
/beegfs/home/m.romanov/thesis/benchmarking/datasets/UOB/maybridge-0456-14683114.png,N#Cc1ccc(N2CCNCC2)cc1
/beegfs/home/m.romanov/thesis/benchmarking/datasets/UOB/maybridge-0456-149252664.png,N#Cc1cccc(N2CCOCC2)c1
/beegfs/home/m.romanov/thesis/benchmarking/datasets/UOB/maybridge-0456-157104778.png,CN(C)c1ccc(C=O)c(F)c1C#N
/beegfs/home/m.romanov/thesis/benchmarking/datasets/UOB/maybridge-0456-234878051.png,N#Cc1ccc(Oc2ccccn2)cc1
/beegfs/home/m.romanov/thesis/benchmarking/datasets/UOB/maybridge-0456-269511491.png,CN(C)CCOc1ccccc1C#N
/beegfs/home/m.romanov/thesis/benchmarking/datasets/UOB/maybridge-0456-294802596.png,N#Cc1cccc(-n2cccc2C=O)c1
/beegfs/home/m.romanov/thesis/benchmarking/datasets/UOB/maybridge-0456-384320879.png,CN(C)CCOc1ccc(C#N)cc1
/beegfs/home/m.romanov/thesis/benchmarking/datasets/UOB/maybridge-0456-386641454.png,N#Cc1cccc(Oc2ccccc2)c1
/beegfs/home/m.romanov/thesis/benchmarking/datasets/UOB/maybridge-0456-463552533.png,N#Cc1ccc(Oc2ccccc2)cc1
/beegfs/home/m.romanov/thesis/benchmarking/datasets/UOB/maybridge-0456-663716201.png,N#Cc1ccccc1Oc1ccccc1
/beegfs/home/m.romanov/thesis/benchmarking/datasets/UOB/maybridge-0456-907614598.png,N#Cc1ccc(OC(F)(F)F)cc1
/beegfs/home/m.romanov/thesis/benchmarking/datasets/UOB/maybridge-0457-1005756389.png,N#Cc1ccc(S(=O)(=O)Cl)cc1
/beegfs/home/m.romanov/thesis/benchmarking/datasets/UOB/maybridge-0457-1008437765.png,CN1CCN(c2cccc(C#N)c2)CC1
/beegfs/home/m.romanov/thesis/benchmarking/datasets/UOB/maybridge-0457-167595293.png,N#Cc1ccccc1S(=O)(=O)Cl
/beegfs/home/m.romanov/thesis/benchmarking/datasets/UOB/maybridge-0457-401024038.png,N#Cc1ccc(N)c(OC(F)(F)F)c1
/beegfs/home/m.romanov/thesis/benchmarking/datasets/UOB/maybridge-0457-451462558.png,N#Cc1cccc(S(=O)(=O)Cl)c1
/beegfs/home/m.romanov/thesis/benchmarking/datasets/UOB/maybridge-0457-487439979.png,N#Cc1cccc(CN2CCOCC2)c1
/beegfs/home/m.romanov/thesis/benchmarking/datasets/UOB/maybridge-0457-588340986.png,Cc1nc(-c2ccc(C#N)cc2)cs1
/beegfs/home/m.romanov/thesis/benchmarking/datasets/UOB/maybridge-0457-689726017.png,N#Cc1ccc(CN2CCCCC2)cc1
/beegfs/home/m.romanov/thesis/benchmarking/datasets/UOB/maybridge-0457-86897281.png,N#Cc1ccccc1CN1CCOCC1
/beegfs/home/m.romanov/thesis/benchmarking/datasets/UOB/maybridge-0457-894702218.png,N#Cc1ccccc1OC1CCOCC1
/beegfs/home/m.romanov/thesis/benchmarking/datasets/UOB/maybridge-0457-981884873.png,N#Cc1ccc(CN2CCOCC2)cc1
/beegfs/home/m.romanov/thesis/benchmarking/datasets/UOB/maybridge-0457-990507138.png,Cc1nc(-c2cccc(C#N)c2)cs1
/beegfs/home/m.romanov/thesis/benchmarking/datasets/UOB/maybridge-0458-112868382.png,CN1CCN(Cc2ccccc2C#N)CC1
/beegfs/home/m.romanov/thesis/benchmarking/datasets/UOB/maybridge-0458-264374907.png,CN1CCN(Cc2cccc(C#N)c2)CC1
/beegfs/home/m.romanov/thesis/benchmarking/datasets/UOB/maybridge-0458-335745732.png,CC(C)(Oc1ccc(C#N)cc1)C(=O)O
/beegfs/home/m.romanov/thesis/benchmarking/datasets/UOB/maybridge-0458-36265719.png,N#Cc1c(F)cccc1Oc1ccccc1
/beegfs/home/m.romanov/thesis/benchmarking/datasets/UOB/maybridge-0458-443576225.png,CN1CCCN(c2ccccc2C#N)CC1
/beegfs/home/m.romanov/thesis/benchmarking/datasets/UOB/maybridge-0458-453286936.png,N#Cc1cccc(COc2ccccc2)c1
/beegfs/home/m.romanov/thesis/benchmarking/datasets/UOB/maybridge-0458-50113935.png,N#Cc1ccc(C(F)(F)F)cc1Cl
/beegfs/home/m.romanov/thesis/benchmarking/datasets/UOB/maybridge-0458-516495784.png,CN1CCCN(c2ccc(C#N)cc2)CC1
/beegfs/home/m.romanov/thesis/benchmarking/datasets/UOB/maybridge-0458-558512774.png,N#Cc1ccccc1COc1ccccc1
/beegfs/home/m.romanov/thesis/benchmarking/datasets/UOB/maybridge-0458-859462839.png,CN(C)CCCOc1ccc(C#N)cc1
/beegfs/home/m.romanov/thesis/benchmarking/datasets/UOB/maybridge-0458-992446622.png,N#Cc1ccc(OC2CCOCC2)cc1
/beegfs/home/m.romanov/thesis/benchmarking/datasets/UOB/maybridge-0459-1009994536.png,Cc1ccc(C#N)c(S(=O)(=O)Cl)c1
/beegfs/home/m.romanov/thesis/benchmarking/datasets/UOB/maybridge-0459-133950071.png,CN1CCN(Cc2ccc(C#N)cc2)CC1
/beegfs/home/m.romanov/thesis/benchmarking/datasets/UOB/maybridge-0459-248619059.png,COc1cccc(OCc2ccccc2)c1C#N
/beegfs/home/m.romanov/thesis/benchmarking/datasets/UOB/maybridge-0459-260955147.png,N#Cc1ccccc1OCCN1CCOCC1
/beegfs/home/m.romanov/thesis/benchmarking/datasets/UOB/maybridge-0459-264902159.png,N#Cc1c(Cl)cc(C(F)(F)F)cc1Cl
/beegfs/home/m.romanov/thesis/benchmarking/datasets/UOB/maybridge-0459-433386358.png,N#Cc1ccc(S(=O)(=O)Cl)c(Cl)c1
/beegfs/home/m.romanov/thesis/benchmarking/datasets/UOB/maybridge-0459-541507624.png,N#Cc1cccc(C(=O)CBr)c1
/beegfs/home/m.romanov/thesis/benchmarking/datasets/UOB/maybridge-0459-547139470.png,N#Cc1ccc(OCCN2CCOCC2)cc1
/beegfs/home/m.romanov/thesis/benchmarking/datasets/UOB/maybridge-0459-672275709.png,N#Cc1cccc(CS(=O)(=O)Cl)c1
/beegfs/home/m.romanov/thesis/benchmarking/datasets/UOB/maybridge-0459-73930664.png,N#Cc1ccc(C(=O)CBr)cc1
/beegfs/home/m.romanov/thesis/benchmarking/datasets/UOB/maybridge-0459-967673564.png,CC(C)(C)c1cc(C#N)cc(C(C)(C)C)c1O
/beegfs/home/m.romanov/thesis/benchmarking/datasets/UOB/maybridge-0459-971652661.png,N#Cc1cccc(OCCN2CCOCC2)c1
/beegfs/home/m.romanov/thesis/benchmarking/datasets/UOB/maybridge-0460-1064836813.png,CCOC(=O)C1CCN(c2ccc(C#N)cc2)CC1
/beegfs/home/m.romanov/thesis/benchmarking/datasets/UOB/maybridge-0460-163312530.png,Cc1ccc(COc2cccc(F)c2C#N)cc1
/beegfs/home/m.romanov/thesis/benchmarking/datasets/UOB/maybridge-0460-322765936.png,N#Cc1c(F)cccc1OCc1ccc(Cl)cc1
/beegfs/home/m.romanov/thesis/benchmarking/datasets/UOB/maybridge-0460-410169781.png,N#Cc1cc(Br)cc(Br)c1
/beegfs/home/m.romanov/thesis/benchmarking/datasets/UOB/maybridge-0460-508743595.png,N#Cc1cc(C(F)(F)F)ccc1N1CCOCC1
/beegfs/home/m.romanov/thesis/benchmarking/datasets/UOB/maybridge-0460-538383628.png,N#Cc1ccc(Oc2ccc(C(F)(F)F)cc2N)cc1
/beegfs/home/m.romanov/thesis/benchmarking/datasets/UOB/maybridge-0460-614182779.png,N#Cc1ccc(-c2ccc(C(F)(F)F)cn2)cc1
/beegfs/home/m.romanov/thesis/benchmarking/datasets/UOB/maybridge-0460-616684949.png,N#Cc1ccc(N2CCC(C(O)=NN)CC2)cc1
/beegfs/home/m.romanov/thesis/benchmarking/datasets/UOB/maybridge-0460-766430843.png,N#Cc1ccc(Oc2ccc(C(F)(F)F)cn2)cc1
/beegfs/home/m.romanov/thesis/benchmarking/datasets/UOB/maybridge-0460-912913631.png,CC(C)(C)OC(=O)N1CCN(c2ccc(C#N)cc2)CC1
/beegfs/home/m.romanov/thesis/benchmarking/datasets/UOB/maybridge-0461-150664264.png,N#CCc1cc(Cl)ccc1[N+](=O)[O-]
/beegfs/home/m.romanov/thesis/benchmarking/datasets/UOB/maybridge-0461-151636031.png,N#CCc1cc(F)cc(F)c1
/beegfs/home/m.romanov/thesis/benchmarking/datasets/UOB/maybridge-0461-162838660.png,N#CC(c1ccccc1)N1CCOCC1
/beegfs/home/m.romanov/thesis/benchmarking/datasets/UOB/maybridge-0461-185383472.png,N#C/C(=C\O)c1ccccc1
/beegfs/home/m.romanov/thesis/benchmarking/datasets/UOB/maybridge-0461-19000713.png,N#CCc1ccc(F)cc1F
/beegfs/home/m.romanov/thesis/benchmarking/datasets/UOB/maybridge-0461-204854484.png,N#Cc1c(Cl)cccc1Oc1ccc(S(=O)(=O)Cl)cc1
/beegfs/home/m.romanov/thesis/benchmarking/datasets/UOB/maybridge-0461-316234476.png,CC(C)(C)OC(O)=NC1CCN(c2ccc(C#N)cc2)CC1
/beegfs/home/m.romanov/thesis/benchmarking/datasets/UOB/maybridge-0461-320841230.png,N#CC(c1ccc(Cl)cc1)N1CCOCC1
/beegfs/home/m.romanov/thesis/benchmarking/datasets/UOB/maybridge-0461-387278353.png,N#CC(C=O)c1ccc(Cl)cc1
/beegfs/home/m.romanov/thesis/benchmarking/datasets/UOB/maybridge-0461-471291181.png,N#CCc1ccc(Cl)cc1F
/beegfs/home/m.romanov/thesis/benchmarking/datasets/UOB/maybridge-0461-672182156.png,N#CC(c1ccccc1)N1CCCCC1
/beegfs/home/m.romanov/thesis/benchmarking/datasets/UOB/maybridge-0461-708366241.png,N#CC(c1ccc(O)cc1)N1CCOCC1
/beegfs/home/m.romanov/thesis/benchmarking/datasets/UOB/maybridge-0462-1032581534.png,N#CCS(=O)(=O)c1ccc(Cl)cc1Cl
/beegfs/home/m.romanov/thesis/benchmarking/datasets/UOB/maybridge-0462-1065825330.png,CSC(SC)=C(C#N)C(=O)c1ccc(Cl)cc1
/beegfs/home/m.romanov/thesis/benchmarking/datasets/UOB/maybridge-0462-124599858.png,N#CCC(=O)c1cccc(Cl)c1
/beegfs/home/m.romanov/thesis/benchmarking/datasets/UOB/maybridge-0462-185140048.png,Cc1cccc(C(=O)CC#N)c1
/beegfs/home/m.romanov/thesis/benchmarking/datasets/UOB/maybridge-0462-240121158.png,COc1ccc(C(=O)C(C#N)=C(SC)SC)cc1
/beegfs/home/m.romanov/thesis/benchmarking/datasets/UOB/maybridge-0462-243302267.png,N#C/C(=C\c1ccccc1)C(=N)O
/beegfs/home/m.romanov/thesis/benchmarking/datasets/UOB/maybridge-0462-381478138.png,N#CCC(=O)c1ccc(OC(F)(F)F)cc1
/beegfs/home/m.romanov/thesis/benchmarking/datasets/UOB/maybridge-0462-632597938.png,COc1ccc(Br)c(C(=O)CC#N)c1
/beegfs/home/m.romanov/thesis/benchmarking/datasets/UOB/maybridge-0462-70040003.png,N#C/C=C/c1cc(C(F)(F)F)cc(C(F)(F)F)c1
/beegfs/home/m.romanov/thesis/benchmarking/datasets/UOB/maybridge-0462-846037206.png,N#C/C(=C/N)S(=O)(=O)c1ccc(Cl)cc1
/beegfs/home/m.romanov/thesis/benchmarking/datasets/UOB/maybridge-0462-937366824.png,COc1ccc(CCNCCC#N)cc1OC
/beegfs/home/m.romanov/thesis/benchmarking/datasets/UOB/maybridge-0462-976858016.png,N#CC1(CCl)CCCCC1
/beegfs/home/m.romanov/thesis/benchmarking/datasets/UOB/maybridge-0463-1049334731.png,COc1ccc(C#N)cn1
/beegfs/home/m.romanov/thesis/benchmarking/datasets/UOB/maybridge-0463-112572766.png,N#Cc1ccc(-c2ccco2)nc1
/beegfs/home/m.romanov/thesis/benchmarking/datasets/UOB/maybridge-0463-149583076.png,N#Cc1cccc(N2CCCC2)n1
/beegfs/home/m.romanov/thesis/benchmarking/datasets/UOB/maybridge-0463-197395632.png,CSc1nc(C=O)ccc1C#N
/beegfs/home/m.romanov/thesis/benchmarking/datasets/UOB/maybridge-0463-242942604.png,N#Cc1ccnc(N2CCCC2)c1
/beegfs/home/m.romanov/thesis/benchmarking/datasets/UOB/maybridge-0463-290834324.png,N#Cc1cnccc1C(F)(F)F
/beegfs/home/m.romanov/thesis/benchmarking/datasets/UOB/maybridge-0463-29787924.png,N#Cc1cccnc1Cl
/beegfs/home/m.romanov/thesis/benchmarking/datasets/UOB/maybridge-0463-406824350.png,N#Cc1ccc(Cl)nc1
/beegfs/home/m.romanov/thesis/benchmarking/datasets/UOB/maybridge-0463-769692248.png,N#Cc1ncccc1F
/beegfs/home/m.romanov/thesis/benchmarking/datasets/UOB/maybridge-0463-841910013.png,N#Cc1ccnc(Cl)c1
/beegfs/home/m.romanov/thesis/benchmarking/datasets/UOB/maybridge-0463-883414889.png,CC(=O)c1cc(C#N)c(O)nc1C
/beegfs/home/m.romanov/thesis/benchmarking/datasets/UOB/maybridge-0463-88381835.png,Cc1[nH]c(=N)ccc1C#N
/beegfs/home/m.romanov/thesis/benchmarking/datasets/UOB/maybridge-0464-1056280211.png,N#Cc1cccc(N2CCOCC2)n1
/beegfs/home/m.romanov/thesis/benchmarking/datasets/UOB/maybridge-0464-166781789.png,N#Cc1cccnc1N1CCNCC1
/beegfs/home/m.romanov/thesis/benchmarking/datasets/UOB/maybridge-0464-210206626.png,Cc1cc(Cl)nc(Cl)c1C#N
/beegfs/home/m.romanov/thesis/benchmarking/datasets/UOB/maybridge-0464-211276267.png,N#Cc1ccc(-c2ccccc2)nc1
/beegfs/home/m.romanov/thesis/benchmarking/datasets/UOB/maybridge-0464-326335503.png,N#Cc1cncc(Br)c1
/beegfs/home/m.romanov/thesis/benchmarking/datasets/UOB/maybridge-0464-716426343.png,Cc1cc(C(F)(F)F)c(C#N)cn1
/beegfs/home/m.romanov/thesis/benchmarking/datasets/UOB/maybridge-0464-77534027.png,N#Cc1ncccc1N1CCCCC1
/beegfs/home/m.romanov/thesis/benchmarking/datasets/UOB/maybridge-0464-794143168.png,N#Cc1ccc(N2CCNCC2)nc1
/beegfs/home/m.romanov/thesis/benchmarking/datasets/UOB/maybridge-0464-832772573.png,Cc1nc(Cl)c(C#N)c(C)c1Cl
/beegfs/home/m.romanov/thesis/benchmarking/datasets/UOB/maybridge-0464-833677447.png,N#Cc1ccnc(N2CCCCC2)c1
/beegfs/home/m.romanov/thesis/benchmarking/datasets/UOB/maybridge-0464-850286244.png,N#Cc1ccc(-c2cccs2)nc1
/beegfs/home/m.romanov/thesis/benchmarking/datasets/UOB/maybridge-0464-904949830.png,N#Cc1cccnc1N1CCCNCC1
/beegfs/home/m.romanov/thesis/benchmarking/datasets/UOB/maybridge-0465-119378720.png,Cc1cc(C(F)(F)F)c(C#N)c(S)n1
/beegfs/home/m.romanov/thesis/benchmarking/datasets/UOB/maybridge-0465-182751820.png,N#Cc1cncc(C#Cc2ccccc2)c1
/beegfs/home/m.romanov/thesis/benchmarking/datasets/UOB/maybridge-0465-237369335.png,N#Cc1c(C(F)(F)F)cc(Cl)nc1Cl
/beegfs/home/m.romanov/thesis/benchmarking/datasets/UOB/maybridge-0465-31646665.png,CCOC(=O)c1cc(C)nc(Cl)c1C#N
/beegfs/home/m.romanov/thesis/benchmarking/datasets/UOB/maybridge-0465-345844554.png,N#Cc1ccc(N2CCCNCC2)nc1
/beegfs/home/m.romanov/thesis/benchmarking/datasets/UOB/maybridge-0465-394002478.png,N#Cc1ccnc(N2CCSCC2)c1
/beegfs/home/m.romanov/thesis/benchmarking/datasets/UOB/maybridge-0465-493756644.png,N#Cc1c(C(F)(F)F)cc(-c2cccnc2)nc1O
/beegfs/home/m.romanov/thesis/benchmarking/datasets/UOB/maybridge-0465-693840572.png,N#Cc1c(C(F)(F)F)cc(-c2ccccc2)nc1O
/beegfs/home/m.romanov/thesis/benchmarking/datasets/UOB/maybridge-0465-697987455.png,COC(OC)c1ccc(C#N)c(S)n1
/beegfs/home/m.romanov/thesis/benchmarking/datasets/UOB/maybridge-0465-766539627.png,CCOC(=O)C1CCN(c2cc(C#N)ccn2)CC1
/beegfs/home/m.romanov/thesis/benchmarking/datasets/UOB/maybridge-0465-957080764.png,COC(=O)c1cc(C#N)c(S)nc1C(OC)OC
/beegfs/home/m.romanov/thesis/benchmarking/datasets/UOB/maybridge-0466-1050555102.png,CN(C)c1nc(-c2cccs2)cc(C(F)(F)F)c1C#N
/beegfs/home/m.romanov/thesis/benchmarking/datasets/UOB/maybridge-0466-153541865.png,N#CCCNCc1ccncc1
/beegfs/home/m.romanov/thesis/benchmarking/datasets/UOB/maybridge-0466-231049890.png,N#Cc1c(-c2cccs2)cc(-c2ccco2)nc1O
/beegfs/home/m.romanov/thesis/benchmarking/datasets/UOB/maybridge-0466-453233607.png,Cc1nc(=N)c(C#N)c[nH]1
/beegfs/home/m.romanov/thesis/benchmarking/datasets/UOB/maybridge-0466-499100496.png,N#CCS(=O)(=O)c1ccc(C(F)(F)F)cn1
/beegfs/home/m.romanov/thesis/benchmarking/datasets/UOB/maybridge-0466-62399955.png,N#Cc1c(C(F)(F)F)cc(-c2ccccc2)nc1S
/beegfs/home/m.romanov/thesis/benchmarking/datasets/UOB/maybridge-0466-83233752.png,CN=C(S)N1CCCN(c2ccc(C#N)cn2)CC1
/beegfs/home/m.romanov/thesis/benchmarking/datasets/UOB/maybridge-0466-897867786.png,N#Cc1c[nH]c(Cl)nc1=N
/beegfs/home/m.romanov/thesis/benchmarking/datasets/UOB/maybridge-0466-934266042.png,CC(C)(C)OC(=O)N1CCN(c2cc(C#N)ccn2)CC1
/beegfs/home/m.romanov/thesis/benchmarking/datasets/UOB/maybridge-0467-1015222550.png,N#CC1CCSCC1
/beegfs/home/m.romanov/thesis/benchmarking/datasets/UOB/maybridge-0467-10386379.png,N#Cc1cn(C2CC2)c(=O)n(Cc2ccccc2)c1=O
/beegfs/home/m.romanov/thesis/benchmarking/datasets/UOB/maybridge-0467-267815233.png,CSc1nc(-c2ccc(C)cc2)[nH]c(=N)c1C#N
/beegfs/home/m.romanov/thesis/benchmarking/datasets/UOB/maybridge-0467-303550583.png,CSc1nc(=N)c(C#N)c[nH]1
/beegfs/home/m.romanov/thesis/benchmarking/datasets/UOB/maybridge-0467-313754619.png,N#Cc1c[nH]c2ccccc12
/beegfs/home/m.romanov/thesis/benchmarking/datasets/UOB/maybridge-0467-349254139.png,CC(=O)N1CCC(C#N)CC1
/beegfs/home/m.romanov/thesis/benchmarking/datasets/UOB/maybridge-0467-471670561.png,N#CCCNCCCN1CCOCC1
/beegfs/home/m.romanov/thesis/benchmarking/datasets/UOB/maybridge-0467-515059729.png,N#Cc1nccnc1N1CCN(C(c2ccccc2)c2ccccc2)CC1
/beegfs/home/m.romanov/thesis/benchmarking/datasets/UOB/maybridge-0467-686160149.png,N#Cc1c[nH]c(Br)nc1=N
/beegfs/home/m.romanov/thesis/benchmarking/datasets/UOB/maybridge-0467-83806469.png,N#Cc1nccnc1Cl
/beegfs/home/m.romanov/thesis/benchmarking/datasets/UOB/maybridge-0468-136881561.png,Cn1ccc2cc(C#N)ccc21
/beegfs/home/m.romanov/thesis/benchmarking/datasets/UOB/maybridge-0468-245879690.png,N#CCc1coc2ccccc12
/beegfs/home/m.romanov/thesis/benchmarking/datasets/UOB/maybridge-0468-383886651.png,N#Cc1ccc2nccn2c1
/beegfs/home/m.romanov/thesis/benchmarking/datasets/UOB/maybridge-0468-479954405.png,CCc1[nH]nc2c1C(c1ccccc1)C(C#N)=C(N)O2
/beegfs/home/m.romanov/thesis/benchmarking/datasets/UOB/maybridge-0468-505850780.png,Cn1ccc2c(C#N)cccc21
/beegfs/home/m.romanov/thesis/benchmarking/datasets/UOB/maybridge-0468-601327003.png,N#Cc1ccc2sccc2c1
/beegfs/home/m.romanov/thesis/benchmarking/datasets/UOB/maybridge-0468-677622823.png,Cn1ccc2ccc(C#N)cc21
/beegfs/home/m.romanov/thesis/benchmarking/datasets/UOB/maybridge-0468-705730467.png,CSc1sc(C#N)c2c1C(=O)CC(C)(C)C2
/beegfs/home/m.romanov/thesis/benchmarking/datasets/UOB/maybridge-0468-773733824.png,N#Cc1ccc2occc2c1
/beegfs/home/m.romanov/thesis/benchmarking/datasets/UOB/maybridge-0468-792158699.png,CN1CCc2c(sc(N)c2C#N)C1
/beegfs/home/m.romanov/thesis/benchmarking/datasets/UOB/maybridge-0468-939135318.png,N#CCc1nc2ccccc2s1
/beegfs/home/m.romanov/thesis/benchmarking/datasets/UOB/maybridge-0469-1046853750.png,CC1(C)C=Cc2cc(C#N)ccc2O1
/beegfs/home/m.romanov/thesis/benchmarking/datasets/UOB/maybridge-0469-141154304.png,N#CC1(O)CN2CCC1CC2
/beegfs/home/m.romanov/thesis/benchmarking/datasets/UOB/maybridge-0469-179208677.png,COc1ccc2cc(Br)ccc2c1CC#N
/beegfs/home/m.romanov/thesis/benchmarking/datasets/UOB/maybridge-0469-222982128.png,CCOC(=O)C1=C(N)Oc2ccc(Br)cc2C1C(C#N)C(=O)OCC
/beegfs/home/m.romanov/thesis/benchmarking/datasets/UOB/maybridge-0469-236069809.png,CN1CCOc2cc(C#N)cnc21
/beegfs/home/m.romanov/thesis/benchmarking/datasets/UOB/maybridge-0469-313239906.png,N#Cc1sc(Br)c2c1OCCO2
/beegfs/home/m.romanov/thesis/benchmarking/datasets/UOB/maybridge-0469-422445375.png,N#Cc1cccc2c1OCCO2
/beegfs/home/m.romanov/thesis/benchmarking/datasets/UOB/maybridge-0469-677351053.png,N#CC1CNc2ccccc2O1
/beegfs/home/m.romanov/thesis/benchmarking/datasets/UOB/maybridge-0469-698133786.png,N#Cc1scc2c1OCCO2
/beegfs/home/m.romanov/thesis/benchmarking/datasets/UOB/maybridge-0469-877306731.png,Cc1c(CCO)c(=O)n2c([nH]c3ccccc32)c1C#N
/beegfs/home/m.romanov/thesis/benchmarking/datasets/UOB/maybridge-0470-163379034.png,COC(=O)C(C#N)=C(SC)SC
/beegfs/home/m.romanov/thesis/benchmarking/datasets/UOB/maybridge-0470-297346193.png,CSC(SC)=C(C#N)C#N
/beegfs/home/m.romanov/thesis/benchmarking/datasets/UOB/maybridge-0470-349918970.png,CC(=O)SCC#N
/beegfs/home/m.romanov/thesis/benchmarking/datasets/UOB/maybridge-0470-437773418.png,CCC1C(C#N)=C(N)Oc2c1c(=O)oc1ccccc21
/beegfs/home/m.romanov/thesis/benchmarking/datasets/UOB/maybridge-0470-767908206.png,CC(C)(C)OC(O)=NCCC#N
/beegfs/home/m.romanov/thesis/benchmarking/datasets/UOB/maybridge-0471-117509026.png,O=[N+]([O-])c1cc[nH]n1
/beegfs/home/m.romanov/thesis/benchmarking/datasets/UOB/maybridge-0471-124790810.png,N#Cc1csc([N+](=O)[O-])c1
/beegfs/home/m.romanov/thesis/benchmarking/datasets/UOB/maybridge-0471-207093767.png,Cc1nc(Br)c([N+](=O)[O-])[nH]1
/beegfs/home/m.romanov/thesis/benchmarking/datasets/UOB/maybridge-0471-290069595.png,CCOC(=O)c1cnn(-c2c([N+](=O)[O-])c(C)nn2C)c1N
/beegfs/home/m.romanov/thesis/benchmarking/datasets/UOB/maybridge-0471-514081115.png,Cc1nn(C)c(Cl)c1[N+](=O)[O-]
/beegfs/home/m.romanov/thesis/benchmarking/datasets/UOB/maybridge-0471-547791810.png,O=Cc1ccc([N+](=O)[O-])o1
/beegfs/home/m.romanov/thesis/benchmarking/datasets/UOB/maybridge-0471-605802291.png,CC1NC([N+](=O)[O-])C(Br)N1CC(=O)c1ccc(Cl)cc1
/beegfs/home/m.romanov/thesis/benchmarking/datasets/UOB/maybridge-0471-719204487.png,O=[N+]([O-])c1ccsc1Cl
/beegfs/home/m.romanov/thesis/benchmarking/datasets/UOB/maybridge-0471-916109251.png,N#Cc1ccc([N+](=O)[O-])s1
/beegfs/home/m.romanov/thesis/benchmarking/datasets/UOB/maybridge-0472-104779253.png,O=Cc1ccc([N+](=O)[O-])cc1
/beegfs/home/m.romanov/thesis/benchmarking/datasets/UOB/maybridge-0472-134696645.png,O=C=Nc1ccc([N+](=O)[O-])cc1
/beegfs/home/m.romanov/thesis/benchmarking/datasets/UOB/maybridge-0472-169541361.png,O=[N+]([O-])c1ccc(F)cc1O
/beegfs/home/m.romanov/thesis/benchmarking/datasets/UOB/maybridge-0472-339678774.png,NS(=O)(=O)c1cc([N+](=O)[O-])c(N2CCNCC2)s1
/beegfs/home/m.romanov/thesis/benchmarking/datasets/UOB/maybridge-0472-409492910.png,Cc1ccc(C#N)c([N+](=O)[O-])c1
/beegfs/home/m.romanov/thesis/benchmarking/datasets/UOB/maybridge-0472-653790244.png,O=C=Nc1ccccc1[N+](=O)[O-]
/beegfs/home/m.romanov/thesis/benchmarking/datasets/UOB/maybridge-0472-75310344.png,Nc1ccc(F)cc1[N+](=O)[O-]
/beegfs/home/m.romanov/thesis/benchmarking/datasets/UOB/maybridge-0472-803828906.png,O=[N+]([O-])c1cc(S(=O)(=O)Cl)sc1Cl
/beegfs/home/m.romanov/thesis/benchmarking/datasets/UOB/maybridge-0472-841463879.png,O=C(O)c1csc([N+](=O)[O-])c1
/beegfs/home/m.romanov/thesis/benchmarking/datasets/UOB/maybridge-0472-932018230.png,Cc1noc(N)c1[N+](=O)[O-]
/beegfs/home/m.romanov/thesis/benchmarking/datasets/UOB/maybridge-0472-992878537.png,Cc1ccc([N+](=O)[O-])cc1O
/beegfs/home/m.romanov/thesis/benchmarking/datasets/UOB/maybridge-0473-10049156.png,N#Cc1ccc(F)cc1[N+](=O)[O-]
/beegfs/home/m.romanov/thesis/benchmarking/datasets/UOB/maybridge-0473-1010218131.png,O=C(O)Cc1ccccc1[N+](=O)[O-]
/beegfs/home/m.romanov/thesis/benchmarking/datasets/UOB/maybridge-0473-1045967436.png,Nc1cc(F)c([N+](=O)[O-])cc1N
/beegfs/home/m.romanov/thesis/benchmarking/datasets/UOB/maybridge-0473-194953107.png,N#Cc1cc([N+](=O)[O-])ccc1F
/beegfs/home/m.romanov/thesis/benchmarking/datasets/UOB/maybridge-0473-237104489.png,COC(=O)c1ccccc1[N+](=O)[O-]
/beegfs/home/m.romanov/thesis/benchmarking/datasets/UOB/maybridge-0473-299085159.png,O=Cc1ccc(F)c([N+](=O)[O-])c1
/beegfs/home/m.romanov/thesis/benchmarking/datasets/UOB/maybridge-0473-422648988.png,COc1ccc(C#N)cc1[N+](=O)[O-]
/beegfs/home/m.romanov/thesis/benchmarking/datasets/UOB/maybridge-0473-647254377.png,O=[N+]([O-])c1ccc(N=C=S)cc1
/beegfs/home/m.romanov/thesis/benchmarking/datasets/UOB/maybridge-0473-76719019.png,O=C(O)Cc1ccc([N+](=O)[O-])cc1
/beegfs/home/m.romanov/thesis/benchmarking/datasets/UOB/maybridge-0473-848327373.png,N#Cc1c(O)ccc([N+](=O)[O-])c1O
/beegfs/home/m.romanov/thesis/benchmarking/datasets/UOB/maybridge-0473-944094849.png,Cc1ccc(N=C=O)cc1[N+](=O)[O-]
/beegfs/home/m.romanov/thesis/benchmarking/datasets/UOB/maybridge-0473-984067995.png,CNCc1cccc([N+](=O)[O-])c1
/beegfs/home/m.romanov/thesis/benchmarking/datasets/UOB/maybridge-0474-1007781783.png,CS(=O)(=O)c1ccc([N+](=O)[O-])cc1
/beegfs/home/m.romanov/thesis/benchmarking/datasets/UOB/maybridge-0474-1052132486.png,COC(=O)c1ccc([N+](=O)[O-])c(C)c1
/beegfs/home/m.romanov/thesis/benchmarking/datasets/UOB/maybridge-0474-1066933754.png,O=C(O)c1cc(O)ccc1[N+](=O)[O-]
/beegfs/home/m.romanov/thesis/benchmarking/datasets/UOB/maybridge-0474-190021999.png,N=C(O)c1cc([N+](=O)[O-])ccc1Cl
/beegfs/home/m.romanov/thesis/benchmarking/datasets/UOB/maybridge-0474-19077520.png,O=C(O)c1ccc([N+](=O)[O-])cc1F
/beegfs/home/m.romanov/thesis/benchmarking/datasets/UOB/maybridge-0474-273644740.png,O=[N+]([O-])c1ccc(OCC2CO2)cc1
/beegfs/home/m.romanov/thesis/benchmarking/datasets/UOB/maybridge-0474-292220959.png,N#CCc1cc(Cl)ccc1[N+](=O)[O-]
/beegfs/home/m.romanov/thesis/benchmarking/datasets/UOB/maybridge-0474-364533090.png,Nc1c([N+](=O)[O-])cc(F)c(F)c1F
/beegfs/home/m.romanov/thesis/benchmarking/datasets/UOB/maybridge-0474-583266877.png,Nc1cc(Cl)c(F)cc1[N+](=O)[O-]
/beegfs/home/m.romanov/thesis/benchmarking/datasets/UOB/maybridge-0474-742213860.png,CNCc1ccc([N+](=O)[O-])cc1
/beegfs/home/m.romanov/thesis/benchmarking/datasets/UOB/maybridge-0474-824952864.png,N#Cc1ccc([N+](=O)[O-])cc1Cl
/beegfs/home/m.romanov/thesis/benchmarking/datasets/UOB/maybridge-0474-888910840.png,O=C(O)/C=C\c1ccccc1[N+](=O)[O-]
/beegfs/home/m.romanov/thesis/benchmarking/datasets/UOB/maybridge-0475-1056590161.png,NC(Cc1ccc([N+](=O)[O-])cc1)C(=O)O
/beegfs/home/m.romanov/thesis/benchmarking/datasets/UOB/maybridge-0475-130990635.png,O=[N+]([O-])c1ccc(N2CCOCC2)cc1
/beegfs/home/m.romanov/thesis/benchmarking/datasets/UOB/maybridge-0475-232515361.png,Nc1ccc(OC(F)(F)F)cc1[N+](=O)[O-]
/beegfs/home/m.romanov/thesis/benchmarking/datasets/UOB/maybridge-0475-361612201.png,Nc1ccc(Br)cc1[N+](=O)[O-]
/beegfs/home/m.romanov/thesis/benchmarking/datasets/UOB/maybridge-0475-498814896.png,CN1CCN(c2cccc([N+](=O)[O-])c2)CC1
/beegfs/home/m.romanov/thesis/benchmarking/datasets/UOB/maybridge-0475-650814053.png,Cc1c(Cl)cc([N+](=O)[O-])cc1Cl
/beegfs/home/m.romanov/thesis/benchmarking/datasets/UOB/maybridge-0475-718990777.png,CNc1ccc(C(F)(F)F)cc1[N+](=O)[O-]
/beegfs/home/m.romanov/thesis/benchmarking/datasets/UOB/maybridge-0475-8020099.png,COc1cc([N+](=O)[O-])ccc1N1CCCC1
/beegfs/home/m.romanov/thesis/benchmarking/datasets/UOB/maybridge-0475-900300254.png,O=[N+]([O-])c1cccc(Oc2ccccn2)c1
/beegfs/home/m.romanov/thesis/benchmarking/datasets/UOB/maybridge-0475-941189003.png,COC(=O)c1ccc([N+](=O)[O-])cc1Cl
/beegfs/home/m.romanov/thesis/benchmarking/datasets/UOB/maybridge-0475-944630807.png,Nc1cc(Cl)c(Cl)cc1[N+](=O)[O-]
/beegfs/home/m.romanov/thesis/benchmarking/datasets/UOB/maybridge-0475-947762197.png,COc1ccc(C(=N)S)cc1[N+](=O)[O-]
/beegfs/home/m.romanov/thesis/benchmarking/datasets/UOB/maybridge-0476-1069551701.png,CSc1ccc([N+](=O)[O-])cc1-c1cc[nH]n1
/beegfs/home/m.romanov/thesis/benchmarking/datasets/UOB/maybridge-0476-236978783.png,O=[N+]([O-])c1cccc(CN2CCOCC2)c1
/beegfs/home/m.romanov/thesis/benchmarking/datasets/UOB/maybridge-0476-302425294.png,Cc1ccc(S(=O)(=O)Cl)cc1[N+](=O)[O-]
/beegfs/home/m.romanov/thesis/benchmarking/datasets/UOB/maybridge-0476-375593931.png,O=C(O)/C=C\c1ccc(Cl)c([N+](=O)[O-])c1
/beegfs/home/m.romanov/thesis/benchmarking/datasets/UOB/maybridge-0476-397172877.png,CCOC(=O)CC(=O)c1cccc([N+](=O)[O-])c1
/beegfs/home/m.romanov/thesis/benchmarking/datasets/UOB/maybridge-0476-399091011.png,NCC(=O)c1ccc([N+](=O)[O-])cc1
/beegfs/home/m.romanov/thesis/benchmarking/datasets/UOB/maybridge-0476-509798188.png,CN1CCN(Cc2cccc([N+](=O)[O-])c2)CC1
/beegfs/home/m.romanov/thesis/benchmarking/datasets/UOB/maybridge-0476-516376398.png,CNS(=O)(=O)Cc1ccc([N+](=O)[O-])cc1
/beegfs/home/m.romanov/thesis/benchmarking/datasets/UOB/maybridge-0476-58017448.png,O=[N+]([O-])c1ccc(CS(=O)(=O)Cl)cc1
/beegfs/home/m.romanov/thesis/benchmarking/datasets/UOB/maybridge-0476-60165172.png,Cc1cc(Br)c(N)c([N+](=O)[O-])c1
/beegfs/home/m.romanov/thesis/benchmarking/datasets/UOB/maybridge-0476-786979170.png,COC(=O)c1cccc([N+](=O)[O-])c1N=C(C)O
/beegfs/home/m.romanov/thesis/benchmarking/datasets/UOB/maybridge-0476-823602453.png,O=Cc1cc([N+](=O)[O-])ccc1N1CCOCC1
/beegfs/home/m.romanov/thesis/benchmarking/datasets/UOB/maybridge-0477-161836043.png,O=[N+]([O-])c1cccc(OCCN2CCOCC2)c1
/beegfs/home/m.romanov/thesis/benchmarking/datasets/UOB/maybridge-0477-185319479.png,O=C(O)c1cc([N+](=O)[O-])ccc1N1CCOCC1
/beegfs/home/m.romanov/thesis/benchmarking/datasets/UOB/maybridge-0477-240489909.png,Nc1c(Cl)cc(C(F)(F)F)cc1[N+](=O)[O-]
/beegfs/home/m.romanov/thesis/benchmarking/datasets/UOB/maybridge-0477-436239139.png,CCOc1cc([N+](=O)[O-])c(OCC)cc1Cl
/beegfs/home/m.romanov/thesis/benchmarking/datasets/UOB/maybridge-0477-49076281.png,CC(C)(C)C(O)=NN=C(O)c1cccc([N+](=O)[O-])c1
/beegfs/home/m.romanov/thesis/benchmarking/datasets/UOB/maybridge-0477-521496755.png,N#CCc1nc(-c2ccc([N+](=O)[O-])cc2)cs1
/beegfs/home/m.romanov/thesis/benchmarking/datasets/UOB/maybridge-0477-543787803.png,NNc1cc(Cl)c(C(F)(F)F)cc1[N+](=O)[O-]
/beegfs/home/m.romanov/thesis/benchmarking/datasets/UOB/maybridge-0477-688734108.png,O=[N+]([O-])c1ccc(OCCN2CCOCC2)cc1
/beegfs/home/m.romanov/thesis/benchmarking/datasets/UOB/maybridge-0477-880038186.png,O=[N+]([O-])c1ccccc1OCCN1CCOCC1
/beegfs/home/m.romanov/thesis/benchmarking/datasets/UOB/maybridge-0477-930577031.png,COc1cc(CC(=O)O)c([N+](=O)[O-])cc1OC
/beegfs/home/m.romanov/thesis/benchmarking/datasets/UOB/maybridge-0477-931664967.png,O=C(C(=O)c1ccc([N+](=O)[O-])cc1)c1ccccc1
/beegfs/home/m.romanov/thesis/benchmarking/datasets/UOB/maybridge-0477-961298376.png,Nc1cc(Cl)c(C(F)(F)F)cc1[N+](=O)[O-]
/beegfs/home/m.romanov/thesis/benchmarking/datasets/UOB/maybridge-0478-1059844737.png,O=[N+]([O-])c1ccc(C(O)CNCc2ccccc2)cc1
/beegfs/home/m.romanov/thesis/benchmarking/datasets/UOB/maybridge-0478-364302346.png,Cl.O=[N+]([O-])c1cc(CO)ccc1N1CCOCC1
/beegfs/home/m.romanov/thesis/benchmarking/datasets/UOB/maybridge-0478-372624458.png,O=[N+]([O-])c1cccc(-c2noc(-c3cccs3)n2)c1
/beegfs/home/m.romanov/thesis/benchmarking/datasets/UOB/maybridge-0478-373015526.png,O=[N+]([O-])c1ccc(S(=O)(=O)N2CCOCC2)cc1
/beegfs/home/m.romanov/thesis/benchmarking/datasets/UOB/maybridge-0478-46173798.png,Nc1c(Br)cc(C(F)(F)F)cc1[N+](=O)[O-]
/beegfs/home/m.romanov/thesis/benchmarking/datasets/UOB/maybridge-0478-571445767.png,Cc1ccc(Sc2ccc(C=O)cc2[N+](=O)[O-])cc1
/beegfs/home/m.romanov/thesis/benchmarking/datasets/UOB/maybridge-0478-622639279.png,CCOC(=O)c1cnn(-c2ccc([N+](=O)[O-])cc2)c1N
/beegfs/home/m.romanov/thesis/benchmarking/datasets/UOB/maybridge-0478-672838574.png,O=[N+]([O-])c1cc(C(F)(F)F)ccc1N1CCNCC1
/beegfs/home/m.romanov/thesis/benchmarking/datasets/UOB/maybridge-0478-698349523.png,Cc1ccc(Sc2ccc(C(=O)O)cc2[N+](=O)[O-])cc1
/beegfs/home/m.romanov/thesis/benchmarking/datasets/UOB/maybridge-0478-991749807.png,Cc1ccc(Sc2ccc([N+](=O)[O-])cc2C=O)cc1
/beegfs/home/m.romanov/thesis/benchmarking/datasets/UOB/maybridge-0478-995258070.png,O=C(CBr)c1ccc(Cl)c([N+](=O)[O-])c1
/beegfs/home/m.romanov/thesis/benchmarking/datasets/UOB/maybridge-0479-117695284.png,CC(C)(C)OC(=O)N1CCCC(Oc2ccc([N+](=O)[O-])cc2)C1
/beegfs/home/m.romanov/thesis/benchmarking/datasets/UOB/maybridge-0479-122416807.png,CC(C)(C)OC(=O)N1CCC(Oc2ccccc2[N+](=O)[O-])CC1
/beegfs/home/m.romanov/thesis/benchmarking/datasets/UOB/maybridge-0479-256566619.png,CC(C)(C)OC(=O)N1CCN(Cc2cccc([N+](=O)[O-])c2)CC1
/beegfs/home/m.romanov/thesis/benchmarking/datasets/UOB/maybridge-0479-36421644.png,Cc1ccc(S(=O)(=O)c2ccc(C(=O)O)cc2[N+](=O)[O-])cc1
/beegfs/home/m.romanov/thesis/benchmarking/datasets/UOB/maybridge-0479-739180671.png,CC(C)(C)OC(=O)N1CCC(Oc2ccc([N+](=O)[O-])cc2)CC1
/beegfs/home/m.romanov/thesis/benchmarking/datasets/UOB/maybridge-0479-769028990.png,O=C(O)c1ccc(S(=O)(=O)c2cc(Cl)ccc2Cl)c([N+](=O)[O-])c1
/beegfs/home/m.romanov/thesis/benchmarking/datasets/UOB/maybridge-0479-793195464.png,CC(C)(C)OC(=O)N1CCCC(Oc2ccccc2[N+](=O)[O-])C1
/beegfs/home/m.romanov/thesis/benchmarking/datasets/UOB/maybridge-0479-869193324.png,O=C(O)C12CC3CC(C1)CC(c1ccc([N+](=O)[O-])cc1)(C3)C2
/beegfs/home/m.romanov/thesis/benchmarking/datasets/UOB/maybridge-0479-908146759.png,CC1(C)OC(=O)C(=Cc2ccc(N3CCOCC3)c([N+](=O)[O-])c2)C(=O)O1
/beegfs/home/m.romanov/thesis/benchmarking/datasets/UOB/maybridge-0480-1009583609.png,O=[N+]([O-])c1cccnc1N1CCOCC1
/beegfs/home/m.romanov/thesis/benchmarking/datasets/UOB/maybridge-0480-156134069.png,O=[N+]([O-])c1ccc(OCCO)nc1
/beegfs/home/m.romanov/thesis/benchmarking/datasets/UOB/maybridge-0480-312164351.png,O=[N+]([O-])c1cc(C(F)(F)F)cnc1O
/beegfs/home/m.romanov/thesis/benchmarking/datasets/UOB/maybridge-0480-419090852.png,COc1ccc([N+](=O)[O-])c(Cl)n1
/beegfs/home/m.romanov/thesis/benchmarking/datasets/UOB/maybridge-0480-426449191.png,O=[N+]([O-])c1cc(Br)cnc1O
/beegfs/home/m.romanov/thesis/benchmarking/datasets/UOB/maybridge-0480-580252761.png,O=[N+]([O-])c1ccc(Cl)nc1
/beegfs/home/m.romanov/thesis/benchmarking/datasets/UOB/maybridge-0480-623483033.png,O=[N+]([O-])c1ccc(N2CCCNCC2)nc1
/beegfs/home/m.romanov/thesis/benchmarking/datasets/UOB/maybridge-0480-628637281.png,O=[N+]([O-])c1ccc(Cl)nc1Cl
/beegfs/home/m.romanov/thesis/benchmarking/datasets/UOB/maybridge-0480-770522085.png,O=c1cc[nH]cc1[N+](=O)[O-]
/beegfs/home/m.romanov/thesis/benchmarking/datasets/UOB/maybridge-0480-834644863.png,O=[N+]([O-])c1ccc(Oc2c(Cl)cc(S(=O)(=O)Cl)cc2Cl)c(Cl)c1
/beegfs/home/m.romanov/thesis/benchmarking/datasets/UOB/maybridge-0480-923517809.png,O=[N+]([O-])c1cc(Cl)cnc1O
/beegfs/home/m.romanov/thesis/benchmarking/datasets/UOB/maybridge-0480-997857498.png,Cc1cc([N+](=O)[O-])cnc1Cl
/beegfs/home/m.romanov/thesis/benchmarking/datasets/UOB/maybridge-0481-1011674821.png,O=[N+]([O-])c1ccc2[nH]ccc2c1
/beegfs/home/m.romanov/thesis/benchmarking/datasets/UOB/maybridge-0481-1020147867.png,Cc1[nH]c2ccc([N+](=O)[O-])cc2c1C=O
/beegfs/home/m.romanov/thesis/benchmarking/datasets/UOB/maybridge-0481-1021927495.png,N=c1[nH]nc(Sc2ncccc2[N+](=O)[O-])s1
/beegfs/home/m.romanov/thesis/benchmarking/datasets/UOB/maybridge-0481-1847706.png,O=C(O)c1cc2cccc([N+](=O)[O-])c2[nH]1
/beegfs/home/m.romanov/thesis/benchmarking/datasets/UOB/maybridge-0481-212956386.png,CC(=O)C1C(=O)c2cccc([N+](=O)[O-])c2C1=O
/beegfs/home/m.romanov/thesis/benchmarking/datasets/UOB/maybridge-0481-316201775.png,O=[N+]([O-])c1cccnc1N1CCN(CCO)CC1
/beegfs/home/m.romanov/thesis/benchmarking/datasets/UOB/maybridge-0481-340508658.png,O=C1N=C(O)c2cc(Cl)c([N+](=O)[O-])cc21
/beegfs/home/m.romanov/thesis/benchmarking/datasets/UOB/maybridge-0481-375648442.png,O=[N+]([O-])c1cccc2c[nH]nc12
/beegfs/home/m.romanov/thesis/benchmarking/datasets/UOB/maybridge-0481-455489678.png,O=C1N=C(O)c2ccc([N+](=O)[O-])cc21
/beegfs/home/m.romanov/thesis/benchmarking/datasets/UOB/maybridge-0481-470050240.png,O=Cc1c[nH]c2ccc([N+](=O)[O-])cc12
/beegfs/home/m.romanov/thesis/benchmarking/datasets/UOB/maybridge-0481-722876921.png,O=C(O)c1[nH]c2ccc([N+](=O)[O-])cc2c1-c1ccccc1
/beegfs/home/m.romanov/thesis/benchmarking/datasets/UOB/maybridge-0481-913282675.png,Cn1ccc2cc([N+](=O)[O-])ccc21
/beegfs/home/m.romanov/thesis/benchmarking/datasets/UOB/maybridge-0482-1049127247.png,Cc1ccc2cc([N+](=O)[O-])ccc2n1
/beegfs/home/m.romanov/thesis/benchmarking/datasets/UOB/maybridge-0482-332278864.png,O=[N+]([O-])c1c(Cl)ccc2nsnc12
/beegfs/home/m.romanov/thesis/benchmarking/datasets/UOB/maybridge-0482-350063852.png,Cc1ccc2ncccc2c1[N+](=O)[O-]
/beegfs/home/m.romanov/thesis/benchmarking/datasets/UOB/maybridge-0482-401963766.png,CSc1nc2ccc([N+](=O)[O-])cc2s1
/beegfs/home/m.romanov/thesis/benchmarking/datasets/UOB/maybridge-0482-405870525.png,N=c1[nH]sc2ccc([N+](=O)[O-])cc12
/beegfs/home/m.romanov/thesis/benchmarking/datasets/UOB/maybridge-0482-465711912.png,Nc1cc(Cl)c2nonc2c1[N+](=O)[O-]
/beegfs/home/m.romanov/thesis/benchmarking/datasets/UOB/maybridge-0482-513199877.png,O=[N+]([O-])c1coc2ccc(O)cc12
/beegfs/home/m.romanov/thesis/benchmarking/datasets/UOB/maybridge-0482-562628339.png,NN=C(O)CSC1CS(=O)(=O)c2cc([N+](=O)[O-])ccc21
/beegfs/home/m.romanov/thesis/benchmarking/datasets/UOB/maybridge-0482-769343473.png,O=[N+]([O-])c1ccc2ncoc2c1
/beegfs/home/m.romanov/thesis/benchmarking/datasets/UOB/maybridge-0482-948469307.png,O=C(Cl)c1cc2cc([N+](=O)[O-])ccc2s1
/beegfs/home/m.romanov/thesis/benchmarking/datasets/UOB/maybridge-0482-976964412.png,O=C(O)c1cc2cc([N+](=O)[O-])ccc2s1
/beegfs/home/m.romanov/thesis/benchmarking/datasets/UOB/maybridge-0483-671082166.png,CSC(=C[N+](=O)[O-])SC
/beegfs/home/m.romanov/thesis/benchmarking/datasets/UOB/maybridge-0484-1041145291.png,[CH2]CCC.[CH2]CCC.[CH2]CCC.[SnH2].[c]1ccccn1
/beegfs/home/m.romanov/thesis/benchmarking/datasets/UOB/maybridge-0484-203507964.png,CCC[CH2][Sn]([CH2]CCC)([CH2]CCC)[c]1cccc(C(F)(F)F)c1
/beegfs/home/m.romanov/thesis/benchmarking/datasets/UOB/maybridge-0484-531838415.png,CCC[CH2][Sn]([CH2]CCC)([CH2]CCC)[c]1cccnc1
/beegfs/home/m.romanov/thesis/benchmarking/datasets/UOB/maybridge-0484-654789319.png,CCC[CH2][Sn]([CH2]CCC)([CH2]CCC)[c]1cccc(N2CCOCC2)n1
/beegfs/home/m.romanov/thesis/benchmarking/datasets/UOB/maybridge-0484-751844409.png,Cn1[c]cnc1.[CH2]CCC.[CH2]CCC.[CH2]CCC.[SnH2]
/beegfs/home/m.romanov/thesis/benchmarking/datasets/UOB/maybridge-0484-848093976.png,CCC[CH2][Sn]([CH2]CCC)([CH2]CCC)[c]1ccc(F)cc1
/beegfs/home/m.romanov/thesis/benchmarking/datasets/UOB/maybridge-0484-97077576.png,CCC[CH2][Sn]([CH2]CCC)([CH2]CCC)[c]1cc(C(F)(F)F)nn1C
/beegfs/home/m.romanov/thesis/benchmarking/datasets/UOB/maybridge-0485-250019773.png,Cn1cc(S(=O)(=O)Cl)c(C(F)(F)F)n1
/beegfs/home/m.romanov/thesis/benchmarking/datasets/UOB/maybridge-0485-252831134.png,CCOC(=O)c1[nH]c(C)c(S(=O)(=O)Cl)c1C
/beegfs/home/m.romanov/thesis/benchmarking/datasets/UOB/maybridge-0485-348935721.png,COC(=O)c1ccc(S(=O)(=O)Cl)n1C
/beegfs/home/m.romanov/thesis/benchmarking/datasets/UOB/maybridge-0485-382231377.png,Cc1nn(C)c(Cl)c1S(=O)(=O)Cl
/beegfs/home/m.romanov/thesis/benchmarking/datasets/UOB/maybridge-0485-392436152.png,Cc1nn(C)c(C)c1S(=O)(=O)Cl
/beegfs/home/m.romanov/thesis/benchmarking/datasets/UOB/maybridge-0485-471884880.png,Cn1cnc(S(=O)(=O)Cl)c1
/beegfs/home/m.romanov/thesis/benchmarking/datasets/UOB/maybridge-0485-48631327.png,Cc1c(S(=O)(=O)Cl)cnn1-c1ccccc1
/beegfs/home/m.romanov/thesis/benchmarking/datasets/UOB/maybridge-0485-609141591.png,Cc1nc(S(=O)(=O)Cl)cn1C
/beegfs/home/m.romanov/thesis/benchmarking/datasets/UOB/maybridge-0485-91484174.png,Cn1ccc(S(=O)(=O)Cl)n1
/beegfs/home/m.romanov/thesis/benchmarking/datasets/UOB/maybridge-0485-926815768.png,Cc1nn(-c2ccccc2)c(C)c1S(=O)(=O)Cl
/beegfs/home/m.romanov/thesis/benchmarking/datasets/UOB/maybridge-0486-195976363.png,COC(=O)c1ccc(S(=O)(=O)Cl)o1
/beegfs/home/m.romanov/thesis/benchmarking/datasets/UOB/maybridge-0486-351571526.png,O=S(=O)(Cl)c1ccco1
/beegfs/home/m.romanov/thesis/benchmarking/datasets/UOB/maybridge-0486-414275568.png,O=S(=O)(Cl)c1ccc(C2OCCO2)o1
/beegfs/home/m.romanov/thesis/benchmarking/datasets/UOB/maybridge-0486-494278248.png,COC(=O)c1cc(S(=O)(=O)Cl)oc1C
/beegfs/home/m.romanov/thesis/benchmarking/datasets/UOB/maybridge-0486-586900043.png,Cc1cc(S(=O)(=O)Cl)c(C)o1
/beegfs/home/m.romanov/thesis/benchmarking/datasets/UOB/maybridge-0486-596476605.png,O=S(=O)(Cl)c1occc1C1OCCO1
/beegfs/home/m.romanov/thesis/benchmarking/datasets/UOB/maybridge-0486-61742455.png,COC(=O)c1c(C)oc(C)c1S(=O)(=O)Cl
/beegfs/home/m.romanov/thesis/benchmarking/datasets/UOB/maybridge-0486-684432403.png,O=S(=O)(Cl)c1cccs1
/beegfs/home/m.romanov/thesis/benchmarking/datasets/UOB/maybridge-0486-805535479.png,O=S(=O)(Cl)c1ccsc1
/beegfs/home/m.romanov/thesis/benchmarking/datasets/UOB/maybridge-0486-93405169.png,O=S(=O)(Cl)c1ccoc1
/beegfs/home/m.romanov/thesis/benchmarking/datasets/UOB/maybridge-0486-949767454.png,Cc1cc(S(=O)(=O)Cl)c(C(F)(F)F)o1
/beegfs/home/m.romanov/thesis/benchmarking/datasets/UOB/maybridge-0487-136156866.png,COC(=O)c1cc(C)c(S(=O)(=O)Cl)s1
/beegfs/home/m.romanov/thesis/benchmarking/datasets/UOB/maybridge-0487-341089665.png,O=S(=O)(Cl)c1ccc(-c2cnco2)s1
/beegfs/home/m.romanov/thesis/benchmarking/datasets/UOB/maybridge-0487-562366131.png,COC(=O)c1sccc1S(=O)(=O)Cl
/beegfs/home/m.romanov/thesis/benchmarking/datasets/UOB/maybridge-0487-648738113.png,O=S(=O)(Cl)c1ccc(Cl)s1
/beegfs/home/m.romanov/thesis/benchmarking/datasets/UOB/maybridge-0487-656838331.png,O=S(=O)(Cl)c1ccc(-c2ccccn2)s1
/beegfs/home/m.romanov/thesis/benchmarking/datasets/UOB/maybridge-0487-681869651.png,Cc1cc(S(=O)(=O)Cl)c(C)s1
/beegfs/home/m.romanov/thesis/benchmarking/datasets/UOB/maybridge-0487-717169293.png,O=S(=O)(Cl)c1ccc(-c2ccno2)s1
/beegfs/home/m.romanov/thesis/benchmarking/datasets/UOB/maybridge-0487-733956463.png,O=S(=O)(Cl)c1ccc(-c2ccccc2)s1
/beegfs/home/m.romanov/thesis/benchmarking/datasets/UOB/maybridge-0487-821973051.png,O=S(=O)(Cl)c1sccc1C1OCCO1
/beegfs/home/m.romanov/thesis/benchmarking/datasets/UOB/maybridge-0487-822658347.png,O=S(=O)(Cl)c1ccc(C2OCCO2)s1
/beegfs/home/m.romanov/thesis/benchmarking/datasets/UOB/maybridge-0487-910018575.png,O=S(=O)(Cl)c1cc(Cl)sc1Cl
/beegfs/home/m.romanov/thesis/benchmarking/datasets/UOB/maybridge-0488-179361805.png,O=S(=O)(Cl)c1ccc(CN=C(O)c2ccccc2)s1
/beegfs/home/m.romanov/thesis/benchmarking/datasets/UOB/maybridge-0488-473463323.png,O=S(=O)(Cl)c1ccc(-c2cc(C(F)(F)F)on2)s1
/beegfs/home/m.romanov/thesis/benchmarking/datasets/UOB/maybridge-0488-503599029.png,O=S(=O)(Cl)c1cscc1Br
/beegfs/home/m.romanov/thesis/benchmarking/datasets/UOB/maybridge-0488-517104201.png,O=S(=O)(Cl)c1cc(Br)c(Cl)s1
/beegfs/home/m.romanov/thesis/benchmarking/datasets/UOB/maybridge-0488-548714223.png,Cc1nc(-c2ccc(S(=O)(=O)Cl)s2)cs1
/beegfs/home/m.romanov/thesis/benchmarking/datasets/UOB/maybridge-0488-627505155.png,O=S(=O)(Cl)c1ccc(-c2nsc(Cl)n2)s1
/beegfs/home/m.romanov/thesis/benchmarking/datasets/UOB/maybridge-0488-70564439.png,O=[N+]([O-])c1cc(S(=O)(=O)Cl)sc1Cl
/beegfs/home/m.romanov/thesis/benchmarking/datasets/UOB/maybridge-0488-70982967.png,COC(=O)c1csc(S(=O)(=O)Cl)c1OC
/beegfs/home/m.romanov/thesis/benchmarking/datasets/UOB/maybridge-0488-712836360.png,O=S(=O)(Cl)c1ccc(Br)s1
/beegfs/home/m.romanov/thesis/benchmarking/datasets/UOB/maybridge-0488-771090165.png,CSc1nccc(-c2ccc(S(=O)(=O)Cl)s2)n1
/beegfs/home/m.romanov/thesis/benchmarking/datasets/UOB/maybridge-0489-247658913.png,O=S(=O)(Cl)c1c(Cl)sc(Cl)c1Br
/beegfs/home/m.romanov/thesis/benchmarking/datasets/UOB/maybridge-0489-404038183.png,Cn1nc(-c2ccc(S(=O)(=O)Cl)s2)cc1C(F)(F)F
/beegfs/home/m.romanov/thesis/benchmarking/datasets/UOB/maybridge-0489-414658755.png,CCOC(=O)c1nc(-c2ccc(S(=O)(=O)Cl)s2)no1
/beegfs/home/m.romanov/thesis/benchmarking/datasets/UOB/maybridge-0489-556036782.png,O=S(=O)(Cl)c1csc(C(F)(F)F)c1-c1ccccc1
/beegfs/home/m.romanov/thesis/benchmarking/datasets/UOB/maybridge-0489-641162237.png,O=S(=O)(Cl)c1ccc(S(=O)(=O)c2ccccc2)s1
/beegfs/home/m.romanov/thesis/benchmarking/datasets/UOB/maybridge-0489-6968719.png,O=S(=O)(Cl)c1cc(S(=O)(=O)c2ccccc2)cs1
/beegfs/home/m.romanov/thesis/benchmarking/datasets/UOB/maybridge-0489-729670557.png,COC(=O)c1sc(C(F)(F)F)c(-c2ccccc2)c1S(=O)(=O)Cl
/beegfs/home/m.romanov/thesis/benchmarking/datasets/UOB/maybridge-0489-819438012.png,O=C(NCc1ccc(S(=O)(=O)Cl)s1)c1ccc(Cl)cc1
/beegfs/home/m.romanov/thesis/benchmarking/datasets/UOB/maybridge-0489-960221460.png,Cn1nc(C(F)(F)F)cc1-c1ccc(S(=O)(=O)Cl)s1
/beegfs/home/m.romanov/thesis/benchmarking/datasets/UOB/maybridge-0489-963518337.png,COC(=O)c1scc(S(=O)(=O)C(C)C)c1S(=O)(=O)Cl
/beegfs/home/m.romanov/thesis/benchmarking/datasets/UOB/maybridge-0490-427930360.png,Cc1onc(-c2ccccc2)c1S(=O)(=O)Cl
/beegfs/home/m.romanov/thesis/benchmarking/datasets/UOB/maybridge-0490-439581794.png,O=S(=O)(Cl)c1ccccc1F
/beegfs/home/m.romanov/thesis/benchmarking/datasets/UOB/maybridge-0490-480066398.png,Cc1nc(-c2ccc(C(F)(F)F)cc2)sc1S(=O)(=O)Cl
/beegfs/home/m.romanov/thesis/benchmarking/datasets/UOB/maybridge-0490-530451327.png,Cc1oncc1S(=O)(=O)Cl
/beegfs/home/m.romanov/thesis/benchmarking/datasets/UOB/maybridge-0490-612241859.png,Cc1nc(-c2ccccc2)sc1S(=O)(=O)Cl
/beegfs/home/m.romanov/thesis/benchmarking/datasets/UOB/maybridge-0490-757987161.png,O=S(=O)(Cl)c1sc(-c2ccccc2)nc1-c1ccccc1
/beegfs/home/m.romanov/thesis/benchmarking/datasets/UOB/maybridge-0490-851856689.png,Cc1noc(C)c1S(=O)(=O)Cl
/beegfs/home/m.romanov/thesis/benchmarking/datasets/UOB/maybridge-0490-940785076.png,N#Cc1ccccc1S(=O)(=O)Cl
/beegfs/home/m.romanov/thesis/benchmarking/datasets/UOB/maybridge-0490-955278892.png,Cc1nc(C)c(S(=O)(=O)Cl)s1
/beegfs/home/m.romanov/thesis/benchmarking/datasets/UOB/maybridge-0490-984402438.png,O=S(=O)(Cl)c1cccc(F)c1
/beegfs/home/m.romanov/thesis/benchmarking/datasets/UOB/maybridge-0491-379715086.png,O=S(=O)(Cl)c1ccccc1Cl
/beegfs/home/m.romanov/thesis/benchmarking/datasets/UOB/maybridge-0491-38549361.png,COc1ccc(S(=O)(=O)Cl)cc1
/beegfs/home/m.romanov/thesis/benchmarking/datasets/UOB/maybridge-0491-397375250.png,N#Cc1ccc(S(=O)(=O)Cl)cc1
/beegfs/home/m.romanov/thesis/benchmarking/datasets/UOB/maybridge-0491-499388006.png,Cc1ccc(C)c(S(=O)(=O)Cl)c1
/beegfs/home/m.romanov/thesis/benchmarking/datasets/UOB/maybridge-0491-594230542.png,Cc1ccc(F)cc1S(=O)(=O)Cl
/beegfs/home/m.romanov/thesis/benchmarking/datasets/UOB/maybridge-0491-633143779.png,O=S(=O)(Cl)c1ccc(F)cc1F
/beegfs/home/m.romanov/thesis/benchmarking/datasets/UOB/maybridge-0491-659549829.png,CCc1ccc(S(=O)(=O)Cl)cc1
/beegfs/home/m.romanov/thesis/benchmarking/datasets/UOB/maybridge-0491-726396920.png,O=S(=O)(Cl)c1ccc(F)c(F)c1
/beegfs/home/m.romanov/thesis/benchmarking/datasets/UOB/maybridge-0491-751240662.png,O=S(=O)(Cl)c1c(F)cccc1F
/beegfs/home/m.romanov/thesis/benchmarking/datasets/UOB/maybridge-0491-867377000.png,O=S(=O)(Cl)c1ccc(Cl)cc1
/beegfs/home/m.romanov/thesis/benchmarking/datasets/UOB/maybridge-0491-875594882.png,N#Cc1cccc(S(=O)(=O)Cl)c1
/beegfs/home/m.romanov/thesis/benchmarking/datasets/UOB/maybridge-0491-880504752.png,O=S(=O)(Cl)c1cccc(Cl)c1
/beegfs/home/m.romanov/thesis/benchmarking/datasets/UOB/maybridge-0492-1012475422.png,Cc1ccc(S(=O)(=O)Cl)cc1Cl
/beegfs/home/m.romanov/thesis/benchmarking/datasets/UOB/maybridge-0492-1031310038.png,O=S(=O)(Cl)c1ccc(F)c(F)c1F
/beegfs/home/m.romanov/thesis/benchmarking/datasets/UOB/maybridge-0492-1061080474.png,CCCCc1ccc(S(=O)(=O)Cl)cc1
/beegfs/home/m.romanov/thesis/benchmarking/datasets/UOB/maybridge-0492-31601928.png,Cc1ccc(C#N)c(S(=O)(=O)Cl)c1
/beegfs/home/m.romanov/thesis/benchmarking/datasets/UOB/maybridge-0492-319915069.png,O=C(O)c1cc(S(=O)(=O)Cl)ccc1O
/beegfs/home/m.romanov/thesis/benchmarking/datasets/UOB/maybridge-0492-347669465.png,Cc1c(Cl)cccc1S(=O)(=O)Cl
/beegfs/home/m.romanov/thesis/benchmarking/datasets/UOB/maybridge-0492-552750508.png,N#Cc1ccc(S(=O)(=O)Cl)c(Cl)c1
/beegfs/home/m.romanov/thesis/benchmarking/datasets/UOB/maybridge-0492-56226164.png,COc1ccc(OC)c(S(=O)(=O)Cl)c1
/beegfs/home/m.romanov/thesis/benchmarking/datasets/UOB/maybridge-0492-593974243.png,Cc1ccc(S(=O)(=O)Cl)cc1[N+](=O)[O-]
/beegfs/home/m.romanov/thesis/benchmarking/datasets/UOB/maybridge-0492-639323478.png,O=S(=O)(Cl)c1ccc(F)cc1Cl
/beegfs/home/m.romanov/thesis/benchmarking/datasets/UOB/maybridge-0492-807266874.png,COC(=O)c1ccccc1S(=O)(=O)Cl
/beegfs/home/m.romanov/thesis/benchmarking/datasets/UOB/maybridge-0492-890191320.png,COc1ccc(S(=O)(=O)Cl)c(OC)c1
/beegfs/home/m.romanov/thesis/benchmarking/datasets/UOB/maybridge-0493-262281908.png,O=S(=O)(Cl)c1ccc(-n2cccn2)cc1
/beegfs/home/m.romanov/thesis/benchmarking/datasets/UOB/maybridge-0493-350393739.png,O=S(=O)(Cl)c1cccc(Cl)c1Cl
/beegfs/home/m.romanov/thesis/benchmarking/datasets/UOB/maybridge-0493-477087732.png,O=S(=O)(Cl)c1ccc(-c2cnco2)cc1
/beegfs/home/m.romanov/thesis/benchmarking/datasets/UOB/maybridge-0493-567607664.png,Cc1cc(S(=O)(=O)Cl)c(F)cc1Cl
/beegfs/home/m.romanov/thesis/benchmarking/datasets/UOB/maybridge-0493-577790863.png,O=S(=O)(Cl)c1ccc(Cl)cc1Cl
/beegfs/home/m.romanov/thesis/benchmarking/datasets/UOB/maybridge-0493-635322435.png,O=S(=O)(Cl)c1cccc(C(F)(F)F)c1
/beegfs/home/m.romanov/thesis/benchmarking/datasets/UOB/maybridge-0493-66320807.png,O=S(=O)(Cl)c1ccc(C(F)(F)F)cc1
/beegfs/home/m.romanov/thesis/benchmarking/datasets/UOB/maybridge-0493-685017375.png,O=S(=O)(Cl)c1ccccc1C(F)(F)F
/beegfs/home/m.romanov/thesis/benchmarking/datasets/UOB/maybridge-0493-765552331.png,O=S(=O)(Cl)c1ccccc1Br
/beegfs/home/m.romanov/thesis/benchmarking/datasets/UOB/maybridge-0493-795514374.png,CCCCCc1ccc(S(=O)(=O)Cl)cc1
/beegfs/home/m.romanov/thesis/benchmarking/datasets/UOB/maybridge-0493-923246777.png,CCCCOc1ccc(S(=O)(=O)Cl)cc1
/beegfs/home/m.romanov/thesis/benchmarking/datasets/UOB/maybridge-0493-9311285.png,O=S(=O)(Cl)c1c(Cl)cccc1Cl
/beegfs/home/m.romanov/thesis/benchmarking/datasets/UOB/maybridge-0494-112642096.png,O=S(=O)(Cl)c1ccc(-c2csnn2)cc1
/beegfs/home/m.romanov/thesis/benchmarking/datasets/UOB/maybridge-0494-115363163.png,O=S(=O)(Cl)c1ccc(OC(F)(F)F)cc1
/beegfs/home/m.romanov/thesis/benchmarking/datasets/UOB/maybridge-0494-141165039.png,Cc1nc(-c2cccc(S(=O)(=O)Cl)c2)no1
/beegfs/home/m.romanov/thesis/benchmarking/datasets/UOB/maybridge-0494-194887467.png,Cc1ccc(-c2ccc(S(=O)(=O)Cl)cc2)cc1
/beegfs/home/m.romanov/thesis/benchmarking/datasets/UOB/maybridge-0494-373968742.png,O=C1CCCN1c1ccc(S(=O)(=O)Cl)cc1
/beegfs/home/m.romanov/thesis/benchmarking/datasets/UOB/maybridge-0494-565089234.png,COC(=O)c1ccc(OC)c(S(=O)(=O)Cl)c1
/beegfs/home/m.romanov/thesis/benchmarking/datasets/UOB/maybridge-0494-652154358.png,O=S(=O)(Cl)c1ccccc1OC(F)(F)F
/beegfs/home/m.romanov/thesis/benchmarking/datasets/UOB/maybridge-0494-660736567.png,O=S(=O)(Cl)c1c(F)c(F)c(F)c(F)c1F
/beegfs/home/m.romanov/thesis/benchmarking/datasets/UOB/maybridge-0494-711746477.png,Cc1nnc(-c2cccc(S(=O)(=O)Cl)c2)o1
/beegfs/home/m.romanov/thesis/benchmarking/datasets/UOB/maybridge-0494-907605530.png,O=S(=O)(Cl)c1cccc(Br)c1
/beegfs/home/m.romanov/thesis/benchmarking/datasets/UOB/maybridge-0495-160031695.png,O=S(=O)(Cl)c1ccc(Oc2ccccc2)cc1
/beegfs/home/m.romanov/thesis/benchmarking/datasets/UOB/maybridge-0495-226814379.png,Cc1nccc(-c2cccc(S(=O)(=O)Cl)c2)n1
/beegfs/home/m.romanov/thesis/benchmarking/datasets/UOB/maybridge-0495-346635450.png,Cc1nc(-c2cccc(S(=O)(=O)Cl)c2)cs1
/beegfs/home/m.romanov/thesis/benchmarking/datasets/UOB/maybridge-0495-565749883.png,Cc1nc(-c2ccc(S(=O)(=O)Cl)cc2)cs1
/beegfs/home/m.romanov/thesis/benchmarking/datasets/UOB/maybridge-0495-686925826.png,O=S(=O)(Cl)c1ccc(-c2ccc(F)cc2)cc1
/beegfs/home/m.romanov/thesis/benchmarking/datasets/UOB/maybridge-0495-697681951.png,O=S(=O)(Cl)c1ccc(Cl)c(C(F)(F)F)c1
/beegfs/home/m.romanov/thesis/benchmarking/datasets/UOB/maybridge-0495-737392035.png,CC(O)=Nc1ccc(S(=O)(=O)Cl)cc1Cl
/beegfs/home/m.romanov/thesis/benchmarking/datasets/UOB/maybridge-0495-792035491.png,O=S(=O)(Cl)c1ccc(C(F)(F)F)cc1Cl
/beegfs/home/m.romanov/thesis/benchmarking/datasets/UOB/maybridge-0495-898887066.png,O=S(=O)(Cl)c1cc(C(F)(F)F)ccc1Cl
/beegfs/home/m.romanov/thesis/benchmarking/datasets/UOB/maybridge-0495-942719727.png,Cc1cc(Br)ccc1S(=O)(=O)Cl
/beegfs/home/m.romanov/thesis/benchmarking/datasets/UOB/maybridge-0496-144089867.png,CCc1cc(Br)ccc1S(=O)(=O)Cl
/beegfs/home/m.romanov/thesis/benchmarking/datasets/UOB/maybridge-0496-146068000.png,COc1ccccc1Oc1ccc(S(=O)(=O)Cl)cc1
/beegfs/home/m.romanov/thesis/benchmarking/datasets/UOB/maybridge-0496-252863233.png,COc1ccc(Br)cc1S(=O)(=O)Cl
/beegfs/home/m.romanov/thesis/benchmarking/datasets/UOB/maybridge-0496-44446654.png,O=S(=O)(Cl)c1ccc(Br)cc1C(F)(F)F
/beegfs/home/m.romanov/thesis/benchmarking/datasets/UOB/maybridge-0496-52194527.png,O=S(=O)(Cl)c1ccc(-c2ccc(Cl)cc2)cc1
/beegfs/home/m.romanov/thesis/benchmarking/datasets/UOB/maybridge-0496-547717067.png,O=S(=O)(Cl)c1ccc(Oc2ccccc2Cl)cc1
/beegfs/home/m.romanov/thesis/benchmarking/datasets/UOB/maybridge-0496-575029744.png,O=S(=O)(Cl)c1ccc(S(=O)(=O)N2CCOCC2)cc1
/beegfs/home/m.romanov/thesis/benchmarking/datasets/UOB/maybridge-0496-687110239.png,O=S(=O)(Cl)c1ccccc1I
/beegfs/home/m.romanov/thesis/benchmarking/datasets/UOB/maybridge-0496-701004669.png,COc1ccc(-c2ccc(S(=O)(=O)Cl)cc2)cc1
/beegfs/home/m.romanov/thesis/benchmarking/datasets/UOB/maybridge-0496-764113365.png,O=S(=O)(Cl)c1ccc(-c2ccc(Cl)c(Cl)c2)cc1
/beegfs/home/m.romanov/thesis/benchmarking/datasets/UOB/maybridge-0496-845911603.png,O=S(=O)(Cl)c1ccc(S(=O)(=O)N2CCCC2)cc1
/beegfs/home/m.romanov/thesis/benchmarking/datasets/UOB/maybridge-0496-996001500.png,O=S(=O)(Cl)c1c(Cl)cc(C(F)(F)F)cc1Cl
/beegfs/home/m.romanov/thesis/benchmarking/datasets/UOB/maybridge-0497-243874800.png,O=[N+]([O-])c1ccc(Oc2c(Cl)cc(S(=O)(=O)Cl)cc2Cl)c(Cl)c1
/beegfs/home/m.romanov/thesis/benchmarking/datasets/UOB/maybridge-0497-3919457.png,O=S(=O)(Cl)Cc1ccccc1F
/beegfs/home/m.romanov/thesis/benchmarking/datasets/UOB/maybridge-0497-461223648.png,N#Cc1c(Cl)cccc1Oc1ccc(S(=O)(=O)Cl)cc1
/beegfs/home/m.romanov/thesis/benchmarking/datasets/UOB/maybridge-0497-492365308.png,O=S(=O)(Cl)c1ccc(Br)cc1OC(F)(F)F
/beegfs/home/m.romanov/thesis/benchmarking/datasets/UOB/maybridge-0497-504475492.png,O=S(=O)(Cl)c1cc(OCC(F)(F)F)ccc1OCC(F)(F)F
/beegfs/home/m.romanov/thesis/benchmarking/datasets/UOB/maybridge-0497-553035109.png,O=S(=O)(Cl)Cc1cccc(F)c1
/beegfs/home/m.romanov/thesis/benchmarking/datasets/UOB/maybridge-0497-776668901.png,O=S(=O)(Cl)Cc1ccc(Cl)cc1
/beegfs/home/m.romanov/thesis/benchmarking/datasets/UOB/maybridge-0497-806485417.png,Cc1ccccc1CS(=O)(=O)Cl
/beegfs/home/m.romanov/thesis/benchmarking/datasets/UOB/maybridge-0497-857728674.png,Cc1ccc(CS(=O)(=O)Cl)cc1
/beegfs/home/m.romanov/thesis/benchmarking/datasets/UOB/maybridge-0497-891688923.png,O=S(=O)(Cl)Cc1ccc(F)cc1
/beegfs/home/m.romanov/thesis/benchmarking/datasets/UOB/maybridge-0497-90943832.png,Cc1cccc(CS(=O)(=O)Cl)c1
/beegfs/home/m.romanov/thesis/benchmarking/datasets/UOB/maybridge-0497-98433894.png,N#Cc1cccc(CS(=O)(=O)Cl)c1
/beegfs/home/m.romanov/thesis/benchmarking/datasets/UOB/maybridge-0498-328149357.png,O=S(=O)(Cl)Cc1ccc(Br)cc1
/beegfs/home/m.romanov/thesis/benchmarking/datasets/UOB/maybridge-0498-41006242.png,O=S(=O)(Cl)Cc1ccccc1Br
/beegfs/home/m.romanov/thesis/benchmarking/datasets/UOB/maybridge-0498-442283893.png,O=S(=O)(Cl)Cc1cccc(Br)c1
/beegfs/home/m.romanov/thesis/benchmarking/datasets/UOB/maybridge-0498-566734368.png,O=S(=O)(Cl)Cc1cccc(C(F)(F)F)c1
/beegfs/home/m.romanov/thesis/benchmarking/datasets/UOB/maybridge-0498-733606143.png,O=[N+]([O-])c1ccc(CS(=O)(=O)Cl)cc1
/beegfs/home/m.romanov/thesis/benchmarking/datasets/UOB/maybridge-0498-790271123.png,O=S(=O)(Cl)Cc1ccccc1Cl
/beegfs/home/m.romanov/thesis/benchmarking/datasets/UOB/maybridge-0498-806666224.png,O=S(=O)(Cl)c1cccnc1
/beegfs/home/m.romanov/thesis/benchmarking/datasets/UOB/maybridge-0498-888149301.png,COC(=O)c1ccc(CS(=O)(=O)Cl)cc1
/beegfs/home/m.romanov/thesis/benchmarking/datasets/UOB/maybridge-0498-895751542.png,CCOC(=O)c1ccncc1S(=O)(=O)Cl
/beegfs/home/m.romanov/thesis/benchmarking/datasets/UOB/maybridge-0498-898960171.png,O=S(=O)(Cl)Cc1ccc(Cl)c(Cl)c1
/beegfs/home/m.romanov/thesis/benchmarking/datasets/UOB/maybridge-0498-928465756.png,O=S(=O)(Cl)c1ccc(N2CCOCC2)nc1
/beegfs/home/m.romanov/thesis/benchmarking/datasets/UOB/maybridge-0498-972659790.png,CC(C)(C)c1ccc(CS(=O)(=O)Cl)cc1
/beegfs/home/m.romanov/thesis/benchmarking/datasets/UOB/maybridge-0499-206073676.png,Cn1ccc2c(S(=O)(=O)Cl)cccc21
/beegfs/home/m.romanov/thesis/benchmarking/datasets/UOB/maybridge-0499-213633184.png,O=S(=O)(Cl)c1ccc2c(c1)CCO2
/beegfs/home/m.romanov/thesis/benchmarking/datasets/UOB/maybridge-0499-328479146.png,O=S(=O)(Cl)c1cc2ccccc2o1
/beegfs/home/m.romanov/thesis/benchmarking/datasets/UOB/maybridge-0499-494899221.png,Cn1ccc2cc(S(=O)(=O)Cl)ccc21
/beegfs/home/m.romanov/thesis/benchmarking/datasets/UOB/maybridge-0499-5218733.png,O=S(=O)(Cl)c1ccc2c(c1)OCO2
/beegfs/home/m.romanov/thesis/benchmarking/datasets/UOB/maybridge-0499-548840316.png,CC(=O)N1CCc2cc(S(=O)(=O)Cl)ccc21
/beegfs/home/m.romanov/thesis/benchmarking/datasets/UOB/maybridge-0499-600130151.png,O=S(=O)(Cl)c1cc2ccccc2s1
/beegfs/home/m.romanov/thesis/benchmarking/datasets/UOB/maybridge-0499-618928080.png,O=S(=O)(Cl)c1c(Cl)nc2sccn12
/beegfs/home/m.romanov/thesis/benchmarking/datasets/UOB/maybridge-0499-82938928.png,O=S(=O)(Cl)c1ccc(Oc2ccccc2)nc1
/beegfs/home/m.romanov/thesis/benchmarking/datasets/UOB/maybridge-0499-843706053.png,O=C1Cc2cc(S(=O)(=O)Cl)ccc2N1
/beegfs/home/m.romanov/thesis/benchmarking/datasets/UOB/maybridge-0499-997739547.png,O=S(=O)(Cl)c1cc(Br)cc2c1OCC2
/beegfs/home/m.romanov/thesis/benchmarking/datasets/UOB/maybridge-0500-1055460554.png,O=S(=O)(Cl)c1csc2ccccc12
/beegfs/home/m.romanov/thesis/benchmarking/datasets/UOB/maybridge-0500-181408805.png,O=S(=O)(Cl)c1c(Cl)ccc2nonc12
/beegfs/home/m.romanov/thesis/benchmarking/datasets/UOB/maybridge-0500-338388946.png,O=S(=O)(Cl)c1ccc2nsnc2c1
/beegfs/home/m.romanov/thesis/benchmarking/datasets/UOB/maybridge-0500-341928491.png,O=S(=O)(Cl)c1cccc2ccccc12
/beegfs/home/m.romanov/thesis/benchmarking/datasets/UOB/maybridge-0500-438676328.png,Cc1nc2ccc(S(=O)(=O)Cl)cc2s1
/beegfs/home/m.romanov/thesis/benchmarking/datasets/UOB/maybridge-0500-458075438.png,O=S(=O)(Cl)c1ccc2ccccc2c1
/beegfs/home/m.romanov/thesis/benchmarking/datasets/UOB/maybridge-0500-65414477.png,Cc1ccc2sc(S(=O)(=O)Cl)cc2c1
/beegfs/home/m.romanov/thesis/benchmarking/datasets/UOB/maybridge-0500-680369143.png,O=S(=O)(Cl)c1ccc2ncsc2c1
/beegfs/home/m.romanov/thesis/benchmarking/datasets/UOB/maybridge-0500-719385263.png,Cc1c(S(=O)(=O)Cl)sc2ccc(Cl)cc12
/beegfs/home/m.romanov/thesis/benchmarking/datasets/UOB/maybridge-0500-806931223.png,O=S(=O)(Cl)c1cccc2nsnc12
/beegfs/home/m.romanov/thesis/benchmarking/datasets/UOB/maybridge-0500-840768113.png,O=S(=O)(Cl)c1cccc2nonc12
/beegfs/home/m.romanov/thesis/benchmarking/datasets/UOB/maybridge-0501-122852984.png,CN1CCOc2cc(S(=O)(=O)Cl)ccc21
/beegfs/home/m.romanov/thesis/benchmarking/datasets/UOB/maybridge-0501-124110774.png,CN1CCOc2cc(S(=O)(=O)Cl)cnc21
/beegfs/home/m.romanov/thesis/benchmarking/datasets/UOB/maybridge-0501-147755891.png,CC1(C)CCc2cc(S(=O)(=O)Cl)ccc2O1
/beegfs/home/m.romanov/thesis/benchmarking/datasets/UOB/maybridge-0501-200625960.png,CC1(C)CCC(C)(C)c2cc(S(=O)(=O)Cl)ccc21
/beegfs/home/m.romanov/thesis/benchmarking/datasets/UOB/maybridge-0501-285638740.png,O=S(=O)(Cl)c1ccc2c(c1)N=C(O)CO2
/beegfs/home/m.romanov/thesis/benchmarking/datasets/UOB/maybridge-0501-313507065.png,Cc1ccc(S(=O)(=O)Cl)c2ccccc12
/beegfs/home/m.romanov/thesis/benchmarking/datasets/UOB/maybridge-0501-463677077.png,CS(=O)(=O)CS(=O)(=O)Cl
/beegfs/home/m.romanov/thesis/benchmarking/datasets/UOB/maybridge-0501-497806967.png,O=S(=O)(Cl)c1ccc2c(c1)OCCO2
/beegfs/home/m.romanov/thesis/benchmarking/datasets/UOB/maybridge-0501-539484297.png,O=S(=O)(Cl)c1ccc2c(c1)OCCCO2
/beegfs/home/m.romanov/thesis/benchmarking/datasets/UOB/maybridge-0502-125999575.png,NC(=S)c1ccc(F)cc1
/beegfs/home/m.romanov/thesis/benchmarking/datasets/UOB/maybridge-0502-153243577.png,NC(=S)c1cccs1
/beegfs/home/m.romanov/thesis/benchmarking/datasets/UOB/maybridge-0502-287766450.png,N=C(S)c1cnc[nH]1
/beegfs/home/m.romanov/thesis/benchmarking/datasets/UOB/maybridge-0502-291710077.png,NC(=S)c1ccc(Cl)cc1
/beegfs/home/m.romanov/thesis/benchmarking/datasets/UOB/maybridge-0502-422932991.png,NC(=S)c1ccno1
/beegfs/home/m.romanov/thesis/benchmarking/datasets/UOB/maybridge-0502-441058323.png,Cc1cc(C(N)=S)n(C)n1
/beegfs/home/m.romanov/thesis/benchmarking/datasets/UOB/maybridge-0502-476001764.png,NC(=S)c1ccc(-c2ccccn2)s1
/beegfs/home/m.romanov/thesis/benchmarking/datasets/UOB/maybridge-0502-511462243.png,Cc1nc(C(=N)S)cs1
/beegfs/home/m.romanov/thesis/benchmarking/datasets/UOB/maybridge-0502-664586939.png,N=C(S)c1ccsc1
/beegfs/home/m.romanov/thesis/benchmarking/datasets/UOB/maybridge-0502-769508184.png,Cc1cc(C(N)=S)no1
/beegfs/home/m.romanov/thesis/benchmarking/datasets/UOB/maybridge-0502-780764253.png,Cc1ncc(C(=N)S)[nH]1
/beegfs/home/m.romanov/thesis/benchmarking/datasets/UOB/maybridge-0502-803104971.png,N=C(S)c1ccoc1
/beegfs/home/m.romanov/thesis/benchmarking/datasets/UOB/maybridge-0503-174217409.png,NC(=S)c1ccc(-c2csnn2)cc1
/beegfs/home/m.romanov/thesis/benchmarking/datasets/UOB/maybridge-0503-414911382.png,NC(=S)c1ccc(C2OCCO2)cc1
/beegfs/home/m.romanov/thesis/benchmarking/datasets/UOB/maybridge-0503-56619287.png,N=C(S)c1ccc(F)cc1F
/beegfs/home/m.romanov/thesis/benchmarking/datasets/UOB/maybridge-0503-572485997.png,NC(=S)c1ccc(N2CCOCC2)cc1
/beegfs/home/m.romanov/thesis/benchmarking/datasets/UOB/maybridge-0503-638912597.png,N=C(S)c1cccc(Cl)c1Cl
/beegfs/home/m.romanov/thesis/benchmarking/datasets/UOB/maybridge-0503-676989219.png,NC(=S)c1ccc(-n2ccnc2)cc1
/beegfs/home/m.romanov/thesis/benchmarking/datasets/UOB/maybridge-0503-715229536.png,CC(C)(C)c1ccc(C(N)=S)cc1
/beegfs/home/m.romanov/thesis/benchmarking/datasets/UOB/maybridge-0503-803562245.png,COc1ccc(C(=N)S)cc1[N+](=O)[O-]
/beegfs/home/m.romanov/thesis/benchmarking/datasets/UOB/maybridge-0503-86335168.png,COc1ccc(OCC(=N)S)cc1
/beegfs/home/m.romanov/thesis/benchmarking/datasets/UOB/maybridge-0503-916702777.png,NC(=S)c1ccc(C(F)(F)F)cc1
/beegfs/home/m.romanov/thesis/benchmarking/datasets/UOB/maybridge-0503-92344619.png,N=C(S)Cc1ccc(Cl)cc1
/beegfs/home/m.romanov/thesis/benchmarking/datasets/UOB/maybridge-0503-923863440.png,N=C(S)Cc1ccc(-c2csnn2)cc1
/beegfs/home/m.romanov/thesis/benchmarking/datasets/UOB/maybridge-0504-249907132.png,N=C(S)c1cnccn1
/beegfs/home/m.romanov/thesis/benchmarking/datasets/UOB/maybridge-0504-265905692.png,N=C(S)c1ncc(C(F)(F)F)cc1Cl
/beegfs/home/m.romanov/thesis/benchmarking/datasets/UOB/maybridge-0504-3643493.png,NC(=S)c1ccc2c(c1)CCO2
/beegfs/home/m.romanov/thesis/benchmarking/datasets/UOB/maybridge-0504-410120842.png,N=C(S)CS(=O)(=O)c1ccc(Cl)cc1
/beegfs/home/m.romanov/thesis/benchmarking/datasets/UOB/maybridge-0504-467876852.png,N=C(S)c1cc(Cl)nc(Cl)c1
/beegfs/home/m.romanov/thesis/benchmarking/datasets/UOB/maybridge-0504-573268017.png,COc1ccc(C(=N)S)cn1
/beegfs/home/m.romanov/thesis/benchmarking/datasets/UOB/maybridge-0504-616502964.png,Cn1c(=O)c(C(=N)S)cn(-c2ccccc2)c1=O
/beegfs/home/m.romanov/thesis/benchmarking/datasets/UOB/maybridge-0504-719055685.png,N=C(S)c1cnccc1C(F)(F)F
/beegfs/home/m.romanov/thesis/benchmarking/datasets/UOB/maybridge-0504-770983256.png,N=C(S)COc1ccccc1Cl
/beegfs/home/m.romanov/thesis/benchmarking/datasets/UOB/maybridge-0504-863300567.png,CC(C)(C)OC(=O)N1CCC(C(=N)S)CC1
/beegfs/home/m.romanov/thesis/benchmarking/datasets/UOB/maybridge-0504-997331153.png,CCOC(=O)c1c(C)nc(O)nc1S
/beegfs/home/m.romanov/thesis/benchmarking/datasets/UOB/maybridge-0505-12484904.png,SC1=NCCc2ccccc21
/beegfs/home/m.romanov/thesis/benchmarking/datasets/UOB/maybridge-0505-148466395.png,N=C(S)c1ccc2ccccc2c1
/beegfs/home/m.romanov/thesis/benchmarking/datasets/UOB/maybridge-0505-215259632.png,N=C(S)c1cccc2c1OCCO2
/beegfs/home/m.romanov/thesis/benchmarking/datasets/UOB/maybridge-0505-23491265.png,CC(C)(C)C(=O)OCC(=N)S
/beegfs/home/m.romanov/thesis/benchmarking/datasets/UOB/maybridge-0505-253444876.png,N=C(S)c1ccc2c(c1)OCO2
/beegfs/home/m.romanov/thesis/benchmarking/datasets/UOB/maybridge-0505-277690588.png,COC(=O)CSCCC(=N)S
/beegfs/home/m.romanov/thesis/benchmarking/datasets/UOB/maybridge-0505-302452338.png,CCOC(OCC)C(=N)S
/beegfs/home/m.romanov/thesis/benchmarking/datasets/UOB/maybridge-0505-432220059.png,N=C(S)c1csc2ccccc12
/beegfs/home/m.romanov/thesis/benchmarking/datasets/UOB/maybridge-0505-488464566.png,CSc1sc(C(N)=S)c2c1C(=O)CCC2
/beegfs/home/m.romanov/thesis/benchmarking/datasets/UOB/maybridge-0505-659937803.png,CC(C)(C)OC(O)=NCCC(=N)S
/beegfs/home/m.romanov/thesis/benchmarking/datasets/UOB/maybridge-0505-798946927.png,CC(C)(C)OC(O)=NCC(=N)S
/beegfs/home/m.romanov/thesis/benchmarking/datasets/UOB/maybridge-0506-1017161721.png,Oc1nnc(S)n1C1CCCCC1
/beegfs/home/m.romanov/thesis/benchmarking/datasets/UOB/maybridge-0506-120799920.png,N=c1nc(S)[nH][nH]1
/beegfs/home/m.romanov/thesis/benchmarking/datasets/UOB/maybridge-0506-206636603.png,Sc1nccn1-c1cc(Cl)ccc1Cl
/beegfs/home/m.romanov/thesis/benchmarking/datasets/UOB/maybridge-0506-328852506.png,Cc1nnc(S)n1-c1ccc(OCc2ccccc2)cc1
/beegfs/home/m.romanov/thesis/benchmarking/datasets/UOB/maybridge-0506-423302354.png,Cn1c(-c2ccc(Cl)cc2)cnc1S
/beegfs/home/m.romanov/thesis/benchmarking/datasets/UOB/maybridge-0506-536190215.png,Cn1c(S)nnc1CN=C(O)OC(C)(C)C
/beegfs/home/m.romanov/thesis/benchmarking/datasets/UOB/maybridge-0506-571174095.png,CCOC(=O)c1cnc(S)[nH]1
/beegfs/home/m.romanov/thesis/benchmarking/datasets/UOB/maybridge-0506-572407647.png,Cn1c(S)nnc1Cc1nc(-c2cnccn2)no1
/beegfs/home/m.romanov/thesis/benchmarking/datasets/UOB/maybridge-0506-6592096.png,CC(C)(C)OC(O)=NCc1nnc(S)n1C1CC1
/beegfs/home/m.romanov/thesis/benchmarking/datasets/UOB/maybridge-0506-983612400.png,COC(=O)c1cnc(S)n1C
/beegfs/home/m.romanov/thesis/benchmarking/datasets/UOB/maybridge-0507-1013070639.png,Cn1c(S)nnc1C(F)(F)F
/beegfs/home/m.romanov/thesis/benchmarking/datasets/UOB/maybridge-0507-1040773630.png,O=C(O)CSc1nnc(S)s1
/beegfs/home/m.romanov/thesis/benchmarking/datasets/UOB/maybridge-0507-171129004.png,FC(F)(F)c1ccc(-c2nnc(S)o2)cc1
/beegfs/home/m.romanov/thesis/benchmarking/datasets/UOB/maybridge-0507-22151929.png,Fc1ccc(S)cc1
/beegfs/home/m.romanov/thesis/benchmarking/datasets/UOB/maybridge-0507-347299262.png,Sc1nnc(-c2cccc3ccccc23)n1Cc1ccco1
/beegfs/home/m.romanov/thesis/benchmarking/datasets/UOB/maybridge-0507-460539430.png,SC1=NC2(CCCCC2)NN1c1ccccc1
/beegfs/home/m.romanov/thesis/benchmarking/datasets/UOB/maybridge-0507-499448363.png,S=c1ssc(S)c1-c1ccccc1
/beegfs/home/m.romanov/thesis/benchmarking/datasets/UOB/maybridge-0507-778081126.png,Sc1nnc(SCC2CC2)s1
/beegfs/home/m.romanov/thesis/benchmarking/datasets/UOB/maybridge-0507-799872683.png,SC1=NNC(c2ccccn2)S1
/beegfs/home/m.romanov/thesis/benchmarking/datasets/UOB/maybridge-0507-896281631.png,Cn1c(S)nnc1CSc1ccnc2cc(Cl)ccc12
/beegfs/home/m.romanov/thesis/benchmarking/datasets/UOB/maybridge-0507-930934942.png,Cn1cccc1-c1nnc(S)n1-c1ccc(Cl)cc1Cl
/beegfs/home/m.romanov/thesis/benchmarking/datasets/UOB/maybridge-0508-291892320.png,FC(F)(F)Oc1cc(Br)ccc1S
/beegfs/home/m.romanov/thesis/benchmarking/datasets/UOB/maybridge-0508-35598847.png,Cc1cccc(CS)c1
/beegfs/home/m.romanov/thesis/benchmarking/datasets/UOB/maybridge-0508-368097246.png,Fc1ccc(S)c(F)c1
/beegfs/home/m.romanov/thesis/benchmarking/datasets/UOB/maybridge-0508-516894645.png,FC(F)(F)c1ccc(S)cc1
/beegfs/home/m.romanov/thesis/benchmarking/datasets/UOB/maybridge-0508-632711953.png,Cc1cc(C)c(S)c(C)c1
/beegfs/home/m.romanov/thesis/benchmarking/datasets/UOB/maybridge-0508-684748006.png,Cc1cc(C)cc(S)c1
/beegfs/home/m.romanov/thesis/benchmarking/datasets/UOB/maybridge-0508-733180153.png,FC(F)(F)c1ccccc1S
/beegfs/home/m.romanov/thesis/benchmarking/datasets/UOB/maybridge-0508-765670531.png,CN(C(=N)S)c1ccccc1
/beegfs/home/m.romanov/thesis/benchmarking/datasets/UOB/maybridge-0508-810940167.png,Fc1ccc(S)cc1Cl
/beegfs/home/m.romanov/thesis/benchmarking/datasets/UOB/maybridge-0508-910782281.png,FC(F)(F)Oc1ccc(S)cc1
/beegfs/home/m.romanov/thesis/benchmarking/datasets/UOB/maybridge-0508-923779871.png,Fc1ccc(S)c(Cl)c1
/beegfs/home/m.romanov/thesis/benchmarking/datasets/UOB/maybridge-0508-977408463.png,Sc1cccc(Cl)c1
/beegfs/home/m.romanov/thesis/benchmarking/datasets/UOB/maybridge-0509-120230021.png,Cc1cc(C(F)(F)F)c(C#N)c(S)n1
/beegfs/home/m.romanov/thesis/benchmarking/datasets/UOB/maybridge-0509-144559913.png,FC(F)(F)Oc1ccc(CS)cc1
/beegfs/home/m.romanov/thesis/benchmarking/datasets/UOB/maybridge-0509-242171454.png,FC(F)(F)c1ccc(S)nc1
/beegfs/home/m.romanov/thesis/benchmarking/datasets/UOB/maybridge-0509-265129605.png,FC(F)(F)c1cnc(S)c(Cl)c1
/beegfs/home/m.romanov/thesis/benchmarking/datasets/UOB/maybridge-0509-387867740.png,N=C(S)N=c1cc[nH]cc1
/beegfs/home/m.romanov/thesis/benchmarking/datasets/UOB/maybridge-0509-422615088.png,N=c1ccnc(S)[nH]1
/beegfs/home/m.romanov/thesis/benchmarking/datasets/UOB/maybridge-0509-434136059.png,N#Cc1c(C(F)(F)F)cc(-c2ccccc2)nc1S
/beegfs/home/m.romanov/thesis/benchmarking/datasets/UOB/maybridge-0509-496674240.png,Fc1cccc(Cl)c1CS
/beegfs/home/m.romanov/thesis/benchmarking/datasets/UOB/maybridge-0509-511184510.png,FC(F)(F)c1cccc(CS)c1
/beegfs/home/m.romanov/thesis/benchmarking/datasets/UOB/maybridge-0509-766261689.png,COC(=O)c1cc(C#N)c(S)nc1C(OC)OC
/beegfs/home/m.romanov/thesis/benchmarking/datasets/UOB/maybridge-0509-888242265.png,COC(OC)c1ccc(C#N)c(S)n1
/beegfs/home/m.romanov/thesis/benchmarking/datasets/UOB/maybridge-0509-988815063.png,Sc1nccc(-c2cccs2)n1
/beegfs/home/m.romanov/thesis/benchmarking/datasets/UOB/maybridge-0510-153157991.png,CCOC(=O)c1c(C)nc(O)nc1S
/beegfs/home/m.romanov/thesis/benchmarking/datasets/UOB/maybridge-0510-22743325.png,Sc1nccc(-c2ccc(Cl)cc2)n1
/beegfs/home/m.romanov/thesis/benchmarking/datasets/UOB/maybridge-0510-235762560.png,Sc1nc2ccccc2[nH]1
/beegfs/home/m.romanov/thesis/benchmarking/datasets/UOB/maybridge-0510-496996278.png,N=C(S)N1CCOCC1
/beegfs/home/m.romanov/thesis/benchmarking/datasets/UOB/maybridge-0510-49754327.png,COc1ccc(-c2ccnc(S)n2)cc1
/beegfs/home/m.romanov/thesis/benchmarking/datasets/UOB/maybridge-0510-556657957.png,Nc1ccc2nc(S)[nH]c2c1
/beegfs/home/m.romanov/thesis/benchmarking/datasets/UOB/maybridge-0510-600294847.png,CCOC(=O)c1cnc(S)[nH]c1=N
/beegfs/home/m.romanov/thesis/benchmarking/datasets/UOB/maybridge-0510-663105843.png,SC1=NCNCN1
/beegfs/home/m.romanov/thesis/benchmarking/datasets/UOB/maybridge-0510-665979558.png,CN=C(S)N1CCCN(c2ccc(C#N)cn2)CC1
/beegfs/home/m.romanov/thesis/benchmarking/datasets/UOB/maybridge-0510-889254628.png,SC1=NCCCCN1
/beegfs/home/m.romanov/thesis/benchmarking/datasets/UOB/maybridge-0510-979594007.png,N=c1nc(S)[nH]c(S)n1
/beegfs/home/m.romanov/thesis/benchmarking/datasets/UOB/maybridge-0511-1044416005.png,FC(F)(F)c1ccc2nc(S)[nH]c2c1
/beegfs/home/m.romanov/thesis/benchmarking/datasets/UOB/maybridge-0511-122768079.png,Sc1nc(S)c2nc[nH]c2n1
/beegfs/home/m.romanov/thesis/benchmarking/datasets/UOB/maybridge-0511-13721992.png,COc1ccc2nc(S)[nH]c2c1
/beegfs/home/m.romanov/thesis/benchmarking/datasets/UOB/maybridge-0511-288665751.png,N=C(O)CS
/beegfs/home/m.romanov/thesis/benchmarking/datasets/UOB/maybridge-0511-380538750.png,Cn1c(S)nc2cc(C(F)(F)F)ccc21
/beegfs/home/m.romanov/thesis/benchmarking/datasets/UOB/maybridge-0511-544519984.png,CCOC(=O)c1nnn2c1nc(S)c1ccccc12
/beegfs/home/m.romanov/thesis/benchmarking/datasets/UOB/maybridge-0511-604615293.png,Sc1nc2cccnc2s1
/beegfs/home/m.romanov/thesis/benchmarking/datasets/UOB/maybridge-0511-725530740.png,Sc1nnc2ccccn12
/beegfs/home/m.romanov/thesis/benchmarking/datasets/UOB/maybridge-0511-798844942.png,Sc1nc2cc(Cl)c(Cl)cc2[nH]1
/beegfs/home/m.romanov/thesis/benchmarking/datasets/UOB/maybridge-0512-1014290701.png,Cc1cc(C)n(C(=N)O)n1
/beegfs/home/m.romanov/thesis/benchmarking/datasets/UOB/maybridge-0512-297703016.png,O/N=C\c1ccco1
/beegfs/home/m.romanov/thesis/benchmarking/datasets/UOB/maybridge-0512-305241941.png,CC(C)(C)c1cc(C(O)=NN)n(Cc2ccc(Cl)cc2Cl)n1
/beegfs/home/m.romanov/thesis/benchmarking/datasets/UOB/maybridge-0512-354763264.png,Cl.OC1=NNCC1
/beegfs/home/m.romanov/thesis/benchmarking/datasets/UOB/maybridge-0512-521111353.png,Cn1cnc(S(N)(=O)=O)c1
/beegfs/home/m.romanov/thesis/benchmarking/datasets/UOB/maybridge-0512-626426570.png,Cc1cc(C)n(C(C)(C)C)n1
/beegfs/home/m.romanov/thesis/benchmarking/datasets/UOB/maybridge-0512-727516327.png,O=S(=O)(c1ccccc1)n1cccc1
/beegfs/home/m.romanov/thesis/benchmarking/datasets/UOB/maybridge-0512-910605006.png,Cn1cncc1C(O)=NN
/beegfs/home/m.romanov/thesis/benchmarking/datasets/UOB/maybridge-0512-914453557.png,Cc1nnc(C)n1N
/beegfs/home/m.romanov/thesis/benchmarking/datasets/UOB/maybridge-0512-918444939.png,Br.Cc1cc(C)n(C2=NCCN2)n1
/beegfs/home/m.romanov/thesis/benchmarking/datasets/UOB/maybridge-0512-938418127.png,Cn1ccc(C(F)(F)F)n1
/beegfs/home/m.romanov/thesis/benchmarking/datasets/UOB/maybridge-0513-23960427.png,COC1C=CC(C)(OC)O1
/beegfs/home/m.romanov/thesis/benchmarking/datasets/UOB/maybridge-0513-351196674.png,c1csc(-c2cnco2)c1
/beegfs/home/m.romanov/thesis/benchmarking/datasets/UOB/maybridge-0513-367762414.png,ON=C(c1cccs1)c1cccs1
/beegfs/home/m.romanov/thesis/benchmarking/datasets/UOB/maybridge-0513-495503379.png,Cc1ccc(C)n1-c1sccc1C(=O)NN
/beegfs/home/m.romanov/thesis/benchmarking/datasets/UOB/maybridge-0513-597832884.png,NN=C(O)Cc1ccsc1
/beegfs/home/m.romanov/thesis/benchmarking/datasets/UOB/maybridge-0513-672271392.png,C/C(=N/O)c1ccco1
/beegfs/home/m.romanov/thesis/benchmarking/datasets/UOB/maybridge-0513-708142593.png,CSc1cccs1
/beegfs/home/m.romanov/thesis/benchmarking/datasets/UOB/maybridge-0513-764210010.png,O=C1C=C(O)CO1
/beegfs/home/m.romanov/thesis/benchmarking/datasets/UOB/maybridge-0513-794521608.png,NC(=O)c1ccc(-c2ccccn2)s1
/beegfs/home/m.romanov/thesis/benchmarking/datasets/UOB/maybridge-0513-875170152.png,Cc1ccc(C)n1-c1ccsc1C(O)=NN
/beegfs/home/m.romanov/thesis/benchmarking/datasets/UOB/maybridge-0513-90668761.png,C[Si](C)(C)c1cccs1
/beegfs/home/m.romanov/thesis/benchmarking/datasets/UOB/maybridge-0513-924955524.png,Cc1csc(C(N)=O)c1
/beegfs/home/m.romanov/thesis/benchmarking/datasets/UOB/maybridge-0513-952820890.png,COc1cscc1C(=N)O
/beegfs/home/m.romanov/thesis/benchmarking/datasets/UOB/maybridge-0514-328739998.png,c1ccc(-c2cnco2)cc1
/beegfs/home/m.romanov/thesis/benchmarking/datasets/UOB/maybridge-0514-427242716.png,Cc1oc(C(=O)NN)nc1-c1ccccc1
/beegfs/home/m.romanov/thesis/benchmarking/datasets/UOB/maybridge-0514-491096060.png,Cc1c(S(=O)(=O)c2ccc(Cl)cc2)csc1C(O)=NN
/beegfs/home/m.romanov/thesis/benchmarking/datasets/UOB/maybridge-0514-779860438.png,Cc1cccc(C)c1F
/beegfs/home/m.romanov/thesis/benchmarking/datasets/UOB/maybridge-0514-851247715.png,FC(F)(F)c1cccc(-c2noc(-c3cc(-c4ccccc4)c(C(F)(F)F)s3)n2)c1
/beegfs/home/m.romanov/thesis/benchmarking/datasets/UOB/maybridge-0514-864090207.png,C[Si](C)(C)c1nccs1
/beegfs/home/m.romanov/thesis/benchmarking/datasets/UOB/maybridge-0514-888857196.png,Fc1ccc(-n2cccc2)cc1
/beegfs/home/m.romanov/thesis/benchmarking/datasets/UOB/maybridge-0514-891872969.png,Cc1ccc(-c2cnco2)cc1
/beegfs/home/m.romanov/thesis/benchmarking/datasets/UOB/maybridge-0514-926742604.png,Cc1noc(C)c1C(=N)O
/beegfs/home/m.romanov/thesis/benchmarking/datasets/UOB/maybridge-0514-941474128.png,c1cc(-c2cnco2)ccn1
/beegfs/home/m.romanov/thesis/benchmarking/datasets/UOB/maybridge-0514-994023662.png,c1ccc(-c2ccno2)cc1
/beegfs/home/m.romanov/thesis/benchmarking/datasets/UOB/maybridge-0515-1036858356.png,Cl.NNc1ccc(F)cc1
/beegfs/home/m.romanov/thesis/benchmarking/datasets/UOB/maybridge-0515-135261198.png,COc1cccc(CC(O)=NN)c1
/beegfs/home/m.romanov/thesis/benchmarking/datasets/UOB/maybridge-0515-186236018.png,CCc1ccccc1NN
/beegfs/home/m.romanov/thesis/benchmarking/datasets/UOB/maybridge-0515-228694092.png,Cc1ccc(NN)c(C)c1.Cl
/beegfs/home/m.romanov/thesis/benchmarking/datasets/UOB/maybridge-0515-243639772.png,Cc1ccccc1S(N)(=O)=O
/beegfs/home/m.romanov/thesis/benchmarking/datasets/UOB/maybridge-0515-258408854.png,COc1cccc(C(O)=NN)c1
/beegfs/home/m.romanov/thesis/benchmarking/datasets/UOB/maybridge-0515-351021060.png,NNc1ccccc1C(F)(F)F
/beegfs/home/m.romanov/thesis/benchmarking/datasets/UOB/maybridge-0515-387680244.png,CN(C)c1ccc(C(=O)NN)cc1
/beegfs/home/m.romanov/thesis/benchmarking/datasets/UOB/maybridge-0515-441671687.png,COc1ccc(C(=O)NN)cc1
/beegfs/home/m.romanov/thesis/benchmarking/datasets/UOB/maybridge-0515-635287815.png,COc1ccc(NN)cc1.Cl
/beegfs/home/m.romanov/thesis/benchmarking/datasets/UOB/maybridge-0515-642559758.png,Cl.NNc1ccccc1F
/beegfs/home/m.romanov/thesis/benchmarking/datasets/UOB/maybridge-0515-928241458.png,FC(F)(F)c1cccc(-c2cnco2)c1
/beegfs/home/m.romanov/thesis/benchmarking/datasets/UOB/maybridge-0516-147518038.png,CC(O)=Nc1ccc(C(F)(F)F)cc1
/beegfs/home/m.romanov/thesis/benchmarking/datasets/UOB/maybridge-0516-154226779.png,[C-]#[N+]CS(=O)(=O)c1ccc(C)cc1
/beegfs/home/m.romanov/thesis/benchmarking/datasets/UOB/maybridge-0516-257192008.png,CC(C)(C)c1ccc(NN)cc1
/beegfs/home/m.romanov/thesis/benchmarking/datasets/UOB/maybridge-0516-68407118.png,COc1ccccc1CCNC(=N)O
/beegfs/home/m.romanov/thesis/benchmarking/datasets/UOB/maybridge-0516-695321532.png,CCCc1cccc(NN)c1.Cl
/beegfs/home/m.romanov/thesis/benchmarking/datasets/UOB/maybridge-0516-718658658.png,CC(C)(C)c1cccc(NN)c1.Cl
/beegfs/home/m.romanov/thesis/benchmarking/datasets/UOB/maybridge-0516-743847391.png,CC(C)c1ccc(NN)cc1
/beegfs/home/m.romanov/thesis/benchmarking/datasets/UOB/maybridge-0516-810173824.png,CC(O)=Nc1cccc(C(F)(F)F)c1
/beegfs/home/m.romanov/thesis/benchmarking/datasets/UOB/maybridge-0516-843732287.png,NN=C(O)c1ccccc1-n1cccc1
/beegfs/home/m.romanov/thesis/benchmarking/datasets/UOB/maybridge-0516-856957625.png,NS(=O)(=O)/C=C\c1ccccc1
/beegfs/home/m.romanov/thesis/benchmarking/datasets/UOB/maybridge-0516-91246817.png,Cc1ccc(NN)cc1Cl.Cl
/beegfs/home/m.romanov/thesis/benchmarking/datasets/UOB/maybridge-0516-924973758.png,Cc1cc(Cl)ccc1NN
/beegfs/home/m.romanov/thesis/benchmarking/datasets/UOB/maybridge-0517-1001952716.png,NNc1ccc(C(F)(F)F)cc1
/beegfs/home/m.romanov/thesis/benchmarking/datasets/UOB/maybridge-0517-1020883180.png,Cl.NNc1c(Cl)cccc1Cl
/beegfs/home/m.romanov/thesis/benchmarking/datasets/UOB/maybridge-0517-301079399.png,NNc1cc(C(F)(F)F)ccc1Cl
/beegfs/home/m.romanov/thesis/benchmarking/datasets/UOB/maybridge-0517-395720433.png,CCCCc1ccc(S(N)(=O)=O)cc1
/beegfs/home/m.romanov/thesis/benchmarking/datasets/UOB/maybridge-0517-396072366.png,NN=C(O)c1cccc(C(F)(F)F)c1
/beegfs/home/m.romanov/thesis/benchmarking/datasets/UOB/maybridge-0517-438783061.png,CC(C)Cc1ccc(C(C)C(O)=NN)cc1
/beegfs/home/m.romanov/thesis/benchmarking/datasets/UOB/maybridge-0517-487128094.png,NNc1cc(Cl)cc(Cl)c1
/beegfs/home/m.romanov/thesis/benchmarking/datasets/UOB/maybridge-0517-544356596.png,NNC(=O)c1ccc(C(F)(F)F)cc1
/beegfs/home/m.romanov/thesis/benchmarking/datasets/UOB/maybridge-0517-601627851.png,NNc1ccc(C(F)(F)F)cc1Cl
/beegfs/home/m.romanov/thesis/benchmarking/datasets/UOB/maybridge-0517-785934290.png,COc1ccc(OC)c(S(N)(=O)=O)c1
/beegfs/home/m.romanov/thesis/benchmarking/datasets/UOB/maybridge-0517-93401146.png,NNc1ccc(Cl)c(Cl)c1
/beegfs/home/m.romanov/thesis/benchmarking/datasets/UOB/maybridge-0518-115978132.png,O/N=C(\Cl)c1c(Cl)cccc1Cl
/beegfs/home/m.romanov/thesis/benchmarking/datasets/UOB/maybridge-0518-11987123.png,Cl.NNc1ccc(S(N)(=O)=O)cc1
/beegfs/home/m.romanov/thesis/benchmarking/datasets/UOB/maybridge-0518-351678528.png,CC(=O)N(C)c1cccc(-c2ccc3nnc(C)n3n2)c1
/beegfs/home/m.romanov/thesis/benchmarking/datasets/UOB/maybridge-0518-352285410.png,COc1cc(Cl)c(N=C(C)O)c(Cl)c1
/beegfs/home/m.romanov/thesis/benchmarking/datasets/UOB/maybridge-0518-436111744.png,O/N=C(/Cl)c1ccc(Cl)cc1Cl
/beegfs/home/m.romanov/thesis/benchmarking/datasets/UOB/maybridge-0518-719567810.png,NNc1c(Cl)cc(C(F)(F)F)cc1Cl
/beegfs/home/m.romanov/thesis/benchmarking/datasets/UOB/maybridge-0518-72006495.png,NNC(=O)c1ccncc1
/beegfs/home/m.romanov/thesis/benchmarking/datasets/UOB/maybridge-0518-832201794.png,C=CC[Si](c1ccc(OC)cc1)(C(C)C)C(C)C
/beegfs/home/m.romanov/thesis/benchmarking/datasets/UOB/maybridge-0518-83698662.png,Br.N=C(N)SCc1ccc(-c2csnn2)cc1
/beegfs/home/m.romanov/thesis/benchmarking/datasets/UOB/maybridge-0518-925752641.png,CC1(C)COC(c2cccnc2)=N1
/beegfs/home/m.romanov/thesis/benchmarking/datasets/UOB/maybridge-0518-947104191.png,Cc1cc(Cl)cc(Cl)c1S(N)(=O)=O
/beegfs/home/m.romanov/thesis/benchmarking/datasets/UOB/maybridge-0519-1020360825.png,NNc1cnn(-c2ccccc2)c(=O)c1Cl
/beegfs/home/m.romanov/thesis/benchmarking/datasets/UOB/maybridge-0519-1024585843.png,CN(N)c1cc(C(F)(F)F)ccn1
/beegfs/home/m.romanov/thesis/benchmarking/datasets/UOB/maybridge-0519-1029466701.png,CC(C)(C)c1cccc(C(C)(C)C)n1
/beegfs/home/m.romanov/thesis/benchmarking/datasets/UOB/maybridge-0519-272214598.png,C=Cc1cnccn1
/beegfs/home/m.romanov/thesis/benchmarking/datasets/UOB/maybridge-0519-309561988.png,CCOC(=O)N1CC=CCN1C(=O)OCC
/beegfs/home/m.romanov/thesis/benchmarking/datasets/UOB/maybridge-0519-396920353.png,CC(C)(C)C(=O)N=c1cc[nH]cc1
/beegfs/home/m.romanov/thesis/benchmarking/datasets/UOB/maybridge-0519-499286335.png,COc1cc(C(=N)O)ccn1
/beegfs/home/m.romanov/thesis/benchmarking/datasets/UOB/maybridge-0519-733087398.png,Cc1cc(NN)nc(C)n1
/beegfs/home/m.romanov/thesis/benchmarking/datasets/UOB/maybridge-0519-816210263.png,NC(=O)c1cccnc1Oc1ccc(Cl)cc1
/beegfs/home/m.romanov/thesis/benchmarking/datasets/UOB/maybridge-0519-889070029.png,Cc1cc(C(F)(F)F)cc(NN)n1
/beegfs/home/m.romanov/thesis/benchmarking/datasets/UOB/maybridge-0520-268780352.png,CC(C)C1COC2(C)CCC(=O)N12
/beegfs/home/m.romanov/thesis/benchmarking/datasets/UOB/maybridge-0520-275960735.png,O=C1OC(=O)C2CCC12
/beegfs/home/m.romanov/thesis/benchmarking/datasets/UOB/maybridge-0520-328928159.png,CN1CCN(N)CC1
/beegfs/home/m.romanov/thesis/benchmarking/datasets/UOB/maybridge-0520-349504133.png,N=C(O)C1CCN(c2nccc(C(F)(F)F)n2)CC1
/beegfs/home/m.romanov/thesis/benchmarking/datasets/UOB/maybridge-0520-514479543.png,Cn1c(S(=O)(=O)O)nc2ccccc21
/beegfs/home/m.romanov/thesis/benchmarking/datasets/UOB/maybridge-0520-540826154.png,CN1CCN(C)C(C(O)=NN)C1
/beegfs/home/m.romanov/thesis/benchmarking/datasets/UOB/maybridge-0520-60316595.png,Cc1cc(NN)nc2c1c(C)nn2C
/beegfs/home/m.romanov/thesis/benchmarking/datasets/UOB/maybridge-0520-835277898.png,Cc1nc2sccn2c1C(O)=NN
/beegfs/home/m.romanov/thesis/benchmarking/datasets/UOB/maybridge-0520-889162113.png,C1OCC2OC12
/beegfs/home/m.romanov/thesis/benchmarking/datasets/UOB/maybridge-0520-922542356.png,c1ccc(-c2cn3c(n2)SCC3)cc1
/beegfs/home/m.romanov/thesis/benchmarking/datasets/UOB/maybridge-0521-102594951.png,NNc1nc2ccc(Cl)cc2s1
/beegfs/home/m.romanov/thesis/benchmarking/datasets/UOB/maybridge-0521-209067133.png,Cc1csc2ccc(Cl)cc12
/beegfs/home/m.romanov/thesis/benchmarking/datasets/UOB/maybridge-0521-376473011.png,Cc1csc2ccc(F)cc12
/beegfs/home/m.romanov/thesis/benchmarking/datasets/UOB/maybridge-0521-450887137.png,NN=C(O)c1cc2ccccc2s1
/beegfs/home/m.romanov/thesis/benchmarking/datasets/UOB/maybridge-0521-488473325.png,c1ccc2nonc2c1
/beegfs/home/m.romanov/thesis/benchmarking/datasets/UOB/maybridge-0521-544404876.png,O=S(=O)([O-])c1ccc(Cl)c2nonc12.[NH4+]
/beegfs/home/m.romanov/thesis/benchmarking/datasets/UOB/maybridge-0521-562640026.png,c1ccc2c(c1)CCO2
/beegfs/home/m.romanov/thesis/benchmarking/datasets/UOB/maybridge-0521-565311371.png,Cn1c(=S)oc2ccccc21
/beegfs/home/m.romanov/thesis/benchmarking/datasets/UOB/maybridge-0521-60226327.png,Cc1ccc2c(c1)OCO2
/beegfs/home/m.romanov/thesis/benchmarking/datasets/UOB/maybridge-0521-819771282.png,COc1ccc2nsnc2c1
/beegfs/home/m.romanov/thesis/benchmarking/datasets/UOB/maybridge-0521-885055810.png,Cc1ccc2sccc2c1
/beegfs/home/m.romanov/thesis/benchmarking/datasets/UOB/maybridge-0521-919710023.png,Clc1ccc2nonc2c1
/beegfs/home/m.romanov/thesis/benchmarking/datasets/UOB/maybridge-0522-1007844375.png,Cc1ccc(C(C)C)cc2c(C)ccc1-2
/beegfs/home/m.romanov/thesis/benchmarking/datasets/UOB/maybridge-0522-1007999647.png,CC1(C)CCC(C)(C)c2ccccc21
/beegfs/home/m.romanov/thesis/benchmarking/datasets/UOB/maybridge-0522-184686462.png,Cc1ccc2cccc(Cl)c2n1
/beegfs/home/m.romanov/thesis/benchmarking/datasets/UOB/maybridge-0522-325063901.png,NN=c1cnc2ccccc2[nH]1
/beegfs/home/m.romanov/thesis/benchmarking/datasets/UOB/maybridge-0522-383188744.png,C(=N\c1cccc2ccccc12)/c1ccccc1
/beegfs/home/m.romanov/thesis/benchmarking/datasets/UOB/maybridge-0522-554070631.png,O/N=C1\CCCc2ccccc21
/beegfs/home/m.romanov/thesis/benchmarking/datasets/UOB/maybridge-0522-617601149.png,O=S(=O)(O)c1ccc2ccccc2c1
/beegfs/home/m.romanov/thesis/benchmarking/datasets/UOB/maybridge-0522-710797285.png,NNc1cc(C(F)(F)F)nc2ccccc12
/beegfs/home/m.romanov/thesis/benchmarking/datasets/UOB/maybridge-0522-875425335.png,Cc1csc2ncnc(NN)c12
/beegfs/home/m.romanov/thesis/benchmarking/datasets/UOB/maybridge-0522-942989792.png,Clc1ccc2ncccc2c1
/beegfs/home/m.romanov/thesis/benchmarking/datasets/UOB/maybridge-0522-955170012.png,Cc1ccc2cc(F)ccc2c1
/beegfs/home/m.romanov/thesis/benchmarking/datasets/UOB/maybridge-0523-1025521380.png,Oc1nnc(Cl)c2ccccc12
/beegfs/home/m.romanov/thesis/benchmarking/datasets/UOB/maybridge-0523-308047347.png,c1cnc2c(n1)CCCC2
/beegfs/home/m.romanov/thesis/benchmarking/datasets/UOB/maybridge-0523-55916241.png,O=P1(O)Oc2ccc3ccccc3c2-c2c(ccc3ccccc23)O1
/beegfs/home/m.romanov/thesis/benchmarking/datasets/UOB/maybridge-0523-732223107.png,NN=C(O)C12CC3CC(CC(C3)C1)C2
/beegfs/home/m.romanov/thesis/benchmarking/datasets/UOB/maybridge-0523-761128002.png,O=P1(O)Oc2ccc3ccccc3c2-c2c(ccc3ccccc23)O1
/beegfs/home/m.romanov/thesis/benchmarking/datasets/UOB/maybridge-0523-802850546.png,Cc1ccccc1P(c1ccccc1C)c1ccccc1C
/beegfs/home/m.romanov/thesis/benchmarking/datasets/UOB/maybridge-0523-931240409.png,Cc1cc(C)c2c(O)ncnc2n1
/beegfs/home/m.romanov/thesis/benchmarking/datasets/UOB/maybridge-0523-934847409.png,NNc1ncnc2sc3c(c12)CCCC3
/beegfs/home/m.romanov/thesis/benchmarking/datasets/UOB/maybridge-0523-936538252.png,C=CCn1c(=O)oc(=O)c2ccccc21
/beegfs/home/m.romanov/thesis/benchmarking/datasets/UOB/maybridge-0523-980163688.png,c1cc2c3c(ccc4c3c1CCC4)CCC2
/beegfs/home/m.romanov/thesis/benchmarking/datasets/UOB/maybridge-0524-157832592.png,C[P+](c1ccccc1)(c1ccccc1)c1ccccc1.[I-]
/beegfs/home/m.romanov/thesis/benchmarking/datasets/UOB/maybridge-0524-25874319.png,NS(N)(=O)=O
/beegfs/home/m.romanov/thesis/benchmarking/datasets/UOB/maybridge-0524-296876707.png,CCCNC(=N)O
/beegfs/home/m.romanov/thesis/benchmarking/datasets/UOB/maybridge-0524-425968061.png,FC(F)(F)c1cc(P(c2cc(C(F)(F)F)cc(C(F)(F)F)c2)c2cc(C(F)(F)F)cc(C(F)(F)F)c2)cc(C(F)(F)F)c1
/beegfs/home/m.romanov/thesis/benchmarking/datasets/UOB/maybridge-0524-552965633.png,CSC(=N)N
/beegfs/home/m.romanov/thesis/benchmarking/datasets/UOB/maybridge-0524-847412761.png,CCP(=S)(CC)CC
/beegfs/home/m.romanov/thesis/benchmarking/datasets/UOB/maybridge-0524-877397458.png,CC(C)CC(=N)O
/beegfs/home/m.romanov/thesis/benchmarking/datasets/UOB/maybridge-0525-136760839.png,COC(=O)c1ccc(S(=O)(=O)Cl)n1C
/beegfs/home/m.romanov/thesis/benchmarking/datasets/UOB/maybridge-0525-140389524.png,CC(C)(C)OC(O)=NC1(C(=O)O)CC1
/beegfs/home/m.romanov/thesis/benchmarking/datasets/UOB/maybridge-0525-249484337.png,COC(=O)c1cc(C=O)cn1C
/beegfs/home/m.romanov/thesis/benchmarking/datasets/UOB/maybridge-0525-352556140.png,Cn1ncc(C(=O)Cl)c1Cl
/beegfs/home/m.romanov/thesis/benchmarking/datasets/UOB/maybridge-0525-465210083.png,Cn1ncc(C=O)c1N
/beegfs/home/m.romanov/thesis/benchmarking/datasets/UOB/maybridge-0525-511639586.png,Cn1cc(C=O)c(=N)[nH]1
/beegfs/home/m.romanov/thesis/benchmarking/datasets/UOB/maybridge-0525-611957031.png,Cn1cc(N=C(O)OC(C)(C)C)cc1C(=O)O
/beegfs/home/m.romanov/thesis/benchmarking/datasets/UOB/maybridge-0525-675486694.png,Cc1nn(C)c(Cl)c1C(=O)O
/beegfs/home/m.romanov/thesis/benchmarking/datasets/UOB/maybridge-0525-924434208.png,Cc1nn(C)c(Cl)c1C=O
/beegfs/home/m.romanov/thesis/benchmarking/datasets/UOB/maybridge-0526-1024378885.png,Brc1n[nH]c(Br)n1
/beegfs/home/m.romanov/thesis/benchmarking/datasets/UOB/maybridge-0526-235182682.png,Cc1nn(C)c(C(=O)O)c1Br
/beegfs/home/m.romanov/thesis/benchmarking/datasets/UOB/maybridge-0526-329314203.png,Cn1nc(C(F)(F)F)c(C(=O)O)c1Cl
/beegfs/home/m.romanov/thesis/benchmarking/datasets/UOB/maybridge-0526-427181184.png,Cn1cc(Br)c(C=O)n1
/beegfs/home/m.romanov/thesis/benchmarking/datasets/UOB/maybridge-0526-498226126.png,Cn1nc(C(F)(F)F)c(C=O)c1Cl
/beegfs/home/m.romanov/thesis/benchmarking/datasets/UOB/maybridge-0526-548127103.png,CCOC(=O)c1cnc(S)[nH]1
/beegfs/home/m.romanov/thesis/benchmarking/datasets/UOB/maybridge-0526-641745904.png,Cc1nn(C)c(Cl)c1S(=O)(=O)Cl
/beegfs/home/m.romanov/thesis/benchmarking/datasets/UOB/maybridge-0526-686411976.png,Cc1nn(C(=O)OC(C)(C)C)c(C)c1I
/beegfs/home/m.romanov/thesis/benchmarking/datasets/UOB/maybridge-0526-776944183.png,Cc1nc(Br)c([N+](=O)[O-])[nH]1
/beegfs/home/m.romanov/thesis/benchmarking/datasets/UOB/maybridge-0526-914592059.png,Cn1cc(Br)c(C(=O)O)n1
/beegfs/home/m.romanov/thesis/benchmarking/datasets/UOB/maybridge-0527-1032416417.png,COC(=O)c1ccsc1N
/beegfs/home/m.romanov/thesis/benchmarking/datasets/UOB/maybridge-0527-174750888.png,COC(=O)c1ccc(S(=O)(=O)Cl)o1
/beegfs/home/m.romanov/thesis/benchmarking/datasets/UOB/maybridge-0527-179238497.png,O=S(=O)(Cl)c1ccc(C2OCCO2)o1
/beegfs/home/m.romanov/thesis/benchmarking/datasets/UOB/maybridge-0527-310475488.png,Fc1nc(Br)nn1Cc1ccccc1
/beegfs/home/m.romanov/thesis/benchmarking/datasets/UOB/maybridge-0527-341476728.png,COC(=O)c1cc(S(=O)(=O)Cl)oc1C
/beegfs/home/m.romanov/thesis/benchmarking/datasets/UOB/maybridge-0527-411655539.png,O=S(=O)(Cl)c1occc1C1OCCO1
/beegfs/home/m.romanov/thesis/benchmarking/datasets/UOB/maybridge-0527-496064001.png,O=[N+]([O-])c1ccsc1Cl
/beegfs/home/m.romanov/thesis/benchmarking/datasets/UOB/maybridge-0527-528105260.png,CC(C)(C)OC(=O)N1CC(=O)CC1C(=O)O
/beegfs/home/m.romanov/thesis/benchmarking/datasets/UOB/maybridge-0527-825784561.png,COC(=O)c1cc(C=O)oc1C
/beegfs/home/m.romanov/thesis/benchmarking/datasets/UOB/maybridge-0527-996419816.png,COC(=O)c1cscc1N
/beegfs/home/m.romanov/thesis/benchmarking/datasets/UOB/maybridge-0528-126965608.png,O=C(Cl)c1cc(Br)cs1
/beegfs/home/m.romanov/thesis/benchmarking/datasets/UOB/maybridge-0528-486275892.png,O=C(O)c1csc([N+](=O)[O-])c1
/beegfs/home/m.romanov/thesis/benchmarking/datasets/UOB/maybridge-0528-49178222.png,O=C(O)c1cc(Br)cs1
/beegfs/home/m.romanov/thesis/benchmarking/datasets/UOB/maybridge-0528-508220313.png,O=C(O)c1ccc(B(O)O)s1
/beegfs/home/m.romanov/thesis/benchmarking/datasets/UOB/maybridge-0528-551398918.png,O=Cc1ccsc1Br
/beegfs/home/m.romanov/thesis/benchmarking/datasets/UOB/maybridge-0528-612341934.png,O=C(O)c1ccc(Br)s1
/beegfs/home/m.romanov/thesis/benchmarking/datasets/UOB/maybridge-0528-61880908.png,OCc1cc(Br)cs1
/beegfs/home/m.romanov/thesis/benchmarking/datasets/UOB/maybridge-0528-755932212.png,COC(=O)c1sccc1Br
/beegfs/home/m.romanov/thesis/benchmarking/datasets/UOB/maybridge-0528-837964265.png,O=C(O)c1ccsc1B(O)O
/beegfs/home/m.romanov/thesis/benchmarking/datasets/UOB/maybridge-0528-89262636.png,O=S(=O)(Cl)c1ccc(C2OCCO2)s1
/beegfs/home/m.romanov/thesis/benchmarking/datasets/UOB/maybridge-0528-905008683.png,COC(=O)c1cc(C)c(Br)s1
/beegfs/home/m.romanov/thesis/benchmarking/datasets/UOB/maybridge-0528-924083689.png,O=C(O)c1ccsc1Br
/beegfs/home/m.romanov/thesis/benchmarking/datasets/UOB/maybridge-0529-1069439177.png,COC(=O)c1cc(C)c(S(=O)(=O)Cl)s1
/beegfs/home/m.romanov/thesis/benchmarking/datasets/UOB/maybridge-0529-133873175.png,NCc1ccsc1Br
/beegfs/home/m.romanov/thesis/benchmarking/datasets/UOB/maybridge-0529-238525930.png,CC(C)(C)OC(O)=NCc1ccc(Br)s1
/beegfs/home/m.romanov/thesis/benchmarking/datasets/UOB/maybridge-0529-242092728.png,CCOC(=O)c1c(C)nsc1N
/beegfs/home/m.romanov/thesis/benchmarking/datasets/UOB/maybridge-0529-3806002.png,CCOC(=O)c1c(-c2ccc(Br)cc2)csc1N
/beegfs/home/m.romanov/thesis/benchmarking/datasets/UOB/maybridge-0529-445132988.png,COC(=O)c1coc(CCl)n1
/beegfs/home/m.romanov/thesis/benchmarking/datasets/UOB/maybridge-0529-486724122.png,COC(=O)C1CSCC1=O
/beegfs/home/m.romanov/thesis/benchmarking/datasets/UOB/maybridge-0529-598058400.png,CCOC(=O)c1cc(C(=O)CBr)on1
/beegfs/home/m.romanov/thesis/benchmarking/datasets/UOB/maybridge-0529-661224649.png,O=S(=O)(Cl)c1sccc1C1OCCO1
/beegfs/home/m.romanov/thesis/benchmarking/datasets/UOB/maybridge-0529-918689503.png,CCOC(=O)c1csc(=N)[nH]1
/beegfs/home/m.romanov/thesis/benchmarking/datasets/UOB/maybridge-0530-192354005.png,Cc1nc(C2CCN(C(=O)OC(C)(C)C)CC2)sc1C(=O)O
/beegfs/home/m.romanov/thesis/benchmarking/datasets/UOB/maybridge-0530-199386905.png,CC(C)(C)OC(=O)N1CCC(c2nc(CO)cs2)CC1
/beegfs/home/m.romanov/thesis/benchmarking/datasets/UOB/maybridge-0530-260096362.png,Cc1nc(C2CCN(C(=O)OC(C)(C)C)CC2)sc1CO
/beegfs/home/m.romanov/thesis/benchmarking/datasets/UOB/maybridge-0530-290980575.png,CCOC(=O)c1sc(Cl)nc1C
/beegfs/home/m.romanov/thesis/benchmarking/datasets/UOB/maybridge-0530-307614626.png,Cc1nc(C2CCN(C(=O)OC(C)(C)C)CC2)sc1C=O
/beegfs/home/m.romanov/thesis/benchmarking/datasets/UOB/maybridge-0530-37518706.png,CCOC(=O)c1sc(Br)nc1C
/beegfs/home/m.romanov/thesis/benchmarking/datasets/UOB/maybridge-0530-419900000.png,CNCc1csc(C2CCN(C(=O)OC(C)(C)C)CC2)n1
/beegfs/home/m.romanov/thesis/benchmarking/datasets/UOB/maybridge-0530-758732717.png,CC(C)(C)OC(=O)N1CCC(c2nc(C=O)cs2)CC1
/beegfs/home/m.romanov/thesis/benchmarking/datasets/UOB/maybridge-0530-760333320.png,Cc1nc(Br)sc1C(=O)O
/beegfs/home/m.romanov/thesis/benchmarking/datasets/UOB/maybridge-0530-884415730.png,CC(C)(C)OC(=O)N1CCC(c2nc(C(=O)O)cs2)CC1
/beegfs/home/m.romanov/thesis/benchmarking/datasets/UOB/maybridge-0531-20026989.png,ClCc1nsc(Cl)n1
/beegfs/home/m.romanov/thesis/benchmarking/datasets/UOB/maybridge-0531-328033125.png,COC(=O)c1ccc(C(N)=NO)cc1
/beegfs/home/m.romanov/thesis/benchmarking/datasets/UOB/maybridge-0531-380617795.png,O=C(O)c1cc(O)ccc1[N+](=O)[O-]
/beegfs/home/m.romanov/thesis/benchmarking/datasets/UOB/maybridge-0531-44499269.png,O=C(O)c1ccc([N+](=O)[O-])cc1F
/beegfs/home/m.romanov/thesis/benchmarking/datasets/UOB/maybridge-0531-515538050.png,COC(=O)c1cccc(C(=O)O)c1N
/beegfs/home/m.romanov/thesis/benchmarking/datasets/UOB/maybridge-0531-52561277.png,Cc1ccc(C(=O)O)c(N)c1
/beegfs/home/m.romanov/thesis/benchmarking/datasets/UOB/maybridge-0531-540357403.png,Cc1sc(C2CCN(C(=O)OC(C)(C)C)CC2)nc1CC(=O)O
/beegfs/home/m.romanov/thesis/benchmarking/datasets/UOB/maybridge-0531-596097007.png,COC(=O)c1ccc(N)c(C)c1
/beegfs/home/m.romanov/thesis/benchmarking/datasets/UOB/maybridge-0531-637677065.png,N=c1[nH]nc(Br)s1
/beegfs/home/m.romanov/thesis/benchmarking/datasets/UOB/maybridge-0531-850270640.png,O=Cc1cc(C(=O)O)ccc1F
/beegfs/home/m.romanov/thesis/benchmarking/datasets/UOB/maybridge-0531-966515649.png,CCOC(=O)c1ccc(N=C=O)cc1
/beegfs/home/m.romanov/thesis/benchmarking/datasets/UOB/maybridge-0532-157933158.png,O=Cc1ccc(I)c(O)c1
/beegfs/home/m.romanov/thesis/benchmarking/datasets/UOB/maybridge-0532-234739488.png,NC(=S)c1ccc(C2OCCO2)cc1
/beegfs/home/m.romanov/thesis/benchmarking/datasets/UOB/maybridge-0532-47348454.png,CC(C)(C)OC(O)=NCc1cccc(C=O)c1
/beegfs/home/m.romanov/thesis/benchmarking/datasets/UOB/maybridge-0532-474390580.png,O=[N+]([O-])c1ccc(CS(=O)(=O)Cl)cc1
/beegfs/home/m.romanov/thesis/benchmarking/datasets/UOB/maybridge-0532-509217418.png,O=Cc1ccc(CBr)cc1
/beegfs/home/m.romanov/thesis/benchmarking/datasets/UOB/maybridge-0532-59994060.png,CC(C)(C)OC(O)=NCc1ccc(C=O)cc1
/beegfs/home/m.romanov/thesis/benchmarking/datasets/UOB/maybridge-0532-749588954.png,COC(=O)c1ccc(CS(=O)(=O)Cl)cc1
/beegfs/home/m.romanov/thesis/benchmarking/datasets/UOB/maybridge-0532-782816000.png,O=Cc1cc([N+](=O)[O-])ccc1N1CCOCC1
/beegfs/home/m.romanov/thesis/benchmarking/datasets/UOB/maybridge-0532-887738902.png,O=Cc1cccc(CBr)c1
/beegfs/home/m.romanov/thesis/benchmarking/datasets/UOB/maybridge-0532-898709107.png,O=C(O)c1ccc(I)c(O)c1
/beegfs/home/m.romanov/thesis/benchmarking/datasets/UOB/maybridge-0532-904436693.png,O=Cc1cc(O)ccc1I
/beegfs/home/m.romanov/thesis/benchmarking/datasets/UOB/maybridge-0532-938141214.png,Nc1ccc(Br)cc1[N+](=O)[O-]
/beegfs/home/m.romanov/thesis/benchmarking/datasets/UOB/maybridge-0533-134585745.png,CC(C)(C)OC(=O)N1CCN(Cc2cccc(C=O)c2)CC1
/beegfs/home/m.romanov/thesis/benchmarking/datasets/UOB/maybridge-0533-157221079.png,CC(C)(C)OC(=O)N1CCN(c2ccc(C(=O)O)cc2)CC1
/beegfs/home/m.romanov/thesis/benchmarking/datasets/UOB/maybridge-0533-289282817.png,CC(C)(C)OC(=O)N1CCCN(c2cccc(O)c2)CC1
/beegfs/home/m.romanov/thesis/benchmarking/datasets/UOB/maybridge-0533-293527151.png,O=S(=O)(Cl)Cc1ccc(Br)cc1
/beegfs/home/m.romanov/thesis/benchmarking/datasets/UOB/maybridge-0533-409418833.png,CC(C)(C)OC(=O)N1CCN(c2ccccc2N)CC1
/beegfs/home/m.romanov/thesis/benchmarking/datasets/UOB/maybridge-0533-411937452.png,Cc1cc(Br)ccc1S(=O)(=O)Cl
/beegfs/home/m.romanov/thesis/benchmarking/datasets/UOB/maybridge-0533-679080975.png,CC(C)(C)OC(=O)N1CCN(c2ccccc2C=O)CC1
/beegfs/home/m.romanov/thesis/benchmarking/datasets/UOB/maybridge-0533-838742420.png,CC(C)(C)OC(=O)N1CCN(Cc2cccc(C(=O)O)c2)CC1
/beegfs/home/m.romanov/thesis/benchmarking/datasets/UOB/maybridge-0533-95837129.png,CC(C)(C)OC(=O)N1CCN(c2ccccc2C(=O)O)CC1
/beegfs/home/m.romanov/thesis/benchmarking/datasets/UOB/maybridge-0534-1008471360.png,CC(C)(C)OC(=O)Nc1ccc(CN)cc1
/beegfs/home/m.romanov/thesis/benchmarking/datasets/UOB/maybridge-0534-445025900.png,CC(C)(C)OC(O)=NCc1cccc(CO)c1
/beegfs/home/m.romanov/thesis/benchmarking/datasets/UOB/maybridge-0534-559536168.png,CC(C)(C)OC(=O)N1CCN(c2ccc(B3OC(C)(C)C(C)(C)O3)cc2)CC1
/beegfs/home/m.romanov/thesis/benchmarking/datasets/UOB/maybridge-0534-646036944.png,CC(C)(C)OC(O)=NCc1ccc(CO)cc1
/beegfs/home/m.romanov/thesis/benchmarking/datasets/UOB/maybridge-0534-720135105.png,COC(=O)c1cccc(CN)c1
/beegfs/home/m.romanov/thesis/benchmarking/datasets/UOB/maybridge-0534-741144881.png,CC(C)(C)OC(=O)N1CCN(Cc2cccc(I)c2)CC1
/beegfs/home/m.romanov/thesis/benchmarking/datasets/UOB/maybridge-0534-894033632.png,CC(C)(C)OC(=O)N1CCC(Oc2ccc(C(=O)O)cc2)CC1
/beegfs/home/m.romanov/thesis/benchmarking/datasets/UOB/maybridge-0534-946748146.png,CC(C)(C)OC(=O)N1CCN(c2ccccc2CN)CC1
/beegfs/home/m.romanov/thesis/benchmarking/datasets/UOB/maybridge-0535-1008594054.png,O=Cc1ncccc1F
/beegfs/home/m.romanov/thesis/benchmarking/datasets/UOB/maybridge-0535-1052048227.png,N=c1ccc(CO)c[nH]1
/beegfs/home/m.romanov/thesis/benchmarking/datasets/UOB/maybridge-0535-208823445.png,CNCc1ccc(N2CCN(C(=O)OC(C)(C)C)CC2)cc1
/beegfs/home/m.romanov/thesis/benchmarking/datasets/UOB/maybridge-0535-283390897.png,O=Cc1ccnc(Cl)c1
/beegfs/home/m.romanov/thesis/benchmarking/datasets/UOB/maybridge-0535-369447918.png,CNCc1cccc(CN2CCN(C(=O)OC(C)(C)C)CC2)c1
/beegfs/home/m.romanov/thesis/benchmarking/datasets/UOB/maybridge-0535-433104566.png,Nc1cnccc1C(=O)O
/beegfs/home/m.romanov/thesis/benchmarking/datasets/UOB/maybridge-0535-4484292.png,COC(=O)c1cccnc1N
/beegfs/home/m.romanov/thesis/benchmarking/datasets/UOB/maybridge-0535-463873079.png,O=C=Nc1ccc(Cl)nc1
/beegfs/home/m.romanov/thesis/benchmarking/datasets/UOB/maybridge-0535-639091132.png,CC(C)(C)OC(=O)N1CCN(c2ccc(CN)cc2)CC1
/beegfs/home/m.romanov/thesis/benchmarking/datasets/UOB/maybridge-0535-923900285.png,CC(=O)c1ccc(Cl)nc1
/beegfs/home/m.romanov/thesis/benchmarking/datasets/UOB/maybridge-0536-235220949.png,O=C(O)c1ccnc(Cl)c1
/beegfs/home/m.romanov/thesis/benchmarking/datasets/UOB/maybridge-0536-284147170.png,O=C(Cl)c1ccnc(Cl)c1
/beegfs/home/m.romanov/thesis/benchmarking/datasets/UOB/maybridge-0536-330413923.png,CCOC(=O)c1cccnc1Cl
/beegfs/home/m.romanov/thesis/benchmarking/datasets/UOB/maybridge-0536-334281085.png,Cc1cc(C(=O)O)cc(Cl)n1
/beegfs/home/m.romanov/thesis/benchmarking/datasets/UOB/maybridge-0536-400161787.png,O=Cc1cccc(Br)n1
/beegfs/home/m.romanov/thesis/benchmarking/datasets/UOB/maybridge-0536-51820156.png,O=C(O)c1cccc(Cl)n1
/beegfs/home/m.romanov/thesis/benchmarking/datasets/UOB/maybridge-0536-609634801.png,O=Cc1ccc(Br)cn1
/beegfs/home/m.romanov/thesis/benchmarking/datasets/UOB/maybridge-0536-664876270.png,COc1cc(C(=O)O)cc(Cl)n1
/beegfs/home/m.romanov/thesis/benchmarking/datasets/UOB/maybridge-0536-746605562.png,O=C(O)c1ccc(Br)nc1
/beegfs/home/m.romanov/thesis/benchmarking/datasets/UOB/maybridge-0536-790851000.png,COC(=O)c1ccc(C(=O)O)nc1
/beegfs/home/m.romanov/thesis/benchmarking/datasets/UOB/maybridge-0536-855476250.png,Cc1cnc(N)c(Br)c1
/beegfs/home/m.romanov/thesis/benchmarking/datasets/UOB/maybridge-0536-945327385.png,O=C=Nc1cc(Cl)nc(Cl)c1
/beegfs/home/m.romanov/thesis/benchmarking/datasets/UOB/maybridge-0537-1064507274.png,CCOC(=O)c1ccncc1S(=O)(=O)Cl
/beegfs/home/m.romanov/thesis/benchmarking/datasets/UOB/maybridge-0537-107946218.png,Cc1cnc(Cl)c(Br)c1
/beegfs/home/m.romanov/thesis/benchmarking/datasets/UOB/maybridge-0537-201224583.png,Fc1ncccc1I
/beegfs/home/m.romanov/thesis/benchmarking/datasets/UOB/maybridge-0537-482949398.png,CCOC(=O)c1c(Cl)cc(C)nc1Cl
/beegfs/home/m.romanov/thesis/benchmarking/datasets/UOB/maybridge-0537-554283149.png,CC(C)(C)OC(=O)N1CCN(c2ccc(C=O)cn2)CC1
/beegfs/home/m.romanov/thesis/benchmarking/datasets/UOB/maybridge-0537-745337959.png,O=C(O)c1cc(Br)cnc1Br
/beegfs/home/m.romanov/thesis/benchmarking/datasets/UOB/maybridge-0537-747913668.png,O=Cc1cc(Br)cnc1Br
/beegfs/home/m.romanov/thesis/benchmarking/datasets/UOB/maybridge-0537-845548423.png,COC(=O)c1cc(Cl)nc(Cl)c1
/beegfs/home/m.romanov/thesis/benchmarking/datasets/UOB/maybridge-0537-895396466.png,CC(C)(C)OC(=O)N1CCN(c2ccc(C(=O)O)cn2)CC1
/beegfs/home/m.romanov/thesis/benchmarking/datasets/UOB/maybridge-0537-912545290.png,Fc1cc(I)ccn1
/beegfs/home/m.romanov/thesis/benchmarking/datasets/UOB/maybridge-0537-95002653.png,CC(C)(C)OC(=O)N1CCN(c2cc(C(=O)O)ccn2)CC1
/beegfs/home/m.romanov/thesis/benchmarking/datasets/UOB/maybridge-0538-1050470877.png,N=c1ccc(Br)n[nH]1
/beegfs/home/m.romanov/thesis/benchmarking/datasets/UOB/maybridge-0538-116409065.png,CSc1ncc(Cl)c(C(=O)O)n1
/beegfs/home/m.romanov/thesis/benchmarking/datasets/UOB/maybridge-0538-237865790.png,CC(C)(C)OC(=O)N1CCN(c2ccc(I)cn2)CC1
/beegfs/home/m.romanov/thesis/benchmarking/datasets/UOB/maybridge-0538-56062758.png,CCOC(=O)c1c[nH]c(=N)nc1C
/beegfs/home/m.romanov/thesis/benchmarking/datasets/UOB/maybridge-0538-672463805.png,CC(C)(C)OC(=O)N1CCN(c2ccc(B3OC(C)(C)C(C)(C)O3)cn2)CC1
/beegfs/home/m.romanov/thesis/benchmarking/datasets/UOB/maybridge-0538-679555593.png,CNCc1cccc(Br)n1
/beegfs/home/m.romanov/thesis/benchmarking/datasets/UOB/maybridge-0538-717229427.png,COC(=O)c1cnc(Cl)nc1C(F)(F)F
/beegfs/home/m.romanov/thesis/benchmarking/datasets/UOB/maybridge-0538-813023856.png,COC(=O)c1cnc(Cl)nc1
/beegfs/home/m.romanov/thesis/benchmarking/datasets/UOB/maybridge-0538-935635539.png,COC(=O)c1cc(C)nc(Cl)n1
/beegfs/home/m.romanov/thesis/benchmarking/datasets/UOB/maybridge-0538-954180352.png,N=c1ccc(Cl)n[nH]1
/beegfs/home/m.romanov/thesis/benchmarking/datasets/UOB/maybridge-0539-1050160608.png,N#Cc1nccnc1Cl
/beegfs/home/m.romanov/thesis/benchmarking/datasets/UOB/maybridge-0539-208849227.png,CC(C)(C)[Si](C)(C)OCC1CN(Cc2ccccc2)CCC1=O
/beegfs/home/m.romanov/thesis/benchmarking/datasets/UOB/maybridge-0539-29600113.png,O=C(Cl)c1cnc(Cl)nc1C(F)(F)F
/beegfs/home/m.romanov/thesis/benchmarking/datasets/UOB/maybridge-0539-46410213.png,CC(C)(C)OC(=O)N1CCC(C(=N)S)CC1
/beegfs/home/m.romanov/thesis/benchmarking/datasets/UOB/maybridge-0539-669984836.png,CCOC(=O)c1cnc(C(F)(F)F)nc1Cl
/beegfs/home/m.romanov/thesis/benchmarking/datasets/UOB/maybridge-0539-716118740.png,CC(C)(C)OC(O)=NCC1CCNCC1
/beegfs/home/m.romanov/thesis/benchmarking/datasets/UOB/maybridge-0539-747406405.png,CC(C)(C)OC(=O)N1CCC(CCCO)CC1
/beegfs/home/m.romanov/thesis/benchmarking/datasets/UOB/maybridge-0539-896608938.png,O=C(Cl)C1CCN(C(=O)OCc2ccccc2)CC1
/beegfs/home/m.romanov/thesis/benchmarking/datasets/UOB/maybridge-0539-938926076.png,Nc1cnc(Br)cn1
/beegfs/home/m.romanov/thesis/benchmarking/datasets/UOB/maybridge-0540-576746504.png,NCC1CCN(Cc2ccccc2)CC1
/beegfs/home/m.romanov/thesis/benchmarking/datasets/UOB/maybridge-0540-614544275.png,NCC1CCN(C(=O)OCc2ccccc2)CC1
/beegfs/home/m.romanov/thesis/benchmarking/datasets/UOB/maybridge-0540-622080441.png,O=C=NC1CCN(C(=O)OCc2ccccc2)CC1
/beegfs/home/m.romanov/thesis/benchmarking/datasets/UOB/maybridge-0540-645553899.png,O=CC1CCN(C(=O)OCc2ccccc2)CC1
/beegfs/home/m.romanov/thesis/benchmarking/datasets/UOB/maybridge-0540-703304868.png,CC(C)(C)OC(=O)N1CCN(CCO)CC1
/beegfs/home/m.romanov/thesis/benchmarking/datasets/UOB/maybridge-0540-738293116.png,CNCC1CCN(C(=O)OCc2ccccc2)CC1
/beegfs/home/m.romanov/thesis/benchmarking/datasets/UOB/maybridge-0540-739216233.png,O=C(OCc1ccccc1)N1CCC(CBr)CC1
/beegfs/home/m.romanov/thesis/benchmarking/datasets/UOB/maybridge-0541-160032722.png,O=C(O)C1CN(Cc2ccccc2)CCO1
/beegfs/home/m.romanov/thesis/benchmarking/datasets/UOB/maybridge-0541-343469115.png,ClCC1CN(Cc2ccccc2)CCO1
/beegfs/home/m.romanov/thesis/benchmarking/datasets/UOB/maybridge-0541-408794300.png,CC(C)(C)OC(=O)N1CCN(C(=O)OCC2c3ccccc3-c3ccccc32)C(C(=O)O)C1
/beegfs/home/m.romanov/thesis/benchmarking/datasets/UOB/maybridge-0541-41174042.png,I.N=C(N)N1CCN(Cc2ccccc2)CC1
/beegfs/home/m.romanov/thesis/benchmarking/datasets/UOB/maybridge-0541-443866440.png,CC(C)(C)OC(=O)N1CCN(C(=O)OCC2c3ccccc3-c3ccccc32)CC1C(=O)O
/beegfs/home/m.romanov/thesis/benchmarking/datasets/UOB/maybridge-0541-479751745.png,C=CCOC(=O)N1CCN(C(=O)OCC2c3ccccc3-c3ccccc32)C(C(=O)O)C1
/beegfs/home/m.romanov/thesis/benchmarking/datasets/UOB/maybridge-0541-759275286.png,NCCN1CCN(Cc2ccccc2)CC1
/beegfs/home/m.romanov/thesis/benchmarking/datasets/UOB/maybridge-0542-158330763.png,O=S(=O)(Cl)c1c(Cl)nc2sccn12
/beegfs/home/m.romanov/thesis/benchmarking/datasets/UOB/maybridge-0542-179979373.png,COC(=O)c1cc2oc(C=O)cc2n1C
/beegfs/home/m.romanov/thesis/benchmarking/datasets/UOB/maybridge-0542-237060770.png,O=C(O)c1cc2cccc([N+](=O)[O-])c2[nH]1
/beegfs/home/m.romanov/thesis/benchmarking/datasets/UOB/maybridge-0542-266041021.png,CC(C)(C)OC(=O)N1CCSCC1C(=O)O
/beegfs/home/m.romanov/thesis/benchmarking/datasets/UOB/maybridge-0542-507191233.png,c1ccc2c(C3CCNCC3)c[nH]c2c1
/beegfs/home/m.romanov/thesis/benchmarking/datasets/UOB/maybridge-0542-690594620.png,Nc1ccc2c(c1)CCC2=O
/beegfs/home/m.romanov/thesis/benchmarking/datasets/UOB/maybridge-0542-793132774.png,CC(C)(C)OC(=O)N1CCCNCC1
/beegfs/home/m.romanov/thesis/benchmarking/datasets/UOB/maybridge-0542-906392317.png,COC(=O)c1ccc2c(I)c[nH]c2c1
/beegfs/home/m.romanov/thesis/benchmarking/datasets/UOB/maybridge-0542-908030989.png,NCC1CN(Cc2ccccc2)CCO1
/beegfs/home/m.romanov/thesis/benchmarking/datasets/UOB/maybridge-0543-10194638.png,CC(C)(C)OC(=O)n1cc(C(=O)O)c2c(Br)cccc21
/beegfs/home/m.romanov/thesis/benchmarking/datasets/UOB/maybridge-0543-167229969.png,O=Cc1cc2ccccc2n1S(=O)(=O)c1ccccc1
/beegfs/home/m.romanov/thesis/benchmarking/datasets/UOB/maybridge-0543-218292524.png,CC(C)(C)OC(=O)n1cc(C(=O)O)c2cc(Br)ccc21
/beegfs/home/m.romanov/thesis/benchmarking/datasets/UOB/maybridge-0543-250328615.png,COC(=O)c1ccc2c(I)cn(C(=O)OC(C)(C)C)c2c1
/beegfs/home/m.romanov/thesis/benchmarking/datasets/UOB/maybridge-0543-537525073.png,O=Cc1c[nH]c2cccc(Br)c12
/beegfs/home/m.romanov/thesis/benchmarking/datasets/UOB/maybridge-0543-813858234.png,O=Cc1c[nH]c2ccc([N+](=O)[O-])cc12
/beegfs/home/m.romanov/thesis/benchmarking/datasets/UOB/maybridge-0543-831658353.png,COC(=O)c1ccc2c(C=O)cn(C(=O)OC(C)(C)C)c2c1
/beegfs/home/m.romanov/thesis/benchmarking/datasets/UOB/maybridge-0543-849156953.png,CC(C)(C)OC(=O)n1c(B(O)O)cc2ccccc21
/beegfs/home/m.romanov/thesis/benchmarking/datasets/UOB/maybridge-0543-989949165.png,O=Cc1c[nH]c2cc(Br)ccc12
/beegfs/home/m.romanov/thesis/benchmarking/datasets/UOB/maybridge-0544-293108714.png,O=C(O)c1n[nH]c2ccc(Br)cc12
/beegfs/home/m.romanov/thesis/benchmarking/datasets/UOB/maybridge-0544-388151210.png,CC(C)(C)OC(=O)c1[nH]nc2nc(F)ccc12
/beegfs/home/m.romanov/thesis/benchmarking/datasets/UOB/maybridge-0544-53845420.png,CC(C)(C)OC(=O)N1C2CCC1CC(=O)C2
/beegfs/home/m.romanov/thesis/benchmarking/datasets/UOB/maybridge-0544-5857709.png,CC(C)(C)OC(=O)N1c2ccccc2CC1C(=O)O
/beegfs/home/m.romanov/thesis/benchmarking/datasets/UOB/maybridge-0544-603810761.png,O=C1CC2CCC(C1)N2Cc1ccccc1
/beegfs/home/m.romanov/thesis/benchmarking/datasets/UOB/maybridge-0544-684500704.png,CCOC(=O)c1cn2c(n1)CNCC2.Cl.Cl
/beegfs/home/m.romanov/thesis/benchmarking/datasets/UOB/maybridge-0544-703311178.png,CCOC(=O)c1cnc2c(c(C)nn2C)c1Cl
/beegfs/home/m.romanov/thesis/benchmarking/datasets/UOB/maybridge-0544-751570078.png,O=C(O)c1cc2cc(Br)ccc2o1
/beegfs/home/m.romanov/thesis/benchmarking/datasets/UOB/maybridge-0544-931221457.png,O=S(=O)(c1ccccc1)n1c(CBr)cc2ccccc21
/beegfs/home/m.romanov/thesis/benchmarking/datasets/UOB/maybridge-0544-940818971.png,CC(C)[Si](C(C)C)(C(C)C)n1ccc2c(B3OC(C)(C)C(C)(C)O3)cccc21
/beegfs/home/m.romanov/thesis/benchmarking/datasets/UOB/maybridge-0545-102246742.png,O=C(O)c1cc2cc([N+](=O)[O-])ccc2s1
/beegfs/home/m.romanov/thesis/benchmarking/datasets/UOB/maybridge-0545-18707882.png,O=C(CBr)c1cc2cc(Br)ccc2o1
/beegfs/home/m.romanov/thesis/benchmarking/datasets/UOB/maybridge-0545-210630143.png,O=C(Cl)c1cc2cc(Br)ccc2o1
/beegfs/home/m.romanov/thesis/benchmarking/datasets/UOB/maybridge-0545-357745211.png,O=C(Cl)c1cc(Br)cc2c1OCC2
/beegfs/home/m.romanov/thesis/benchmarking/datasets/UOB/maybridge-0545-36164182.png,ClCc1cc2cc(Br)ccc2o1
/beegfs/home/m.romanov/thesis/benchmarking/datasets/UOB/maybridge-0545-453132627.png,NCc1cc2cc(Br)ccc2o1
/beegfs/home/m.romanov/thesis/benchmarking/datasets/UOB/maybridge-0545-484458406.png,O=Cc1cc(Br)cc2c1OCC2
/beegfs/home/m.romanov/thesis/benchmarking/datasets/UOB/maybridge-0545-649342987.png,O=C(O)c1csc2ccc(Br)cc12
/beegfs/home/m.romanov/thesis/benchmarking/datasets/UOB/maybridge-0545-706173939.png,O=C(O)c1cc2cc(Br)ccc2s1
/beegfs/home/m.romanov/thesis/benchmarking/datasets/UOB/maybridge-0545-96435737.png,O=S(=O)(Cl)c1cc(Br)cc2c1OCC2
/beegfs/home/m.romanov/thesis/benchmarking/datasets/UOB/maybridge-0546-1006677838.png,NCc1csc2ccc(Br)cc12
/beegfs/home/m.romanov/thesis/benchmarking/datasets/UOB/maybridge-0546-1031814757.png,O=Cc1sc(Br)c2c1OCCO2
/beegfs/home/m.romanov/thesis/benchmarking/datasets/UOB/maybridge-0546-165339780.png,O=C(O)c1sc(Br)c2c1OCCO2
/beegfs/home/m.romanov/thesis/benchmarking/datasets/UOB/maybridge-0546-215444826.png,CCOC(=O)c1c(N)sc2c1CCN(C(=O)OC(C)(C)C)C2
/beegfs/home/m.romanov/thesis/benchmarking/datasets/UOB/maybridge-0546-254486765.png,COC(=O)c1cc2cc(Br)ccc2s1
/beegfs/home/m.romanov/thesis/benchmarking/datasets/UOB/maybridge-0546-421659544.png,Nc1c(C(=O)O)sc2ncccc12
/beegfs/home/m.romanov/thesis/benchmarking/datasets/UOB/maybridge-0546-64992874.png,ClCc1csc2ccc(Br)cc12
/beegfs/home/m.romanov/thesis/benchmarking/datasets/UOB/maybridge-0546-6887004.png,Nc1c(C(=O)O)sc2nccnc12
/beegfs/home/m.romanov/thesis/benchmarking/datasets/UOB/maybridge-0546-702720848.png,COC(=O)c1cc2cc(B3OC(C)(C)C(C)(C)O3)ccc2s1
/beegfs/home/m.romanov/thesis/benchmarking/datasets/UOB/maybridge-0546-847688030.png,O=C(Cl)c1cc2cc(Br)ccc2s1
/beegfs/home/m.romanov/thesis/benchmarking/datasets/UOB/maybridge-0547-1000360113.png,O=C(O)c1cc2ccccc2nc1Cl
/beegfs/home/m.romanov/thesis/benchmarking/datasets/UOB/maybridge-0547-1051691618.png,O=C1CCCc2ccc(Br)cc21
/beegfs/home/m.romanov/thesis/benchmarking/datasets/UOB/maybridge-0547-251837682.png,O=C(Cl)c1cc2ccccc2nc1Cl
/beegfs/home/m.romanov/thesis/benchmarking/datasets/UOB/maybridge-0547-253224499.png,CC(C)(C)OC(O)=NCCC(=N)S
/beegfs/home/m.romanov/thesis/benchmarking/datasets/UOB/maybridge-0547-298506573.png,O=C(O)c1ccc2c(c1)CCCN2
/beegfs/home/m.romanov/thesis/benchmarking/datasets/UOB/maybridge-0547-397099605.png,CNCc1sc(Br)c2c1OCCO2
/beegfs/home/m.romanov/thesis/benchmarking/datasets/UOB/maybridge-0547-559766650.png,O=C(O)C12CC3CC(CC(O)(C3)C1)C2
/beegfs/home/m.romanov/thesis/benchmarking/datasets/UOB/maybridge-0547-663562639.png,O=C(Cl)c1cc(Cl)nc2ccc(Br)cc12
/beegfs/home/m.romanov/thesis/benchmarking/datasets/UOB/maybridge-0547-780416298.png,Nc1ccc2c(c1)CCCC2=O
